time,soc_true,soc_kf,soc_fgo
0,0.799943,0.799943,0.799943
1,0.799886,0.799885,0.799918
2,0.799849,0.799847,0.799911
3,0.799812,0.79981,0.799903
4,0.799769,0.799766,0.799889
5,0.799745,0.799741,0.799893
6,0.799717,0.799713,0.799892
7,0.799697,0.799693,0.799899
8,0.799605,0.799599,0.799833
9,0.799561,0.799554,0.799813
10,0.799523,0.799515,0.799799
11,0.799493,0.799484,0.799793
12,0.79945,0.79944,0.799773
13,0.799358,0.799346,0.799703
14,0.799287,0.799274,0.799653
15,0.799239,0.799225,0.799624
16,0.799165,0.79915,0.799569
17,0.799109,0.799093,0.799531
18,0.799083,0.799066,0.799523
19,0.798997,0.798978,0.799453
20,0.798946,0.798926,0.799418
21,0.798863,0.798842,0.799351
22,0.798803,0.798781,0.799305
23,0.798751,0.798728,0.799268
24,0.798685,0.79866,0.799214
25,0.798637,0.798612,0.79918
26,0.798549,0.798522,0.799104
27,0.798504,0.798475,0.79907
28,0.798416,0.798386,0.798992
29,0.798368,0.798337,0.798954
30,0.798289,0.798256,0.798885
31,0.798242,0.798208,0.798847
32,0.798178,0.798143,0.798791
33,0.798121,0.798085,0.798742
34,0.798093,0.798057,0.798723
35,0.798021,0.797983,0.798659
36,0.797964,0.797925,0.798609
37,0.797914,0.797874,0.798567
38,0.797869,0.797828,0.798529
39,0.797779,0.797736,0.798446
40,0.797743,0.7977,0.798417
41,0.797699,0.797655,0.79838
42,0.797631,0.797585,0.798318
43,0.797594,0.797547,0.798287
44,0.79755,0.797503,0.798251
45,0.797485,0.797436,0.798192
46,0.79743,0.79738,0.798143
47,0.797351,0.797299,0.79807
48,0.797284,0.797231,0.798009
49,0.797206,0.797152,0.797936
50,0.797184,0.797129,0.797919
51,0.797118,0.797061,0.797857
52,0.797062,0.797005,0.797807
53,0.797003,0.796944,0.797752
54,0.79693,0.79687,0.797684
55,0.796846,0.796785,0.797604
56,0.796762,0.796699,0.797523
57,0.796741,0.796677,0.797505
58,0.796682,0.796617,0.797449
59,0.796654,0.796588,0.797425
60,0.796575,0.796508,0.79735
61,0.796485,0.796416,0.797263
62,0.796442,0.796373,0.797223
63,0.796355,0.796283,0.797137
64,0.796268,0.796195,0.797052
65,0.796228,0.796154,0.797013
66,0.796177,0.796102,0.796964
67,0.796112,0.796036,0.796901
68,0.796035,0.795957,0.796824
69,0.795988,0.795909,0.796778
70,0.795923,0.795843,0.796714
71,0.795876,0.795795,0.796667
72,0.795788,0.795706,0.79658
73,0.795731,0.795647,0.796522
74,0.795654,0.795568,0.796445
75,0.795615,0.795529,0.796406
76,0.795582,0.795495,0.796372
77,0.795523,0.795435,0.796313
78,0.795447,0.795358,0.796238
79,0.795379,0.795289,0.796169
80,0.795331,0.795239,0.79612
81,0.795277,0.795184,0.796065
82,0.795233,0.795139,0.796021
83,0.795191,0.795096,0.795979
84,0.79514,0.795044,0.795928
85,0.795121,0.795025,0.79591
86,0.795062,0.794964,0.795852
87,0.795033,0.794935,0.795824
88,0.794945,0.794846,0.795738
89,0.794885,0.794784,0.795677
90,0.79485,0.794748,0.795644
91,0.794805,0.794703,0.7956
92,0.794717,0.794613,0.795513
93,0.794641,0.794535,0.795437
94,0.79456,0.794452,0.795354
95,0.794482,0.794374,0.795276
96,0.794407,0.794296,0.795198
97,0.794362,0.79425,0.795151
98,0.7943,0.794187,0.795087
99,0.794246,0.794132,0.795031
100,0.794222,0.794108,0.795006
101,0.794203,0.794088,0.794986
102,0.794164,0.794049,0.794948
103,0.794141,0.794025,0.794925
104,0.794105,0.793989,0.79489
105,0.794048,0.79393,0.794834
106,0.794018,0.7939,0.794807
107,0.793985,0.793866,0.794776
108,0.793901,0.793781,0.794694
109,0.793813,0.793691,0.794607
110,0.793722,0.793598,0.794516
111,0.793693,0.793568,0.794487
112,0.79361,0.793484,0.794404
113,0.793554,0.793427,0.794348
114,0.793513,0.793385,0.794307
115,0.793455,0.793326,0.79425
116,0.793414,0.793284,0.794208
117,0.793335,0.793203,0.794129
118,0.793245,0.793111,0.794038
119,0.793162,0.793027,0.793954
120,0.793137,0.793002,0.793927
121,0.7931,0.792964,0.793889
122,0.793022,0.792884,0.793809
123,0.792989,0.79285,0.793775
124,0.792935,0.792796,0.793721
125,0.792863,0.792722,0.793648
126,0.792814,0.792672,0.793597
127,0.792779,0.792636,0.793561
128,0.792697,0.792553,0.793478
129,0.792664,0.792518,0.793443
130,0.792637,0.792491,0.793415
131,0.792606,0.792459,0.793384
132,0.792581,0.792434,0.79336
133,0.792496,0.792348,0.793276
134,0.792472,0.792323,0.793253
135,0.792444,0.792294,0.793226
136,0.792357,0.792206,0.79314
137,0.792284,0.792131,0.793068
138,0.792232,0.792078,0.793016
139,0.792211,0.792056,0.792996
140,0.79213,0.791974,0.792916
141,0.792096,0.791939,0.792882
142,0.792017,0.791859,0.792804
143,0.791949,0.791789,0.792736
144,0.791856,0.791695,0.792643
145,0.791785,0.791622,0.79257
146,0.791763,0.7916,0.792547
147,0.791682,0.791517,0.792465
148,0.791601,0.791434,0.792382
149,0.791537,0.791369,0.792316
150,0.791486,0.791318,0.792263
151,0.791457,0.791288,0.792232
152,0.791421,0.79125,0.792193
153,0.791363,0.791192,0.792134
154,0.791312,0.79114,0.792082
155,0.791255,0.791082,0.792023
156,0.791169,0.790994,0.791935
157,0.791143,0.790967,0.791906
158,0.791123,0.790947,0.791885
159,0.791098,0.790922,0.79186
160,0.791012,0.790834,0.791773
161,0.790936,0.790756,0.791695
162,0.790908,0.790728,0.791666
163,0.790883,0.790702,0.79164
164,0.79084,0.790658,0.791597
165,0.790784,0.790601,0.791541
166,0.790753,0.790569,0.791509
167,0.790701,0.790517,0.791458
168,0.790663,0.790477,0.79142
169,0.790598,0.790412,0.791356
170,0.790523,0.790335,0.791281
171,0.790498,0.790309,0.791256
172,0.790431,0.790241,0.791189
173,0.790355,0.790163,0.791112
174,0.790309,0.790117,0.791066
175,0.79029,0.790098,0.791048
176,0.79026,0.790067,0.791018
177,0.790227,0.790033,0.790986
178,0.790173,0.789978,0.790934
179,0.790087,0.78989,0.790848
180,0.790019,0.789821,0.790781
181,0.789981,0.789782,0.790743
182,0.789889,0.789689,0.790652
183,0.789832,0.78963,0.790594
184,0.789761,0.789558,0.790522
185,0.789719,0.789515,0.790479
186,0.789632,0.789426,0.79039
187,0.789606,0.789399,0.790363
188,0.789552,0.789345,0.790308
189,0.789509,0.7893,0.790263
190,0.789479,0.78927,0.790233
191,0.789429,0.789219,0.790182
192,0.789347,0.789135,0.7901
193,0.789324,0.789112,0.790076
194,0.789231,0.789018,0.789983
195,0.789197,0.788982,0.789947
196,0.789151,0.788936,0.789901
197,0.78906,0.788843,0.789807
198,0.789028,0.78881,0.789774
199,0.788999,0.78878,0.789744
200,0.788947,0.788727,0.789691
201,0.788915,0.788695,0.789659
202,0.788852,0.788631,0.789595
203,0.788815,0.788593,0.789558
204,0.788737,0.788513,0.789479
205,0.788665,0.78844,0.789406
206,0.788636,0.78841,0.789375
207,0.788615,0.788389,0.789355
208,0.788594,0.788367,0.789334
209,0.788525,0.788297,0.789266
210,0.788455,0.788226,0.789195
211,0.788396,0.788166,0.789136
212,0.788306,0.788074,0.789044
213,0.788253,0.78802,0.78899
214,0.788219,0.787985,0.788955
215,0.788193,0.787959,0.788928
216,0.788117,0.787881,0.788851
217,0.788097,0.787861,0.78883
218,0.788023,0.787785,0.788755
219,0.787995,0.787757,0.788727
220,0.787975,0.787736,0.788706
221,0.787956,0.787717,0.788689
222,0.787889,0.787648,0.788622
223,0.787798,0.787556,0.788532
224,0.787763,0.787519,0.788496
225,0.787744,0.7875,0.788478
226,0.787691,0.787446,0.788426
227,0.787626,0.78738,0.788363
228,0.787539,0.787291,0.788276
229,0.787505,0.787256,0.788241
230,0.787482,0.787233,0.788219
231,0.787455,0.787205,0.788193
232,0.787423,0.787173,0.788164
233,0.787341,0.78709,0.788084
234,0.787294,0.787041,0.788037
235,0.787207,0.786953,0.787952
236,0.787131,0.786875,0.787876
237,0.787082,0.786825,0.787827
238,0.787013,0.786755,0.787757
239,0.786955,0.786696,0.787699
240,0.786904,0.786643,0.787647
241,0.786821,0.786559,0.787563
242,0.786779,0.786516,0.787519
243,0.786755,0.786491,0.787494
244,0.78672,0.786456,0.78746
245,0.786688,0.786423,0.787428
246,0.786653,0.786388,0.787394
247,0.786623,0.786357,0.787365
248,0.786589,0.786322,0.787333
249,0.786563,0.786296,0.78731
250,0.78653,0.786262,0.78728
251,0.786483,0.786214,0.787236
252,0.786445,0.786175,0.787202
253,0.786359,0.786087,0.78712
254,0.786305,0.786033,0.787069
255,0.786214,0.785939,0.78698
256,0.786122,0.785846,0.78689
257,0.786043,0.785766,0.786812
258,0.785988,0.78571,0.786758
259,0.785901,0.785621,0.78667
260,0.78585,0.785568,0.786619
261,0.78583,0.785548,0.786599
262,0.785778,0.785495,0.786547
263,0.78571,0.785426,0.78648
264,0.785647,0.785361,0.786417
265,0.785576,0.785289,0.786346
266,0.785541,0.785254,0.786311
267,0.785501,0.785213,0.786271
268,0.785444,0.785154,0.786215
269,0.785372,0.785081,0.786142
270,0.785288,0.784995,0.786058
271,0.78523,0.784936,0.785999
272,0.785143,0.784847,0.78591
273,0.785105,0.784809,0.785871
274,0.785078,0.784781,0.785843
275,0.785046,0.784748,0.78581
276,0.785027,0.784729,0.785792
277,0.784949,0.784649,0.785714
278,0.784916,0.784616,0.785682
279,0.784854,0.784552,0.78562
280,0.78482,0.784518,0.785587
281,0.784796,0.784494,0.785565
282,0.784719,0.784415,0.78549
283,0.784684,0.784379,0.785457
284,0.784623,0.784317,0.785398
285,0.784567,0.78426,0.785344
286,0.784486,0.784177,0.785264
287,0.784403,0.784093,0.785182
288,0.784339,0.784027,0.785117
289,0.784264,0.783951,0.785042
290,0.784176,0.783861,0.784953
291,0.784151,0.783835,0.784926
292,0.784092,0.783775,0.784867
293,0.78403,0.783712,0.784804
294,0.784011,0.783692,0.784785
295,0.783964,0.783645,0.784738
296,0.783887,0.783566,0.784661
297,0.783857,0.783535,0.784631
298,0.783809,0.783486,0.784583
299,0.783764,0.78344,0.784539
300,0.783686,0.783361,0.784462
301,0.783628,0.783302,0.784403
302,0.783569,0.783242,0.784345
303,0.783516,0.783188,0.784292
304,0.783427,0.783097,0.784202
305,0.783384,0.783053,0.784159
306,0.783306,0.782973,0.784079
307,0.783256,0.782922,0.784028
308,0.783222,0.782888,0.783994
309,0.783177,0.782843,0.783948
310,0.783112,0.782775,0.783882
311,0.783042,0.782705,0.783812
312,0.782999,0.78266,0.783767
313,0.782974,0.782635,0.783743
314,0.78293,0.78259,0.783699
315,0.782908,0.782567,0.783677
316,0.782884,0.782543,0.783656
317,0.782801,0.782458,0.783574
318,0.782731,0.782387,0.783505
319,0.782649,0.782303,0.783424
320,0.782623,0.782277,0.7834
321,0.782586,0.782239,0.783364
322,0.782516,0.782167,0.783295
323,0.782485,0.782136,0.783266
324,0.782431,0.782081,0.783214
325,0.782367,0.782016,0.783152
326,0.782279,0.781926,0.783065
327,0.782256,0.781903,0.783044
328,0.782196,0.781842,0.782986
329,0.782136,0.78178,0.782927
330,0.782094,0.781737,0.782887
331,0.782002,0.781644,0.782797
332,0.78195,0.78159,0.782746
333,0.781884,0.781523,0.782681
334,0.781847,0.781486,0.782646
335,0.78178,0.781417,0.78258
336,0.781732,0.781368,0.782533
337,0.781657,0.781292,0.78246
338,0.781631,0.781265,0.782436
339,0.781544,0.781176,0.78235
340,0.781468,0.781099,0.782275
341,0.78144,0.781071,0.782249
342,0.781361,0.78099,0.782171
343,0.781273,0.7809,0.782083
344,0.781211,0.780837,0.782021
345,0.781147,0.780772,0.781957
346,0.78108,0.780703,0.78189
347,0.781042,0.780665,0.781852
348,0.780972,0.780593,0.781782
349,0.780888,0.780508,0.781698
350,0.780803,0.78042,0.781611
351,0.780761,0.780378,0.781568
352,0.780729,0.780345,0.781535
353,0.780691,0.780306,0.781497
354,0.780665,0.78028,0.781472
355,0.78059,0.780203,0.781397
356,0.780563,0.780176,0.781371
357,0.780536,0.780148,0.781347
358,0.78046,0.780071,0.781273
359,0.78037,0.779979,0.781184
360,0.780337,0.779945,0.781153
361,0.780262,0.779868,0.781078
362,0.780176,0.779781,0.780994
363,0.780132,0.779736,0.780951
364,0.780049,0.779652,0.780868
365,0.779974,0.779575,0.780793
366,0.77991,0.77951,0.780729
367,0.779825,0.779423,0.780643
368,0.779739,0.779335,0.780555
369,0.779699,0.779295,0.780514
370,0.779635,0.779229,0.780448
371,0.77959,0.779183,0.780402
372,0.779537,0.779129,0.780347
373,0.779497,0.779089,0.780307
374,0.779421,0.779011,0.78023
375,0.779396,0.778985,0.780205
376,0.779316,0.778904,0.780124
377,0.779279,0.778866,0.780087
378,0.779244,0.77883,0.780052
379,0.779171,0.778756,0.77998
380,0.779085,0.778668,0.779893
381,0.779027,0.778609,0.779834
382,0.779001,0.778583,0.779809
383,0.77896,0.77854,0.779768
384,0.778907,0.778487,0.779716
385,0.778825,0.778403,0.779634
386,0.778745,0.778321,0.779554
387,0.778674,0.778249,0.779483
388,0.77859,0.778163,0.779397
389,0.778499,0.77807,0.779304
390,0.778446,0.778017,0.779249
391,0.778362,0.777931,0.779162
392,0.778322,0.77789,0.779119
393,0.778276,0.777843,0.77907
394,0.778204,0.77777,0.778996
395,0.778153,0.777717,0.778942
396,0.778093,0.777656,0.778879
397,0.778026,0.777588,0.778809
398,0.777959,0.77752,0.778739
399,0.777939,0.777499,0.778716
400,0.777884,0.777443,0.778658
401,0.777863,0.777421,0.778635
402,0.777814,0.777372,0.778585
403,0.77776,0.777316,0.778529
404,0.77774,0.777296,0.778509
405,0.777682,0.777238,0.778451
406,0.77761,0.777164,0.778378
407,0.777586,0.77714,0.778354
408,0.777503,0.777055,0.77827
409,0.777458,0.777008,0.778224
410,0.777433,0.776983,0.778199
411,0.777382,0.776931,0.778149
412,0.777321,0.776869,0.778088
413,0.777278,0.776825,0.778046
414,0.777209,0.776755,0.777978
415,0.777131,0.776675,0.777899
416,0.777068,0.776611,0.777836
417,0.77701,0.776552,0.777777
418,0.776921,0.776461,0.777686
419,0.776858,0.776397,0.777622
420,0.776798,0.776336,0.777559
421,0.776747,0.776284,0.777507
422,0.776704,0.776239,0.777461
423,0.77665,0.776185,0.777406
424,0.776597,0.776131,0.777351
425,0.776569,0.776102,0.777321
426,0.776539,0.776072,0.777291
427,0.776464,0.775995,0.777215
428,0.776427,0.775957,0.777178
429,0.776381,0.77591,0.777132
430,0.776355,0.775884,0.777106
431,0.776302,0.77583,0.777054
432,0.776259,0.775785,0.777011
433,0.776227,0.775753,0.77698
434,0.776168,0.775693,0.776923
435,0.776148,0.775672,0.776905
436,0.776073,0.775596,0.776833
437,0.776003,0.775525,0.776764
438,0.775945,0.775465,0.776707
439,0.775904,0.775423,0.776668
440,0.775851,0.77537,0.776618
441,0.775786,0.775304,0.776555
442,0.775732,0.775248,0.776502
443,0.775646,0.77516,0.776417
444,0.775591,0.775105,0.776364
445,0.775546,0.775058,0.77632
446,0.775474,0.774985,0.776249
447,0.77542,0.774929,0.776195
448,0.775345,0.774854,0.776122
449,0.775268,0.774775,0.776045
450,0.775211,0.774716,0.775987
451,0.775179,0.774684,0.775956
452,0.775116,0.77462,0.775894
453,0.775055,0.774558,0.775833
454,0.775001,0.774503,0.775779
455,0.774922,0.774422,0.7757
456,0.77489,0.774389,0.775668
457,0.774856,0.774355,0.775635
458,0.77478,0.774277,0.77556
459,0.774756,0.774253,0.775537
460,0.774698,0.774193,0.775481
461,0.774622,0.774116,0.775406
462,0.774534,0.774027,0.775319
463,0.774504,0.773996,0.77529
464,0.774434,0.773924,0.77522
465,0.774364,0.773853,0.775151
466,0.774325,0.773813,0.775112
467,0.774252,0.773738,0.775039
468,0.774176,0.773661,0.774963
469,0.774118,0.773602,0.774905
470,0.774038,0.77352,0.774825
471,0.773995,0.773476,0.774781
472,0.773972,0.773453,0.774758
473,0.773892,0.773372,0.774679
474,0.773803,0.773281,0.774589
475,0.773772,0.773249,0.774558
476,0.773691,0.773166,0.774475
477,0.773648,0.773122,0.774432
478,0.773622,0.773096,0.774406
479,0.773532,0.773004,0.774317
480,0.773481,0.772952,0.774264
481,0.773453,0.772924,0.774237
482,0.77337,0.772839,0.774154
483,0.773303,0.772771,0.774087
484,0.773221,0.772687,0.774004
485,0.773153,0.772617,0.773934
486,0.773133,0.772597,0.773913
487,0.773102,0.772565,0.773882
488,0.773023,0.772485,0.773804
489,0.772945,0.772406,0.773725
490,0.772925,0.772385,0.773705
491,0.772893,0.772352,0.773673
492,0.772836,0.772294,0.773618
493,0.772792,0.772249,0.773574
494,0.772711,0.772167,0.773495
495,0.772638,0.772092,0.773422
496,0.772562,0.772015,0.773346
497,0.772525,0.771977,0.773309
498,0.772435,0.771885,0.773219
499,0.772381,0.771831,0.773165
500,0.772302,0.771749,0.773084
501,0.772216,0.771661,0.772996
502,0.772155,0.7716,0.772934
503,0.772087,0.771531,0.772863
504,0.772009,0.77145,0.772781
505,0.771989,0.77143,0.772759
506,0.771968,0.771409,0.772737
507,0.771901,0.77134,0.772668
508,0.771836,0.771275,0.772602
509,0.771775,0.771212,0.772539
510,0.771737,0.771174,0.7725
511,0.77169,0.771126,0.772452
512,0.771653,0.771087,0.772414
513,0.771611,0.771045,0.772371
514,0.771543,0.770976,0.772303
515,0.771511,0.770943,0.772271
516,0.771464,0.770895,0.772225
517,0.771381,0.77081,0.772142
518,0.771358,0.770786,0.772118
519,0.771279,0.770707,0.77204
520,0.771208,0.770634,0.771969
521,0.771119,0.770543,0.771879
522,0.771061,0.770484,0.771819
523,0.771027,0.770449,0.771784
524,0.770986,0.770407,0.771742
525,0.770915,0.770335,0.771671
526,0.770835,0.770253,0.771589
527,0.770811,0.770228,0.771564
528,0.770761,0.770178,0.771514
529,0.77072,0.770136,0.771472
530,0.770657,0.770071,0.771409
531,0.770587,0.77,0.771338
532,0.770519,0.769931,0.771269
533,0.770494,0.769905,0.771243
534,0.770406,0.769816,0.771155
535,0.77036,0.769768,0.771107
536,0.770316,0.769724,0.771063
537,0.770286,0.769693,0.771032
538,0.770227,0.769633,0.770973
539,0.770146,0.76955,0.770892
540,0.770101,0.769504,0.770846
541,0.77002,0.769422,0.770764
542,0.77,0.769402,0.770744
543,0.76991,0.76931,0.770652
544,0.769886,0.769286,0.770628
545,0.769813,0.769211,0.770554
546,0.769734,0.76913,0.770473
547,0.769701,0.769097,0.770439
548,0.769644,0.769039,0.770381
549,0.769596,0.768989,0.770331
550,0.769574,0.768967,0.770309
551,0.769511,0.768903,0.770246
552,0.769453,0.768844,0.770188
553,0.769401,0.76879,0.770134
554,0.769347,0.768735,0.77008
555,0.76929,0.768677,0.770023
556,0.769256,0.768643,0.769989
557,0.769232,0.768618,0.769965
558,0.769162,0.768547,0.769896
559,0.769073,0.768456,0.769807
560,0.769038,0.76842,0.769772
561,0.769018,0.7684,0.769752
562,0.768937,0.768318,0.769673
563,0.768875,0.768254,0.769611
564,0.768828,0.768206,0.769563
565,0.768763,0.76814,0.769499
566,0.768702,0.768078,0.769438
567,0.76865,0.768025,0.769386
568,0.768607,0.767981,0.769343
569,0.768545,0.767918,0.769281
570,0.768484,0.767855,0.76922
571,0.768402,0.767771,0.769137
572,0.768354,0.767722,0.769089
573,0.768297,0.767665,0.769031
574,0.768226,0.767592,0.768959
575,0.768143,0.767508,0.768874
576,0.768109,0.767472,0.768838
577,0.768069,0.767432,0.768797
578,0.768004,0.767365,0.76873
579,0.767967,0.767328,0.768693
580,0.76792,0.76728,0.768645
581,0.767888,0.767247,0.768612
582,0.767841,0.767199,0.768565
583,0.767781,0.767138,0.768505
584,0.767748,0.767104,0.768472
585,0.767681,0.767037,0.768406
586,0.767661,0.767016,0.768386
587,0.767623,0.766977,0.76835
588,0.767549,0.766901,0.768277
589,0.767464,0.766815,0.768192
590,0.76738,0.766729,0.768108
591,0.767319,0.766667,0.768046
592,0.7673,0.766648,0.768027
593,0.767226,0.766572,0.767953
594,0.767171,0.766516,0.767897
595,0.767116,0.76646,0.767842
596,0.767032,0.766374,0.767756
597,0.766965,0.766305,0.767687
598,0.766933,0.766274,0.767654
599,0.766883,0.766222,0.767602
600,0.766845,0.766183,0.767564
601,0.766824,0.766162,0.767543
602,0.766799,0.766136,0.767518
603,0.76671,0.766046,0.76743
604,0.766675,0.76601,0.767396
605,0.766585,0.765918,0.767306
606,0.766561,0.765894,0.767282
607,0.76653,0.765862,0.767252
608,0.766456,0.765786,0.767178
609,0.766422,0.765752,0.767145
610,0.766392,0.765721,0.767117
611,0.766301,0.765629,0.767028
612,0.76622,0.765546,0.766948
613,0.766176,0.765501,0.766903
614,0.766134,0.765458,0.766862
615,0.766073,0.765396,0.766802
616,0.766019,0.765341,0.766749
617,0.765975,0.765296,0.766706
618,0.765908,0.765228,0.76664
619,0.76585,0.765168,0.766582
620,0.765803,0.765121,0.766536
621,0.765738,0.765054,0.766471
622,0.765662,0.764976,0.766395
623,0.765574,0.764887,0.766307
624,0.765547,0.76486,0.766279
625,0.765513,0.764825,0.766246
626,0.765464,0.764774,0.766197
627,0.76542,0.76473,0.766154
628,0.765387,0.764697,0.766123
629,0.765342,0.76465,0.766079
630,0.765258,0.764565,0.765997
631,0.765179,0.764484,0.765918
632,0.765131,0.764435,0.765871
633,0.765042,0.764344,0.765782
634,0.76501,0.764312,0.765751
635,0.764975,0.764276,0.765716
636,0.764883,0.764182,0.765625
637,0.764802,0.7641,0.765544
638,0.764732,0.764028,0.765472
639,0.764685,0.76398,0.765425
640,0.764625,0.763919,0.765363
641,0.764548,0.763841,0.765285
642,0.764517,0.763808,0.765252
643,0.764445,0.763735,0.765179
644,0.76438,0.763669,0.765113
645,0.764298,0.763586,0.765029
646,0.764266,0.763553,0.764995
647,0.764212,0.763497,0.764938
648,0.764184,0.763469,0.76491
649,0.76412,0.763404,0.764845
650,0.764051,0.763334,0.764774
651,0.763963,0.763243,0.764683
652,0.763939,0.763219,0.764657
653,0.763884,0.763163,0.7646
654,0.763835,0.763114,0.76455
655,0.763791,0.763069,0.764504
656,0.763713,0.762989,0.764424
657,0.763668,0.762943,0.764376
658,0.763581,0.762854,0.764286
659,0.763555,0.762828,0.764258
660,0.763502,0.762774,0.764203
661,0.763475,0.762746,0.764174
662,0.763443,0.762713,0.76414
663,0.763423,0.762693,0.76412
664,0.763396,0.762665,0.764093
665,0.763306,0.762574,0.764004
666,0.763249,0.762515,0.763946
667,0.763186,0.762451,0.763882
668,0.76315,0.762414,0.763845
669,0.763122,0.762386,0.763817
670,0.763056,0.762318,0.763752
671,0.762973,0.762234,0.763669
672,0.762945,0.762206,0.76364
673,0.762861,0.762119,0.763555
674,0.762791,0.762048,0.763483
675,0.762772,0.762029,0.763463
676,0.762736,0.761992,0.763427
677,0.762698,0.761953,0.763389
678,0.762666,0.761921,0.763357
679,0.762645,0.7619,0.763338
680,0.762598,0.761852,0.763293
681,0.762538,0.761791,0.763235
682,0.762452,0.761702,0.763149
683,0.762383,0.761632,0.763081
684,0.762305,0.761552,0.763002
685,0.762281,0.761528,0.762978
686,0.762207,0.761452,0.762904
687,0.76213,0.761374,0.762827
688,0.762095,0.761338,0.76279
689,0.762031,0.761273,0.762726
690,0.761996,0.761238,0.762691
691,0.761907,0.761147,0.7626
692,0.761884,0.761123,0.762577
693,0.761851,0.761089,0.762543
694,0.761796,0.761033,0.762488
695,0.761751,0.760988,0.762444
696,0.76168,0.760915,0.762372
697,0.76161,0.760844,0.762302
698,0.761538,0.76077,0.762228
699,0.761488,0.760719,0.762177
700,0.761423,0.760653,0.76211
701,0.761355,0.760584,0.76204
702,0.761315,0.760543,0.761998
703,0.761296,0.760523,0.761977
704,0.76127,0.760497,0.761951
705,0.76122,0.760446,0.7619
706,0.761196,0.760421,0.761877
707,0.761169,0.760393,0.761851
708,0.761094,0.760318,0.761777
709,0.76104,0.760262,0.761723
710,0.760948,0.760169,0.761632
711,0.760903,0.760122,0.761586
712,0.76088,0.7601,0.761564
713,0.760799,0.760017,0.761483
714,0.760757,0.759973,0.76144
715,0.76071,0.759926,0.761394
716,0.760691,0.759907,0.761376
717,0.760624,0.759838,0.76131
718,0.760605,0.759818,0.761292
719,0.760532,0.759744,0.761221
720,0.760495,0.759706,0.761185
721,0.760447,0.759657,0.761138
722,0.760418,0.759628,0.761112
723,0.760343,0.759551,0.761039
724,0.760269,0.759476,0.760967
725,0.760192,0.759397,0.760891
726,0.760114,0.759318,0.760813
727,0.760096,0.759299,0.760795
728,0.760058,0.759261,0.760759
729,0.759966,0.759167,0.760668
730,0.759879,0.759078,0.76058
731,0.759788,0.758985,0.760488
732,0.759716,0.758912,0.760414
733,0.759634,0.758828,0.760329
734,0.759601,0.758794,0.760292
735,0.759582,0.758775,0.760271
736,0.75956,0.758752,0.760248
737,0.759485,0.758676,0.760172
738,0.75945,0.758641,0.760136
739,0.759395,0.758584,0.76008
740,0.75935,0.758538,0.760034
741,0.759291,0.758478,0.759974
742,0.7592,0.758386,0.759882
743,0.759168,0.758353,0.759848
744,0.759132,0.758316,0.75981
745,0.759079,0.758262,0.759756
746,0.759059,0.758242,0.759736
747,0.758986,0.758167,0.759662
748,0.758962,0.758143,0.759638
749,0.758921,0.758101,0.759597
750,0.758895,0.758075,0.759572
751,0.75887,0.758049,0.759548
752,0.758844,0.758022,0.759525
753,0.758818,0.757996,0.759503
754,0.758752,0.757929,0.75944
755,0.758671,0.757846,0.759362
756,0.758599,0.757773,0.759292
757,0.758548,0.75772,0.759243
758,0.758482,0.757653,0.759179
759,0.758401,0.757571,0.7591
760,0.758316,0.757484,0.759014
761,0.758281,0.757448,0.75898
762,0.758241,0.757407,0.75894
763,0.758156,0.757321,0.758856
764,0.758081,0.757244,0.758781
765,0.75803,0.757192,0.758728
766,0.757962,0.757123,0.75866
767,0.75792,0.75708,0.758618
768,0.757836,0.756994,0.758532
769,0.75781,0.756967,0.758505
770,0.757718,0.756874,0.758411
771,0.757647,0.756802,0.758339
772,0.757604,0.756757,0.758293
773,0.757573,0.756726,0.758261
774,0.757532,0.756685,0.758219
775,0.757474,0.756625,0.758159
776,0.757437,0.756587,0.758121
777,0.757406,0.756555,0.758089
778,0.75735,0.756498,0.758033
779,0.757299,0.756447,0.757983
780,0.757222,0.756368,0.757905
781,0.75717,0.756315,0.757852
782,0.757103,0.756247,0.757784
783,0.757017,0.756159,0.757696
784,0.756966,0.756107,0.757642
785,0.756941,0.756081,0.757616
786,0.756889,0.756028,0.757562
787,0.756869,0.756008,0.757541
788,0.756842,0.75598,0.757514
789,0.756805,0.755943,0.757478
790,0.756759,0.755895,0.757432
791,0.756706,0.755842,0.75738
792,0.756646,0.755781,0.757321
793,0.75661,0.755744,0.757286
794,0.756581,0.755714,0.757258
795,0.756551,0.755683,0.757231
796,0.756499,0.755631,0.757182
797,0.756423,0.755553,0.757108
798,0.756344,0.755472,0.757031
799,0.75629,0.755418,0.756978
800,0.756255,0.755382,0.756945
801,0.756229,0.755355,0.756921
802,0.756152,0.755276,0.756846
803,0.756112,0.755236,0.756809
804,0.756044,0.755166,0.756742
805,0.755965,0.755086,0.756665
806,0.755922,0.755042,0.756624
807,0.755857,0.754975,0.75656
808,0.75582,0.754938,0.756525
809,0.755736,0.754853,0.756443
810,0.755688,0.754803,0.756396
811,0.75562,0.754734,0.75633
812,0.755584,0.754698,0.756295
813,0.755556,0.754669,0.756269
814,0.755514,0.754626,0.756229
815,0.75548,0.754591,0.756199
816,0.75542,0.75453,0.756143
817,0.755335,0.754443,0.756061
818,0.755297,0.754404,0.756026
819,0.755271,0.754378,0.756004
820,0.755218,0.754324,0.755956
821,0.755127,0.754231,0.755869
822,0.75505,0.754152,0.755795
823,0.754976,0.754077,0.755725
824,0.754886,0.753986,0.755637
825,0.75482,0.753918,0.755572
826,0.754794,0.753892,0.755549
827,0.754741,0.753838,0.755499
828,0.754651,0.753746,0.755411
829,0.754565,0.753658,0.755327
830,0.754513,0.753605,0.755276
831,0.75447,0.753561,0.755234
832,0.754382,0.753471,0.755149
833,0.7543,0.753387,0.755067
834,0.754211,0.753297,0.754978
835,0.75414,0.753225,0.754907
836,0.754085,0.753168,0.754852
837,0.754059,0.753141,0.754825
838,0.753967,0.753048,0.754734
839,0.753878,0.752957,0.754644
840,0.753825,0.752903,0.75459
841,0.753797,0.752875,0.754562
842,0.753764,0.752841,0.75453
843,0.753693,0.752768,0.754459
844,0.753606,0.752679,0.754372
845,0.753547,0.752619,0.754314
846,0.753493,0.752564,0.75426
847,0.753448,0.752519,0.754215
848,0.7534,0.75247,0.754168
849,0.753326,0.752395,0.754095
850,0.753248,0.752314,0.754017
851,0.753157,0.752221,0.753926
852,0.753067,0.75213,0.753834
853,0.753023,0.752085,0.753789
854,0.752933,0.751993,0.753697
855,0.752905,0.751965,0.753668
856,0.752818,0.751876,0.753579
857,0.752782,0.751839,0.753541
858,0.752715,0.75177,0.753473
859,0.752639,0.751693,0.753395
860,0.752619,0.751673,0.753374
861,0.752587,0.751641,0.753342
862,0.752516,0.751568,0.753271
863,0.752424,0.751474,0.753178
864,0.752395,0.751444,0.753148
865,0.752333,0.751381,0.753086
866,0.752282,0.751329,0.753035
867,0.752221,0.751267,0.752973
868,0.752197,0.751243,0.75295
869,0.752133,0.751177,0.752887
870,0.752087,0.75113,0.752842
871,0.752019,0.751061,0.752775
872,0.75194,0.75098,0.752697
873,0.751896,0.750935,0.752653
874,0.751839,0.750878,0.752598
875,0.751752,0.750788,0.752511
876,0.751686,0.750721,0.752446
877,0.751604,0.750637,0.752363
878,0.751576,0.750609,0.752335
879,0.751484,0.750515,0.752243
880,0.751449,0.750479,0.752207
881,0.751373,0.750402,0.752131
882,0.751306,0.750334,0.752064
883,0.751244,0.75027,0.752001
884,0.751199,0.750224,0.751955
885,0.751129,0.750153,0.751885
886,0.751077,0.7501,0.751833
887,0.751026,0.750048,0.751782
888,0.75097,0.749991,0.751726
889,0.750912,0.749931,0.751668
890,0.750871,0.74989,0.751627
891,0.750835,0.749853,0.751592
892,0.750811,0.749829,0.751571
893,0.75072,0.749736,0.751483
894,0.750662,0.749676,0.751426
895,0.750615,0.749629,0.751381
896,0.750545,0.749558,0.751313
897,0.75048,0.749491,0.75125
898,0.750388,0.749397,0.751159
899,0.750299,0.749306,0.751071
900,0.750207,0.749212,0.750978
901,0.750145,0.749149,0.750916
902,0.75009,0.749094,0.75086
903,0.750039,0.749041,0.750808
904,0.749953,0.748954,0.750722
905,0.749889,0.748889,0.750657
906,0.74981,0.748808,0.750576
907,0.749765,0.748761,0.750529
908,0.749678,0.748673,0.75044
909,0.749591,0.748584,0.75035
910,0.74955,0.748542,0.750306
911,0.749492,0.748483,0.750246
912,0.749467,0.748458,0.750219
913,0.749392,0.748381,0.750143
914,0.749318,0.748306,0.750067
915,0.749251,0.748237,0.749997
916,0.749207,0.748192,0.74995
917,0.749124,0.748108,0.749865
918,0.749047,0.748029,0.749784
919,0.748984,0.747965,0.749718
920,0.74894,0.74792,0.74967
921,0.748865,0.747844,0.749591
922,0.748809,0.747787,0.749532
923,0.748781,0.747758,0.7495
924,0.748757,0.747733,0.749473
925,0.748698,0.747673,0.749412
926,0.748655,0.747629,0.749367
927,0.7486,0.747573,0.74931
928,0.748534,0.747506,0.749243
929,0.748477,0.747448,0.749183
930,0.748439,0.747409,0.749143
931,0.74841,0.74738,0.749114
932,0.748371,0.74734,0.749074
933,0.748327,0.747295,0.74903
934,0.748236,0.747203,0.748939
935,0.748154,0.747119,0.748855
936,0.748129,0.747093,0.748828
937,0.748055,0.747018,0.748754
938,0.747978,0.746939,0.748675
939,0.747931,0.746891,0.748625
940,0.747873,0.746832,0.748565
941,0.74785,0.746808,0.74854
942,0.747783,0.74674,0.748472
943,0.74774,0.746697,0.748428
944,0.747699,0.746655,0.748386
945,0.747664,0.746619,0.74835
946,0.74761,0.746564,0.748296
947,0.747572,0.746525,0.748259
948,0.747524,0.746476,0.74821
949,0.747449,0.7464,0.748136
950,0.747389,0.746338,0.748075
951,0.747331,0.746279,0.748017
952,0.747253,0.7462,0.747939
953,0.747202,0.746148,0.747886
954,0.747113,0.746057,0.747796
955,0.747027,0.745969,0.747706
956,0.74696,0.745901,0.747636
957,0.74694,0.745881,0.747613
958,0.746903,0.745843,0.747573
959,0.746882,0.745821,0.74755
960,0.746801,0.745738,0.747467
961,0.746781,0.745718,0.747446
962,0.746704,0.745639,0.747367
963,0.74668,0.745615,0.747341
964,0.746652,0.745587,0.747313
965,0.746591,0.745525,0.747252
966,0.746538,0.74547,0.747198
967,0.746494,0.745426,0.747154
968,0.746436,0.745366,0.747095
969,0.746395,0.745325,0.747054
970,0.746367,0.745296,0.747026
971,0.746301,0.745228,0.74696
972,0.746234,0.74516,0.746893
973,0.746169,0.745093,0.746827
974,0.746126,0.74505,0.746784
975,0.74607,0.744993,0.746728
976,0.746048,0.744971,0.746706
977,0.746029,0.744951,0.746687
978,0.746004,0.744926,0.746665
979,0.745963,0.744884,0.746626
980,0.745891,0.74481,0.746556
981,0.745812,0.74473,0.746479
982,0.745772,0.744689,0.746441
983,0.745681,0.744596,0.746351
984,0.745616,0.74453,0.746287
985,0.745566,0.744478,0.746236
986,0.745498,0.74441,0.746169
987,0.745452,0.744362,0.746123
988,0.745404,0.744313,0.746075
989,0.745313,0.744221,0.745984
990,0.74526,0.744167,0.745931
991,0.745219,0.744125,0.745889
992,0.745186,0.744092,0.745856
993,0.74514,0.744044,0.74581
994,0.745115,0.744018,0.745786
995,0.745055,0.743958,0.745728
996,0.744975,0.743876,0.745649
997,0.744941,0.743841,0.745616
998,0.744883,0.743782,0.745559
999,0.744825,0.743723,0.745502
1000,0.744766,0.743663,0.745444
1001,0.744676,0.743571,0.745354
1002,0.744647,0.743541,0.745325
1003,0.744605,0.743499,0.745284
1004,0.744541,0.743433,0.745221
1005,0.744481,0.743372,0.745161
1006,0.744421,0.743311,0.745102
1007,0.744329,0.743218,0.74501
1008,0.744311,0.743199,0.744991
1009,0.744291,0.743179,0.744973
1010,0.744244,0.743131,0.744928
1011,0.744195,0.74308,0.74488
1012,0.744119,0.743003,0.744806
1013,0.744048,0.742931,0.744736
1014,0.743964,0.742845,0.744653
1015,0.743917,0.742797,0.744606
1016,0.743836,0.742714,0.744524
1017,0.743753,0.74263,0.74444
1018,0.743696,0.742571,0.744382
1019,0.743608,0.742482,0.744292
1020,0.743541,0.742413,0.744222
1021,0.743491,0.742362,0.744169
1022,0.743449,0.742319,0.744124
1023,0.743386,0.742255,0.744059
1024,0.743357,0.742226,0.744028
1025,0.743292,0.74216,0.743961
1026,0.743243,0.742109,0.743909
1027,0.743209,0.742075,0.743873
1028,0.74319,0.742055,0.743854
1029,0.743157,0.742022,0.743821
1030,0.743103,0.741966,0.743766
1031,0.743036,0.741898,0.7437
1032,0.742989,0.74185,0.743652
1033,0.742963,0.741824,0.743627
1034,0.7429,0.74176,0.743566
1035,0.742827,0.741685,0.743493
1036,0.742796,0.741653,0.743462
1037,0.742759,0.741616,0.743427
1038,0.742688,0.741543,0.743356
1039,0.742662,0.741517,0.743332
1040,0.74258,0.741433,0.743251
1041,0.742536,0.741388,0.743208
1042,0.742444,0.741295,0.743117
1043,0.742421,0.741271,0.743094
1044,0.742377,0.741226,0.743051
1045,0.74229,0.741138,0.742966
1046,0.742216,0.741062,0.742892
1047,0.742165,0.74101,0.74284
1048,0.742102,0.740945,0.742777
1049,0.742079,0.740922,0.742754
1050,0.742003,0.740844,0.742678
1051,0.741934,0.740774,0.742609
1052,0.741895,0.740734,0.74257
1053,0.741827,0.740665,0.742501
1054,0.741791,0.740628,0.742465
1055,0.741738,0.740574,0.742413
1056,0.741664,0.740499,0.742339
1057,0.741644,0.740479,0.74232
1058,0.74158,0.740413,0.742257
1059,0.741517,0.740349,0.742194
1060,0.741455,0.740285,0.742132
1061,0.741432,0.740263,0.74211
1062,0.741345,0.740174,0.742024
1063,0.741254,0.740081,0.741932
1064,0.741233,0.740059,0.741911
1065,0.741212,0.740038,0.741891
1066,0.741149,0.739974,0.741829
1067,0.7411,0.739924,0.741781
1068,0.741047,0.739869,0.741729
1069,0.74096,0.739781,0.741643
1070,0.740891,0.739711,0.741575
1071,0.740845,0.739664,0.741529
1072,0.740756,0.739573,0.74144
1073,0.740677,0.739492,0.741359
1074,0.740643,0.739457,0.741324
1075,0.740579,0.739392,0.741259
1076,0.740528,0.73934,0.741206
1077,0.74047,0.73928,0.741147
1078,0.740448,0.739259,0.741125
1079,0.740416,0.739226,0.741094
1080,0.740367,0.739176,0.741046
1081,0.740284,0.739092,0.740964
1082,0.740259,0.739066,0.740939
1083,0.740184,0.738989,0.740865
1084,0.740135,0.73894,0.740817
1085,0.740068,0.738871,0.74075
1086,0.740027,0.738829,0.74071
1087,0.739938,0.738739,0.740621
1088,0.739871,0.73867,0.740553
1089,0.739823,0.738621,0.740505
1090,0.739735,0.738531,0.740416
1091,0.739647,0.738442,0.740327
1092,0.739606,0.7384,0.740284
1093,0.739581,0.738374,0.740257
1094,0.739493,0.738285,0.740168
1095,0.739439,0.73823,0.740111
1096,0.739411,0.738201,0.740082
1097,0.739385,0.738174,0.740055
1098,0.739339,0.738127,0.740009
1099,0.739311,0.738099,0.739982
1100,0.739267,0.738054,0.739939
1101,0.739224,0.73801,0.739898
1102,0.739134,0.737918,0.739809
1103,0.739062,0.737845,0.739737
1104,0.738996,0.737777,0.739671
1105,0.738912,0.737692,0.739587
1106,0.738846,0.737625,0.739519
1107,0.738826,0.737604,0.739498
1108,0.738757,0.737534,0.739429
1109,0.738695,0.73747,0.739365
1110,0.73864,0.737414,0.739309
1111,0.738559,0.737332,0.739227
1112,0.738507,0.737278,0.739172
1113,0.738479,0.73725,0.739143
1114,0.738431,0.737201,0.739094
1115,0.738405,0.737175,0.739068
1116,0.73832,0.737088,0.738983
1117,0.738229,0.736995,0.73889
1118,0.738201,0.736966,0.73886
1119,0.738139,0.736903,0.738797
1120,0.738098,0.736861,0.738754
1121,0.738055,0.736818,0.738711
1122,0.738023,0.736785,0.738679
1123,0.737956,0.736716,0.738611
1124,0.737878,0.736637,0.738532
1125,0.737805,0.736562,0.738457
1126,0.737764,0.73652,0.738414
1127,0.737691,0.736446,0.73834
1128,0.737653,0.736407,0.738299
1129,0.7376,0.736354,0.738245
1130,0.737546,0.736299,0.738189
1131,0.737514,0.736266,0.738156
1132,0.737456,0.736207,0.738097
1133,0.737435,0.736186,0.738075
1134,0.737359,0.736108,0.737998
1135,0.737331,0.736079,0.737969
1136,0.737279,0.736026,0.737916
1137,0.737207,0.735953,0.737844
1138,0.73717,0.735915,0.737806
1139,0.737132,0.735876,0.737768
1140,0.73707,0.735813,0.737706
1141,0.736993,0.735735,0.737628
1142,0.736961,0.735702,0.737595
1143,0.736893,0.735633,0.737527
1144,0.736858,0.735597,0.737491
1145,0.736812,0.73555,0.737444
1146,0.736742,0.735478,0.737374
1147,0.73671,0.735446,0.737341
1148,0.73664,0.735375,0.737271
1149,0.73658,0.735314,0.73721
1150,0.736521,0.735253,0.737149
1151,0.736481,0.735212,0.737108
1152,0.736412,0.735142,0.737037
1153,0.736391,0.735121,0.737016
1154,0.736363,0.735092,0.736987
1155,0.736311,0.735039,0.736935
1156,0.736242,0.734968,0.736866
1157,0.736183,0.734908,0.736807
1158,0.736152,0.734877,0.736775
1159,0.736126,0.73485,0.73675
1160,0.736056,0.734779,0.73668
1161,0.735998,0.734719,0.736622
1162,0.735945,0.734665,0.736569
1163,0.735911,0.734631,0.736535
1164,0.735819,0.734537,0.736443
1165,0.735799,0.734517,0.736422
1166,0.735736,0.734452,0.736359
1167,0.735702,0.734417,0.736325
1168,0.735655,0.73437,0.736279
1169,0.735619,0.734333,0.736244
1170,0.735584,0.734297,0.73621
1171,0.735552,0.734265,0.73618
1172,0.735469,0.73418,0.736099
1173,0.735443,0.734154,0.736075
1174,0.735384,0.734094,0.736018
1175,0.735341,0.734049,0.735976
1176,0.735279,0.733986,0.735917
1177,0.735209,0.733915,0.735849
1178,0.735134,0.733838,0.735775
1179,0.735099,0.733802,0.735741
1180,0.735058,0.73376,0.735701
1181,0.734969,0.73367,0.735614
1182,0.734928,0.733628,0.735573
1183,0.734858,0.733557,0.735505
1184,0.734804,0.733502,0.735452
1185,0.73473,0.733426,0.735378
1186,0.734678,0.733373,0.735325
1187,0.734628,0.733322,0.735275
1188,0.734564,0.733257,0.735211
1189,0.734515,0.733207,0.735162
1190,0.734494,0.733185,0.735142
1191,0.734455,0.733145,0.735104
1192,0.734433,0.733124,0.735085
1193,0.73436,0.733049,0.735014
1194,0.734328,0.733016,0.734985
1195,0.734257,0.732943,0.734917
1196,0.734204,0.73289,0.734867
1197,0.734124,0.732808,0.734789
1198,0.734034,0.732717,0.7347
1199,0.734,0.732681,0.734667
1200,0.733933,0.732613,0.734601
1201,0.733887,0.732567,0.734557
1202,0.733817,0.732495,0.734488
1203,0.733754,0.732431,0.734426
1204,0.733667,0.732342,0.734339
1205,0.73359,0.732264,0.734262
1206,0.733501,0.732172,0.734171
1207,0.733474,0.732145,0.734142
1208,0.73343,0.7321,0.734097
1209,0.733409,0.732079,0.734077
1210,0.733371,0.73204,0.73404
1211,0.733282,0.731949,0.733951
1212,0.733196,0.731862,0.733865
1213,0.733132,0.731796,0.733799
1214,0.73311,0.731774,0.733777
1215,0.733054,0.731717,0.733722
1216,0.732979,0.73164,0.733646
1217,0.732908,0.731568,0.733574
1218,0.732852,0.73151,0.733517
1219,0.732813,0.731471,0.733477
1220,0.732781,0.731438,0.733445
1221,0.73274,0.731397,0.733404
1222,0.732712,0.731368,0.733378
1223,0.732628,0.731282,0.733295
1224,0.732584,0.731237,0.733251
1225,0.732558,0.731211,0.733227
1226,0.732485,0.731136,0.733156
1227,0.732459,0.73111,0.733133
1228,0.732432,0.731082,0.733109
1229,0.732373,0.731022,0.733053
1230,0.732292,0.730939,0.732976
1231,0.732208,0.730854,0.732895
1232,0.732137,0.730782,0.732826
1233,0.73206,0.730702,0.73275
1234,0.731993,0.730635,0.732684
1235,0.731971,0.730612,0.732664
1236,0.731887,0.730527,0.732582
1237,0.731816,0.730454,0.732512
1238,0.731779,0.730416,0.732475
1239,0.731693,0.730328,0.732391
1240,0.731606,0.73024,0.732304
1241,0.731544,0.730176,0.732242
1242,0.731457,0.730088,0.732155
1243,0.731393,0.730022,0.732089
1244,0.73132,0.729948,0.732015
1245,0.731235,0.729862,0.731927
1246,0.731193,0.729818,0.731883
1247,0.731174,0.729799,0.731862
1248,0.73111,0.729734,0.731798
1249,0.731047,0.72967,0.731734
1250,0.731028,0.72965,0.731714
1251,0.730972,0.729593,0.731658
1252,0.730884,0.729504,0.73157
1253,0.730842,0.72946,0.731527
1254,0.730785,0.729403,0.73147
1255,0.730695,0.72931,0.731379
1256,0.73062,0.729234,0.731302
1257,0.73054,0.729152,0.73122
1258,0.730487,0.729099,0.731164
1259,0.730428,0.729038,0.731102
1260,0.73035,0.728959,0.731021
1261,0.730316,0.728924,0.730984
1262,0.730267,0.728874,0.730932
1263,0.730238,0.728844,0.730901
1264,0.730211,0.728817,0.730873
1265,0.730171,0.728775,0.730832
1266,0.730136,0.72874,0.730798
1267,0.730062,0.728665,0.730724
1268,0.730035,0.728638,0.730698
1269,0.729979,0.72858,0.730642
1270,0.729894,0.728494,0.730558
1271,0.729841,0.728439,0.730504
1272,0.729781,0.728378,0.730445
1273,0.729691,0.728287,0.730354
1274,0.729611,0.728204,0.730271
1275,0.729565,0.728158,0.730224
1276,0.729535,0.728127,0.730192
1277,0.729492,0.728083,0.730148
1278,0.729451,0.728042,0.730108
1279,0.729417,0.728007,0.730074
1280,0.729361,0.727949,0.730018
1281,0.729285,0.727872,0.729942
1282,0.72921,0.727796,0.729867
1283,0.729161,0.727746,0.729818
1284,0.72908,0.727663,0.729736
1285,0.729045,0.727628,0.7297
1286,0.729008,0.727589,0.729662
1287,0.728959,0.72754,0.729613
1288,0.728897,0.727477,0.729551
1289,0.728841,0.727419,0.729494
1290,0.728755,0.727331,0.729408
1291,0.728678,0.727254,0.72933
1292,0.728587,0.727161,0.729236
1293,0.728568,0.727141,0.729214
1294,0.728479,0.72705,0.729123
1295,0.728453,0.727024,0.729094
1296,0.728414,0.726983,0.729052
1297,0.72837,0.726939,0.729007
1298,0.728315,0.726883,0.728951
1299,0.728276,0.726843,0.728909
1300,0.728231,0.726797,0.728864
1301,0.728149,0.726713,0.72878
1302,0.728118,0.726682,0.728748
1303,0.728077,0.72664,0.728706
1304,0.727989,0.72655,0.728616
1305,0.727925,0.726485,0.72855
1306,0.727894,0.726454,0.728518
1307,0.727819,0.726377,0.72844
1308,0.727781,0.726338,0.7284
1309,0.727736,0.726292,0.728353
1310,0.727666,0.726221,0.728281
1311,0.727589,0.726143,0.728201
1312,0.727534,0.726087,0.728143
1313,0.727461,0.726012,0.728065
1314,0.72742,0.72597,0.728021
1315,0.727381,0.72593,0.727978
1316,0.727351,0.7259,0.727944
1317,0.727326,0.725874,0.727916
1318,0.727291,0.725838,0.72788
1319,0.727259,0.725806,0.727846
1320,0.727239,0.725785,0.727826
1321,0.727169,0.725714,0.727756
1322,0.727145,0.725689,0.727731
1323,0.72711,0.725654,0.727696
1324,0.727049,0.725592,0.727635
1325,0.727011,0.725553,0.727598
1326,0.726976,0.725517,0.727563
1327,0.7269,0.72544,0.727488
1328,0.726875,0.725414,0.727463
1329,0.726846,0.725384,0.727435
1330,0.726815,0.725353,0.727407
1331,0.72679,0.725327,0.727384
1332,0.726715,0.725251,0.727312
1333,0.726657,0.725191,0.727256
1334,0.726633,0.725167,0.727235
1335,0.726582,0.725115,0.727187
1336,0.726528,0.72506,0.727136
1337,0.72648,0.725012,0.727091
1338,0.726402,0.724931,0.727015
1339,0.726323,0.724851,0.726938
1340,0.7263,0.724827,0.726917
1341,0.726211,0.724736,0.72683
1342,0.726166,0.724691,0.726786
1343,0.726139,0.724663,0.726762
1344,0.726057,0.72458,0.726682
1345,0.726009,0.724531,0.726635
1346,0.725966,0.724487,0.726595
1347,0.72588,0.724399,0.726509
1348,0.725795,0.724313,0.726425
1349,0.725734,0.72425,0.726364
1350,0.725703,0.724219,0.726333
1351,0.725653,0.724168,0.726284
1352,0.725582,0.724095,0.726213
1353,0.725511,0.724023,0.726142
1354,0.72544,0.723951,0.726071
1355,0.725386,0.723895,0.726015
1356,0.725306,0.723813,0.725933
1357,0.725287,0.723794,0.725913
1358,0.725252,0.723759,0.725878
1359,0.725165,0.72367,0.725791
1360,0.725134,0.723638,0.725758
1361,0.725083,0.723586,0.725707
1362,0.725048,0.72355,0.725672
1363,0.724998,0.723499,0.725622
1364,0.72493,0.72343,0.725555
1365,0.724864,0.723363,0.725488
1366,0.724822,0.72332,0.725446
1367,0.724791,0.723288,0.725415
1368,0.72471,0.723205,0.725335
1369,0.724648,0.723142,0.725272
1370,0.724622,0.723116,0.725246
1371,0.724539,0.723031,0.725163
1372,0.724457,0.722947,0.72508
1373,0.724408,0.722898,0.72503
1374,0.724322,0.72281,0.724942
1375,0.724298,0.722786,0.724916
1376,0.72421,0.722695,0.724825
1377,0.724188,0.722674,0.724802
1378,0.724129,0.722613,0.724741
1379,0.724106,0.722589,0.724716
1380,0.724074,0.722557,0.724683
1381,0.724,0.722481,0.724609
1382,0.723947,0.722427,0.724554
1383,0.723885,0.722364,0.724492
1384,0.723795,0.722272,0.724399
1385,0.72377,0.722247,0.724372
1386,0.723732,0.722209,0.724333
1387,0.723688,0.722163,0.724287
1388,0.723653,0.722128,0.724251
1389,0.723583,0.722056,0.72418
1390,0.723532,0.722005,0.724128
1391,0.723446,0.721916,0.72404
1392,0.723421,0.721891,0.724013
1393,0.723401,0.72187,0.723991
1394,0.723332,0.7218,0.723921
1395,0.723288,0.721755,0.723876
1396,0.723253,0.72172,0.723841
1397,0.723225,0.721691,0.723813
1398,0.72319,0.721655,0.723778
1399,0.723166,0.721631,0.723756
1400,0.723111,0.721575,0.723702
1401,0.723081,0.721544,0.723674
1402,0.723051,0.721514,0.723647
1403,0.722975,0.721436,0.723573
1404,0.722931,0.721391,0.723532
1405,0.722873,0.721332,0.723476
1406,0.722845,0.721303,0.72345
1407,0.722754,0.721211,0.723362
1408,0.7227,0.721155,0.72331
1409,0.722626,0.72108,0.723237
1410,0.722555,0.721007,0.723167
1411,0.722471,0.720922,0.723083
1412,0.72245,0.720901,0.723062
1413,0.722404,0.720853,0.723016
1414,0.722361,0.720809,0.722974
1415,0.722334,0.720783,0.72295
1416,0.722263,0.72071,0.72288
1417,0.722175,0.72062,0.722793
1418,0.722115,0.720559,0.722733
1419,0.722074,0.720517,0.722692
1420,0.72202,0.720462,0.722639
1421,0.721987,0.720428,0.722606
1422,0.721904,0.720344,0.722525
1423,0.721848,0.720287,0.722469
1424,0.721796,0.720234,0.722417
1425,0.721771,0.720208,0.722392
1426,0.721683,0.720119,0.722305
1427,0.721652,0.720087,0.722275
1428,0.721575,0.720008,0.722198
1429,0.721491,0.719923,0.722114
1430,0.721437,0.719868,0.722059
1431,0.721369,0.719798,0.721989
1432,0.72133,0.719758,0.721949
1433,0.721296,0.719724,0.721915
1434,0.721222,0.719648,0.72184
1435,0.721194,0.719619,0.721812
1436,0.721122,0.719546,0.721739
1437,0.721091,0.719514,0.721708
1438,0.721033,0.719455,0.72165
1439,0.721005,0.719427,0.721623
1440,0.720937,0.719357,0.721555
1441,0.720862,0.719281,0.721481
1442,0.720833,0.719251,0.721452
1443,0.720758,0.719175,0.721377
1444,0.720719,0.719135,0.721338
1445,0.720698,0.719114,0.721319
1446,0.720649,0.719063,0.721271
1447,0.720577,0.71899,0.721201
1448,0.72053,0.718942,0.721154
1449,0.720461,0.718872,0.721087
1450,0.720403,0.718812,0.721029
1451,0.720381,0.71879,0.721009
1452,0.720312,0.71872,0.720942
1453,0.72023,0.718636,0.720861
1454,0.720196,0.718601,0.720828
1455,0.720175,0.71858,0.720809
1456,0.720136,0.71854,0.720773
1457,0.720053,0.718456,0.720692
1458,0.71997,0.718371,0.720611
1459,0.719916,0.718316,0.720559
1460,0.719867,0.718265,0.720511
1461,0.719801,0.718199,0.720447
1462,0.719747,0.718144,0.720394
1463,0.719682,0.718077,0.72033
1464,0.719652,0.718047,0.720302
1465,0.719577,0.71797,0.720229
1466,0.719494,0.717885,0.720147
1467,0.719449,0.717839,0.720103
1468,0.719369,0.717758,0.720024
1469,0.719287,0.717674,0.719942
1470,0.719228,0.717614,0.719883
1471,0.719155,0.71754,0.719809
1472,0.719102,0.717486,0.719755
1473,0.719058,0.71744,0.71971
1474,0.719034,0.717416,0.719687
1475,0.718952,0.717332,0.719605
1476,0.718909,0.717289,0.719562
1477,0.718845,0.717223,0.719499
1478,0.718791,0.717168,0.719445
1479,0.718716,0.717092,0.719371
1480,0.718689,0.717065,0.719344
1481,0.718633,0.717007,0.719288
1482,0.718544,0.716917,0.7192
1483,0.718453,0.716824,0.719108
1484,0.718364,0.716733,0.719017
1485,0.718316,0.716684,0.718967
1486,0.718288,0.716655,0.718937
1487,0.718251,0.716618,0.7189
1488,0.718186,0.716551,0.718834
1489,0.718119,0.716483,0.718766
1490,0.718082,0.716445,0.718729
1491,0.718001,0.716362,0.718647
1492,0.717979,0.71634,0.718625
1493,0.71791,0.71627,0.718555
1494,0.717847,0.716205,0.718491
1495,0.717818,0.716175,0.718462
1496,0.717735,0.716091,0.718379
1497,0.717667,0.716022,0.71831
1498,0.717623,0.715977,0.718265
1499,0.717555,0.715907,0.718197
1500,0.717504,0.715856,0.718145
1501,0.71746,0.71581,0.7181
1502,0.717386,0.715736,0.718026
1503,0.717326,0.715674,0.717965
1504,0.717302,0.715649,0.71794
1505,0.717276,0.715623,0.717915
1506,0.717248,0.715595,0.717889
1507,0.71717,0.715515,0.717813
1508,0.7171,0.715443,0.717743
1509,0.717034,0.715376,0.717678
1510,0.716966,0.715307,0.717611
1511,0.716891,0.715231,0.717536
1512,0.71684,0.715178,0.717484
1513,0.716785,0.715122,0.717429
1514,0.716749,0.715085,0.717393
1515,0.716695,0.71503,0.717339
1516,0.716635,0.714969,0.71728
1517,0.716596,0.71493,0.717243
1518,0.716546,0.714879,0.717194
1519,0.716507,0.714839,0.717157
1520,0.716423,0.714753,0.717074
1521,0.716335,0.714663,0.716987
1522,0.716249,0.714576,0.7169
1523,0.716217,0.714543,0.716868
1524,0.716178,0.714503,0.716829
1525,0.716121,0.714445,0.716773
1526,0.716047,0.714369,0.716699
1527,0.716008,0.71433,0.716661
1528,0.715929,0.714249,0.716582
1529,0.715867,0.714186,0.71652
1530,0.715789,0.714106,0.716441
1531,0.715728,0.714044,0.71638
1532,0.715665,0.713979,0.716316
1533,0.715622,0.713936,0.716272
1534,0.715588,0.713901,0.716238
1535,0.715509,0.713821,0.716159
1536,0.715429,0.713739,0.716078
1537,0.715369,0.713678,0.716017
1538,0.715302,0.71361,0.715948
1539,0.715282,0.713589,0.715927
1540,0.715192,0.713498,0.715836
1541,0.715121,0.713424,0.715762
1542,0.7151,0.713403,0.71574
1543,0.715048,0.71335,0.715687
1544,0.714959,0.713259,0.715596
1545,0.714926,0.713226,0.715562
1546,0.714898,0.713197,0.715533
1547,0.714879,0.713178,0.715515
1548,0.714788,0.713085,0.715424
1549,0.714766,0.713063,0.715403
1550,0.714682,0.712977,0.715319
1551,0.71463,0.712924,0.715268
1552,0.714564,0.712856,0.715201
1553,0.714544,0.712836,0.715182
1554,0.714459,0.71275,0.715098
1555,0.714437,0.712727,0.715077
1556,0.714392,0.712682,0.715034
1557,0.714303,0.71259,0.714946
1558,0.714253,0.71254,0.714897
1559,0.714182,0.712468,0.714827
1560,0.714111,0.712394,0.714755
1561,0.71405,0.712332,0.714694
1562,0.713985,0.712266,0.71463
1563,0.713914,0.712194,0.714557
1564,0.713856,0.712134,0.714498
1565,0.713772,0.712049,0.714413
1566,0.713747,0.712023,0.714386
1567,0.713668,0.711943,0.714307
1568,0.713603,0.711876,0.71424
1569,0.713581,0.711854,0.714216
1570,0.71352,0.711792,0.714154
1571,0.713435,0.711706,0.714069
1572,0.713402,0.711671,0.714034
1573,0.71332,0.711588,0.71395
1574,0.713273,0.71154,0.713901
1575,0.713245,0.711511,0.713872
1576,0.713186,0.711451,0.713812
1577,0.713104,0.711368,0.713729
1578,0.713017,0.711279,0.713639
1579,0.71293,0.71119,0.713548
1580,0.712903,0.711163,0.713518
1581,0.712859,0.711117,0.71347
1582,0.712795,0.711052,0.713403
1583,0.712767,0.711024,0.713372
1584,0.712726,0.710982,0.713328
1585,0.712703,0.710959,0.713304
1586,0.712651,0.710905,0.713251
1587,0.712626,0.71088,0.713225
1588,0.712554,0.710807,0.713153
1589,0.712492,0.710743,0.71309
1590,0.712459,0.71071,0.713056
1591,0.712381,0.71063,0.712977
1592,0.712313,0.71056,0.712907
1593,0.71228,0.710527,0.712873
1594,0.71225,0.710496,0.712842
1595,0.712223,0.710469,0.712815
1596,0.712151,0.710396,0.712744
1597,0.712116,0.710359,0.712708
1598,0.712082,0.710325,0.712675
1599,0.712028,0.71027,0.712622
1600,0.712005,0.710247,0.712601
1601,0.71192,0.71016,0.712517
1602,0.711863,0.710102,0.712461
1603,0.711774,0.710011,0.712372
1604,0.711756,0.709992,0.712353
1605,0.711667,0.709902,0.712265
1606,0.711615,0.709849,0.712212
1607,0.711571,0.709804,0.712168
1608,0.711529,0.709761,0.712125
1609,0.711451,0.709682,0.712047
1610,0.711404,0.709634,0.712
1611,0.711367,0.709596,0.711963
1612,0.711331,0.709559,0.711927
1613,0.711289,0.709516,0.711885
1614,0.711207,0.709432,0.711804
1615,0.711165,0.709389,0.711762
1616,0.711114,0.709338,0.711712
1617,0.711052,0.709275,0.71165
1618,0.710968,0.709189,0.711566
1619,0.71092,0.709139,0.711517
1620,0.710866,0.709085,0.711462
1621,0.710846,0.709065,0.711442
1622,0.710816,0.709033,0.711413
1623,0.710729,0.708945,0.711327
1624,0.71067,0.708885,0.711268
1625,0.710611,0.708825,0.711209
1626,0.710528,0.70874,0.711125
1627,0.710438,0.708648,0.711032
1628,0.710377,0.708586,0.710969
1629,0.710333,0.708541,0.710921
1630,0.710305,0.708512,0.710891
1631,0.710244,0.708451,0.710829
1632,0.710209,0.708415,0.710792
1633,0.71019,0.708396,0.710772
1634,0.710149,0.708354,0.71073
1635,0.710125,0.708329,0.710707
1636,0.710103,0.708307,0.710686
1637,0.710058,0.70826,0.710642
1638,0.709981,0.708183,0.710568
1639,0.709949,0.70815,0.710537
1640,0.709894,0.708093,0.710484
1641,0.709829,0.708028,0.710422
1642,0.709771,0.707968,0.710365
1643,0.709724,0.70792,0.710319
1644,0.709691,0.707886,0.710289
1645,0.709665,0.70786,0.710265
1646,0.709603,0.707796,0.710207
1647,0.709526,0.707718,0.710133
1648,0.709488,0.70768,0.710098
1649,0.709405,0.707594,0.710017
1650,0.70934,0.707529,0.709954
1651,0.709272,0.707459,0.709888
1652,0.709211,0.707397,0.709828
1653,0.709156,0.707341,0.709775
1654,0.709089,0.707273,0.709708
1655,0.709019,0.707201,0.709639
1656,0.70897,0.707151,0.70959
1657,0.708894,0.707073,0.709514
1658,0.708816,0.706994,0.709436
1659,0.708744,0.706921,0.709363
1660,0.708705,0.70688,0.709323
1661,0.708614,0.706788,0.70923
1662,0.708557,0.70673,0.709171
1663,0.708487,0.706659,0.709099
1664,0.708425,0.706595,0.709033
1665,0.708406,0.706575,0.709012
1666,0.708339,0.706507,0.708943
1667,0.708275,0.706442,0.708877
1668,0.70823,0.706397,0.70883
1669,0.708162,0.706327,0.708759
1670,0.708142,0.706307,0.708737
1671,0.70811,0.706274,0.708704
1672,0.708076,0.706239,0.708669
1673,0.708056,0.706219,0.708649
1674,0.707971,0.706131,0.708564
1675,0.707951,0.706112,0.708546
1676,0.707916,0.706075,0.708511
1677,0.707885,0.706044,0.708483
1678,0.707806,0.705963,0.708406
1679,0.707722,0.705878,0.708323
1680,0.70764,0.705795,0.708242
1681,0.707551,0.705703,0.708151
1682,0.707482,0.705634,0.708081
1683,0.707458,0.705608,0.708055
1684,0.707433,0.705583,0.70803
1685,0.707359,0.705508,0.707956
1686,0.707292,0.70544,0.707888
1687,0.707255,0.705401,0.707849
1688,0.707236,0.705382,0.707831
1689,0.707204,0.705349,0.7078
1690,0.707139,0.705283,0.707736
1691,0.707103,0.705247,0.707702
1692,0.707043,0.705185,0.707643
1693,0.706988,0.70513,0.70759
1694,0.706928,0.705068,0.707531
1695,0.706851,0.704989,0.707455
1696,0.706792,0.70493,0.707397
1697,0.706757,0.704894,0.707362
1698,0.70668,0.704815,0.707286
1699,0.706606,0.70474,0.707212
1700,0.706566,0.704699,0.707172
1701,0.706509,0.704641,0.707115
1702,0.70649,0.704621,0.707097
1703,0.706433,0.704564,0.707042
1704,0.706352,0.70448,0.706961
1705,0.70627,0.704397,0.706879
1706,0.706237,0.704363,0.706846
1707,0.706202,0.704328,0.706812
1708,0.70615,0.704274,0.70676
1709,0.706085,0.704209,0.706697
1710,0.706032,0.704154,0.706644
1711,0.705941,0.704061,0.706554
1712,0.705896,0.704016,0.706509
1713,0.705828,0.703946,0.706441
1714,0.7058,0.703917,0.706412
1715,0.705721,0.703837,0.706334
1716,0.705653,0.703767,0.706265
1717,0.705584,0.703697,0.706195
1718,0.705527,0.703639,0.706138
1719,0.705493,0.703605,0.706103
1720,0.705444,0.703555,0.706054
1721,0.705366,0.703475,0.705974
1722,0.705277,0.703384,0.705884
1723,0.705203,0.703309,0.705808
1724,0.705143,0.703248,0.705744
1725,0.705123,0.703227,0.705722
1726,0.705047,0.703149,0.705643
1727,0.705008,0.703109,0.705601
1728,0.704921,0.703021,0.705512
1729,0.704882,0.702981,0.70547
1730,0.70485,0.702949,0.705435
1731,0.704813,0.702911,0.705396
1732,0.704758,0.702855,0.705339
1733,0.704681,0.702776,0.705259
1734,0.704597,0.70269,0.705172
1735,0.704578,0.702671,0.705149
1736,0.704559,0.702652,0.705128
1737,0.704519,0.702611,0.705087
1738,0.704476,0.702567,0.705043
1739,0.704449,0.702539,0.705015
1740,0.70443,0.70252,0.704996
1741,0.704393,0.702482,0.704961
1742,0.704311,0.702399,0.70488
1743,0.704269,0.702356,0.704839
1744,0.704193,0.702279,0.704763
1745,0.704139,0.702223,0.704709
1746,0.704116,0.7022,0.704686
1747,0.704049,0.702131,0.704619
1748,0.704012,0.702093,0.704583
1749,0.703925,0.702005,0.704496
1750,0.70389,0.701969,0.704461
1751,0.703841,0.701919,0.704412
1752,0.703765,0.701842,0.704336
1753,0.703696,0.701772,0.704266
1754,0.70363,0.701704,0.704197
1755,0.703598,0.701671,0.704164
1756,0.703579,0.701652,0.704145
1757,0.703553,0.701625,0.704119
1758,0.703524,0.701596,0.704092
1759,0.703445,0.701515,0.704013
1760,0.703404,0.701474,0.703974
1761,0.703323,0.701391,0.703893
1762,0.703269,0.701336,0.703839
1763,0.703201,0.701267,0.703771
1764,0.703172,0.701237,0.703741
1765,0.703136,0.7012,0.703706
1766,0.703112,0.701176,0.703683
1767,0.70306,0.701122,0.703632
1768,0.702979,0.70104,0.703553
1769,0.702935,0.700995,0.70351
1770,0.702872,0.700931,0.703448
1771,0.702848,0.700906,0.703425
1772,0.702815,0.700873,0.703395
1773,0.702723,0.700779,0.703304
1774,0.702642,0.700697,0.703224
1775,0.702578,0.700631,0.70316
1776,0.702551,0.700604,0.703134
1777,0.702473,0.700524,0.703055
1778,0.702394,0.700444,0.702976
1779,0.702305,0.700352,0.702885
1780,0.702258,0.700305,0.702835
1781,0.702223,0.700269,0.702799
1782,0.702183,0.700229,0.702758
1783,0.702095,0.700138,0.702667
1784,0.70206,0.700103,0.70263
1785,0.702033,0.700076,0.702602
1786,0.701978,0.700019,0.702546
1787,0.701944,0.699984,0.702511
1788,0.701914,0.699953,0.70248
1789,0.701885,0.699925,0.702453
1790,0.701835,0.699873,0.702404
1791,0.701771,0.699808,0.702341
1792,0.701714,0.69975,0.702285
1793,0.701645,0.699679,0.702216
1794,0.701599,0.699633,0.702171
1795,0.701573,0.699606,0.702145
1796,0.701533,0.699566,0.702107
1797,0.701449,0.699479,0.702024
1798,0.701378,0.699408,0.701954
1799,0.701326,0.699354,0.701901
1800,0.701244,0.69927,0.701819
1801,0.701216,0.699242,0.70179
1802,0.701155,0.699179,0.701728
1803,0.70109,0.699113,0.701663
1804,0.701021,0.699043,0.701593
1805,0.700952,0.698973,0.701522
1806,0.700926,0.698946,0.701494
1807,0.700907,0.698927,0.701475
1808,0.700875,0.698894,0.701443
1809,0.700851,0.698869,0.70142
1810,0.70078,0.698797,0.70135
1811,0.700723,0.698739,0.701295
1812,0.70065,0.698664,0.701222
1813,0.700609,0.698622,0.701181
1814,0.700584,0.698597,0.701158
1815,0.700564,0.698577,0.701141
1816,0.700528,0.69854,0.701108
1817,0.700454,0.698465,0.701037
1818,0.700388,0.698398,0.700974
1819,0.700335,0.698344,0.700923
1820,0.700251,0.698258,0.700841
1821,0.700175,0.69818,0.700766
1822,0.700144,0.698149,0.700737
1823,0.700061,0.698063,0.700654
1824,0.700007,0.698009,0.700601
1825,0.699928,0.697928,0.700521
1826,0.699846,0.697845,0.700439
1827,0.699791,0.697788,0.700383
1828,0.699729,0.697725,0.700319
1829,0.699659,0.697654,0.700248
1830,0.699569,0.697562,0.700154
1831,0.69954,0.697532,0.700122
1832,0.699488,0.697479,0.700068
1833,0.699411,0.697401,0.699988
1834,0.699357,0.697345,0.69993
1835,0.699333,0.697321,0.699903
1836,0.6993,0.697288,0.699868
1837,0.699274,0.697261,0.699841
1838,0.699214,0.6972,0.69978
1839,0.699169,0.697154,0.699734
1840,0.69914,0.697124,0.699704
1841,0.699082,0.697065,0.699646
1842,0.699054,0.697037,0.699618
1843,0.698978,0.696959,0.699542
1844,0.698917,0.696897,0.69948
1845,0.698895,0.696874,0.699458
1846,0.698837,0.696816,0.699401
1847,0.698764,0.696741,0.699328
1848,0.698725,0.696701,0.699288
1849,0.698701,0.696676,0.699264
1850,0.698611,0.696585,0.699175
1851,0.698558,0.696531,0.699121
1852,0.698496,0.696468,0.699059
1853,0.698473,0.696444,0.699035
1854,0.69844,0.69641,0.699003
1855,0.69841,0.69638,0.698974
1856,0.698327,0.696295,0.698892
1857,0.698284,0.696251,0.69885
1858,0.698236,0.696202,0.698803
1859,0.698197,0.696162,0.698765
1860,0.698107,0.696071,0.698676
1861,0.698058,0.69602,0.698627
1862,0.69801,0.695971,0.69858
1863,0.697958,0.695918,0.698528
1864,0.697913,0.695873,0.698484
1865,0.697836,0.695794,0.698407
1866,0.69779,0.695747,0.698361
1867,0.697751,0.695708,0.698323
1868,0.697664,0.695619,0.698236
1869,0.697617,0.695571,0.698189
1870,0.697549,0.695502,0.69812
1871,0.697466,0.695417,0.698036
1872,0.697391,0.69534,0.697958
1873,0.69733,0.695278,0.697894
1874,0.697272,0.695219,0.697834
1875,0.697246,0.695192,0.697804
1876,0.697217,0.695163,0.697773
1877,0.697178,0.695123,0.697733
1878,0.697139,0.695084,0.697693
1879,0.697091,0.695035,0.697644
1880,0.697039,0.694981,0.697592
1881,0.696991,0.694932,0.697542
1882,0.696956,0.694896,0.697507
1883,0.696867,0.694806,0.697418
1884,0.696847,0.694785,0.697397
1885,0.696781,0.694718,0.69733
1886,0.696712,0.694648,0.69726
1887,0.696662,0.694597,0.697209
1888,0.696643,0.694577,0.697189
1889,0.696611,0.694544,0.697156
1890,0.696536,0.694469,0.697082
1891,0.696479,0.69441,0.697023
1892,0.696419,0.694349,0.696962
1893,0.696391,0.69432,0.696934
1894,0.696372,0.694301,0.696915
1895,0.696349,0.694277,0.696893
1896,0.696324,0.694252,0.696871
1897,0.696304,0.694232,0.696854
1898,0.696226,0.694152,0.696779
1899,0.69614,0.694064,0.696695
1900,0.696084,0.694007,0.696642
1901,0.696005,0.693927,0.696564
1902,0.695978,0.693899,0.696537
1903,0.695923,0.693843,0.696484
1904,0.695862,0.693781,0.696425
1905,0.695835,0.693753,0.696399
1906,0.695747,0.693664,0.696313
1907,0.695662,0.693576,0.696227
1908,0.695637,0.693552,0.696203
1909,0.695573,0.693486,0.696139
1910,0.695493,0.693405,0.696059
1911,0.695459,0.69337,0.696024
1912,0.695401,0.693311,0.695967
1913,0.695345,0.693253,0.69591
1914,0.695318,0.693226,0.695883
1915,0.695243,0.693149,0.695808
1916,0.695224,0.69313,0.69579
1917,0.695142,0.693046,0.695708
1918,0.695072,0.692975,0.695638
1919,0.695026,0.692928,0.695592
1920,0.694941,0.692842,0.695506
1921,0.694913,0.692813,0.695477
1922,0.694842,0.69274,0.695404
1923,0.694784,0.692681,0.695345
1924,0.694743,0.69264,0.695303
1925,0.694698,0.692594,0.695257
1926,0.694674,0.692569,0.695232
1927,0.69461,0.692504,0.695169
1928,0.694521,0.692413,0.695079
1929,0.694466,0.692357,0.695022
1930,0.694422,0.692312,0.694977
1931,0.694381,0.69227,0.694934
1932,0.694348,0.692236,0.6949
1933,0.694271,0.692158,0.694822
1934,0.694244,0.69213,0.694794
1935,0.694213,0.692099,0.694764
1936,0.694133,0.692017,0.694683
1937,0.694085,0.691968,0.694634
1938,0.693997,0.691878,0.694545
1939,0.693965,0.691846,0.694511
1940,0.693922,0.691802,0.694467
1941,0.693863,0.691742,0.694407
1942,0.693837,0.691715,0.69438
1943,0.693774,0.691651,0.694316
1944,0.693701,0.691577,0.694242
1945,0.693674,0.691549,0.694213
1946,0.69365,0.691524,0.694189
1947,0.693594,0.691467,0.694132
1948,0.693541,0.691413,0.694079
1949,0.693521,0.691393,0.69406
1950,0.693464,0.691335,0.694003
1951,0.69338,0.691249,0.693919
1952,0.693351,0.691219,0.69389
1953,0.693321,0.691188,0.69386
1954,0.693232,0.691098,0.693772
1955,0.693185,0.69105,0.693724
1956,0.693161,0.691026,0.6937
1957,0.693127,0.690991,0.693667
1958,0.693097,0.690961,0.693639
1959,0.693032,0.690894,0.693575
1960,0.692992,0.690853,0.693537
1961,0.692959,0.69082,0.693507
1962,0.692901,0.690761,0.693451
1963,0.692835,0.690693,0.693387
1964,0.692779,0.690636,0.693333
1965,0.692736,0.690592,0.693292
1966,0.69266,0.690515,0.693218
1967,0.692607,0.690461,0.693166
1968,0.69257,0.690423,0.693131
1969,0.692486,0.690338,0.693048
1970,0.692437,0.690287,0.692999
1971,0.692369,0.690218,0.692932
1972,0.692289,0.690136,0.692852
1973,0.692254,0.6901,0.692816
1974,0.692224,0.69007,0.692786
1975,0.692189,0.690034,0.692752
1976,0.692103,0.689947,0.692668
1977,0.692077,0.68992,0.692643
1978,0.692057,0.6899,0.692625
1979,0.691994,0.689836,0.692565
1980,0.691947,0.689787,0.692519
1981,0.691886,0.689725,0.692461
1982,0.691808,0.689645,0.692385
1983,0.691718,0.689554,0.692296
1984,0.691681,0.689516,0.69226
1985,0.69164,0.689474,0.69222
1986,0.691599,0.689433,0.692181
1987,0.691533,0.689365,0.692117
1988,0.69147,0.689301,0.692056
1989,0.691428,0.689258,0.692016
1990,0.691372,0.689201,0.691961
1991,0.691303,0.689131,0.691895
1992,0.691238,0.689064,0.69183
1993,0.691177,0.689002,0.691771
1994,0.691137,0.688961,0.691733
1995,0.691068,0.68889,0.691665
1996,0.691041,0.688863,0.69164
1997,0.690985,0.688806,0.691586
1998,0.690915,0.688735,0.691519
1999,0.690859,0.688677,0.691465
2000,0.690796,0.688613,0.691405
2001,0.690738,0.688554,0.691349
2002,0.690693,0.688508,0.691306
2003,0.690647,0.688462,0.691264
2004,0.690592,0.688405,0.691212
2005,0.690524,0.688336,0.691147
2006,0.690456,0.688266,0.691082
2007,0.690399,0.688209,0.691029
2008,0.690312,0.68812,0.690945
2009,0.690255,0.688061,0.690889
2010,0.690186,0.687991,0.690823
2011,0.690101,0.687905,0.69074
2012,0.690029,0.687832,0.690669
2013,0.689944,0.687745,0.690585
2014,0.689909,0.687708,0.69055
2015,0.689817,0.687615,0.690459
2016,0.689784,0.687581,0.690425
2017,0.689719,0.687515,0.690361
2018,0.689631,0.687425,0.690274
2019,0.689555,0.687347,0.690198
2020,0.689486,0.687278,0.690128
2021,0.689424,0.687214,0.690065
2022,0.689373,0.687161,0.690013
2023,0.689283,0.687071,0.689923
2024,0.689212,0.686998,0.68985
2025,0.689189,0.686974,0.689826
2026,0.689128,0.686912,0.689765
2027,0.689084,0.686867,0.68972
2028,0.68905,0.686832,0.689686
2029,0.688967,0.686748,0.689604
2030,0.688878,0.686657,0.689515
2031,0.688791,0.686569,0.689427
2032,0.688745,0.686522,0.68938
2033,0.688673,0.686448,0.689306
2034,0.68865,0.686425,0.689283
2035,0.688595,0.686369,0.689228
2036,0.68853,0.686302,0.689162
2037,0.688484,0.686255,0.689116
2038,0.688445,0.686215,0.689078
2039,0.688368,0.686137,0.689003
2040,0.688292,0.68606,0.688927
2041,0.688216,0.685982,0.688851
2042,0.688128,0.685893,0.688762
2043,0.6881,0.685863,0.688732
2044,0.688042,0.685804,0.688674
2045,0.688014,0.685776,0.688647
2046,0.687948,0.685708,0.688582
2047,0.687861,0.68562,0.688495
2048,0.687793,0.68555,0.688426
2049,0.687706,0.685462,0.688339
2050,0.687627,0.685381,0.688258
2051,0.687555,0.685308,0.688184
2052,0.687519,0.685271,0.688145
2053,0.687473,0.685224,0.688098
2054,0.687414,0.685163,0.688037
2055,0.687333,0.685081,0.687954
2056,0.687256,0.685003,0.687876
2057,0.687235,0.684981,0.687852
2058,0.687156,0.684901,0.687772
2059,0.687118,0.684862,0.687732
2060,0.687059,0.684802,0.687672
2061,0.68701,0.684752,0.687621
2062,0.686927,0.684667,0.687537
2063,0.68688,0.684619,0.687487
2064,0.686847,0.684586,0.687454
2065,0.686786,0.684524,0.687392
2066,0.686756,0.684493,0.687361
2067,0.686666,0.6844,0.687271
2068,0.686622,0.684356,0.687226
2069,0.686601,0.684335,0.687206
2070,0.686515,0.684246,0.687119
2071,0.686488,0.684219,0.687092
2072,0.686404,0.684134,0.687009
2073,0.68633,0.684058,0.686935
2074,0.686309,0.684037,0.686914
2075,0.686233,0.683959,0.686838
2076,0.686155,0.683879,0.686759
2077,0.686125,0.683849,0.68673
2078,0.686098,0.683822,0.686703
2079,0.686062,0.683785,0.686669
2080,0.686003,0.683725,0.686612
2081,0.685913,0.683633,0.686524
2082,0.685886,0.683605,0.686498
2083,0.685797,0.683514,0.686411
2084,0.685719,0.683435,0.686334
2085,0.685689,0.683405,0.686305
2086,0.685599,0.683313,0.686216
2087,0.685531,0.683243,0.686147
2088,0.685447,0.683158,0.686063
2089,0.685374,0.683083,0.685988
2090,0.685353,0.683062,0.685967
2091,0.68531,0.683017,0.685924
2092,0.685253,0.68296,0.685868
2093,0.685195,0.6829,0.68581
2094,0.68513,0.682834,0.685745
2095,0.685045,0.682747,0.685661
2096,0.68501,0.682712,0.685625
2097,0.68493,0.682631,0.685546
2098,0.684841,0.682539,0.685455
2099,0.684817,0.682515,0.68543
2100,0.684765,0.682461,0.685377
2101,0.684713,0.682409,0.685326
2102,0.684678,0.682373,0.685291
2103,0.68462,0.682314,0.685235
2104,0.684573,0.682266,0.685189
2105,0.684497,0.682188,0.685114
2106,0.684413,0.682103,0.685031
2107,0.684339,0.682028,0.684957
2108,0.684294,0.681982,0.684912
2109,0.684206,0.681892,0.684823
2110,0.684165,0.68185,0.684782
2111,0.684079,0.681762,0.684694
2112,0.684033,0.681715,0.684647
2113,0.683963,0.681644,0.684576
2114,0.683918,0.681598,0.68453
2115,0.683832,0.68151,0.684443
2116,0.683761,0.681438,0.68437
2117,0.683715,0.681391,0.684322
2118,0.683633,0.681307,0.684237
2119,0.683549,0.681222,0.68415
2120,0.683478,0.681149,0.684074
2121,0.68344,0.681111,0.684032
2122,0.6834,0.68107,0.683989
2123,0.683351,0.681019,0.683936
2124,0.683306,0.680974,0.683889
2125,0.683267,0.680934,0.683848
2126,0.683236,0.680902,0.683815
2127,0.683199,0.680864,0.683777
2128,0.683147,0.680812,0.683725
2129,0.683108,0.680772,0.683686
2130,0.683067,0.68073,0.683646
2131,0.682981,0.680642,0.68356
2132,0.682892,0.680551,0.68347
2133,0.682865,0.680524,0.683442
2134,0.682803,0.680461,0.683379
2135,0.682771,0.680428,0.683347
2136,0.682746,0.680402,0.683322
2137,0.682684,0.680339,0.683262
2138,0.682592,0.680245,0.683169
2139,0.682545,0.680197,0.683122
2140,0.682467,0.680118,0.683044
2141,0.682428,0.680078,0.683004
2142,0.682356,0.680005,0.682931
2143,0.68232,0.679968,0.682894
2144,0.682277,0.679924,0.682851
2145,0.682255,0.679902,0.68283
2146,0.682206,0.679852,0.682783
2147,0.682141,0.679786,0.682719
2148,0.682085,0.679729,0.682665
2149,0.682062,0.679705,0.682644
2150,0.681986,0.679627,0.682569
2151,0.681902,0.679541,0.682486
2152,0.681836,0.679474,0.682421
2153,0.681748,0.679384,0.682333
2154,0.68169,0.679325,0.682274
2155,0.681613,0.679247,0.682196
2156,0.681551,0.679184,0.682132
2157,0.681509,0.67914,0.682088
2158,0.681444,0.679074,0.682022
2159,0.681409,0.679039,0.681986
2160,0.681354,0.678982,0.681929
2161,0.681305,0.678933,0.68188
2162,0.681257,0.678883,0.68183
2163,0.681185,0.67881,0.681758
2164,0.681148,0.678773,0.68172
2165,0.681102,0.678725,0.681673
2166,0.681026,0.678648,0.681597
2167,0.680987,0.678608,0.681557
2168,0.680933,0.678553,0.681503
2169,0.680903,0.678522,0.681473
2170,0.680816,0.678433,0.681386
2171,0.680737,0.678353,0.681306
2172,0.680664,0.678279,0.681232
2173,0.680597,0.678211,0.681162
2174,0.680557,0.678169,0.681118
2175,0.680516,0.678128,0.681076
2176,0.680453,0.678064,0.681011
2177,0.680432,0.678042,0.680988
2178,0.680377,0.677986,0.680932
2179,0.680299,0.677907,0.680853
2180,0.680236,0.677842,0.680787
2181,0.680198,0.677804,0.680747
2182,0.680179,0.677784,0.680727
2183,0.680151,0.677755,0.680698
2184,0.680104,0.677707,0.680652
2185,0.680031,0.677633,0.68058
2186,0.680012,0.677613,0.680561
2187,0.679922,0.677522,0.680471
2188,0.679883,0.677482,0.680432
2189,0.679815,0.677413,0.680364
2190,0.679788,0.677385,0.680337
2191,0.679756,0.677353,0.680306
2192,0.679687,0.677283,0.680239
2193,0.679635,0.677229,0.680187
2194,0.679586,0.677179,0.680139
2195,0.679508,0.677099,0.680061
2196,0.679454,0.677045,0.680007
2197,0.6794,0.67699,0.679954
2198,0.679374,0.676963,0.679928
2199,0.679339,0.676928,0.679895
2200,0.679308,0.676895,0.679865
2201,0.679277,0.676864,0.679838
2202,0.679255,0.676842,0.67982
2203,0.679164,0.676749,0.679734
2204,0.679095,0.676678,0.679668
2205,0.679036,0.676619,0.679613
2206,0.678995,0.676577,0.679575
2207,0.678918,0.676498,0.679501
2208,0.67884,0.676418,0.679426
2209,0.678778,0.676355,0.679366
2210,0.678687,0.676263,0.679277
2211,0.678616,0.67619,0.679206
2212,0.678561,0.676134,0.679152
2213,0.678491,0.676062,0.679082
2214,0.678415,0.675985,0.679006
2215,0.678358,0.675926,0.678948
2216,0.678283,0.675851,0.678872
2217,0.678222,0.675788,0.67881
2218,0.678193,0.675759,0.67878
2219,0.678153,0.675718,0.67874
2220,0.678076,0.675639,0.678663
2221,0.678002,0.675564,0.678588
2222,0.677919,0.675479,0.678504
2223,0.677859,0.675418,0.678441
2224,0.677831,0.67539,0.678412
2225,0.677754,0.675311,0.678333
2226,0.677689,0.675244,0.678266
2227,0.677616,0.67517,0.678191
2228,0.677572,0.675125,0.678144
2229,0.677545,0.675098,0.678116
2230,0.677508,0.67506,0.678078
2231,0.677463,0.675014,0.678032
2232,0.677416,0.674966,0.677985
2233,0.677394,0.674943,0.677963
2234,0.67736,0.674908,0.677931
2235,0.677302,0.674849,0.677875
2236,0.67725,0.674797,0.677826
2237,0.677187,0.674733,0.677766
2238,0.677113,0.674657,0.677694
2239,0.677056,0.674599,0.677638
2240,0.676984,0.674526,0.677568
2241,0.676917,0.674457,0.677501
2242,0.676843,0.674381,0.677427
2243,0.676781,0.674318,0.677365
2244,0.676731,0.674268,0.677316
2245,0.676678,0.674213,0.677262
2246,0.676597,0.674131,0.677182
2247,0.676518,0.67405,0.677101
2248,0.676473,0.674004,0.677055
2249,0.676404,0.673934,0.676985
2250,0.67638,0.673909,0.67696
2251,0.676311,0.673839,0.67689
2252,0.676248,0.673774,0.676826
2253,0.676166,0.67369,0.676743
2254,0.676101,0.673625,0.676676
2255,0.676072,0.673595,0.676645
2256,0.676021,0.673543,0.676593
2257,0.675957,0.673478,0.676528
2258,0.67592,0.67344,0.67649
2259,0.675847,0.673365,0.676415
2260,0.675789,0.673306,0.676356
2261,0.675735,0.673251,0.676301
2262,0.675648,0.673163,0.676212
2263,0.6756,0.673113,0.67616
2264,0.675556,0.673069,0.676115
2265,0.675513,0.673025,0.676069
2266,0.675487,0.672998,0.676042
2267,0.675416,0.672926,0.67597
2268,0.675343,0.672852,0.675896
2269,0.675305,0.672812,0.675856
2270,0.67524,0.672747,0.67579
2271,0.67515,0.672655,0.675697
2272,0.675117,0.672621,0.675661
2273,0.675069,0.672572,0.67561
2274,0.67503,0.672532,0.675569
2275,0.674994,0.672496,0.675531
2276,0.674966,0.672466,0.675502
2277,0.674897,0.672396,0.675432
2278,0.674853,0.672352,0.675387
2279,0.674822,0.67232,0.675355
2280,0.674799,0.672297,0.675333
2281,0.674745,0.672241,0.67528
2282,0.674693,0.672188,0.675229
2283,0.674647,0.672142,0.675185
2284,0.674565,0.672058,0.675103
2285,0.674546,0.672039,0.675086
2286,0.6745,0.671991,0.675041
2287,0.674424,0.671914,0.674966
2288,0.674391,0.671881,0.674935
2289,0.674358,0.671847,0.674904
2290,0.674329,0.671817,0.674877
2291,0.674254,0.671741,0.674806
2292,0.674202,0.671687,0.674756
2293,0.674174,0.671659,0.674731
2294,0.674097,0.67158,0.674658
2295,0.674007,0.671489,0.674571
2296,0.673943,0.671424,0.674509
2297,0.673866,0.671345,0.674432
2298,0.673843,0.671322,0.674411
2299,0.673774,0.671251,0.674343
2300,0.673699,0.671175,0.674269
2301,0.673607,0.67108,0.674177
2302,0.673578,0.671051,0.674148
2303,0.673538,0.671011,0.674109
2304,0.673454,0.670924,0.674025
2305,0.673367,0.670836,0.673937
2306,0.673326,0.670794,0.673896
2307,0.673244,0.670711,0.673813
2308,0.673188,0.670653,0.673755
2309,0.673131,0.670595,0.673696
2310,0.673058,0.670521,0.673621
2311,0.672977,0.670438,0.673537
2312,0.672932,0.670393,0.673489
2313,0.672882,0.670342,0.673436
2314,0.672851,0.67031,0.673403
2315,0.67282,0.670278,0.673369
2316,0.672762,0.670218,0.67331
2317,0.672681,0.670136,0.673227
2318,0.672612,0.670066,0.673156
2319,0.672568,0.670021,0.673109
2320,0.672528,0.66998,0.673067
2321,0.672444,0.669895,0.67298
2322,0.672372,0.669821,0.672904
2323,0.672351,0.669799,0.672879
2324,0.6723,0.669748,0.672825
2325,0.672228,0.669674,0.672749
2326,0.672169,0.669614,0.672686
2327,0.672146,0.66959,0.672658
2328,0.672122,0.669566,0.672632
2329,0.672082,0.669525,0.672589
2330,0.672045,0.669487,0.67255
2331,0.672025,0.669467,0.672529
2332,0.672,0.669442,0.672504
2333,0.67198,0.669421,0.672484
2334,0.671943,0.669383,0.67245
2335,0.671924,0.669364,0.672433
2336,0.671862,0.669301,0.672374
2337,0.671831,0.669269,0.672346
2338,0.67177,0.669207,0.672289
2339,0.671706,0.669142,0.672228
2340,0.671679,0.669114,0.672204
2341,0.671653,0.669087,0.672182
2342,0.671618,0.669052,0.672153
2343,0.67153,0.668962,0.672069
2344,0.671476,0.668907,0.67202
2345,0.671397,0.668826,0.671944
2346,0.671332,0.66876,0.671882
2347,0.67128,0.668707,0.671833
2348,0.671248,0.668675,0.671805
2349,0.671172,0.668597,0.671732
2350,0.671151,0.668575,0.671715
2351,0.671064,0.668486,0.671632
2352,0.67098,0.668401,0.671551
2353,0.670912,0.668332,0.671486
2354,0.670822,0.66824,0.671397
2355,0.670767,0.668184,0.671343
2356,0.670696,0.668112,0.671273
2357,0.670642,0.668056,0.671219
2358,0.670577,0.66799,0.671155
2359,0.670504,0.667916,0.671082
2360,0.670469,0.66788,0.671048
2361,0.670441,0.667852,0.671021
2362,0.670396,0.667805,0.670978
2363,0.670304,0.667712,0.670888
2364,0.67027,0.667677,0.670856
2365,0.670183,0.667588,0.67077
2366,0.670118,0.667522,0.670707
2367,0.670042,0.667444,0.670631
2368,0.670017,0.667419,0.670608
2369,0.669946,0.667347,0.670538
2370,0.669855,0.667253,0.670448
2371,0.669773,0.66717,0.670366
2372,0.669693,0.667088,0.670284
2373,0.669635,0.667029,0.670224
2374,0.669612,0.667006,0.6702
2375,0.669591,0.666984,0.67018
2376,0.669504,0.666896,0.670094
2377,0.669412,0.666802,0.670002
2378,0.66932,0.666708,0.669908
2379,0.669233,0.666619,0.669818
2380,0.669182,0.666567,0.669764
2381,0.669121,0.666505,0.669699
2382,0.6691,0.666484,0.669676
2383,0.669041,0.666423,0.669614
2384,0.668979,0.66636,0.669551
2385,0.668951,0.666332,0.669521
2386,0.668927,0.666307,0.669497
2387,0.668858,0.666237,0.669428
2388,0.66882,0.666198,0.669389
2389,0.668739,0.666115,0.669308
2390,0.668707,0.666082,0.669276
2391,0.668616,0.66599,0.669185
2392,0.668568,0.665941,0.669137
2393,0.668488,0.665859,0.669055
2394,0.668413,0.665783,0.668979
2395,0.668368,0.665737,0.668931
2396,0.668307,0.665675,0.668869
2397,0.668265,0.665631,0.668824
2398,0.668203,0.665568,0.668761
2399,0.668117,0.665481,0.668673
2400,0.668076,0.665439,0.668629
2401,0.668056,0.665419,0.668607
2402,0.668002,0.665364,0.668552
2403,0.667946,0.665306,0.668494
2404,0.667902,0.665262,0.66845
2405,0.667835,0.665194,0.668382
2406,0.667807,0.665165,0.668353
2407,0.667766,0.665123,0.668312
2408,0.667677,0.665032,0.668223
2409,0.667638,0.664992,0.668182
2410,0.667603,0.664956,0.668147
2411,0.667558,0.66491,0.668102
2412,0.667526,0.664878,0.668071
2413,0.66745,0.6648,0.667996
2414,0.667422,0.664772,0.66797
2415,0.667392,0.664741,0.667942
2416,0.667372,0.664721,0.667925
2417,0.667314,0.664662,0.667871
2418,0.667248,0.664594,0.667809
2419,0.667187,0.664533,0.667752
2420,0.667095,0.664438,0.667663
2421,0.667012,0.664354,0.667581
2422,0.666922,0.664262,0.667492
2423,0.666843,0.664181,0.667412
2424,0.666786,0.664123,0.667354
2425,0.666697,0.664032,0.667263
2426,0.666643,0.663978,0.667207
2427,0.666558,0.663891,0.667119
2428,0.666521,0.663853,0.667079
2429,0.66649,0.663822,0.667046
2430,0.666434,0.663764,0.666988
2431,0.666396,0.663726,0.666948
2432,0.666366,0.663695,0.666918
2433,0.666292,0.663619,0.666843
2434,0.666201,0.663527,0.666751
2435,0.666146,0.663471,0.666693
2436,0.6661,0.663423,0.666644
2437,0.666033,0.663355,0.666575
2438,0.66601,0.663332,0.666551
2439,0.665945,0.663265,0.666483
2440,0.66589,0.66321,0.666427
2441,0.665838,0.663156,0.666372
2442,0.665772,0.663089,0.666304
2443,0.665722,0.663038,0.666252
2444,0.665635,0.662949,0.666161
2445,0.665606,0.662919,0.666128
2446,0.665585,0.662898,0.666105
2447,0.665541,0.662853,0.666059
2448,0.66551,0.662821,0.666027
2449,0.665433,0.662743,0.665949
2450,0.665405,0.662715,0.66592
2451,0.665367,0.662675,0.66588
2452,0.665318,0.662626,0.665831
2453,0.665274,0.662581,0.665787
2454,0.665189,0.662494,0.665701
2455,0.665141,0.662445,0.665652
2456,0.665083,0.662386,0.665592
2457,0.665042,0.662345,0.66555
2458,0.664992,0.662293,0.665498
2459,0.664942,0.662243,0.665447
2460,0.6649,0.6622,0.665404
2461,0.664866,0.662165,0.665368
2462,0.664806,0.662103,0.665307
2463,0.664777,0.662074,0.665278
2464,0.664729,0.662025,0.66523
2465,0.664678,0.661973,0.665178
2466,0.664635,0.661929,0.665136
2467,0.664589,0.661883,0.66509
2468,0.664509,0.661801,0.665009
2469,0.66444,0.66173,0.664939
2470,0.664408,0.661697,0.664905
2471,0.664386,0.661676,0.664883
2472,0.664364,0.661653,0.664861
2473,0.664323,0.661611,0.664822
2474,0.664293,0.66158,0.664794
2475,0.66425,0.661537,0.664753
2476,0.664181,0.661466,0.664687
2477,0.664097,0.661381,0.664604
2478,0.664014,0.661296,0.664521
2479,0.663981,0.661262,0.664487
2480,0.663914,0.661193,0.664419
2481,0.663885,0.661164,0.66439
2482,0.663862,0.661141,0.664368
2483,0.663829,0.661108,0.664337
2484,0.663759,0.661035,0.664268
2485,0.663705,0.660981,0.664216
2486,0.663676,0.660951,0.664189
2487,0.663637,0.660911,0.664152
2488,0.663549,0.660822,0.664066
2489,0.663466,0.660737,0.663983
2490,0.663394,0.660663,0.663911
2491,0.663347,0.660616,0.663863
2492,0.663267,0.660534,0.663782
2493,0.66322,0.660486,0.663733
2494,0.663167,0.660432,0.663679
2495,0.663138,0.660402,0.663648
2496,0.663116,0.66038,0.663626
2497,0.663059,0.660322,0.663569
2498,0.663015,0.660277,0.663525
2499,0.662985,0.660247,0.663496
2500,0.662903,0.660163,0.663415
2501,0.66288,0.660139,0.663392
2502,0.662813,0.66007,0.663326
2503,0.662776,0.660033,0.663289
2504,0.662727,0.659983,0.663243
2505,0.662651,0.659906,0.663167
2506,0.662559,0.659812,0.663075
2507,0.662532,0.659784,0.663047
2508,0.662504,0.659756,0.663019
2509,0.662424,0.659674,0.66294
2510,0.662374,0.659623,0.662889
2511,0.662337,0.659585,0.662852
2512,0.662318,0.659566,0.662834
2513,0.66224,0.659487,0.662758
2514,0.662218,0.659463,0.662736
2515,0.662192,0.659437,0.662713
2516,0.66211,0.659354,0.662634
2517,0.662056,0.659298,0.662582
2518,0.661964,0.659205,0.662492
2519,0.661919,0.659158,0.662446
2520,0.661875,0.659114,0.662403
2521,0.661794,0.659031,0.662323
2522,0.661742,0.658979,0.662272
2523,0.661696,0.658932,0.662226
2524,0.661652,0.658886,0.662182
2525,0.661626,0.65886,0.662158
2526,0.661585,0.658819,0.66212
2527,0.661549,0.658782,0.662086
2528,0.661457,0.658688,0.661997
2529,0.661384,0.658614,0.661926
2530,0.661343,0.658571,0.661886
2531,0.661294,0.658521,0.661839
2532,0.661234,0.658461,0.661782
2533,0.661161,0.658386,0.66171
2534,0.66112,0.658344,0.66167
2535,0.661083,0.658306,0.661636
2536,0.661003,0.658225,0.661559
2537,0.660947,0.658168,0.661505
2538,0.660866,0.658084,0.661425
2539,0.660796,0.658013,0.661356
2540,0.660738,0.657954,0.661298
2541,0.660685,0.657901,0.661247
2542,0.660606,0.65782,0.661168
2543,0.660543,0.657755,0.661104
2544,0.660451,0.657662,0.661012
2545,0.66041,0.65762,0.660969
2546,0.660325,0.657533,0.660883
2547,0.660303,0.65751,0.660859
2548,0.660257,0.657463,0.660812
2549,0.660231,0.657437,0.660786
2550,0.660209,0.657414,0.660766
2551,0.660149,0.657354,0.660709
2552,0.660062,0.657265,0.660624
2553,0.660002,0.657204,0.660565
2554,0.659916,0.657116,0.660479
2555,0.659834,0.657032,0.660397
2556,0.659787,0.656984,0.660348
2557,0.659761,0.656957,0.660322
2558,0.659672,0.656867,0.660233
2559,0.659621,0.656815,0.660182
2560,0.659557,0.656749,0.660118
2561,0.659471,0.656662,0.660031
2562,0.659413,0.656603,0.659971
2563,0.659333,0.656521,0.659888
2564,0.659309,0.656497,0.659862
2565,0.659266,0.656453,0.659819
2566,0.65923,0.656416,0.659781
2567,0.659174,0.656359,0.659725
2568,0.659127,0.656311,0.659678
2569,0.659053,0.656236,0.659605
2570,0.658989,0.656171,0.65954
2571,0.658957,0.656138,0.659508
2572,0.6589,0.65608,0.659451
2573,0.658812,0.65599,0.659363
2574,0.658792,0.655969,0.659342
2575,0.65873,0.655907,0.659281
2576,0.658643,0.655818,0.659194
2577,0.6586,0.655773,0.659149
2578,0.658541,0.655713,0.659089
2579,0.658467,0.655638,0.659015
2580,0.658439,0.655609,0.658986
2581,0.658415,0.655585,0.658962
2582,0.658336,0.655505,0.658884
2583,0.658253,0.655419,0.6588
2584,0.658201,0.655367,0.658748
2585,0.65816,0.655324,0.658706
2586,0.65813,0.655294,0.658677
2587,0.658046,0.655208,0.658593
2588,0.657987,0.655148,0.658533
2589,0.657963,0.655124,0.65851
2590,0.657902,0.655061,0.658449
2591,0.657818,0.654976,0.658366
2592,0.657766,0.654923,0.658313
2593,0.657745,0.654901,0.658293
2594,0.657657,0.654812,0.658205
2595,0.657573,0.654726,0.65812
2596,0.657542,0.654695,0.658088
2597,0.65749,0.654642,0.658036
2598,0.657403,0.654552,0.657948
2599,0.657321,0.654468,0.657864
2600,0.657268,0.654414,0.657808
2601,0.65722,0.654366,0.657758
2602,0.657173,0.654318,0.657709
2603,0.657138,0.654283,0.657672
2604,0.657088,0.654231,0.65762
2605,0.657044,0.654186,0.657576
2606,0.656963,0.654104,0.657494
2607,0.656933,0.654073,0.657462
2608,0.656904,0.654044,0.657434
2609,0.656854,0.653992,0.657383
2610,0.656784,0.653921,0.657314
2611,0.656736,0.653873,0.657266
2612,0.656712,0.653848,0.657242
2613,0.656641,0.653776,0.657172
2614,0.65662,0.653754,0.657152
2615,0.656561,0.653694,0.657095
2616,0.65649,0.653621,0.657025
2617,0.656448,0.653578,0.656985
2618,0.656398,0.653527,0.656936
2619,0.656328,0.653456,0.656868
2620,0.656252,0.653379,0.656793
2621,0.656184,0.653309,0.656725
2622,0.656138,0.653262,0.656679
2623,0.656119,0.653243,0.656662
2624,0.656028,0.65315,0.656572
2625,0.655982,0.653103,0.656526
2626,0.655918,0.653038,0.656463
2627,0.655888,0.653007,0.656434
2628,0.655806,0.652923,0.656352
2629,0.655737,0.652853,0.656284
2630,0.65565,0.652764,0.656196
2631,0.655576,0.652689,0.656121
2632,0.655534,0.652646,0.656076
2633,0.655451,0.652561,0.655991
2634,0.655431,0.652541,0.65597
2635,0.655378,0.652487,0.655915
2636,0.655319,0.652427,0.655855
2637,0.655249,0.652355,0.655783
2638,0.655224,0.65233,0.655757
2639,0.655169,0.652274,0.655701
2640,0.655082,0.652186,0.655613
2641,0.655052,0.652155,0.655581
2642,0.655013,0.652115,0.655541
2643,0.654977,0.652078,0.655505
2644,0.654925,0.652025,0.655453
2645,0.654844,0.651943,0.655372
2646,0.654802,0.6519,0.655329
2647,0.654753,0.651849,0.655279
2648,0.654732,0.651828,0.655258
2649,0.654671,0.651766,0.655199
2650,0.654598,0.651691,0.655126
2651,0.654568,0.65166,0.655096
2652,0.654529,0.651621,0.655059
2653,0.654492,0.651583,0.655024
2654,0.654417,0.651507,0.654951
2655,0.654343,0.651432,0.654879
2656,0.65432,0.651408,0.654857
2657,0.654237,0.651324,0.654776
2658,0.654152,0.651237,0.654691
2659,0.654074,0.651157,0.654613
2660,0.654041,0.651123,0.654579
2661,0.653963,0.651044,0.654501
2662,0.65391,0.65099,0.654447
2663,0.653847,0.650926,0.654383
2664,0.653769,0.650846,0.654302
2665,0.653732,0.650808,0.654263
2666,0.653665,0.65074,0.654195
2667,0.653646,0.65072,0.654174
2668,0.653596,0.650669,0.654124
2669,0.653553,0.650625,0.65408
2670,0.653491,0.650562,0.654018
2671,0.653434,0.650504,0.653961
2672,0.653387,0.650456,0.653913
2673,0.653335,0.650403,0.653861
2674,0.653257,0.650323,0.653782
2675,0.653212,0.650278,0.653737
2676,0.653184,0.65025,0.653709
2677,0.653094,0.650157,0.653618
2678,0.65301,0.650071,0.653532
2679,0.652927,0.649987,0.653446
2680,0.652873,0.649932,0.653389
2681,0.652824,0.649882,0.653335
2682,0.652769,0.649826,0.653277
2683,0.652721,0.649777,0.653225
2684,0.652686,0.649741,0.653186
2685,0.652639,0.649693,0.653136
2686,0.652609,0.649663,0.653104
2687,0.652564,0.649617,0.653057
2688,0.652539,0.649591,0.65303
2689,0.652488,0.64954,0.652978
2690,0.652465,0.649516,0.652954
2691,0.652392,0.649441,0.652881
2692,0.652354,0.649403,0.652842
2693,0.652311,0.649359,0.6528
2694,0.652289,0.649337,0.652778
2695,0.652221,0.649267,0.65271
2696,0.652144,0.649188,0.652632
2697,0.652076,0.649119,0.652564
2698,0.652057,0.6491,0.652543
2699,0.652029,0.649072,0.652516
2700,0.651983,0.649024,0.65247
2701,0.651897,0.648937,0.652384
2702,0.651825,0.648863,0.65231
2703,0.651797,0.648835,0.652281
2704,0.651744,0.64878,0.652227
2705,0.65166,0.648694,0.65214
2706,0.6516,0.648634,0.652078
2707,0.651538,0.64857,0.652012
2708,0.651498,0.648529,0.651969
2709,0.651464,0.648495,0.651931
2710,0.651419,0.648449,0.651884
2711,0.651383,0.648412,0.651845
2712,0.651351,0.648379,0.65181
2713,0.651271,0.648298,0.651728
2714,0.651231,0.648257,0.651685
2715,0.651206,0.648232,0.651657
2716,0.65117,0.648195,0.651618
2717,0.651141,0.648166,0.651588
2718,0.651118,0.648142,0.651564
2719,0.651075,0.648098,0.651521
2720,0.651044,0.648067,0.65149
2721,0.651017,0.648039,0.651463
2722,0.650983,0.648004,0.65143
2723,0.650945,0.647966,0.651394
2724,0.650882,0.647901,0.651333
2725,0.650841,0.647859,0.651293
2726,0.650809,0.647827,0.651262
2727,0.650786,0.647804,0.651242
2728,0.650745,0.647761,0.651204
2729,0.65066,0.647674,0.651121
2730,0.650582,0.647595,0.651044
2731,0.650507,0.647518,0.650969
2732,0.650451,0.647461,0.650912
2733,0.650428,0.647438,0.650888
2734,0.650382,0.647391,0.650842
2735,0.650328,0.647336,0.650787
2736,0.650251,0.647257,0.650709
2737,0.65021,0.647215,0.650667
2738,0.650174,0.647179,0.650629
2739,0.650142,0.647146,0.650597
2740,0.650123,0.647126,0.650578
2741,0.65009,0.647094,0.650547
2742,0.650068,0.647071,0.650527
2743,0.650005,0.647007,0.650466
2744,0.64994,0.64694,0.650402
2745,0.649918,0.646918,0.650382
2746,0.649846,0.646844,0.650312
2747,0.649775,0.646772,0.650241
2748,0.649753,0.64675,0.650221
2749,0.649682,0.646677,0.65015
2750,0.649654,0.646648,0.650123
2751,0.649578,0.646571,0.650048
2752,0.649543,0.646535,0.650014
2753,0.649478,0.646469,0.649949
2754,0.649443,0.646433,0.649915
2755,0.649418,0.646408,0.649891
2756,0.649328,0.646316,0.649802
2757,0.649307,0.646294,0.649782
2758,0.649287,0.646274,0.649764
2759,0.649253,0.646239,0.649733
2760,0.649187,0.646173,0.64967
2761,0.649108,0.646092,0.649593
2762,0.64907,0.646053,0.649557
2763,0.649029,0.646011,0.649518
2764,0.648953,0.645934,0.649444
2765,0.64891,0.645889,0.649403
2766,0.648846,0.645825,0.649341
2767,0.648815,0.645792,0.649311
2768,0.648764,0.645741,0.649263
2769,0.648697,0.645673,0.649198
2770,0.648664,0.645638,0.649167
2771,0.64858,0.645553,0.649086
2772,0.648528,0.6455,0.649035
2773,0.648475,0.645446,0.648984
2774,0.648433,0.645403,0.648944
2775,0.648363,0.645332,0.648876
2776,0.648306,0.645273,0.64882
2777,0.64825,0.645216,0.648766
2778,0.648228,0.645194,0.648746
2779,0.648141,0.645105,0.648661
2780,0.648101,0.645064,0.648623
2781,0.648081,0.645044,0.648606
2782,0.648012,0.644974,0.648541
2783,0.647921,0.644881,0.648452
2784,0.64785,0.644809,0.648383
2785,0.647774,0.644731,0.648307
2786,0.647707,0.644663,0.648241
2787,0.647637,0.644591,0.64817
2788,0.647565,0.644518,0.648097
2789,0.647488,0.644439,0.648019
2790,0.647407,0.644356,0.647935
2791,0.647358,0.644307,0.647883
2792,0.647331,0.644279,0.647854
2793,0.647306,0.644254,0.647828
2794,0.647279,0.644226,0.6478
2795,0.647188,0.644133,0.64771
2796,0.647099,0.644043,0.647619
2797,0.647062,0.644004,0.64758
2798,0.64701,0.643951,0.647526
2799,0.646983,0.643924,0.647498
2800,0.646947,0.643887,0.647463
2801,0.646903,0.643843,0.64742
2802,0.646833,0.643771,0.64735
2803,0.646802,0.64374,0.64732
2804,0.646719,0.643655,0.647237
2805,0.646627,0.643561,0.647145
2806,0.646589,0.643522,0.647105
2807,0.646511,0.643443,0.647026
2808,0.64647,0.6434,0.646983
2809,0.64645,0.64338,0.646962
2810,0.646408,0.643338,0.646921
2811,0.646333,0.643261,0.646846
2812,0.646303,0.64323,0.646816
2813,0.646254,0.643181,0.646768
2814,0.646218,0.643144,0.646733
2815,0.646159,0.643084,0.646676
2816,0.646115,0.643039,0.646633
2817,0.646047,0.642969,0.646567
2818,0.645985,0.642906,0.646506
2819,0.645932,0.642852,0.646454
2820,0.645856,0.642775,0.646379
2821,0.645818,0.642736,0.646342
2822,0.645782,0.6427,0.646307
2823,0.645729,0.642645,0.646256
2824,0.64568,0.642595,0.646209
2825,0.645592,0.642506,0.646123
2826,0.645515,0.642426,0.646046
2827,0.645457,0.642367,0.645988
2828,0.64541,0.64232,0.645941
2829,0.645371,0.64228,0.645903
2830,0.645329,0.642238,0.645863
2831,0.645238,0.642144,0.645773
2832,0.645182,0.642087,0.645717
2833,0.64516,0.642065,0.645696
2834,0.645075,0.641978,0.645613
2835,0.644989,0.641891,0.645527
2836,0.644927,0.641827,0.645463
2837,0.644839,0.641738,0.645374
2838,0.644811,0.641709,0.645345
2839,0.644772,0.641669,0.645305
2840,0.644735,0.641631,0.645267
2841,0.644699,0.641594,0.645232
2842,0.644618,0.641512,0.645153
2843,0.644572,0.641465,0.645107
2844,0.644521,0.641413,0.645057
2845,0.644496,0.641387,0.645034
2846,0.644452,0.641343,0.644993
2847,0.644385,0.641275,0.644929
2848,0.644331,0.641219,0.644877
2849,0.644296,0.641183,0.644845
2850,0.644223,0.641109,0.644777
2851,0.644176,0.641061,0.644733
2852,0.644099,0.640983,0.64466
2853,0.644013,0.640894,0.644576
2854,0.643932,0.640812,0.644497
2855,0.643865,0.640744,0.64443
2856,0.643802,0.64068,0.644369
2857,0.64377,0.640647,0.644338
2858,0.643682,0.640557,0.644252
2859,0.643607,0.640481,0.644178
2860,0.643528,0.6404,0.644099
2861,0.643443,0.640313,0.644013
2862,0.643371,0.64024,0.643939
2863,0.643325,0.640193,0.643891
2864,0.643251,0.640117,0.643816
2865,0.643208,0.640073,0.643771
2866,0.643177,0.640042,0.64374
2867,0.643101,0.639964,0.643663
2868,0.643071,0.639934,0.643634
2869,0.643002,0.639864,0.643565
2870,0.642923,0.639783,0.643486
2871,0.642861,0.63972,0.643424
2872,0.642803,0.639661,0.643365
2873,0.64275,0.639606,0.643311
2874,0.6427,0.639555,0.643261
2875,0.642623,0.639477,0.643184
2876,0.64258,0.639433,0.643141
2877,0.642517,0.639369,0.643078
2878,0.64244,0.639291,0.643001
2879,0.642368,0.639217,0.642927
2880,0.642322,0.63917,0.64288
2881,0.642276,0.639123,0.642834
2882,0.642224,0.63907,0.642782
2883,0.642154,0.638999,0.642712
2884,0.642065,0.638907,0.642621
2885,0.641998,0.638839,0.642553
2886,0.641924,0.638764,0.642477
2887,0.641891,0.63873,0.642441
2888,0.641839,0.638677,0.642388
2889,0.641781,0.638618,0.642329
2890,0.641748,0.638584,0.642294
2891,0.641707,0.638542,0.642253
2892,0.641618,0.638452,0.642164
2893,0.641565,0.638398,0.64211
2894,0.641518,0.63835,0.642062
2895,0.641445,0.638275,0.641988
2896,0.64138,0.638209,0.641922
2897,0.641358,0.638187,0.641899
2898,0.64127,0.638097,0.641811
2899,0.641205,0.638031,0.641744
2900,0.641114,0.637938,0.64165
2901,0.641066,0.637889,0.641599
2902,0.641012,0.637834,0.641543
2903,0.640941,0.637761,0.641468
2904,0.640918,0.637738,0.641442
2905,0.640855,0.637674,0.641377
2906,0.640787,0.637604,0.641306
2907,0.640759,0.637576,0.641275
2908,0.640712,0.637528,0.641227
2909,0.64067,0.637485,0.641183
2910,0.640589,0.637403,0.6411
2911,0.640562,0.637375,0.641071
2912,0.640524,0.637336,0.641031
2913,0.64044,0.63725,0.640945
2914,0.64038,0.63719,0.640883
2915,0.640343,0.637152,0.640844
2916,0.640311,0.637118,0.640809
2917,0.640272,0.637079,0.64077
2918,0.640211,0.637017,0.640708
2919,0.640159,0.636964,0.640655
2920,0.640123,0.636927,0.640618
2921,0.640052,0.636855,0.640546
2922,0.639985,0.636786,0.640477
2923,0.639902,0.636701,0.640391
2924,0.63988,0.636679,0.640366
2925,0.639837,0.636636,0.640321
2926,0.639785,0.636582,0.640267
2927,0.639757,0.636553,0.640237
2928,0.639734,0.63653,0.640214
2929,0.639692,0.636488,0.640172
2930,0.639646,0.636441,0.640126
2931,0.639584,0.636377,0.640064
2932,0.639507,0.636299,0.639986
2933,0.63943,0.63622,0.639907
2934,0.639381,0.636171,0.639856
2935,0.639359,0.636148,0.639832
2936,0.639336,0.636124,0.639808
2937,0.639302,0.63609,0.639774
2938,0.639221,0.636007,0.639693
2939,0.639197,0.635983,0.639668
2940,0.639159,0.635943,0.639629
2941,0.639131,0.635915,0.639603
2942,0.639106,0.635889,0.639579
2943,0.639048,0.635831,0.639524
2944,0.638958,0.635739,0.639435
2945,0.638933,0.635713,0.63941
2946,0.638852,0.635631,0.63933
2947,0.638794,0.635571,0.639272
2948,0.63874,0.635516,0.639218
2949,0.638681,0.635456,0.639158
2950,0.638647,0.635422,0.639124
2951,0.638572,0.635345,0.639048
2952,0.638538,0.635311,0.639014
2953,0.638459,0.63523,0.638933
2954,0.638435,0.635205,0.638908
2955,0.638366,0.635135,0.638838
2956,0.638301,0.635068,0.63877
2957,0.638259,0.635026,0.638727
2958,0.638233,0.634999,0.638699
2959,0.638203,0.634969,0.638668
2960,0.638122,0.634886,0.638587
2961,0.638093,0.634857,0.638556
2962,0.638045,0.634807,0.638507
2963,0.638022,0.634784,0.638484
2964,0.637968,0.634729,0.63843
2965,0.637937,0.634697,0.638399
2966,0.637863,0.634622,0.638325
2967,0.637841,0.6346,0.638304
2968,0.637762,0.634518,0.638224
2969,0.637741,0.634497,0.638204
2970,0.63772,0.634476,0.638184
2971,0.637682,0.634437,0.638148
2972,0.63761,0.634364,0.638078
2973,0.637582,0.634335,0.638052
2974,0.637542,0.634294,0.638014
2975,0.637501,0.634253,0.637976
2976,0.637437,0.634187,0.637915
2977,0.6374,0.634149,0.637881
2978,0.637351,0.634099,0.637835
2979,0.637296,0.634043,0.637784
2980,0.637239,0.633985,0.63773
2981,0.637161,0.633905,0.637654
2982,0.637077,0.63382,0.637572
2983,0.637035,0.633777,0.637531
2984,0.637013,0.633755,0.637511
2985,0.636975,0.633716,0.637476
2986,0.636904,0.633643,0.637408
2987,0.636867,0.633606,0.637374
2988,0.636813,0.633551,0.637324
2989,0.636725,0.633461,0.637239
2990,0.636689,0.633424,0.637205
2991,0.636607,0.63334,0.637126
2992,0.636539,0.633272,0.63706
2993,0.636464,0.633194,0.636986
2994,0.636377,0.633106,0.636899
2995,0.636358,0.633087,0.63688
2996,0.636276,0.633003,0.636799
2997,0.636236,0.632963,0.636759
2998,0.636188,0.632914,0.636712
2999,0.636112,0.632836,0.636637
3000,0.636032,0.632755,0.636557
3001,0.635948,0.632668,0.636471
3002,0.635865,0.632584,0.636386
3003,0.635817,0.632535,0.636335
3004,0.635794,0.632511,0.63631
3005,0.635743,0.632459,0.636258
3006,0.635692,0.632407,0.636205
3007,0.635608,0.632322,0.63612
3008,0.635532,0.632244,0.636041
3009,0.635473,0.632184,0.635979
3010,0.635448,0.632159,0.635951
3011,0.635372,0.632081,0.635872
3012,0.635313,0.632021,0.63581
3013,0.635276,0.631984,0.63577
3014,0.635197,0.631902,0.635687
3015,0.635173,0.631878,0.63566
3016,0.635111,0.631815,0.635595
3017,0.635065,0.631768,0.635545
3018,0.635029,0.631731,0.635506
3019,0.634969,0.63167,0.635443
3020,0.634949,0.63165,0.635421
3021,0.634877,0.631576,0.635347
3022,0.634844,0.631543,0.635312
3023,0.634811,0.631508,0.635276
3024,0.634782,0.631479,0.635246
3025,0.634731,0.631427,0.635195
3026,0.634701,0.631397,0.635165
3027,0.634682,0.631377,0.635146
3028,0.634617,0.631311,0.635083
3029,0.634538,0.63123,0.635004
3030,0.634484,0.631176,0.634949
3031,0.634431,0.631121,0.634895
3032,0.634384,0.631074,0.634847
3033,0.634346,0.631035,0.634809
3034,0.63429,0.630977,0.634752
3035,0.634269,0.630955,0.63473
3036,0.634196,0.630881,0.634657
3037,0.634177,0.630862,0.634638
3038,0.63415,0.630835,0.634612
3039,0.634119,0.630803,0.634583
3040,0.634064,0.630747,0.63453
3041,0.634024,0.630706,0.634493
3042,0.633968,0.630649,0.634439
3043,0.633919,0.630599,0.634392
3044,0.633849,0.630528,0.634324
3045,0.633796,0.630474,0.634273
3046,0.633751,0.630428,0.63423
3047,0.633672,0.630347,0.634151
3048,0.633615,0.630289,0.634096
3049,0.633543,0.630215,0.634023
3050,0.63348,0.630151,0.63396
3051,0.633409,0.630078,0.633887
3052,0.633364,0.630033,0.63384
3053,0.63332,0.629988,0.633794
3054,0.633294,0.629962,0.633768
3055,0.633217,0.629883,0.63369
3056,0.633188,0.629853,0.63366
3057,0.633165,0.62983,0.633637
3058,0.633104,0.629768,0.633576
3059,0.633078,0.629741,0.633551
3060,0.633029,0.629691,0.633503
3061,0.632995,0.629657,0.633471
3062,0.632956,0.629616,0.633434
3063,0.632909,0.629569,0.63339
3064,0.632875,0.629534,0.633359
3065,0.632813,0.62947,0.6333
3066,0.632762,0.629419,0.633253
3067,0.632673,0.629328,0.633167
3068,0.632626,0.62928,0.633121
3069,0.632553,0.629205,0.63305
3070,0.632495,0.629147,0.632994
3071,0.632454,0.629104,0.632954
3072,0.632409,0.629058,0.632911
3073,0.632332,0.62898,0.632836
3074,0.632286,0.628933,0.632791
3075,0.632235,0.628881,0.632743
3076,0.632203,0.628849,0.632713
3077,0.632139,0.628783,0.632652
3078,0.632071,0.628714,0.632586
3079,0.631979,0.62862,0.632496
3080,0.631953,0.628593,0.632471
3081,0.631929,0.628569,0.63245
3082,0.631859,0.628497,0.632383
3083,0.631814,0.628452,0.632342
3084,0.631737,0.628373,0.632267
3085,0.631679,0.628314,0.632212
3086,0.631589,0.628222,0.632124
3087,0.631503,0.628134,0.632039
3088,0.631418,0.628048,0.631954
3089,0.631355,0.627984,0.63189
3090,0.631307,0.627934,0.631841
3091,0.631268,0.627895,0.631802
3092,0.631225,0.627851,0.63176
3093,0.631159,0.627784,0.631695
3094,0.631067,0.62769,0.631603
3095,0.631043,0.627665,0.631578
3096,0.630965,0.627586,0.6315
3097,0.630888,0.627507,0.631423
3098,0.630809,0.627427,0.631343
3099,0.630787,0.627405,0.63132
3100,0.630711,0.627327,0.631243
3101,0.630623,0.627237,0.631153
3102,0.630542,0.627154,0.631068
3103,0.630516,0.627127,0.631039
3104,0.630492,0.627103,0.631014
3105,0.630427,0.627037,0.630948
3106,0.630376,0.626985,0.630896
3107,0.630338,0.626947,0.630857
3108,0.630316,0.626923,0.630835
3109,0.630254,0.62686,0.630774
3110,0.630234,0.62684,0.630756
3111,0.630214,0.62682,0.63074
3112,0.630145,0.62675,0.630675
3113,0.630066,0.626669,0.6306
3114,0.629974,0.626575,0.63051
3115,0.629902,0.626501,0.630439
3116,0.629824,0.626422,0.630362
3117,0.629779,0.626376,0.630316
3118,0.629754,0.626351,0.630293
3119,0.629697,0.626293,0.630239
3120,0.629618,0.626212,0.630161
3121,0.629533,0.626125,0.630077
3122,0.62947,0.626061,0.630014
3123,0.629407,0.625996,0.629951
3124,0.629332,0.625921,0.629876
3125,0.629251,0.625838,0.629794
3126,0.629188,0.625773,0.629729
3127,0.629153,0.625737,0.629692
3128,0.629066,0.625649,0.629605
3129,0.629031,0.625614,0.629568
3130,0.629002,0.625583,0.629538
3131,0.628933,0.625514,0.62947
3132,0.628858,0.625437,0.629394
3133,0.62877,0.625347,0.629305
3134,0.628684,0.62526,0.629216
3135,0.62866,0.625235,0.629189
3136,0.628617,0.625191,0.629143
3137,0.628561,0.625134,0.629086
3138,0.628501,0.625073,0.629025
3139,0.628473,0.625044,0.628995
3140,0.62845,0.62502,0.628972
3141,0.628373,0.624942,0.628896
3142,0.628297,0.624864,0.628819
3143,0.628225,0.624791,0.628746
3144,0.628151,0.624716,0.628671
3145,0.628126,0.62469,0.628643
3146,0.628072,0.624635,0.628588
3147,0.628032,0.624594,0.628548
3148,0.627946,0.624507,0.628462
3149,0.627877,0.624436,0.62839
3150,0.627849,0.624407,0.628361
3151,0.627756,0.624313,0.628266
3152,0.627728,0.624284,0.628236
3153,0.627707,0.624262,0.628214
3154,0.627624,0.624178,0.62813
3155,0.627561,0.624114,0.628066
3156,0.627508,0.62406,0.628011
3157,0.627465,0.624016,0.627967
3158,0.627395,0.623944,0.627895
3159,0.627368,0.623916,0.627866
3160,0.627344,0.623892,0.627842
3161,0.627313,0.623861,0.627812
3162,0.627263,0.62381,0.627764
3163,0.627219,0.623764,0.627721
3164,0.627135,0.62368,0.627639
3165,0.627097,0.62364,0.627601
3166,0.62706,0.623603,0.627566
3167,0.627017,0.623559,0.627526
3168,0.626977,0.623518,0.627489
3169,0.626896,0.623435,0.62741
3170,0.626838,0.623376,0.627354
3171,0.626747,0.623284,0.627266
3172,0.626658,0.623192,0.627176
3173,0.626576,0.623109,0.627094
3174,0.626533,0.623065,0.627048
3175,0.626476,0.623007,0.626991
3176,0.626444,0.622974,0.626958
3177,0.62638,0.622909,0.626893
3178,0.626308,0.622836,0.626821
3179,0.626285,0.622812,0.626796
3180,0.626245,0.622771,0.626757
3181,0.626155,0.62268,0.626667
3182,0.62613,0.622654,0.626642
3183,0.626074,0.622597,0.626586
3184,0.626006,0.622527,0.626518
3185,0.625951,0.622471,0.626463
3186,0.625905,0.622425,0.626418
3187,0.62586,0.622379,0.626373
3188,0.625789,0.622306,0.626303
3189,0.625747,0.622263,0.626261
3190,0.62571,0.622225,0.626225
3191,0.625667,0.622182,0.626185
3192,0.625585,0.622098,0.626104
3193,0.625525,0.622037,0.626046
3194,0.625454,0.621965,0.625976
3195,0.6254,0.62191,0.625923
3196,0.625308,0.621816,0.62583
3197,0.625275,0.621782,0.625797
3198,0.625218,0.621724,0.62574
3199,0.625142,0.621647,0.625664
3200,0.625098,0.621602,0.62562
3201,0.625047,0.621549,0.625568
3202,0.624968,0.621469,0.625489
3203,0.624928,0.621428,0.625449
3204,0.62487,0.621369,0.62539
3205,0.624835,0.621334,0.625356
3206,0.624784,0.621282,0.625306
3207,0.624736,0.621232,0.625259
3208,0.624674,0.621169,0.625198
3209,0.624587,0.621081,0.625113
3210,0.624531,0.621023,0.625056
3211,0.624454,0.620945,0.624979
3212,0.624392,0.620881,0.624916
3213,0.624322,0.62081,0.624845
3214,0.624276,0.620763,0.624798
3215,0.624199,0.620684,0.624719
3216,0.624162,0.620647,0.624681
3217,0.624098,0.620581,0.624615
3218,0.624034,0.620516,0.624549
3219,0.623945,0.620426,0.624459
3220,0.623911,0.620391,0.624421
3221,0.623823,0.620301,0.62433
3222,0.623778,0.620255,0.624282
3223,0.623738,0.620215,0.624239
3224,0.623697,0.620173,0.624195
3225,0.623662,0.620136,0.624158
3226,0.623609,0.620083,0.624104
3227,0.623587,0.620061,0.624081
3228,0.623555,0.620027,0.624048
3229,0.623484,0.619955,0.623978
3230,0.62344,0.61991,0.623934
3231,0.623385,0.619855,0.62388
3232,0.623346,0.619815,0.623842
3233,0.623316,0.619784,0.623813
3234,0.623251,0.619718,0.62375
3235,0.623209,0.619675,0.62371
3236,0.623134,0.619598,0.623636
3237,0.623055,0.619518,0.623558
3238,0.623028,0.61949,0.623532
3239,0.622959,0.619419,0.623463
3240,0.622915,0.619375,0.623421
3241,0.622837,0.619295,0.623343
3242,0.62278,0.619237,0.623287
3243,0.622705,0.619161,0.623211
3244,0.622637,0.619091,0.623142
3245,0.622615,0.619069,0.62312
3246,0.62253,0.618982,0.623034
3247,0.622468,0.618919,0.622971
3248,0.622411,0.61886,0.622912
3249,0.622346,0.618794,0.622846
3250,0.622322,0.618769,0.62282
3251,0.622257,0.618703,0.622754
3252,0.622199,0.618644,0.622695
3253,0.622121,0.618565,0.622615
3254,0.622051,0.618493,0.622542
3255,0.621994,0.618435,0.622482
3256,0.62197,0.618411,0.622456
3257,0.621917,0.618357,0.6224
3258,0.621892,0.618331,0.622373
3259,0.621843,0.618281,0.622323
3260,0.621766,0.618203,0.622245
3261,0.621706,0.618141,0.622182
3262,0.621666,0.618101,0.622141
3263,0.621636,0.61807,0.622108
3264,0.621598,0.618031,0.622069
3265,0.621524,0.617956,0.621994
3266,0.621446,0.617876,0.621914
3267,0.621427,0.617857,0.621893
3268,0.621402,0.617832,0.621867
3269,0.62135,0.617779,0.621815
3270,0.621313,0.617741,0.621778
3271,0.621249,0.617676,0.621714
3272,0.621185,0.617611,0.621649
3273,0.621149,0.617574,0.621612
3274,0.621091,0.617515,0.621553
3275,0.621044,0.617466,0.621505
3276,0.621013,0.617435,0.621473
3277,0.620993,0.617415,0.621455
3278,0.620946,0.617367,0.621409
3279,0.62091,0.617329,0.621374
3280,0.620874,0.617293,0.62134
3281,0.620843,0.617262,0.621313
3282,0.620777,0.617194,0.62125
3283,0.620698,0.617114,0.621174
3284,0.620606,0.617019,0.621082
3285,0.620516,0.616928,0.620992
3286,0.620428,0.616838,0.620901
3287,0.620408,0.616817,0.620879
3288,0.620378,0.616787,0.620847
3289,0.62035,0.616759,0.620819
3290,0.620279,0.616686,0.620747
3291,0.620222,0.616628,0.620689
3292,0.620155,0.616559,0.620621
3293,0.620087,0.61649,0.620551
3294,0.620066,0.616469,0.620528
3295,0.620044,0.616446,0.620505
3296,0.620006,0.616408,0.620467
3297,0.619962,0.616363,0.620423
3298,0.619911,0.616311,0.620374
3299,0.619884,0.616283,0.620348
3300,0.619806,0.616203,0.620271
3301,0.619773,0.61617,0.620239
3302,0.619736,0.616132,0.620204
3303,0.619691,0.616086,0.62016
3304,0.61966,0.616055,0.620132
3305,0.619615,0.616009,0.620091
3306,0.619536,0.615929,0.620015
3307,0.619449,0.615839,0.619929
3308,0.619372,0.615761,0.619853
3309,0.619338,0.615726,0.619819
3310,0.619267,0.615654,0.619749
3311,0.619248,0.615635,0.61973
3312,0.619188,0.615574,0.619671
3313,0.61912,0.615504,0.619604
3314,0.619095,0.615479,0.61958
3315,0.619034,0.615416,0.619521
3316,0.618986,0.615367,0.619474
3317,0.618901,0.615281,0.61939
3318,0.61885,0.615228,0.619339
3319,0.618763,0.61514,0.619253
3320,0.618685,0.61506,0.619173
3321,0.618639,0.615013,0.619125
3322,0.618604,0.614978,0.619089
3323,0.618527,0.614899,0.61901
3324,0.618491,0.614862,0.618972
3325,0.618462,0.614833,0.618943
3326,0.618443,0.614814,0.618925
3327,0.618407,0.614777,0.61889
3328,0.618346,0.614714,0.618831
3329,0.61832,0.614688,0.618808
3330,0.618231,0.614597,0.618721
3331,0.618211,0.614577,0.618703
3332,0.618163,0.614527,0.618658
3333,0.618109,0.614473,0.618609
3334,0.618028,0.61439,0.61853
3335,0.617987,0.614348,0.618491
3336,0.61791,0.61427,0.618418
3337,0.61788,0.61424,0.618391
3338,0.61779,0.614147,0.618303
3339,0.617728,0.614084,0.618243
3340,0.617673,0.614028,0.61819
3341,0.61763,0.613984,0.618149
3342,0.617607,0.613961,0.61813
3343,0.617525,0.613877,0.618052
3344,0.61744,0.613791,0.61797
3345,0.617403,0.613753,0.617935
3346,0.617339,0.613688,0.617875
3347,0.617277,0.613624,0.617816
3348,0.617258,0.613604,0.6178
3349,0.617178,0.613523,0.617725
3350,0.617089,0.613432,0.61764
3351,0.616997,0.613338,0.61755
3352,0.616913,0.613252,0.617468
3353,0.616841,0.613179,0.617397
3354,0.616758,0.613095,0.617314
3355,0.616686,0.613021,0.617241
3356,0.616595,0.612928,0.617149
3357,0.616574,0.612907,0.617127
3358,0.616489,0.61282,0.617041
3359,0.616437,0.612767,0.616988
3360,0.61635,0.612679,0.6169
3361,0.616275,0.612602,0.616823
3362,0.6162,0.612526,0.616746
3363,0.616147,0.612471,0.616689
3364,0.616115,0.612439,0.616655
3365,0.616081,0.612404,0.616619
3366,0.616011,0.612333,0.616549
3367,0.615933,0.612253,0.61647
3368,0.615857,0.612176,0.616392
3369,0.615799,0.612117,0.616332
3370,0.615768,0.612085,0.616298
3371,0.615731,0.612048,0.616261
3372,0.615686,0.612001,0.616216
3373,0.61563,0.611944,0.61616
3374,0.615604,0.611918,0.616136
3375,0.615521,0.611833,0.616053
3376,0.615436,0.611746,0.615969
3377,0.615397,0.611707,0.615931
3378,0.615368,0.611677,0.615902
3379,0.615348,0.611656,0.615885
3380,0.615267,0.611574,0.615808
3381,0.615183,0.611488,0.615727
3382,0.615118,0.611422,0.615664
3383,0.615073,0.611376,0.615621
3384,0.615024,0.611326,0.615574
3385,0.614951,0.611252,0.615504
3386,0.61488,0.611179,0.615436
3387,0.614805,0.611102,0.615363
3388,0.614713,0.611009,0.615272
3389,0.614629,0.610923,0.615188
3390,0.614547,0.610839,0.615105
3391,0.614493,0.610784,0.61505
3392,0.614419,0.610709,0.614975
3393,0.614335,0.610623,0.614888
3394,0.614297,0.610585,0.614848
3395,0.614257,0.610543,0.614807
3396,0.614169,0.610454,0.614718
3397,0.614087,0.610371,0.614634
3398,0.614026,0.610308,0.61457
3399,0.613973,0.610254,0.614515
3400,0.613924,0.610204,0.614463
3401,0.613881,0.610161,0.614419
3402,0.613831,0.610109,0.614367
3403,0.613743,0.610019,0.614277
3404,0.613693,0.609968,0.614226
3405,0.613609,0.609883,0.61414
3406,0.613579,0.609852,0.614107
3407,0.613555,0.609827,0.614082
3408,0.613476,0.609747,0.614002
3409,0.613407,0.609676,0.613931
3410,0.613374,0.609643,0.613898
3411,0.613315,0.609583,0.613838
3412,0.61326,0.609526,0.613782
3413,0.61324,0.609506,0.613762
3414,0.613158,0.609422,0.613681
3415,0.613089,0.609352,0.613612
3416,0.613056,0.609319,0.613579
3417,0.612983,0.609244,0.613506
3418,0.612916,0.609176,0.61344
3419,0.612846,0.609105,0.613369
3420,0.612784,0.609042,0.613306
3421,0.612738,0.608994,0.613258
3422,0.612657,0.608911,0.613176
3423,0.612594,0.608847,0.613111
3424,0.612573,0.608826,0.613089
3425,0.612537,0.60879,0.613053
3426,0.612472,0.608723,0.612988
3427,0.612419,0.608669,0.612935
3428,0.612371,0.60862,0.612888
3429,0.612291,0.608538,0.612808
3430,0.612248,0.608494,0.612765
3431,0.61221,0.608456,0.612727
3432,0.612165,0.60841,0.612684
3433,0.612138,0.608383,0.612659
3434,0.61209,0.608333,0.612614
3435,0.612008,0.608249,0.612535
3436,0.611918,0.608157,0.612447
3437,0.611837,0.608075,0.612366
3438,0.611756,0.607993,0.612285
3439,0.611719,0.607955,0.612248
3440,0.611639,0.607874,0.612168
3441,0.611566,0.607799,0.612093
3442,0.611507,0.607739,0.612033
3443,0.611435,0.607665,0.611959
3444,0.611369,0.607598,0.611891
3445,0.611323,0.607551,0.611843
3446,0.611249,0.607476,0.611767
3447,0.611207,0.607433,0.611722
3448,0.611184,0.607409,0.611698
3449,0.611151,0.607375,0.611664
3450,0.611131,0.607355,0.611645
3451,0.611042,0.607264,0.611557
3452,0.610986,0.607207,0.611503
3453,0.610921,0.607141,0.611438
3454,0.610885,0.607104,0.611402
3455,0.610799,0.607016,0.611317
3456,0.610712,0.606928,0.61123
3457,0.610657,0.606872,0.611174
3458,0.61058,0.606793,0.611096
3459,0.610512,0.606724,0.611025
3460,0.610492,0.606703,0.611003
3461,0.610427,0.606637,0.610937
3462,0.610398,0.606608,0.610907
3463,0.61037,0.606579,0.610879
3464,0.610319,0.606526,0.610829
3465,0.610241,0.606448,0.610753
3466,0.610202,0.606407,0.610714
3467,0.610118,0.606322,0.610631
3468,0.610027,0.606229,0.610539
3469,0.609989,0.606191,0.6105
3470,0.609936,0.606136,0.610446
3471,0.609864,0.606062,0.610373
3472,0.609812,0.60601,0.61032
3473,0.609751,0.605948,0.610258
3474,0.60972,0.605916,0.610225
3475,0.609673,0.605868,0.610178
3476,0.609591,0.605784,0.610096
3477,0.609529,0.605722,0.610033
3478,0.609453,0.605644,0.609955
3479,0.609405,0.605595,0.609905
3480,0.609356,0.605545,0.609854
3481,0.609288,0.605475,0.609784
3482,0.609266,0.605453,0.60976
3483,0.609245,0.605431,0.609739
3484,0.609221,0.605407,0.609716
3485,0.609148,0.605332,0.609644
3486,0.609116,0.6053,0.609614
3487,0.609051,0.605234,0.609551
3488,0.609025,0.605207,0.609528
3489,0.608983,0.605165,0.60949
3490,0.608901,0.605081,0.609411
3491,0.608828,0.605006,0.60934
3492,0.608794,0.604972,0.609309
3493,0.608713,0.604889,0.60923
3494,0.608684,0.604859,0.609204
3495,0.608595,0.604769,0.609118
3496,0.608521,0.604693,0.609045
3497,0.608465,0.604636,0.608991
3498,0.608413,0.604582,0.60894
3499,0.60832,0.604488,0.608849
3500,0.608251,0.604417,0.60878
3501,0.608223,0.604389,0.608752
3502,0.608136,0.6043,0.608666
3503,0.608107,0.604271,0.608638
3504,0.608085,0.604249,0.608619
3505,0.608,0.604161,0.608536
3506,0.607957,0.604118,0.608496
3507,0.607871,0.60403,0.608413
3508,0.607798,0.603955,0.608342
3509,0.607723,0.603879,0.608268
3510,0.607647,0.603801,0.608192
3511,0.607575,0.603728,0.608121
3512,0.607503,0.603655,0.608049
3513,0.607432,0.603582,0.607976
3514,0.607355,0.603504,0.607899
3515,0.607281,0.603428,0.607822
3516,0.607189,0.603334,0.607727
3517,0.607168,0.603313,0.607703
3518,0.607087,0.60323,0.60762
3519,0.607037,0.603179,0.607567
3520,0.60697,0.603111,0.607497
3521,0.606917,0.603057,0.607442
3522,0.606894,0.603034,0.607417
3523,0.606818,0.602956,0.60734
3524,0.606778,0.602915,0.607297
3525,0.606714,0.60285,0.607233
3526,0.606654,0.602789,0.607171
3527,0.606567,0.6027,0.607082
3528,0.606504,0.602635,0.607015
3529,0.60643,0.60256,0.606938
3530,0.606408,0.602538,0.606913
3531,0.606346,0.602475,0.606848
3532,0.606318,0.602446,0.606817
3533,0.606299,0.602426,0.606797
3534,0.606244,0.60237,0.606742
3535,0.606209,0.602335,0.606708
3536,0.606122,0.602246,0.606621
3537,0.60604,0.602163,0.606538
3538,0.606006,0.602128,0.606503
3539,0.605968,0.602089,0.606464
3540,0.605895,0.602015,0.606391
3541,0.605831,0.601949,0.606325
3542,0.605783,0.6019,0.606276
3543,0.605705,0.601821,0.606197
3544,0.605625,0.601739,0.606114
3545,0.60555,0.601663,0.606036
3546,0.605531,0.601643,0.606012
3547,0.605509,0.60162,0.605988
3548,0.605445,0.601555,0.605922
3549,0.605416,0.601525,0.605891
3550,0.605385,0.601494,0.60586
3551,0.605339,0.601447,0.605814
3552,0.605304,0.601412,0.60578
3553,0.605268,0.601375,0.605745
3554,0.6052,0.601305,0.605678
3555,0.605177,0.601282,0.605657
3556,0.605125,0.60123,0.605608
3557,0.605068,0.601171,0.605554
3558,0.605042,0.601144,0.60553
3559,0.604949,0.60105,0.60544
3560,0.604906,0.601005,0.605399
3561,0.604826,0.600924,0.605322
3562,0.604789,0.600887,0.605287
3563,0.604704,0.600799,0.605203
3564,0.604636,0.60073,0.605136
3565,0.604598,0.600691,0.605099
3566,0.604522,0.600614,0.605024
3567,0.604482,0.600573,0.604985
3568,0.604402,0.600492,0.604905
3569,0.604324,0.600412,0.604827
3570,0.604245,0.600332,0.604747
3571,0.604205,0.600291,0.604705
3572,0.604183,0.600268,0.604683
3573,0.604106,0.60019,0.604606
3574,0.604025,0.600107,0.604524
3575,0.60397,0.60005,0.604467
3576,0.603922,0.600002,0.604418
3577,0.603897,0.599977,0.604393
3578,0.603848,0.599927,0.604344
3579,0.603818,0.599896,0.604314
3580,0.603741,0.599818,0.604239
3581,0.603662,0.599737,0.60416
3582,0.603586,0.599659,0.604083
3583,0.603517,0.599589,0.604012
3584,0.603443,0.599513,0.603936
3585,0.603366,0.599435,0.603856
3586,0.603337,0.599405,0.603823
3587,0.603291,0.599359,0.603775
3588,0.603267,0.599334,0.603749
3589,0.603234,0.5993,0.603715
3590,0.603185,0.59925,0.603667
3591,0.603122,0.599186,0.603603
3592,0.603094,0.599158,0.603576
3593,0.603037,0.599099,0.60352
3594,0.602995,0.599056,0.603478
3595,0.602921,0.598981,0.603406
3596,0.602845,0.598903,0.603329
3597,0.602787,0.598844,0.60327
3598,0.60275,0.598807,0.603233
3599,0.602664,0.598718,0.603146
3600,0.602586,0.598639,0.603066
3601,0.602534,0.598586,0.603012
3602,0.602469,0.59852,0.602944
3603,0.602448,0.598498,0.60292
3604,0.602426,0.598476,0.602897
3605,0.602386,0.598435,0.602857
3606,0.602358,0.598407,0.60283
3607,0.602326,0.598374,0.602799
3608,0.602238,0.598285,0.602713
3609,0.602219,0.598264,0.602695
3610,0.602185,0.598231,0.602664
3611,0.602117,0.598161,0.602599
3612,0.602085,0.598128,0.60257
3613,0.602012,0.598054,0.602501
3614,0.601926,0.597966,0.602417
3615,0.601887,0.597926,0.60238
3616,0.601821,0.597859,0.602316
3617,0.601768,0.597805,0.602265
3618,0.601706,0.597742,0.602205
3619,0.601616,0.59765,0.602116
3620,0.601557,0.597589,0.602056
3621,0.601498,0.59753,0.601998
3622,0.60146,0.59749,0.60196
3623,0.601403,0.597432,0.601903
3624,0.601343,0.597371,0.601844
3625,0.601255,0.597281,0.601757
3626,0.601176,0.597201,0.601677
3627,0.60114,0.597165,0.60164
3628,0.601091,0.597114,0.60159
3629,0.601058,0.597081,0.601557
3630,0.600999,0.59702,0.601498
3631,0.600923,0.596943,0.601423
3632,0.600868,0.596887,0.601367
3633,0.600814,0.596832,0.601314
3634,0.600743,0.596759,0.601242
3635,0.600652,0.596667,0.60115
3636,0.600562,0.596575,0.601057
3637,0.600498,0.596509,0.600988
3638,0.600471,0.596482,0.600957
3639,0.600393,0.596402,0.600875
3640,0.600371,0.59638,0.60085
3641,0.600331,0.596339,0.600807
3642,0.600278,0.596285,0.600752
3643,0.600238,0.596244,0.600709
3644,0.60021,0.596216,0.60068
3645,0.600182,0.596187,0.600652
3646,0.600108,0.596111,0.600578
3647,0.600056,0.596058,0.600525
3648,0.59999,0.595991,0.600459
3649,0.599902,0.595901,0.600369
3650,0.599833,0.595831,0.600297
3651,0.5998,0.595797,0.600261
3652,0.599732,0.595728,0.60019
3653,0.599709,0.595704,0.600163
3654,0.599688,0.595684,0.600141
3655,0.599643,0.595637,0.600095
3656,0.599598,0.595591,0.600048
3657,0.599518,0.59551,0.599968
3658,0.599486,0.595478,0.599934
3659,0.599463,0.595454,0.59991
3660,0.599441,0.595431,0.599888
3661,0.599418,0.595408,0.599867
3662,0.599341,0.595329,0.599792
3663,0.599294,0.595281,0.599746
3664,0.599203,0.595188,0.599656
3665,0.599181,0.595166,0.599634
3666,0.599141,0.595125,0.599595
3667,0.599111,0.595095,0.599568
3668,0.599062,0.595045,0.599521
3669,0.598983,0.594964,0.599444
3670,0.59894,0.594921,0.599403
3671,0.598858,0.594837,0.599321
3672,0.598815,0.594793,0.599279
3673,0.598756,0.594733,0.599221
3674,0.598729,0.594705,0.599195
3675,0.598694,0.594669,0.599161
3676,0.598623,0.594597,0.599093
3677,0.598544,0.594516,0.599015
3678,0.598522,0.594494,0.598994
3679,0.598457,0.594428,0.598931
3680,0.598433,0.594403,0.598909
3681,0.598362,0.594331,0.59884
3682,0.598284,0.594251,0.598764
3683,0.598194,0.594159,0.598674
3684,0.598158,0.594123,0.598639
3685,0.59814,0.594104,0.598621
3686,0.598101,0.594065,0.598585
3687,0.598075,0.594038,0.598563
3688,0.597987,0.593948,0.598478
3689,0.597904,0.593864,0.598398
3690,0.597838,0.593796,0.598333
3691,0.597792,0.593749,0.598288
3692,0.5977,0.593655,0.598197
3693,0.597643,0.593598,0.598141
3694,0.597557,0.593509,0.598054
3695,0.597514,0.593466,0.59801
3696,0.597452,0.593402,0.597948
3697,0.597391,0.59334,0.597886
3698,0.597364,0.593313,0.597859
3699,0.597293,0.593241,0.597788
3700,0.597242,0.593189,0.597737
3701,0.597163,0.593108,0.597657
3702,0.597087,0.593031,0.59758
3703,0.597056,0.592999,0.597547
3704,0.597022,0.592964,0.597513
3705,0.596975,0.592916,0.597466
3706,0.596946,0.592886,0.597438
3707,0.596859,0.592798,0.597353
3708,0.59678,0.592718,0.597274
3709,0.596738,0.592674,0.597231
3710,0.596692,0.592628,0.597186
3711,0.596671,0.592606,0.597166
3712,0.596602,0.592536,0.597099
3713,0.596514,0.592446,0.597012
3714,0.596454,0.592384,0.596952
3715,0.596412,0.592342,0.596911
3716,0.596386,0.592316,0.596886
3717,0.596345,0.592273,0.596847
3718,0.596279,0.592206,0.596785
3719,0.596189,0.592115,0.596697
3720,0.596106,0.59203,0.596615
3721,0.596059,0.591982,0.596568
3722,0.595969,0.59189,0.596478
3723,0.595912,0.591832,0.59642
3724,0.595849,0.591767,0.596356
3725,0.595792,0.591709,0.596298
3726,0.59572,0.591636,0.596225
3727,0.595632,0.591546,0.596135
3728,0.595589,0.591503,0.596089
3729,0.595544,0.591456,0.596042
3730,0.595456,0.591367,0.595951
3731,0.595436,0.591346,0.595928
3732,0.59541,0.591319,0.595901
3733,0.595323,0.591231,0.595814
3734,0.595289,0.591196,0.595778
3735,0.59524,0.591147,0.595729
3736,0.595214,0.59112,0.595703
3737,0.595175,0.59108,0.595665
3738,0.595119,0.591023,0.595611
3739,0.59506,0.590962,0.595553
3740,0.594969,0.590869,0.595463
3741,0.594945,0.590846,0.59544
3742,0.594904,0.590804,0.595401
3743,0.594822,0.59072,0.59532
3744,0.594783,0.59068,0.595283
3745,0.594711,0.590607,0.595213
3746,0.59463,0.590524,0.595132
3747,0.594598,0.590492,0.595101
3748,0.594514,0.590406,0.595017
3749,0.594462,0.590353,0.594966
3750,0.594376,0.590266,0.59488
3751,0.594348,0.590237,0.594852
3752,0.594286,0.590174,0.59479
3753,0.594226,0.590112,0.59473
3754,0.594154,0.590039,0.594658
3755,0.594107,0.589991,0.594611
3756,0.594052,0.589935,0.594556
3757,0.594018,0.5899,0.594522
3758,0.593937,0.589818,0.594442
3759,0.593909,0.589789,0.594415
3760,0.593829,0.589707,0.594336
3761,0.593749,0.589625,0.594255
3762,0.593701,0.589576,0.594207
3763,0.593641,0.589515,0.594147
3764,0.593617,0.589491,0.594124
3765,0.593542,0.589414,0.59405
3766,0.593515,0.589387,0.594024
3767,0.593439,0.589309,0.59395
3768,0.593358,0.589227,0.59387
3769,0.593306,0.589174,0.593819
3770,0.593221,0.589087,0.593734
3771,0.593158,0.589023,0.59367
3772,0.593114,0.588978,0.593626
3773,0.593041,0.588903,0.593552
3774,0.592995,0.588856,0.593506
3775,0.592911,0.588771,0.593421
3776,0.592851,0.588709,0.59336
3777,0.592807,0.588664,0.593314
3778,0.592781,0.588638,0.593288
3779,0.592711,0.588566,0.593219
3780,0.592658,0.588513,0.593166
3781,0.5926,0.588453,0.593109
3782,0.59253,0.588382,0.593039
3783,0.592443,0.588293,0.592951
3784,0.592406,0.588255,0.592913
3785,0.592343,0.588191,0.592849
3786,0.592255,0.588101,0.59276
3787,0.59218,0.588025,0.592683
3788,0.592145,0.587989,0.592645
3789,0.592109,0.587953,0.592608
3790,0.592029,0.587871,0.592527
3791,0.591989,0.587831,0.592485
3792,0.591918,0.587758,0.592412
3793,0.591891,0.58773,0.592384
3794,0.591837,0.587675,0.592329
3795,0.591782,0.587619,0.592273
3796,0.591739,0.587576,0.59223
3797,0.59168,0.587515,0.592171
3798,0.591606,0.58744,0.592097
3799,0.591523,0.587355,0.592012
3800,0.591472,0.587303,0.591959
3801,0.591422,0.587252,0.591907
3802,0.591403,0.587232,0.591886
3803,0.591353,0.587182,0.591837
3804,0.591291,0.587118,0.591774
3805,0.591218,0.587044,0.5917
3806,0.591174,0.586999,0.591655
3807,0.591132,0.586956,0.591613
3808,0.591095,0.586919,0.591576
3809,0.591049,0.586872,0.591531
3810,0.590984,0.586805,0.591466
3811,0.590959,0.586779,0.591442
3812,0.590889,0.586708,0.591374
3813,0.590865,0.586684,0.591352
3814,0.590776,0.586593,0.591265
3815,0.590756,0.586573,0.591247
3816,0.590678,0.586493,0.591172
3817,0.590605,0.586419,0.5911
3818,0.590563,0.586376,0.591059
3819,0.59047,0.586281,0.590968
3820,0.590394,0.586204,0.590892
3821,0.590312,0.586119,0.590808
3822,0.590238,0.586044,0.590732
3823,0.590186,0.585992,0.590678
3824,0.590123,0.585927,0.590612
3825,0.590096,0.5859,0.590583
3826,0.590061,0.585864,0.590546
3827,0.590019,0.585821,0.590504
3828,0.58998,0.585781,0.590465
3829,0.589939,0.585739,0.590425
3830,0.589871,0.58567,0.590358
3831,0.589805,0.585603,0.590293
3832,0.589713,0.585509,0.5902
3833,0.589655,0.585449,0.59014
3834,0.589584,0.585377,0.590068
3835,0.589559,0.585351,0.590041
3836,0.589512,0.585304,0.589994
3837,0.589467,0.585258,0.589949
3838,0.589423,0.585213,0.589905
3839,0.589391,0.585181,0.589874
3840,0.58937,0.585159,0.589855
3841,0.589319,0.585107,0.589808
3842,0.589231,0.585017,0.589722
3843,0.589157,0.584942,0.58965
3844,0.589123,0.584907,0.589617
3845,0.589067,0.584849,0.589563
3846,0.588978,0.584759,0.589476
3847,0.588936,0.584716,0.589435
3848,0.588857,0.584636,0.589358
3849,0.588779,0.584556,0.589279
3850,0.588742,0.584519,0.589243
3851,0.588653,0.584427,0.589153
3852,0.588581,0.584354,0.58908
3853,0.588552,0.584324,0.58905
3854,0.588521,0.584293,0.58902
3855,0.588496,0.584267,0.588996
3856,0.588438,0.584208,0.588941
3857,0.588348,0.584117,0.588853
3858,0.588292,0.584059,0.588798
3859,0.588203,0.583968,0.588709
3860,0.588142,0.583907,0.588648
3861,0.588113,0.583877,0.58862
3862,0.588035,0.583797,0.588542
3863,0.587964,0.583725,0.588471
3864,0.58792,0.58368,0.588427
3865,0.587851,0.58361,0.588358
3866,0.587801,0.583559,0.588308
3867,0.587719,0.583475,0.588226
3868,0.58766,0.583415,0.588166
3869,0.587591,0.583344,0.588095
3870,0.587501,0.583252,0.588003
3871,0.587423,0.583173,0.587922
3872,0.587377,0.583126,0.587872
3873,0.587312,0.58306,0.587803
3874,0.587255,0.583002,0.587742
3875,0.587221,0.582967,0.587705
3876,0.587176,0.582921,0.587656
3877,0.587126,0.58287,0.587604
3878,0.587107,0.582851,0.587583
3879,0.587033,0.582776,0.587509
3880,0.586997,0.582738,0.58747
3881,0.58691,0.58265,0.587382
3882,0.58688,0.582619,0.587349
3883,0.586854,0.582593,0.587323
3884,0.586793,0.58253,0.587261
3885,0.586722,0.582458,0.58719
3886,0.586655,0.58239,0.58712
3887,0.586601,0.582335,0.587065
3888,0.586551,0.582284,0.587012
3889,0.58647,0.582201,0.586928
3890,0.586431,0.582162,0.586886
3891,0.586397,0.582127,0.586849
3892,0.586364,0.582093,0.586815
3893,0.586335,0.582064,0.586785
3894,0.586245,0.581972,0.586693
3895,0.586221,0.581947,0.586667
3896,0.586183,0.581908,0.586628
3897,0.586154,0.581878,0.586598
3898,0.586119,0.581843,0.586564
3899,0.586043,0.581766,0.586489
3900,0.585985,0.581706,0.586431
3901,0.585911,0.58163,0.586356
3902,0.585878,0.581597,0.586322
3903,0.585823,0.581541,0.586265
3904,0.585793,0.581511,0.586235
3905,0.585769,0.581486,0.586211
3906,0.585693,0.581408,0.586136
3907,0.585657,0.581372,0.5861
3908,0.585593,0.581307,0.586036
3909,0.585567,0.58128,0.586011
3910,0.585515,0.581226,0.585959
3911,0.585449,0.58116,0.585894
3912,0.585414,0.581124,0.58586
3913,0.585348,0.581056,0.585794
3914,0.585283,0.580991,0.585729
3915,0.585256,0.580963,0.585703
3916,0.585216,0.580922,0.585663
3917,0.585193,0.580899,0.585642
3918,0.585148,0.580852,0.5856
3919,0.585068,0.580771,0.585522
3920,0.585039,0.580741,0.585495
3921,0.584979,0.580681,0.585438
3922,0.584936,0.580636,0.585397
3923,0.584857,0.580555,0.58532
3924,0.584801,0.580499,0.585267
3925,0.584724,0.58042,0.585191
3926,0.584674,0.580369,0.585141
3927,0.584627,0.580321,0.585095
3928,0.584553,0.580245,0.585021
3929,0.584531,0.580224,0.585001
3930,0.584447,0.580138,0.584918
3931,0.58441,0.5801,0.584882
3932,0.584325,0.580013,0.584797
3933,0.584255,0.579942,0.584727
3934,0.58422,0.579906,0.584691
3935,0.584163,0.579848,0.584634
3936,0.58409,0.579773,0.58456
3937,0.584029,0.579711,0.584498
3938,0.583992,0.579674,0.584461
3939,0.58393,0.57961,0.584397
3940,0.583887,0.579566,0.584353
3941,0.583836,0.579514,0.584302
3942,0.583765,0.579441,0.58423
3943,0.583716,0.579392,0.58418
3944,0.583684,0.579359,0.584148
3945,0.583621,0.579295,0.584085
3946,0.583542,0.579215,0.584006
3947,0.583509,0.579181,0.583972
3948,0.583445,0.579116,0.583906
3949,0.583424,0.579094,0.583885
3950,0.583355,0.579024,0.583816
3951,0.583331,0.578999,0.583792
3952,0.583273,0.57894,0.583736
3953,0.583223,0.578889,0.583687
3954,0.583186,0.578851,0.58365
3955,0.5831,0.578764,0.583566
3956,0.583023,0.578685,0.583488
3957,0.582969,0.57863,0.583433
3958,0.582947,0.578607,0.583411
3959,0.582888,0.578548,0.583353
3960,0.582861,0.57852,0.583327
3961,0.582776,0.578433,0.583243
3962,0.582733,0.578389,0.5832
3963,0.582709,0.578364,0.583177
3964,0.582675,0.57833,0.583145
3965,0.58259,0.578243,0.583063
3966,0.582499,0.57815,0.582973
3967,0.582446,0.578097,0.582921
3968,0.582407,0.578056,0.582882
3969,0.582357,0.578005,0.582832
3970,0.582274,0.577921,0.58275
3971,0.582229,0.577875,0.582706
3972,0.582189,0.577834,0.582666
3973,0.582147,0.577792,0.582626
3974,0.582088,0.577731,0.582568
3975,0.582063,0.577706,0.582546
3976,0.581982,0.577623,0.582467
3977,0.581949,0.577589,0.582436
3978,0.581863,0.577502,0.582354
3979,0.581807,0.577445,0.582299
3980,0.581784,0.577422,0.582279
3981,0.581721,0.577357,0.582219
3982,0.581665,0.5773,0.582167
3983,0.581582,0.577216,0.582087
3984,0.58152,0.577152,0.582027
3985,0.581431,0.577061,0.581941
3986,0.5814,0.57703,0.581911
3987,0.581317,0.576945,0.58183
3988,0.581249,0.576875,0.581763
3989,0.581181,0.576806,0.581696
3990,0.5811,0.576724,0.581616
3991,0.581025,0.576647,0.58154
3992,0.580978,0.576599,0.581492
3993,0.580903,0.576523,0.581418
3994,0.58083,0.576449,0.581343
3995,0.58075,0.576366,0.581261
3996,0.580729,0.576345,0.581238
3997,0.580646,0.576261,0.581155
3998,0.580584,0.576197,0.58109
3999,0.580535,0.576148,0.58104
4000,0.580495,0.576106,0.580999
4001,0.580455,0.576066,0.580959
4002,0.580422,0.576032,0.580926
4003,0.580358,0.575967,0.580864
4004,0.580266,0.575873,0.580772
4005,0.580185,0.575791,0.580691
4006,0.580111,0.575715,0.580616
4007,0.580056,0.575658,0.580558
4008,0.580032,0.575634,0.580533
4009,0.579964,0.575565,0.580465
4010,0.579875,0.575474,0.580374
4011,0.57982,0.575418,0.580318
4012,0.579798,0.575396,0.580294
4013,0.579738,0.575335,0.580234
4014,0.579711,0.575307,0.580207
4015,0.579667,0.575262,0.580164
4016,0.579591,0.575184,0.580089
4017,0.57955,0.575142,0.580049
4018,0.579501,0.575092,0.580002
4019,0.579444,0.575035,0.579948
4020,0.579398,0.574988,0.579904
4021,0.579329,0.574917,0.579838
4022,0.579242,0.574828,0.579752
4023,0.579163,0.574748,0.579675
4024,0.579083,0.574666,0.579594
4025,0.579053,0.574636,0.579564
4026,0.578968,0.574548,0.579479
4027,0.578948,0.574528,0.579459
4028,0.578872,0.574451,0.579385
4029,0.578838,0.574417,0.579352
4030,0.578789,0.574366,0.579304
4031,0.578724,0.5743,0.579242
4032,0.578635,0.574209,0.579154
4033,0.578557,0.574129,0.579077
4034,0.578505,0.574076,0.579025
4035,0.578478,0.574049,0.578999
4036,0.578388,0.573957,0.578911
4037,0.578298,0.573866,0.578822
4038,0.57824,0.573807,0.578763
4039,0.578195,0.573761,0.578718
4040,0.578127,0.573691,0.57865
4041,0.578057,0.573619,0.57858
4042,0.57802,0.573582,0.578543
4043,0.577974,0.573535,0.578498
4044,0.577924,0.573484,0.57845
4045,0.577843,0.573402,0.578371
4046,0.577759,0.573316,0.578288
4047,0.577697,0.573252,0.578226
4048,0.577619,0.573173,0.578148
4049,0.577568,0.573121,0.578097
4050,0.577478,0.573029,0.578007
4051,0.577405,0.572955,0.577932
4052,0.57736,0.572909,0.577885
4053,0.577309,0.572857,0.577834
4054,0.57729,0.572837,0.577815
4055,0.577244,0.57279,0.57777
4056,0.577171,0.572715,0.577699
4057,0.577117,0.57266,0.577647
4058,0.577036,0.572578,0.577568
4059,0.576956,0.572497,0.577489
4060,0.576899,0.572439,0.577433
4061,0.57684,0.572379,0.577375
4062,0.576771,0.572308,0.577306
4063,0.576739,0.572275,0.577275
4064,0.576659,0.572194,0.577197
4065,0.576573,0.572106,0.577112
4066,0.57649,0.572022,0.577029
4067,0.57642,0.57195,0.576957
4068,0.576338,0.571867,0.576874
4069,0.576271,0.571798,0.576805
4070,0.576201,0.571726,0.576732
4071,0.576168,0.571693,0.576698
4072,0.576125,0.571649,0.576653
4073,0.576063,0.571586,0.576591
4074,0.575979,0.5715,0.576506
4075,0.575921,0.571441,0.576446
4076,0.575883,0.571402,0.576407
4077,0.575796,0.571314,0.57632
4078,0.575761,0.571278,0.576284
4079,0.575698,0.571214,0.576221
4080,0.575617,0.571131,0.576139
4081,0.575575,0.571088,0.576096
4082,0.575516,0.571028,0.576036
4083,0.575445,0.570956,0.575965
4084,0.57536,0.570869,0.575878
4085,0.575291,0.570798,0.575806
4086,0.575246,0.570752,0.575759
4087,0.575209,0.570715,0.575721
4088,0.575128,0.570632,0.575638
4089,0.575054,0.570557,0.575562
4090,0.574997,0.570499,0.575502
4091,0.574943,0.570443,0.575445
4092,0.574853,0.570351,0.575352
4093,0.5748,0.570298,0.575296
4094,0.574745,0.570241,0.575236
4095,0.574721,0.570217,0.575209
4096,0.57463,0.570124,0.575116
4097,0.574602,0.570095,0.575083
4098,0.574523,0.570015,0.575001
4099,0.574499,0.56999,0.574973
4100,0.574453,0.569943,0.574925
4101,0.574419,0.569909,0.57489
4102,0.574333,0.569821,0.574801
4103,0.574303,0.569791,0.574769
4104,0.574257,0.569744,0.574721
4105,0.57423,0.569716,0.574692
4106,0.574153,0.569638,0.574615
4107,0.574088,0.569572,0.574549
4108,0.574036,0.569519,0.574494
4109,0.574008,0.56949,0.574464
4110,0.573974,0.569455,0.574429
4111,0.573921,0.569401,0.574376
4112,0.573891,0.569371,0.574346
4113,0.573853,0.569332,0.574309
4114,0.573801,0.569279,0.574258
4115,0.573734,0.56921,0.574192
4116,0.573679,0.569154,0.574138
4117,0.573642,0.569116,0.574101
4118,0.573567,0.56904,0.574027
4119,0.573541,0.569014,0.574002
4120,0.57351,0.568982,0.573972
4121,0.573418,0.568888,0.573882
4122,0.573333,0.568801,0.573797
4123,0.573267,0.568734,0.57373
4124,0.573244,0.56871,0.573705
4125,0.573156,0.568621,0.573617
4126,0.573137,0.568601,0.573596
4127,0.573116,0.56858,0.573576
4128,0.573065,0.568528,0.573526
4129,0.572987,0.568448,0.573449
4130,0.572939,0.5684,0.573402
4131,0.572854,0.568312,0.573316
4132,0.572822,0.56828,0.573284
4133,0.572729,0.568185,0.57319
4134,0.572675,0.56813,0.573134
4135,0.572647,0.568101,0.573105
4136,0.572594,0.568047,0.573051
4137,0.57256,0.568013,0.573017
4138,0.572509,0.567961,0.572966
4139,0.57246,0.567911,0.572917
4140,0.572414,0.567864,0.572872
4141,0.572332,0.56778,0.572789
4142,0.572306,0.567753,0.572763
4143,0.572225,0.567671,0.572682
4144,0.572206,0.567651,0.572663
4145,0.572178,0.567623,0.572637
4146,0.572147,0.567591,0.572608
4147,0.572105,0.567549,0.57257
4148,0.572054,0.567497,0.572523
4149,0.571985,0.567426,0.572457
4150,0.571895,0.567335,0.57237
4151,0.571844,0.567282,0.57232
4152,0.571768,0.567205,0.572247
4153,0.571694,0.56713,0.572173
4154,0.571649,0.567083,0.572128
4155,0.571621,0.567055,0.572101
4156,0.571595,0.567028,0.572078
4157,0.571513,0.566945,0.572
4158,0.571427,0.566857,0.571915
4159,0.571377,0.566806,0.571866
4160,0.571307,0.566735,0.571798
4161,0.571227,0.566653,0.571718
4162,0.571165,0.566589,0.571655
4163,0.571087,0.56651,0.571577
4164,0.571065,0.566488,0.571555
4165,0.571027,0.566449,0.571517
4166,0.570986,0.566407,0.571478
4167,0.570896,0.566315,0.571389
4168,0.570811,0.566229,0.571305
4169,0.570723,0.566138,0.571215
4170,0.570631,0.566045,0.571121
4171,0.570588,0.566001,0.571074
4172,0.570566,0.565979,0.57105
4173,0.570483,0.565894,0.570965
4174,0.570424,0.565834,0.570904
4175,0.570393,0.565803,0.570871
4176,0.570318,0.565726,0.570794
4177,0.570291,0.565699,0.570765
4178,0.57025,0.565657,0.570723
4179,0.570184,0.565589,0.570656
4180,0.570144,0.565548,0.570615
4181,0.570102,0.565505,0.570573
4182,0.570013,0.565415,0.570484
4183,0.569953,0.565354,0.570422
4184,0.56993,0.56533,0.570398
4185,0.56989,0.565289,0.570357
4186,0.569824,0.565222,0.570292
4187,0.56977,0.565167,0.570238
4188,0.569693,0.565088,0.57016
4189,0.569659,0.565053,0.570125
4190,0.5696,0.564994,0.570066
4191,0.569508,0.5649,0.569973
4192,0.569445,0.564836,0.569907
4193,0.569408,0.564798,0.569868
4194,0.569325,0.564713,0.569782
4195,0.569261,0.564648,0.569714
4196,0.569236,0.564622,0.569685
4197,0.569211,0.564597,0.569658
4198,0.569149,0.564533,0.569594
4199,0.569091,0.564474,0.569534
4200,0.569053,0.564435,0.569494
4201,0.568997,0.564379,0.569437
4202,0.568971,0.564352,0.569408
4203,0.568936,0.564316,0.569372
4204,0.568913,0.564293,0.56935
4205,0.568873,0.564252,0.569311
4206,0.568824,0.564202,0.569264
4207,0.568753,0.56413,0.569194
4208,0.568728,0.564104,0.56917
4209,0.568694,0.564069,0.569138
4210,0.568675,0.56405,0.569122
4211,0.568594,0.563968,0.569045
4212,0.568541,0.563913,0.568995
4213,0.568468,0.563839,0.568925
4214,0.568429,0.563799,0.568888
4215,0.568338,0.563707,0.568799
4216,0.568264,0.56363,0.568725
4217,0.568224,0.56359,0.568686
4218,0.568142,0.563506,0.568604
4219,0.568108,0.563472,0.56857
4220,0.568088,0.563452,0.568551
4221,0.568043,0.563406,0.568509
4222,0.567997,0.563359,0.568466
4223,0.56792,0.56328,0.56839
4224,0.567841,0.563199,0.568313
4225,0.56779,0.563147,0.568263
4226,0.567759,0.563116,0.568234
4227,0.567674,0.563029,0.56815
4228,0.567598,0.562951,0.568075
4229,0.567521,0.562873,0.567998
4230,0.567501,0.562852,0.567978
4231,0.56744,0.562791,0.567918
4232,0.567368,0.562716,0.567846
4233,0.567326,0.562674,0.567804
4234,0.567259,0.562606,0.567738
4235,0.56722,0.562566,0.567699
4236,0.567135,0.56248,0.567615
4237,0.567087,0.562431,0.567567
4238,0.567065,0.562408,0.567546
4239,0.567016,0.562358,0.567499
4240,0.566987,0.562328,0.567472
4241,0.566908,0.562248,0.567396
4242,0.566832,0.56217,0.567322
4243,0.566796,0.562133,0.567288
4244,0.566704,0.56204,0.567199
4245,0.566634,0.561968,0.56713
4246,0.56658,0.561913,0.567076
4247,0.566497,0.561829,0.566994
4248,0.566409,0.561739,0.566905
4249,0.566318,0.561646,0.566812
4250,0.566244,0.561571,0.566735
4251,0.566186,0.561512,0.566673
4252,0.566152,0.561477,0.566635
4253,0.566095,0.561418,0.566575
4254,0.566015,0.561336,0.566492
4255,0.565965,0.561286,0.566438
4256,0.565943,0.561264,0.566413
4257,0.565916,0.561236,0.566384
4258,0.565829,0.561147,0.566295
4259,0.565809,0.561127,0.566274
4260,0.565776,0.561093,0.56624
4261,0.565704,0.561019,0.566168
4262,0.565655,0.560969,0.566118
4263,0.565602,0.560916,0.566065
4264,0.565548,0.56086,0.56601
4265,0.565507,0.560819,0.565969
4266,0.565436,0.560746,0.565898
4267,0.565395,0.560704,0.565856
4268,0.565333,0.560641,0.565794
4269,0.565268,0.560575,0.565728
4270,0.565246,0.560552,0.565705
4271,0.565197,0.560503,0.565657
4272,0.565163,0.560468,0.565624
4273,0.565116,0.56042,0.565579
4274,0.565034,0.560336,0.565498
4275,0.565001,0.560302,0.565466
4276,0.564947,0.560247,0.565413
4277,0.564881,0.56018,0.565349
4278,0.564808,0.560105,0.565277
4279,0.564732,0.560028,0.565201
4280,0.564683,0.559978,0.565152
4281,0.56462,0.559914,0.565088
4282,0.56457,0.559863,0.565037
4283,0.564543,0.559836,0.565011
4284,0.56451,0.559802,0.564979
4285,0.564467,0.559758,0.564938
4286,0.564407,0.559697,0.56488
4287,0.564359,0.559648,0.564835
4288,0.564321,0.559609,0.564799
4289,0.564245,0.559531,0.564726
4290,0.564175,0.55946,0.564659
4291,0.564121,0.559405,0.564607
4292,0.564041,0.559323,0.564529
4293,0.564005,0.559287,0.564495
4294,0.563931,0.559211,0.564423
4295,0.563858,0.559137,0.564351
4296,0.563811,0.559089,0.564305
4297,0.563759,0.559036,0.564255
4298,0.563693,0.558969,0.564191
4299,0.563629,0.558903,0.564128
4300,0.563547,0.558819,0.564047
4301,0.563519,0.558791,0.56402
4302,0.56344,0.55871,0.563942
4303,0.563358,0.558627,0.563861
4304,0.56329,0.558557,0.563792
4305,0.563243,0.558509,0.563745
4306,0.563218,0.558484,0.563721
4307,0.563128,0.558392,0.563632
4308,0.563045,0.558308,0.563549
4309,0.562957,0.558218,0.56346
4310,0.56289,0.558149,0.563391
4311,0.562838,0.558096,0.563336
4312,0.562801,0.558059,0.563298
4313,0.562712,0.557968,0.563208
4314,0.56264,0.557894,0.563133
4315,0.562599,0.557852,0.563088
4316,0.562554,0.557806,0.563041
4317,0.562478,0.557729,0.562963
4318,0.562443,0.557694,0.562926
4319,0.562359,0.557608,0.56284
4320,0.562294,0.557541,0.562771
4321,0.562252,0.557498,0.562726
4322,0.562224,0.55747,0.562696
4323,0.56218,0.557425,0.562651
4324,0.562143,0.557388,0.562614
4325,0.56208,0.557323,0.56255
4326,0.561999,0.55724,0.562468
4327,0.561947,0.557188,0.562414
4328,0.561912,0.557152,0.562378
4329,0.561886,0.557125,0.562351
4330,0.561844,0.557082,0.56231
4331,0.561762,0.556999,0.562229
4332,0.561686,0.556921,0.562153
4333,0.561604,0.556838,0.562069
4334,0.561586,0.556819,0.562048
4335,0.561527,0.556759,0.561989
4336,0.561486,0.556718,0.561947
4337,0.561445,0.556676,0.561906
4338,0.561367,0.556596,0.561828
4339,0.561333,0.556562,0.561793
4340,0.561277,0.556504,0.561736
4341,0.561253,0.556479,0.561712
4342,0.561174,0.556399,0.561634
4343,0.561133,0.556357,0.561594
4344,0.561054,0.556276,0.561514
4345,0.560989,0.55621,0.561448
4346,0.560918,0.556138,0.561376
4347,0.560863,0.556082,0.561319
4348,0.560808,0.556025,0.561262
4349,0.560748,0.555965,0.5612
4350,0.560722,0.555938,0.561171
4351,0.560689,0.555904,0.561138
4352,0.560658,0.555872,0.561106
4353,0.560628,0.555842,0.561077
4354,0.560566,0.555778,0.561016
4355,0.56052,0.555732,0.560971
4356,0.560432,0.555642,0.560884
4357,0.56039,0.5556,0.560843
4358,0.560365,0.555574,0.560818
4359,0.560317,0.555525,0.560772
4360,0.560256,0.555463,0.560713
4361,0.560178,0.555383,0.560636
4362,0.560131,0.555335,0.56059
4363,0.560102,0.555306,0.560562
4364,0.560057,0.555259,0.560519
4365,0.560018,0.55522,0.560483
4366,0.559943,0.555143,0.560411
4367,0.559915,0.555115,0.560386
4368,0.559851,0.555049,0.560325
4369,0.559784,0.554981,0.560262
4370,0.559729,0.554925,0.56021
4371,0.55964,0.554834,0.560123
4372,0.559548,0.55474,0.560032
4373,0.559503,0.554695,0.559987
4374,0.559438,0.554628,0.559922
4375,0.559413,0.554602,0.559898
4376,0.559351,0.55454,0.559838
4377,0.559275,0.554462,0.559763
4378,0.559206,0.554392,0.559695
4379,0.559149,0.554333,0.559638
4380,0.559065,0.554247,0.559554
4381,0.559002,0.554183,0.55949
4382,0.558935,0.554115,0.559422
4383,0.558905,0.554085,0.559391
4384,0.558819,0.553997,0.559304
4385,0.558782,0.55396,0.559267
4386,0.558707,0.553882,0.55919
4387,0.558627,0.553802,0.559109
4388,0.558581,0.553754,0.55906
4389,0.558501,0.553672,0.558978
4390,0.558478,0.553649,0.558952
4391,0.558443,0.553613,0.558916
4392,0.55841,0.55358,0.558883
4393,0.558365,0.553534,0.558839
4394,0.558292,0.553459,0.558767
4395,0.558258,0.553425,0.558733
4396,0.558225,0.553391,0.558703
4397,0.558185,0.553351,0.558666
4398,0.558106,0.553269,0.558589
4399,0.558038,0.5532,0.558523
4400,0.557953,0.553113,0.558439
4401,0.55788,0.55304,0.558367
4402,0.557821,0.552979,0.558308
4403,0.557743,0.552899,0.558229
4404,0.557656,0.55281,0.55814
4405,0.557586,0.552739,0.558067
4406,0.557555,0.552708,0.558034
4407,0.557526,0.552678,0.558003
4408,0.557499,0.552651,0.557976
4409,0.557429,0.552579,0.557906
4410,0.557354,0.552503,0.557832
4411,0.557321,0.552469,0.557797
4412,0.55729,0.552438,0.557768
4413,0.55726,0.552406,0.557739
4414,0.55722,0.552366,0.557703
4415,0.557143,0.552287,0.557629
4416,0.557052,0.552195,0.557541
4417,0.556965,0.552105,0.557454
4418,0.556937,0.552077,0.557426
4419,0.556856,0.551995,0.557347
4420,0.55678,0.551917,0.55727
4421,0.556758,0.551895,0.557248
4422,0.556694,0.551829,0.557185
4423,0.556618,0.551752,0.55711
4424,0.556544,0.551677,0.557036
4425,0.556517,0.551649,0.557008
4426,0.556494,0.551625,0.556987
4427,0.556433,0.551563,0.556929
4428,0.556345,0.551474,0.556843
4429,0.556296,0.551424,0.556795
4430,0.556214,0.55134,0.556714
4431,0.556127,0.551251,0.556627
4432,0.55608,0.551203,0.556579
4433,0.556023,0.551145,0.556522
4434,0.555937,0.551058,0.556436
4435,0.555886,0.551005,0.556384
4436,0.5558,0.550917,0.556297
4437,0.555712,0.550828,0.556206
4438,0.555663,0.550778,0.556154
4439,0.555618,0.550731,0.556105
4440,0.55558,0.550694,0.556066
4441,0.55555,0.550663,0.556035
4442,0.5555,0.550611,0.555984
4443,0.555409,0.550519,0.555893
4444,0.555353,0.550461,0.555835
4445,0.55527,0.550377,0.55575
4446,0.555226,0.550332,0.555704
4447,0.555143,0.550248,0.555618
4448,0.555098,0.550201,0.555569
4449,0.555058,0.550161,0.555527
4450,0.555025,0.550127,0.555492
4451,0.554953,0.550053,0.555417
4452,0.554902,0.550002,0.555365
4453,0.554882,0.549981,0.555343
4454,0.554836,0.549934,0.555296
4455,0.55476,0.549857,0.55522
4456,0.554727,0.549823,0.555186
4457,0.554695,0.54979,0.555154
4458,0.55464,0.549735,0.5551
4459,0.554605,0.549698,0.555066
4460,0.554572,0.549665,0.555035
4461,0.554482,0.549573,0.554947
4462,0.55445,0.54954,0.554916
4463,0.554397,0.549486,0.554865
4464,0.554371,0.54946,0.554842
4465,0.554311,0.549399,0.554786
4466,0.554275,0.549362,0.554754
4467,0.554208,0.549293,0.554691
4468,0.554167,0.549252,0.554655
4469,0.554086,0.549169,0.554578
4470,0.553999,0.549081,0.554495
4471,0.553924,0.549004,0.554422
4472,0.553887,0.548966,0.554388
4473,0.553799,0.548877,0.554303
4474,0.553721,0.548797,0.554226
4475,0.553647,0.548722,0.554153
4476,0.553569,0.548642,0.554075
4477,0.553504,0.548576,0.554009
4478,0.553444,0.548514,0.553948
4479,0.553371,0.54844,0.553875
4480,0.553299,0.548367,0.553801
4481,0.553261,0.548328,0.553762
4482,0.553195,0.54826,0.553695
4483,0.553157,0.548221,0.553656
4484,0.553078,0.548141,0.553577
4485,0.553025,0.548087,0.553523
4486,0.552967,0.548028,0.553464
4487,0.552907,0.547967,0.553404
4488,0.552819,0.547876,0.553314
4489,0.55277,0.547827,0.553264
4490,0.552705,0.54776,0.553197
4491,0.552671,0.547726,0.553162
4492,0.552588,0.547641,0.553077
4493,0.552535,0.547587,0.553022
4494,0.55245,0.547501,0.552936
4495,0.552416,0.547466,0.552899
4496,0.552363,0.547411,0.552844
4497,0.5523,0.547347,0.552779
4498,0.552249,0.547296,0.552727
4499,0.552208,0.547253,0.552684
4500,0.55212,0.547164,0.552594
4501,0.55207,0.547113,0.552542
4502,0.552038,0.547081,0.552508
4503,0.552015,0.547056,0.552483
4504,0.551981,0.547022,0.55245
4505,0.551919,0.546959,0.55239
4506,0.551869,0.546908,0.552341
4507,0.551848,0.546887,0.552322
4508,0.551771,0.546808,0.552247
4509,0.551736,0.546772,0.552215
4510,0.551659,0.546694,0.552141
4511,0.551615,0.546649,0.552099
4512,0.551546,0.546579,0.552033
4513,0.5515,0.546531,0.551988
4514,0.551456,0.546487,0.551948
4515,0.551367,0.546396,0.551862
4516,0.551278,0.546305,0.551775
4517,0.551235,0.546261,0.551732
4518,0.551145,0.54617,0.551644
4519,0.551053,0.546075,0.551551
4520,0.55102,0.546041,0.551517
4521,0.55096,0.545981,0.551457
4522,0.550893,0.545912,0.551389
4523,0.550872,0.545891,0.551369
4524,0.550783,0.5458,0.55128
4525,0.550718,0.545734,0.551215
4526,0.550629,0.545643,0.551125
4527,0.550565,0.545578,0.55106
4528,0.550517,0.545529,0.55101
4529,0.550483,0.545494,0.550975
4530,0.550396,0.545405,0.550886
4531,0.550318,0.545326,0.550806
4532,0.550295,0.545303,0.550782
4533,0.550203,0.545209,0.550688
4534,0.550174,0.545179,0.550656
4535,0.550106,0.54511,0.550586
4536,0.550059,0.545062,0.550538
4537,0.550019,0.545021,0.550496
4538,0.54994,0.54494,0.550416
4539,0.54989,0.54489,0.550364
4540,0.549814,0.544811,0.550285
4541,0.549772,0.544769,0.550241
4542,0.549745,0.544741,0.550213
4543,0.549691,0.544686,0.550158
4544,0.549611,0.544605,0.550077
4545,0.54959,0.544583,0.550054
4546,0.549556,0.544549,0.550021
4547,0.549508,0.544499,0.549973
4548,0.549488,0.544479,0.549955
4549,0.549454,0.544445,0.549924
4550,0.549406,0.544396,0.549881
4551,0.549318,0.544306,0.549796
4552,0.549248,0.544234,0.549728
4553,0.549227,0.544213,0.54971
4554,0.549147,0.544132,0.549634
4555,0.549103,0.544087,0.549593
4556,0.549025,0.544007,0.549518
4557,0.548938,0.543918,0.549433
4558,0.548879,0.543858,0.549375
4559,0.548803,0.543781,0.549301
4560,0.548753,0.54373,0.549252
4561,0.548697,0.543672,0.549197
4562,0.548637,0.543611,0.549138
4563,0.548594,0.543567,0.549097
4564,0.548524,0.543496,0.549029
4565,0.548445,0.543415,0.548951
4566,0.548376,0.543345,0.548883
4567,0.548343,0.543311,0.548851
4568,0.548299,0.543267,0.54881
4569,0.548221,0.543187,0.548734
4570,0.54813,0.543094,0.548645
4571,0.548061,0.543024,0.548576
4572,0.547996,0.542958,0.548512
4573,0.547966,0.542927,0.548482
4574,0.5479,0.542859,0.548418
4575,0.547816,0.542774,0.548336
4576,0.547796,0.542753,0.548317
4577,0.547723,0.542679,0.548246
4578,0.547632,0.542586,0.548157
4579,0.547557,0.542509,0.548083
4580,0.547468,0.542419,0.547994
4581,0.547406,0.542355,0.547931
4582,0.547374,0.542323,0.5479
4583,0.547284,0.542232,0.54781
4584,0.547196,0.542141,0.54772
4585,0.547104,0.542048,0.547627
4586,0.547027,0.541969,0.547546
4587,0.546966,0.541907,0.547482
4588,0.546921,0.54186,0.547433
4589,0.546864,0.541802,0.547373
4590,0.546832,0.541771,0.54734
4591,0.54675,0.541687,0.547255
4592,0.546697,0.541632,0.547199
4593,0.546678,0.541613,0.547179
4594,0.546598,0.541532,0.547099
4595,0.546528,0.54146,0.547028
4596,0.546493,0.541424,0.546991
4597,0.546464,0.541395,0.546963
4598,0.546388,0.541318,0.546887
4599,0.546347,0.541275,0.546846
4600,0.54628,0.541207,0.54678
4601,0.546259,0.541185,0.54676
4602,0.546204,0.54113,0.546708
4603,0.546114,0.541038,0.54662
4604,0.546028,0.54095,0.546535
4605,0.546007,0.540929,0.546515
4606,0.545987,0.540908,0.546498
4607,0.545897,0.540816,0.546411
4608,0.545835,0.540754,0.546352
4609,0.545747,0.540663,0.546266
4610,0.545667,0.540582,0.546188
4611,0.545576,0.540489,0.546097
4612,0.545551,0.540463,0.546071
4613,0.545508,0.540419,0.546029
4614,0.545437,0.540347,0.54596
4615,0.545405,0.540315,0.545931
4616,0.545326,0.540234,0.545855
4617,0.545239,0.540145,0.54577
4618,0.545152,0.540057,0.545684
4619,0.545099,0.540003,0.545632
4620,0.545027,0.539929,0.54556
4621,0.544957,0.539858,0.545491
4622,0.54487,0.539769,0.545403
4623,0.544832,0.53973,0.545365
4624,0.544747,0.539643,0.54528
4625,0.544668,0.539563,0.545201
4626,0.544578,0.539471,0.545109
4627,0.544514,0.539406,0.545043
4628,0.544433,0.539323,0.544958
4629,0.544356,0.539245,0.544878
4630,0.544313,0.539201,0.54483
4631,0.544286,0.539173,0.544801
4632,0.544208,0.539094,0.544721
4633,0.544163,0.539048,0.544674
4634,0.544113,0.538997,0.544622
4635,0.544056,0.538939,0.544564
4636,0.543997,0.538878,0.544504
4637,0.543916,0.538796,0.544422
4638,0.543868,0.538747,0.544371
4639,0.543848,0.538727,0.544351
4640,0.543761,0.538638,0.544264
4641,0.54368,0.538555,0.544181
4642,0.5436,0.538474,0.544099
4643,0.54357,0.538443,0.544067
4644,0.543513,0.538385,0.544008
4645,0.543457,0.538328,0.54395
4646,0.543436,0.538306,0.543928
4647,0.543353,0.538222,0.543845
4648,0.543278,0.538145,0.543769
4649,0.543228,0.538094,0.543717
4650,0.543204,0.53807,0.543693
4651,0.543154,0.538018,0.543643
4652,0.543076,0.537939,0.543565
4653,0.543054,0.537917,0.543543
4654,0.542974,0.537835,0.543464
4655,0.542918,0.537778,0.543408
4656,0.542851,0.537709,0.543341
4657,0.542807,0.537664,0.543297
4658,0.542718,0.537574,0.543208
4659,0.542642,0.537497,0.543131
4660,0.542613,0.537466,0.5431
4661,0.542548,0.5374,0.543035
4662,0.542507,0.537359,0.542994
4663,0.542449,0.5373,0.542936
4664,0.542388,0.537237,0.542874
4665,0.542335,0.537184,0.542822
4666,0.542272,0.537119,0.542758
4667,0.542181,0.537026,0.542666
4668,0.542111,0.536955,0.542594
4669,0.542026,0.536868,0.542506
4670,0.541987,0.536828,0.542463
4671,0.541933,0.536773,0.542406
4672,0.5419,0.536739,0.54237
4673,0.541878,0.536717,0.542347
4674,0.541835,0.536673,0.542303
4675,0.541777,0.536614,0.542246
4676,0.541738,0.536574,0.542207
4677,0.541656,0.53649,0.542125
4678,0.541568,0.536401,0.542036
4679,0.541495,0.536327,0.541961
4680,0.541434,0.536265,0.541897
4681,0.541405,0.536234,0.541865
4682,0.541334,0.536162,0.541792
4683,0.541279,0.536106,0.541734
4684,0.541229,0.536055,0.541681
4685,0.541197,0.536022,0.541646
4686,0.541177,0.536002,0.541624
4687,0.541141,0.535965,0.541588
4688,0.541086,0.535909,0.541533
4689,0.541049,0.535871,0.541497
4690,0.540967,0.535788,0.541415
4691,0.54093,0.53575,0.541378
4692,0.540861,0.53568,0.541309
4693,0.540795,0.535613,0.541242
4694,0.54076,0.535577,0.541206
4695,0.540725,0.535541,0.541171
4696,0.540666,0.535481,0.541112
4697,0.540616,0.53543,0.541062
4698,0.540526,0.535338,0.540972
4699,0.54049,0.535301,0.540934
4700,0.540466,0.535277,0.54091
4701,0.540435,0.535245,0.540879
4702,0.540352,0.53516,0.540797
4703,0.540323,0.535131,0.540769
4704,0.540271,0.535078,0.540718
4705,0.540191,0.534996,0.540638
4706,0.540156,0.534961,0.540604
4707,0.540125,0.534929,0.540573
4708,0.540052,0.534855,0.540502
4709,0.540005,0.534806,0.540456
4710,0.539919,0.534718,0.54037
4711,0.539849,0.534647,0.5403
4712,0.539799,0.534597,0.540249
4713,0.53977,0.534567,0.540219
4714,0.539731,0.534527,0.54018
4715,0.539702,0.534498,0.540153
4716,0.539634,0.534428,0.540086
4717,0.539582,0.534375,0.540036
4718,0.539557,0.534349,0.540012
4719,0.539533,0.534325,0.539992
4720,0.539483,0.534274,0.539947
4721,0.53942,0.53421,0.539888
4722,0.539365,0.534154,0.539838
4723,0.53932,0.534108,0.539798
4724,0.539255,0.534042,0.539738
4725,0.539179,0.533964,0.539666
4726,0.539092,0.533875,0.539583
4727,0.539029,0.533811,0.539522
4728,0.538939,0.533719,0.539434
4729,0.53888,0.533659,0.539377
4730,0.538833,0.533611,0.539332
4731,0.538792,0.53357,0.539293
4732,0.5387,0.533476,0.539204
4733,0.538616,0.53339,0.539121
4734,0.538526,0.533298,0.539031
4735,0.538438,0.533209,0.538942
4736,0.538357,0.533125,0.538858
4737,0.538334,0.533102,0.538833
4738,0.538259,0.533026,0.538756
4739,0.538237,0.533004,0.538734
4740,0.538153,0.532917,0.538648
4741,0.538084,0.532847,0.538578
4742,0.538042,0.532804,0.538535
4743,0.538012,0.532774,0.538505
4744,0.537948,0.532708,0.538441
4745,0.537888,0.532648,0.538381
4746,0.537825,0.532583,0.538319
4747,0.537766,0.532523,0.53826
4748,0.537685,0.53244,0.538178
4749,0.537614,0.532368,0.538107
4750,0.537527,0.532279,0.538017
4751,0.537448,0.532198,0.537935
4752,0.537424,0.532174,0.537908
4753,0.537387,0.532137,0.537869
4754,0.537295,0.532043,0.537775
4755,0.537272,0.532019,0.53775
4756,0.537182,0.531927,0.537658
4757,0.537151,0.531896,0.537625
4758,0.537132,0.531876,0.537605
4759,0.5371,0.531844,0.537573
4760,0.537033,0.531775,0.537507
4761,0.536971,0.531712,0.537446
4762,0.536888,0.531628,0.537364
4763,0.536833,0.531571,0.537307
4764,0.536808,0.531545,0.537282
4765,0.536753,0.531489,0.537228
4766,0.536668,0.531403,0.537144
4767,0.536621,0.531355,0.537097
4768,0.536552,0.531284,0.537027
4769,0.536515,0.531247,0.536991
4770,0.536467,0.531197,0.536943
4771,0.536397,0.531127,0.536875
4772,0.536375,0.531104,0.536853
4773,0.536322,0.53105,0.536802
4774,0.536243,0.530969,0.536725
4775,0.536191,0.530916,0.536675
4776,0.536099,0.530823,0.536584
4777,0.536016,0.530738,0.5365
4778,0.535984,0.530705,0.536467
4779,0.535892,0.530612,0.536375
4780,0.53586,0.530578,0.536341
4781,0.535825,0.530543,0.536307
4782,0.535733,0.530449,0.536215
4783,0.535687,0.530403,0.536169
4784,0.535637,0.530351,0.536118
4785,0.535579,0.530292,0.53606
4786,0.535544,0.530257,0.536026
4787,0.535462,0.530173,0.535945
4788,0.5354,0.53011,0.535883
4789,0.53532,0.530028,0.535802
4790,0.535232,0.529938,0.535712
4791,0.535205,0.529911,0.535683
4792,0.535127,0.529831,0.535603
4793,0.535065,0.529768,0.535539
4794,0.534989,0.529691,0.53546
4795,0.534952,0.529652,0.535419
4796,0.534925,0.529625,0.53539
4797,0.534872,0.529571,0.535335
4798,0.534831,0.529529,0.535293
4799,0.534757,0.529454,0.535219
4800,0.534707,0.529403,0.535167
4801,0.53467,0.529365,0.535129
4802,0.534594,0.529288,0.535053
4803,0.534567,0.52926,0.535024
4804,0.534481,0.529172,0.534937
4805,0.53443,0.52912,0.534885
4806,0.534374,0.529063,0.534826
4807,0.534354,0.529043,0.534805
4808,0.534297,0.528985,0.534748
4809,0.534253,0.528939,0.534704
4810,0.534202,0.528887,0.534652
4811,0.534166,0.528851,0.534618
4812,0.534135,0.528819,0.534587
4813,0.534045,0.528727,0.534499
4814,0.534018,0.528699,0.534473
4815,0.533947,0.528627,0.534403
4816,0.533919,0.528598,0.534376
4817,0.533899,0.528578,0.53436
4818,0.533823,0.528501,0.534287
4819,0.533759,0.528436,0.534226
4820,0.533716,0.528392,0.534186
4821,0.533667,0.528342,0.534141
4822,0.533577,0.52825,0.534054
4823,0.533512,0.528184,0.533992
4824,0.533455,0.528126,0.533936
4825,0.533423,0.528093,0.533907
4826,0.533345,0.528013,0.533832
4827,0.533274,0.527941,0.533763
4828,0.533234,0.5279,0.533725
4829,0.533171,0.527836,0.533664
4830,0.533113,0.527777,0.53361
4831,0.533058,0.52772,0.533557
4832,0.532983,0.527644,0.533486
4833,0.5329,0.52756,0.533405
4834,0.532818,0.527476,0.533324
4835,0.532754,0.52741,0.53326
4836,0.532665,0.527319,0.533171
4837,0.532622,0.527276,0.533128
4838,0.532552,0.527205,0.533058
4839,0.53252,0.527172,0.533026
4840,0.532443,0.527094,0.53295
4841,0.532417,0.527066,0.532924
4842,0.532328,0.526976,0.532837
4843,0.532276,0.526923,0.532786
4844,0.532194,0.526839,0.532705
4845,0.532143,0.526788,0.532655
4846,0.532054,0.526696,0.532566
4847,0.531964,0.526604,0.532475
4848,0.531908,0.526548,0.532418
4849,0.53187,0.526509,0.532379
4850,0.531777,0.526415,0.532285
4851,0.531719,0.526355,0.532225
4852,0.531665,0.5263,0.53217
4853,0.531645,0.52628,0.53215
4854,0.531591,0.526225,0.532097
4855,0.531544,0.526176,0.53205
4856,0.531454,0.526084,0.531962
4857,0.531396,0.526025,0.531904
4858,0.531326,0.525954,0.531835
4859,0.531247,0.525874,0.531756
4860,0.531186,0.525811,0.531694
4861,0.531104,0.525728,0.531611
4862,0.53102,0.525642,0.531525
4863,0.530933,0.525553,0.531435
4864,0.53091,0.52553,0.531408
4865,0.530822,0.525439,0.531317
4866,0.530801,0.525418,0.531293
4867,0.530756,0.525372,0.531246
4868,0.530704,0.525319,0.531193
4869,0.530619,0.525233,0.531107
4870,0.530595,0.525208,0.531081
4871,0.530521,0.525133,0.531006
4872,0.53049,0.525101,0.530974
4873,0.530435,0.525046,0.53092
4874,0.530388,0.524998,0.530873
4875,0.530325,0.524934,0.530811
4876,0.530253,0.52486,0.530739
4877,0.530173,0.524778,0.530658
4878,0.530087,0.52469,0.53057
4879,0.53002,0.524621,0.530499
4880,0.53,0.524601,0.530477
4881,0.529946,0.524547,0.530422
4882,0.529868,0.524467,0.530342
4883,0.529816,0.524414,0.530287
4884,0.529773,0.52437,0.530242
4885,0.529751,0.524348,0.530219
4886,0.529688,0.524284,0.530157
4887,0.529648,0.524242,0.530116
4888,0.529602,0.524196,0.530071
4889,0.529521,0.524113,0.52999
4890,0.529492,0.524083,0.529961
4891,0.52941,0.524,0.52988
4892,0.52938,0.523969,0.529849
4893,0.529331,0.523919,0.529801
4894,0.529257,0.523844,0.529728
4895,0.529176,0.523761,0.529648
4896,0.529111,0.523695,0.529582
4897,0.52904,0.523622,0.529509
4898,0.529001,0.523583,0.529468
4899,0.528956,0.523536,0.529422
4900,0.528867,0.523446,0.529331
4901,0.528819,0.523396,0.529281
4902,0.528799,0.523376,0.52926
4903,0.52873,0.523306,0.52919
4904,0.528709,0.523285,0.529169
4905,0.528655,0.52323,0.529116
4906,0.528588,0.523162,0.529049
4907,0.528569,0.523142,0.529031
4908,0.528489,0.523061,0.528952
4909,0.528432,0.523002,0.528895
4910,0.528356,0.522925,0.528819
4911,0.528337,0.522905,0.5288
4912,0.528279,0.522846,0.528743
4913,0.528193,0.522758,0.528658
4914,0.528103,0.522666,0.528567
4915,0.528078,0.522641,0.528541
4916,0.528029,0.522592,0.528491
4917,0.527939,0.5225,0.5284
4918,0.527901,0.522461,0.52836
4919,0.527862,0.522421,0.52832
4920,0.527842,0.522401,0.528301
4921,0.527809,0.522367,0.528269
4922,0.527719,0.522275,0.528181
4923,0.527669,0.522224,0.528131
4924,0.527635,0.522189,0.528098
4925,0.527545,0.522098,0.52801
4926,0.527479,0.52203,0.527944
4927,0.527395,0.521944,0.527859
4928,0.527316,0.521864,0.527777
4929,0.527284,0.521831,0.527743
4930,0.527259,0.521805,0.527717
4931,0.527213,0.521758,0.52767
4932,0.527144,0.521688,0.527601
4933,0.527119,0.521663,0.527577
4934,0.527091,0.521635,0.52755
4935,0.527026,0.521568,0.527486
4936,0.526956,0.521497,0.527418
4937,0.526902,0.521442,0.527366
4938,0.52682,0.521358,0.527284
4939,0.526763,0.5213,0.527226
4940,0.526689,0.521224,0.527152
4941,0.52664,0.521174,0.527102
4942,0.52657,0.521103,0.527031
4943,0.526518,0.521049,0.526976
4944,0.526463,0.520994,0.52692
4945,0.526411,0.520941,0.526866
4946,0.526377,0.520906,0.526831
4947,0.526354,0.520883,0.526809
4948,0.526271,0.520798,0.526727
4949,0.526194,0.520719,0.526648
4950,0.526165,0.52069,0.526619
4951,0.52612,0.520644,0.526573
4952,0.526101,0.520625,0.526556
4953,0.526037,0.520559,0.526493
4954,0.525952,0.520473,0.526409
4955,0.525893,0.520412,0.52635
4956,0.525848,0.520366,0.526305
4957,0.525772,0.520289,0.526229
4958,0.525733,0.52025,0.52619
4959,0.525705,0.52022,0.526162
4960,0.525647,0.520161,0.526106
4961,0.525588,0.520101,0.526048
4962,0.525546,0.520058,0.526007
4963,0.525456,0.519966,0.525919
4964,0.525412,0.519922,0.525875
4965,0.525337,0.519845,0.5258
4966,0.525258,0.519764,0.52572
4967,0.525213,0.519719,0.525675
4968,0.525121,0.519625,0.525581
4969,0.525092,0.519595,0.52555
4970,0.52506,0.519562,0.525517
4971,0.524982,0.519483,0.525439
4972,0.52491,0.51941,0.525365
4973,0.524873,0.519372,0.525326
4974,0.52479,0.519287,0.52524
4975,0.524734,0.51923,0.525182
4976,0.524661,0.519156,0.525106
4977,0.524583,0.519076,0.525023
4978,0.52454,0.519033,0.524975
4979,0.524508,0.518999,0.524937
4980,0.524471,0.518962,0.524897
4981,0.52444,0.51893,0.524862
4982,0.524383,0.518872,0.524803
4983,0.524359,0.518848,0.524776
4984,0.524274,0.518761,0.524689
4985,0.524231,0.518717,0.524642
4986,0.524212,0.518697,0.52462
4987,0.524191,0.518676,0.524597
4988,0.524121,0.518605,0.524526
4989,0.524096,0.518579,0.5245
4990,0.524062,0.518545,0.524466
4991,0.524041,0.518523,0.524445
4992,0.524012,0.518494,0.524418
4993,0.523926,0.518406,0.524333
4994,0.52389,0.51837,0.524297
4995,0.523863,0.518342,0.524271
4996,0.523833,0.518311,0.524243
4997,0.523805,0.518282,0.524218
4998,0.523762,0.518239,0.52418
4999,0.5237,0.518176,0.524122
5000,0.523632,0.518106,0.524056
5001,0.523566,0.518039,0.523993
5002,0.523521,0.517993,0.52395
5003,0.523499,0.51797,0.52393
5004,0.523407,0.517876,0.523841
5005,0.523338,0.517806,0.523774
5006,0.523305,0.517773,0.523743
5007,0.523264,0.517731,0.523704
5008,0.523216,0.517682,0.523659
5009,0.523176,0.517642,0.523623
5010,0.523125,0.517589,0.523575
5011,0.52305,0.517513,0.523504
5012,0.522959,0.51742,0.523415
5013,0.522909,0.517369,0.523366
5014,0.522843,0.517301,0.523302
5015,0.522756,0.517213,0.523215
5016,0.522707,0.517163,0.523166
5017,0.522676,0.517131,0.523136
5018,0.522601,0.517054,0.523061
5019,0.522534,0.516986,0.522994
5020,0.522473,0.516924,0.522933
5021,0.52245,0.516901,0.52291
5022,0.522377,0.516826,0.522838
5023,0.522318,0.516766,0.522779
5024,0.522279,0.516726,0.52274
5025,0.522224,0.51667,0.522686
5026,0.522176,0.516621,0.522639
5027,0.522083,0.516526,0.522547
5028,0.522027,0.516469,0.522491
5029,0.521986,0.516428,0.52245
5030,0.521914,0.516354,0.522379
5031,0.521855,0.516294,0.522319
5032,0.521822,0.51626,0.522286
5033,0.521792,0.51623,0.522258
5034,0.521716,0.516151,0.522183
5035,0.521642,0.516076,0.52211
5036,0.521575,0.516008,0.522043
5037,0.521544,0.515976,0.522012
5038,0.521495,0.515926,0.521965
5039,0.521463,0.515894,0.521935
5040,0.521403,0.515832,0.521877
5041,0.521348,0.515776,0.521825
5042,0.521291,0.515719,0.521772
5043,0.521199,0.515624,0.521682
5044,0.521155,0.51558,0.52164
5045,0.521064,0.515487,0.521551
5046,0.520989,0.51541,0.521476
5047,0.520899,0.515319,0.521386
5048,0.520823,0.515241,0.521308
5049,0.520775,0.515192,0.521258
5050,0.520741,0.515158,0.521222
5051,0.520666,0.51508,0.521146
5052,0.520582,0.514995,0.52106
5053,0.520534,0.514946,0.52101
5054,0.520461,0.514872,0.520934
5055,0.52043,0.51484,0.520901
5056,0.520396,0.514806,0.520866
5057,0.520314,0.514722,0.520783
5058,0.520266,0.514673,0.520734
5059,0.520237,0.514643,0.520703
5060,0.520196,0.514601,0.520662
5061,0.52013,0.514534,0.520597
5062,0.520098,0.514502,0.520566
5063,0.520049,0.514451,0.520518
5064,0.519999,0.5144,0.52047
5065,0.519907,0.514307,0.52038
5066,0.51987,0.514269,0.520344
5067,0.51982,0.514218,0.520295
5068,0.519741,0.514137,0.520217
5069,0.519692,0.514088,0.52017
5070,0.519638,0.514032,0.520117
5071,0.519602,0.513996,0.520083
5072,0.519521,0.513913,0.520004
5073,0.519454,0.513845,0.519939
5074,0.519416,0.513806,0.519902
5075,0.519351,0.513739,0.519839
5076,0.519258,0.513645,0.519748
5077,0.519176,0.513561,0.519665
5078,0.519103,0.513486,0.519591
5079,0.519058,0.513441,0.519545
5080,0.51897,0.513351,0.519456
5081,0.518924,0.513304,0.519408
5082,0.518872,0.513251,0.519355
5083,0.518786,0.513164,0.519267
5084,0.518744,0.51312,0.519222
5085,0.518665,0.51304,0.519141
5086,0.518595,0.512969,0.519068
5087,0.518537,0.512909,0.519006
5088,0.518482,0.512853,0.518948
5089,0.518426,0.512796,0.518888
5090,0.518396,0.512765,0.518855
5091,0.518366,0.512734,0.518823
5092,0.518275,0.512642,0.51873
5093,0.518244,0.51261,0.518696
5094,0.518222,0.512588,0.518673
5095,0.518151,0.512516,0.518602
5096,0.518129,0.512493,0.518579
5097,0.518091,0.512454,0.518541
5098,0.518023,0.512385,0.518474
5099,0.517968,0.512328,0.518419
5100,0.517928,0.512288,0.51838
5101,0.517875,0.512234,0.518327
5102,0.517848,0.512207,0.518302
5103,0.517778,0.512135,0.518234
5104,0.517705,0.51206,0.518162
5105,0.517658,0.512013,0.518117
5106,0.517624,0.511978,0.518084
5107,0.517556,0.511908,0.518018
5108,0.517483,0.511834,0.517947
5109,0.517421,0.511771,0.517885
5110,0.51733,0.511678,0.517794
5111,0.517256,0.511603,0.517719
5112,0.517222,0.511568,0.517682
5113,0.517151,0.511496,0.51761
5114,0.517073,0.511415,0.517529
5115,0.517041,0.511383,0.517495
5116,0.516994,0.511335,0.517446
5117,0.516956,0.511297,0.517407
5118,0.516936,0.511276,0.517387
5119,0.516877,0.511216,0.517328
5120,0.516799,0.511136,0.51725
5121,0.516765,0.511102,0.517217
5122,0.516729,0.511065,0.517181
5123,0.516643,0.510977,0.517096
5124,0.516621,0.510955,0.517074
5125,0.516592,0.510926,0.517047
5126,0.516512,0.510844,0.51697
5127,0.51647,0.510801,0.516929
5128,0.51641,0.51074,0.516871
5129,0.516358,0.510687,0.516821
5130,0.516303,0.510631,0.516769
5131,0.516232,0.510559,0.5167
5132,0.516164,0.510489,0.516633
5133,0.516098,0.510422,0.516567
5134,0.51602,0.510342,0.51649
5135,0.515943,0.510263,0.516412
5136,0.515853,0.510171,0.516319
5137,0.515829,0.510147,0.516292
5138,0.515774,0.510091,0.516236
5139,0.51569,0.510005,0.51615
5140,0.515654,0.509969,0.516111
5141,0.515572,0.509885,0.516027
5142,0.515485,0.509796,0.515936
5143,0.515439,0.509749,0.515884
5144,0.515416,0.509726,0.515858
5145,0.515392,0.509701,0.51583
5146,0.51536,0.509669,0.515797
5147,0.51532,0.509628,0.515756
5148,0.51529,0.509597,0.515726
5149,0.515264,0.509571,0.515701
5150,0.515212,0.509517,0.51565
5151,0.515172,0.509477,0.515613
5152,0.515136,0.50944,0.515579
5153,0.515089,0.509392,0.515536
5154,0.515005,0.509306,0.515455
5155,0.514959,0.509259,0.515411
5156,0.514904,0.509204,0.515359
5157,0.514818,0.509116,0.515275
5158,0.514738,0.509035,0.515197
5159,0.514679,0.508974,0.515137
5160,0.514639,0.508933,0.515097
5161,0.514552,0.508844,0.51501
5162,0.514509,0.508801,0.514967
5163,0.514434,0.508724,0.51489
5164,0.514379,0.508669,0.514835
5165,0.514325,0.508613,0.514779
5166,0.514284,0.508571,0.514737
5167,0.514223,0.508509,0.514675
5168,0.514204,0.50849,0.514656
5169,0.514162,0.508447,0.514615
5170,0.514112,0.508396,0.514567
5171,0.51407,0.508352,0.514526
5172,0.514027,0.508309,0.514486
5173,0.514007,0.508289,0.51447
5174,0.513955,0.508236,0.514423
5175,0.513869,0.508148,0.514341
5176,0.513827,0.508105,0.514303
5177,0.513739,0.508015,0.514219
5178,0.513652,0.507927,0.514135
5179,0.513577,0.50785,0.514061
5180,0.513488,0.507759,0.513972
5181,0.513406,0.507676,0.513889
5182,0.513344,0.507612,0.513826
5183,0.513262,0.507529,0.513742
5184,0.513198,0.507463,0.513675
5185,0.51313,0.507394,0.513603
5186,0.513084,0.507348,0.513554
5187,0.513048,0.50731,0.513515
5188,0.512996,0.507257,0.513461
5189,0.512968,0.507229,0.513431
5190,0.512931,0.507191,0.513393
5191,0.512849,0.507108,0.513312
5192,0.512771,0.507028,0.513232
5193,0.512747,0.507004,0.513207
5194,0.512696,0.506951,0.513155
5195,0.512613,0.506867,0.513071
5196,0.512576,0.506829,0.513032
5197,0.51252,0.506772,0.512976
5198,0.51245,0.506701,0.512905
5199,0.512372,0.506621,0.512824
5200,0.512351,0.5066,0.512801
5201,0.512285,0.506532,0.512733
5202,0.512198,0.506443,0.512643
5203,0.512176,0.506421,0.512618
5204,0.512156,0.506401,0.512597
5205,0.512132,0.506377,0.512573
5206,0.512085,0.506329,0.512527
5207,0.512031,0.506273,0.512474
5208,0.511961,0.506202,0.512405
5209,0.511915,0.506154,0.512359
5210,0.511836,0.506074,0.51228
5211,0.511804,0.506042,0.512248
5212,0.511733,0.505969,0.512177
5213,0.511696,0.505932,0.51214
5214,0.511609,0.505843,0.512052
5215,0.511554,0.505786,0.511996
5216,0.511478,0.505709,0.511918
5217,0.511456,0.505687,0.511894
5218,0.511397,0.505626,0.511833
5219,0.511346,0.505574,0.511781
5220,0.511321,0.505549,0.511755
5221,0.511274,0.505501,0.511707
5222,0.511242,0.505468,0.511676
5223,0.511157,0.505382,0.511591
5224,0.511105,0.505329,0.511539
5225,0.511054,0.505276,0.511487
5226,0.511024,0.505246,0.511457
5227,0.510997,0.505219,0.511431
5228,0.510958,0.505179,0.511394
5229,0.510931,0.505151,0.511369
5230,0.51086,0.505079,0.511302
5231,0.51084,0.505058,0.511285
5232,0.510778,0.504995,0.511227
5233,0.510689,0.504904,0.511141
5234,0.510626,0.50484,0.51108
5235,0.510569,0.504781,0.511025
5236,0.510522,0.504734,0.51098
5237,0.510429,0.50464,0.51089
5238,0.510389,0.504598,0.51085
5239,0.510329,0.504537,0.510791
5240,0.51026,0.504466,0.510723
5241,0.510207,0.504413,0.510671
5242,0.510141,0.504346,0.510606
5243,0.510057,0.504259,0.510521
5244,0.510028,0.50423,0.510492
5245,0.509973,0.504174,0.510437
5246,0.509895,0.504094,0.510358
5247,0.509855,0.504053,0.510318
5248,0.509791,0.503988,0.510254
5249,0.509755,0.503951,0.510218
5250,0.509687,0.503883,0.510151
5251,0.509626,0.50382,0.51009
5252,0.509594,0.503787,0.510058
5253,0.509528,0.50372,0.509993
5254,0.509448,0.503639,0.509913
5255,0.509378,0.503567,0.509843
5256,0.509344,0.503533,0.509809
5257,0.509259,0.503446,0.509723
5258,0.509241,0.503427,0.509704
5259,0.509161,0.503346,0.509624
5260,0.509099,0.503283,0.509561
5261,0.509044,0.503227,0.509505
5262,0.509008,0.50319,0.509468
5263,0.508948,0.503128,0.509408
5264,0.50886,0.503039,0.509319
5265,0.508799,0.502977,0.509256
5266,0.508751,0.502927,0.509206
5267,0.508694,0.50287,0.509148
5268,0.508628,0.502802,0.509079
5269,0.508579,0.502752,0.509028
5270,0.508553,0.502726,0.509
5271,0.508466,0.502637,0.508911
5272,0.508437,0.502608,0.50888
5273,0.508414,0.502584,0.508856
5274,0.508371,0.50254,0.508813
5275,0.508297,0.502465,0.50874
5276,0.508272,0.502439,0.508715
5277,0.508207,0.502373,0.50865
5278,0.508169,0.502334,0.508613
5279,0.5081,0.502263,0.508544
5280,0.508057,0.50222,0.508502
5281,0.508028,0.50219,0.508474
5282,0.507971,0.502131,0.508418
5283,0.507917,0.502077,0.508367
5284,0.507856,0.502015,0.508308
5285,0.50782,0.501978,0.508274
5286,0.507761,0.501918,0.508217
5287,0.507671,0.501826,0.508129
5288,0.507619,0.501773,0.508078
5289,0.507562,0.501715,0.508021
5290,0.507524,0.501676,0.507985
5291,0.507433,0.501584,0.507895
5292,0.507357,0.501506,0.507818
5293,0.507338,0.501486,0.507798
5294,0.507265,0.501411,0.507726
5295,0.507206,0.501352,0.507667
5296,0.507176,0.501321,0.507637
5297,0.5071,0.501244,0.507562
5298,0.507031,0.501173,0.507493
5299,0.506966,0.501107,0.507427
5300,0.506907,0.501046,0.507367
5301,0.506884,0.501024,0.507344
5302,0.506823,0.500961,0.507283
5303,0.506784,0.500921,0.507245
5304,0.506733,0.500869,0.507195
5305,0.506696,0.500832,0.50716
5306,0.506631,0.500765,0.507096
5307,0.506544,0.500676,0.507011
5308,0.50648,0.500611,0.506947
5309,0.506449,0.500579,0.506916
5310,0.506398,0.500528,0.506868
5311,0.506311,0.500439,0.506781
5312,0.506286,0.500413,0.506757
5313,0.506225,0.500352,0.506698
5314,0.506152,0.500277,0.506626
5315,0.506066,0.500189,0.506541
5316,0.506002,0.500124,0.506476
5317,0.505932,0.500053,0.506405
5318,0.505841,0.499959,0.506312
5319,0.505818,0.499935,0.506286
5320,0.505725,0.499841,0.506191
5321,0.505702,0.499818,0.506166
5322,0.505656,0.499771,0.506118
5323,0.505603,0.499716,0.506064
5324,0.505544,0.499657,0.506005
5325,0.505473,0.499584,0.505932
5326,0.505445,0.499555,0.505902
5327,0.505382,0.499491,0.505838
5328,0.505308,0.499416,0.505763
5329,0.505243,0.49935,0.505696
5330,0.505179,0.499284,0.505629
5331,0.505159,0.499263,0.505607
5332,0.505113,0.499216,0.505559
5333,0.505089,0.499192,0.505535
5334,0.50501,0.499111,0.505456
5335,0.504974,0.499075,0.505419
5336,0.504888,0.498988,0.505333
5337,0.504856,0.498955,0.5053
5338,0.504772,0.498869,0.505215
5339,0.504738,0.498835,0.505179
5340,0.504688,0.498784,0.505128
5341,0.504669,0.498764,0.505108
5342,0.504643,0.498738,0.505084
5343,0.504552,0.498645,0.504994
5344,0.504508,0.4986,0.50495
5345,0.504471,0.498562,0.504914
5346,0.504398,0.498488,0.504842
5347,0.504322,0.49841,0.504766
5348,0.504303,0.49839,0.504747
5349,0.504227,0.498313,0.504671
5350,0.504166,0.498251,0.50461
5351,0.504112,0.498196,0.504556
5352,0.504088,0.498171,0.504531
5353,0.50406,0.498143,0.504505
5354,0.503983,0.498064,0.50443
5355,0.503907,0.497987,0.504354
5356,0.503871,0.49795,0.504318
5357,0.503842,0.49792,0.504291
5358,0.503804,0.497882,0.504255
5359,0.503729,0.497805,0.504182
5360,0.503677,0.497752,0.504132
5361,0.503653,0.497728,0.504111
5362,0.503576,0.497649,0.504038
5363,0.503531,0.497603,0.503995
5364,0.503476,0.497547,0.503943
5365,0.50339,0.497459,0.50386
5366,0.503322,0.49739,0.503794
5367,0.503261,0.497327,0.503734
5368,0.503175,0.49724,0.503649
5369,0.503091,0.497154,0.503565
5370,0.503031,0.497093,0.503504
5371,0.502947,0.497007,0.503418
5372,0.502879,0.496938,0.503347
5373,0.502816,0.496874,0.503281
5374,0.502775,0.496832,0.503236
5375,0.502729,0.496785,0.503187
5376,0.502697,0.496753,0.503154
5377,0.502606,0.49666,0.503061
5378,0.50257,0.496623,0.503022
5379,0.502515,0.496567,0.502965
5380,0.502471,0.496522,0.502919
5381,0.502432,0.496482,0.502879
5382,0.502382,0.496431,0.502827
5383,0.502328,0.496376,0.502772
5384,0.502284,0.496332,0.502728
5385,0.502242,0.496289,0.502686
5386,0.502199,0.496245,0.502644
5387,0.502146,0.496191,0.502591
5388,0.502085,0.496128,0.50253
5389,0.502032,0.496075,0.502478
5390,0.501976,0.496017,0.502422
5391,0.501911,0.495951,0.502357
5392,0.501852,0.495891,0.502298
5393,0.501797,0.495834,0.502242
5394,0.501768,0.495805,0.502212
5395,0.501692,0.495728,0.502137
5396,0.501655,0.495689,0.502099
5397,0.501608,0.495642,0.502052
5398,0.501547,0.495579,0.501992
5399,0.501509,0.49554,0.501954
5400,0.50144,0.49547,0.501886
5401,0.501367,0.495396,0.501812
5402,0.501341,0.495369,0.501786
5403,0.501303,0.495331,0.501749
5404,0.501213,0.495239,0.501659
5405,0.501163,0.495188,0.501609
5406,0.501094,0.495118,0.50154
5407,0.50101,0.495031,0.501453
5408,0.500967,0.494988,0.501408
5409,0.50091,0.49493,0.501349
5410,0.500882,0.494902,0.501319
5411,0.500827,0.494845,0.501262
5412,0.50075,0.494767,0.501184
5413,0.500667,0.494681,0.501097
5414,0.500623,0.494637,0.501049
5415,0.500592,0.494605,0.501015
5416,0.500555,0.494568,0.500976
5417,0.500482,0.494493,0.500899
5418,0.500459,0.49447,0.500874
5419,0.500407,0.494416,0.500819
5420,0.500384,0.494393,0.500795
5421,0.500349,0.494357,0.500759
5422,0.50026,0.494266,0.500668
5423,0.500227,0.494233,0.500633
5424,0.500205,0.49421,0.50061
5425,0.500179,0.494185,0.500585
5426,0.500125,0.494129,0.500531
5427,0.500083,0.494086,0.500489
5428,0.500043,0.494045,0.500449
5429,0.499959,0.49396,0.500366
5430,0.499932,0.493932,0.500338
5431,0.499863,0.493862,0.500269
5432,0.49984,0.493838,0.500246
5433,0.499795,0.493793,0.500202
5434,0.499744,0.493741,0.500152
5435,0.499671,0.493666,0.500078
5436,0.499637,0.493631,0.500044
5437,0.499609,0.493603,0.500017
5438,0.49959,0.493584,0.499999
5439,0.499521,0.493513,0.499933
5440,0.499475,0.493466,0.499888
5441,0.499432,0.493423,0.499847
5442,0.499372,0.493361,0.499788
5443,0.499325,0.493313,0.499744
5444,0.499243,0.493229,0.499662
5445,0.499224,0.49321,0.499644
5446,0.499198,0.493184,0.499621
5447,0.499135,0.493119,0.49956
5448,0.499102,0.493085,0.49953
5449,0.499037,0.49302,0.499469
5450,0.498952,0.492932,0.499386
5451,0.498866,0.492845,0.499301
5452,0.498818,0.492796,0.499252
5453,0.498727,0.492703,0.499161
5454,0.498693,0.492668,0.499125
5455,0.49865,0.492624,0.499081
5456,0.498593,0.492566,0.499023
5457,0.498569,0.492542,0.498999
5458,0.498478,0.492449,0.498908
5459,0.498441,0.492412,0.49887
5460,0.49842,0.49239,0.498849
5461,0.498399,0.492369,0.49883
5462,0.498371,0.492339,0.498804
5463,0.498291,0.492258,0.498728
5464,0.498201,0.492166,0.498639
5465,0.498169,0.492133,0.498608
5466,0.498127,0.492091,0.498568
5467,0.498041,0.492003,0.498484
5468,0.497984,0.491945,0.498427
5469,0.497928,0.491888,0.498372
5470,0.497864,0.491823,0.498308
5471,0.497784,0.491741,0.498228
5472,0.497701,0.491656,0.498143
5473,0.497674,0.491629,0.498114
5474,0.497598,0.491551,0.498036
5475,0.497569,0.491522,0.498005
5476,0.497499,0.491451,0.497934
5477,0.497472,0.491423,0.497904
5478,0.497395,0.491344,0.497826
5479,0.497363,0.491312,0.497792
5480,0.497338,0.491286,0.497766
5481,0.497284,0.491231,0.497713
5482,0.497192,0.491137,0.49762
5483,0.497172,0.491117,0.497599
5484,0.497139,0.491083,0.497565
5485,0.497108,0.491052,0.497535
5486,0.497023,0.490965,0.497451
5487,0.496969,0.490909,0.497396
5488,0.496945,0.490885,0.497373
5489,0.496862,0.490801,0.497291
5490,0.496833,0.490771,0.497261
5491,0.496791,0.490728,0.49722
5492,0.496754,0.490691,0.497185
5493,0.496664,0.490599,0.497096
5494,0.496623,0.490557,0.497055
5495,0.496534,0.490467,0.496966
5496,0.496465,0.490396,0.496895
5497,0.496424,0.490354,0.496852
5498,0.496351,0.490279,0.496777
5499,0.496281,0.490208,0.496704
5500,0.496229,0.490155,0.496648
5501,0.496193,0.490119,0.496609
5502,0.496167,0.490092,0.49658
5503,0.496107,0.490031,0.496518
5504,0.496043,0.489965,0.496451
5505,0.496023,0.489945,0.496428
5506,0.496,0.489922,0.496404
5507,0.495981,0.489903,0.496385
5508,0.495912,0.489831,0.496315
5509,0.495866,0.489785,0.49627
5510,0.49584,0.489759,0.496244
5511,0.495806,0.489723,0.49621
5512,0.49573,0.489646,0.496135
5513,0.495698,0.489614,0.496104
5514,0.495643,0.489558,0.49605
5515,0.495607,0.48952,0.496015
5516,0.495572,0.489485,0.495982
5517,0.495528,0.48944,0.49594
5518,0.495504,0.489416,0.495919
5519,0.495441,0.489351,0.495859
5520,0.495405,0.489315,0.495827
5521,0.495339,0.489248,0.495764
5522,0.495251,0.489157,0.495678
5523,0.495187,0.489092,0.495616
5524,0.495147,0.489052,0.495577
5525,0.495125,0.489029,0.495556
5526,0.49506,0.488962,0.495494
5527,0.495015,0.488916,0.495451
5528,0.49495,0.488851,0.495389
5529,0.494868,0.488767,0.495309
5530,0.494843,0.488741,0.495285
5531,0.494807,0.488704,0.495252
5532,0.494759,0.488656,0.495208
5533,0.494708,0.488603,0.49516
5534,0.494634,0.488528,0.49509
5535,0.494572,0.488465,0.495031
5536,0.494484,0.488375,0.494944
5537,0.494438,0.488328,0.4949
5538,0.494362,0.488251,0.494825
5539,0.494334,0.488222,0.494799
5540,0.494272,0.488159,0.49474
5541,0.494214,0.4881,0.494684
5542,0.494151,0.488035,0.494622
5543,0.494131,0.488015,0.494605
5544,0.494059,0.487942,0.494537
5545,0.493989,0.487871,0.494471
5546,0.493908,0.487788,0.494392
5547,0.493824,0.487702,0.494309
5548,0.493744,0.487621,0.49423
5549,0.493689,0.487565,0.494175
5550,0.493631,0.487505,0.494116
5551,0.493554,0.487427,0.494039
5552,0.493471,0.487341,0.493954
5553,0.493422,0.487292,0.493905
5554,0.493363,0.487232,0.493844
5555,0.493271,0.487138,0.49375
5556,0.493241,0.487107,0.493718
5557,0.493182,0.487047,0.493657
5558,0.493091,0.486954,0.493563
5559,0.493027,0.486889,0.493496
5560,0.492976,0.486837,0.493441
5561,0.492944,0.486804,0.493406
5562,0.492898,0.486758,0.493359
5563,0.492856,0.486715,0.493315
5564,0.492766,0.486623,0.493223
5565,0.492725,0.486581,0.493179
5566,0.492649,0.486504,0.493101
5567,0.492587,0.48644,0.493036
5568,0.492567,0.48642,0.493013
5569,0.49251,0.486361,0.492953
5570,0.492456,0.486307,0.492897
5571,0.4924,0.486249,0.492838
5572,0.49236,0.486209,0.492796
5573,0.492341,0.486189,0.492776
5574,0.492322,0.48617,0.492758
5575,0.492237,0.486083,0.492673
5576,0.49217,0.486015,0.492605
5577,0.492109,0.485953,0.492543
5578,0.492047,0.48589,0.49248
5579,0.491984,0.485825,0.492414
5580,0.491919,0.485759,0.492346
5581,0.491855,0.485693,0.492278
5582,0.491813,0.48565,0.492232
5583,0.49178,0.485617,0.492196
5584,0.491741,0.485577,0.492154
5585,0.491717,0.485553,0.492128
5586,0.491663,0.485497,0.492072
5587,0.491643,0.485477,0.492051
5588,0.491622,0.485456,0.492031
5589,0.491596,0.48543,0.492007
5590,0.491576,0.485409,0.491989
5591,0.491524,0.485356,0.491941
5592,0.491504,0.485336,0.491925
5593,0.491473,0.485304,0.4919
5594,0.491402,0.485232,0.491835
5595,0.491317,0.485145,0.491754
5596,0.491261,0.485088,0.491702
5597,0.491224,0.48505,0.491668
5598,0.491165,0.48499,0.491614
5599,0.49113,0.484954,0.491584
5600,0.491056,0.484878,0.491514
5601,0.490965,0.484786,0.491427
5602,0.490884,0.484703,0.491349
5603,0.490838,0.484656,0.491304
5604,0.490772,0.484589,0.491241
5605,0.490699,0.484514,0.491169
5606,0.490627,0.484441,0.491098
5607,0.490563,0.484376,0.491034
5608,0.490483,0.484295,0.490954
5609,0.490441,0.484251,0.490911
5610,0.490382,0.484191,0.490852
5611,0.49034,0.484148,0.49081
5612,0.490312,0.484119,0.490783
5613,0.490248,0.484055,0.490721
5614,0.490213,0.484019,0.490689
5615,0.490141,0.483945,0.490619
5616,0.490048,0.483851,0.490528
5617,0.489991,0.483792,0.490471
5618,0.489944,0.483744,0.490425
5619,0.489903,0.483703,0.490387
5620,0.489821,0.483619,0.490306
5621,0.489741,0.483537,0.490227
5622,0.489702,0.483498,0.490189
5623,0.489634,0.483429,0.490122
5624,0.489566,0.483359,0.490055
5625,0.489491,0.483283,0.48998
5626,0.489424,0.483214,0.489912
5627,0.489342,0.48313,0.489829
5628,0.489288,0.483076,0.489774
5629,0.489211,0.482996,0.489695
5630,0.489132,0.482916,0.489613
5631,0.489073,0.482856,0.489551
5632,0.489,0.482782,0.489475
5633,0.488953,0.482733,0.489423
5634,0.488909,0.482689,0.489376
5635,0.48882,0.482598,0.489283
5636,0.488764,0.48254,0.489222
5637,0.488735,0.482511,0.489189
5638,0.488707,0.482483,0.489158
5639,0.488664,0.482439,0.489113
5640,0.488602,0.482375,0.489049
5641,0.488582,0.482355,0.489027
5642,0.488559,0.482332,0.489004
5643,0.488508,0.48228,0.488954
5644,0.488476,0.482247,0.488924
5645,0.488407,0.482177,0.488856
5646,0.488351,0.48212,0.488801
5647,0.488268,0.482034,0.488718
5648,0.488216,0.481981,0.488666
5649,0.488142,0.481906,0.488591
5650,0.488113,0.481877,0.488562
5651,0.48806,0.481823,0.488509
5652,0.487979,0.48174,0.488427
5653,0.487908,0.481668,0.488355
5654,0.487868,0.481626,0.488312
5655,0.487831,0.48159,0.488275
5656,0.487765,0.481522,0.488207
5657,0.487736,0.481492,0.488177
5658,0.487697,0.481452,0.488138
5659,0.487671,0.481426,0.488113
5660,0.487628,0.481382,0.488072
5661,0.487549,0.481301,0.487994
5662,0.4875,0.481251,0.487946
5663,0.487447,0.481198,0.487895
5664,0.487407,0.481157,0.487856
5665,0.487327,0.481075,0.487778
5666,0.487286,0.481033,0.487737
5667,0.487258,0.481005,0.487711
5668,0.487167,0.480911,0.487622
5669,0.487083,0.480826,0.487539
5670,0.487011,0.480753,0.487466
5671,0.48694,0.48068,0.487393
5672,0.486905,0.480645,0.487357
5673,0.486861,0.4806,0.487311
5674,0.486825,0.480563,0.487275
5675,0.486803,0.480541,0.487254
5676,0.486726,0.480462,0.487178
5677,0.486669,0.480404,0.487122
5678,0.4866,0.480334,0.487053
5679,0.486523,0.480255,0.486975
5680,0.486502,0.480233,0.486954
5681,0.486479,0.48021,0.486932
5682,0.486448,0.480178,0.486903
5683,0.486413,0.480143,0.486872
5684,0.486329,0.480057,0.486792
5685,0.486269,0.479995,0.486734
5686,0.486178,0.479903,0.486645
5687,0.486134,0.479858,0.486603
5688,0.486095,0.479818,0.486566
5689,0.486012,0.479734,0.486485
5690,0.485929,0.479649,0.486403
5691,0.485879,0.479598,0.486354
5692,0.485805,0.479522,0.486279
5693,0.485751,0.479468,0.486226
5694,0.485707,0.479423,0.486182
5695,0.485643,0.479357,0.486118
5696,0.485563,0.479276,0.486038
5697,0.485491,0.479203,0.485966
5698,0.485442,0.479152,0.485915
5699,0.48537,0.479079,0.485842
5700,0.48533,0.479038,0.485801
5701,0.485264,0.478971,0.485733
5702,0.485188,0.478893,0.485656
5703,0.485138,0.478843,0.485604
5704,0.48512,0.478824,0.485584
5705,0.485037,0.478739,0.4855
5706,0.484995,0.478696,0.485457
5707,0.484916,0.478616,0.485377
5708,0.48484,0.478538,0.485299
5709,0.484796,0.478494,0.485252
5710,0.484751,0.478447,0.485204
5711,0.484726,0.478422,0.485178
5712,0.484655,0.47835,0.485106
5713,0.484598,0.478291,0.485048
5714,0.484578,0.478271,0.485027
5715,0.484512,0.478204,0.484961
5716,0.484452,0.478142,0.4849
5717,0.4844,0.47809,0.484848
5718,0.484356,0.478045,0.484803
5719,0.484294,0.477981,0.48474
5720,0.484241,0.477928,0.484687
5721,0.484209,0.477895,0.484654
5722,0.484178,0.477863,0.484624
5723,0.484096,0.477779,0.484543
5724,0.484019,0.477701,0.484465
5725,0.483992,0.477674,0.484438
5726,0.483919,0.477599,0.484365
5727,0.483867,0.477546,0.484312
5728,0.483844,0.477522,0.484288
5729,0.483779,0.477457,0.484224
5730,0.483758,0.477434,0.484203
5731,0.483729,0.477405,0.484176
5732,0.483656,0.47733,0.484106
5733,0.483611,0.477285,0.484064
5734,0.483549,0.477221,0.484004
5735,0.483487,0.477159,0.483945
5736,0.483419,0.477089,0.483877
5737,0.48335,0.477019,0.48381
5738,0.483281,0.476948,0.483741
5739,0.483223,0.476889,0.483683
5740,0.483134,0.476798,0.483593
5741,0.483115,0.476779,0.483573
5742,0.483034,0.476697,0.483492
5743,0.482982,0.476643,0.483439
5744,0.482953,0.476614,0.483409
5745,0.482889,0.476548,0.483345
5746,0.482849,0.476507,0.483305
5747,0.482827,0.476485,0.483284
5748,0.482795,0.476452,0.483254
5749,0.482715,0.476371,0.483178
5750,0.482667,0.476322,0.483132
5751,0.482604,0.476258,0.483072
5752,0.482541,0.476193,0.483011
5753,0.48245,0.4761,0.482921
5754,0.482394,0.476044,0.482866
5755,0.482329,0.475977,0.482801
5756,0.482241,0.475888,0.482713
5757,0.48219,0.475835,0.482661
5758,0.482169,0.475814,0.48264
5759,0.482149,0.475794,0.482621
5760,0.48208,0.475724,0.482555
5761,0.482021,0.475663,0.482497
5762,0.481994,0.475635,0.482473
5763,0.481928,0.475568,0.482411
5764,0.481842,0.475481,0.482328
5765,0.481751,0.475388,0.482238
5766,0.481717,0.475353,0.482205
5767,0.481626,0.47526,0.482115
5768,0.481574,0.475207,0.482064
5769,0.481508,0.47514,0.481998
5770,0.481418,0.475048,0.481908
5771,0.481371,0.475,0.48186
5772,0.481311,0.474939,0.4818
5773,0.481234,0.47486,0.481722
5774,0.481173,0.474798,0.481659
5775,0.48111,0.474733,0.481594
5776,0.481075,0.474698,0.481558
5777,0.480995,0.474616,0.481477
5778,0.48094,0.47456,0.48142
5779,0.480854,0.474473,0.481333
5780,0.480833,0.474451,0.481309
5781,0.4808,0.474418,0.481276
5782,0.480729,0.474345,0.481205
5783,0.480673,0.474288,0.481149
5784,0.480632,0.474246,0.481107
5785,0.480609,0.474223,0.481086
5786,0.480552,0.474164,0.48103
5787,0.480503,0.474115,0.480984
5788,0.480457,0.474068,0.480941
5789,0.480422,0.474032,0.480909
5790,0.480364,0.473973,0.480855
5791,0.480276,0.473883,0.480772
5792,0.480186,0.473792,0.480685
5793,0.480097,0.473701,0.480597
5794,0.480017,0.473618,0.480516
5795,0.479933,0.473533,0.480432
5796,0.47986,0.473459,0.480357
5797,0.479839,0.473437,0.480334
5798,0.479773,0.47337,0.480268
5799,0.479724,0.47332,0.480219
5800,0.47965,0.473244,0.480144
5801,0.479603,0.473196,0.480097
5802,0.479514,0.473106,0.480008
5803,0.479437,0.473027,0.479929
5804,0.479371,0.47296,0.479861
5805,0.479297,0.472884,0.479783
5806,0.479267,0.472854,0.479751
5807,0.479191,0.472777,0.479673
5808,0.479109,0.472693,0.479587
5809,0.479051,0.472634,0.479525
5810,0.479017,0.472599,0.479486
5811,0.478996,0.472577,0.479463
5812,0.478966,0.472547,0.479432
5813,0.478901,0.472481,0.479367
5814,0.478865,0.472444,0.47933
5815,0.478782,0.47236,0.479247
5816,0.478763,0.472339,0.479227
5817,0.478703,0.472278,0.479167
5818,0.478665,0.47224,0.479131
5819,0.478614,0.472188,0.479081
5820,0.478557,0.472129,0.479025
5821,0.478501,0.472073,0.478971
5822,0.478465,0.472035,0.478936
5823,0.478372,0.471941,0.478845
5824,0.478286,0.471854,0.47876
5825,0.478212,0.471778,0.478684
5826,0.478161,0.471726,0.478632
5827,0.478104,0.471668,0.478574
5828,0.478062,0.471624,0.47853
5829,0.478014,0.471576,0.478482
5830,0.477926,0.471486,0.478393
5831,0.477859,0.471418,0.478324
5832,0.477787,0.471344,0.47825
5833,0.477741,0.471298,0.478201
5834,0.477696,0.471251,0.478152
5835,0.477654,0.471209,0.478109
5836,0.477588,0.471142,0.478041
5837,0.477517,0.471069,0.477967
5838,0.477481,0.471032,0.477928
5839,0.477441,0.470992,0.477885
5840,0.47741,0.47096,0.477853
5841,0.477359,0.470908,0.477801
5842,0.477276,0.470823,0.477716
5843,0.477246,0.470792,0.477684
5844,0.477196,0.470742,0.477634
5845,0.477141,0.470685,0.477577
5846,0.47709,0.470633,0.477524
5847,0.477049,0.470592,0.477482
5848,0.477018,0.47056,0.477451
5849,0.476973,0.470514,0.477405
5850,0.476922,0.470461,0.477354
5851,0.476891,0.47043,0.477324
5852,0.476846,0.470385,0.477281
5853,0.476771,0.470308,0.477207
5854,0.476751,0.470288,0.477188
5855,0.476668,0.470203,0.477107
5856,0.476626,0.47016,0.477065
5857,0.476585,0.470118,0.477026
5858,0.476519,0.47005,0.476961
5859,0.476434,0.469964,0.476876
5860,0.476359,0.469887,0.4768
5861,0.476308,0.469836,0.476748
5862,0.476251,0.469778,0.47669
5863,0.476221,0.469747,0.476658
5864,0.476174,0.469698,0.47661
5865,0.476128,0.469652,0.476564
5866,0.476073,0.469596,0.476508
5867,0.476021,0.469543,0.476456
5868,0.476001,0.469522,0.476436
5869,0.475953,0.469474,0.476389
5870,0.475915,0.469435,0.476353
5871,0.475881,0.469401,0.476322
5872,0.475813,0.469331,0.476257
5873,0.475739,0.469255,0.476184
5874,0.47569,0.469205,0.476136
5875,0.475625,0.469139,0.476073
5876,0.475535,0.469048,0.475983
5877,0.475491,0.469002,0.475939
5878,0.475406,0.468916,0.475853
5879,0.475381,0.46889,0.475826
5880,0.475359,0.468867,0.475804
5881,0.475339,0.468847,0.475786
5882,0.475248,0.468755,0.475697
5883,0.47522,0.468726,0.475671
5884,0.475176,0.468682,0.47563
5885,0.475109,0.468612,0.475564
5886,0.475024,0.468526,0.475482
5887,0.474995,0.468497,0.475454
5888,0.474967,0.468468,0.475428
5889,0.474884,0.468383,0.475348
5890,0.474808,0.468306,0.475275
5891,0.474764,0.468261,0.475232
5892,0.474678,0.468173,0.475147
5893,0.474625,0.468119,0.475095
5894,0.474537,0.468029,0.475007
5895,0.4745,0.467992,0.47497
5896,0.474432,0.467922,0.474901
5897,0.474382,0.467871,0.474851
5898,0.474323,0.467811,0.474792
5899,0.474233,0.467719,0.474701
5900,0.474202,0.467688,0.474669
5901,0.474173,0.467658,0.47464
5902,0.474083,0.467567,0.474551
5903,0.473998,0.46748,0.474464
5904,0.473947,0.467427,0.474411
5905,0.473895,0.467374,0.474357
5906,0.473874,0.467353,0.474335
5907,0.473802,0.46728,0.474263
5908,0.47374,0.467216,0.474199
5909,0.473662,0.467136,0.474119
5910,0.473623,0.467097,0.474079
5911,0.473585,0.467058,0.474039
5912,0.473566,0.467039,0.47402
5913,0.473521,0.466993,0.473976
5914,0.473466,0.466937,0.473923
5915,0.473398,0.466867,0.473855
5916,0.473327,0.466795,0.473785
5917,0.473304,0.466772,0.473763
5918,0.473226,0.466692,0.473686
5919,0.473157,0.466621,0.473617
5920,0.473116,0.46658,0.473576
5921,0.47303,0.466492,0.47349
5922,0.472985,0.466447,0.473445
5923,0.472916,0.466376,0.473375
5924,0.472872,0.466331,0.47333
5925,0.472849,0.466308,0.473307
5926,0.472815,0.466273,0.473275
5927,0.472733,0.466189,0.473194
5928,0.472667,0.466122,0.473128
5929,0.472582,0.466035,0.473043
5930,0.472535,0.465987,0.472995
5931,0.472503,0.465954,0.472963
5932,0.472413,0.465863,0.472873
5933,0.47238,0.465829,0.472839
5934,0.472332,0.465781,0.472792
5935,0.47228,0.465727,0.472739
5936,0.472229,0.465675,0.472688
5937,0.472183,0.465628,0.472643
5938,0.472132,0.465576,0.472594
5939,0.472104,0.465547,0.472567
5940,0.472028,0.46547,0.472493
5941,0.471945,0.465385,0.472412
5942,0.471897,0.465337,0.472365
5943,0.471843,0.465282,0.472312
5944,0.471773,0.46521,0.472241
5945,0.471684,0.465119,0.472152
5946,0.471649,0.465083,0.472116
5947,0.471621,0.465054,0.472088
5948,0.471536,0.464968,0.472004
5949,0.47146,0.464891,0.471928
5950,0.471433,0.464863,0.4719
5951,0.471384,0.464814,0.471852
5952,0.471297,0.464724,0.471764
5953,0.471235,0.464661,0.471701
5954,0.471212,0.464638,0.471678
5955,0.471147,0.464572,0.471613
5956,0.471098,0.464521,0.471564
5957,0.471006,0.464428,0.471471
5958,0.470927,0.464347,0.47139
5959,0.470874,0.464293,0.471335
5960,0.470802,0.46422,0.47126
5961,0.470776,0.464193,0.471231
5962,0.470712,0.464127,0.471164
5963,0.470651,0.464066,0.471101
5964,0.470614,0.464028,0.471061
5965,0.470553,0.463966,0.470998
5966,0.470502,0.463913,0.470944
5967,0.470478,0.46389,0.470919
5968,0.470436,0.463846,0.470876
5969,0.470415,0.463825,0.470855
5970,0.470369,0.463778,0.470809
5971,0.470327,0.463736,0.470769
5972,0.470298,0.463706,0.470742
5973,0.470221,0.463627,0.470668
5974,0.470172,0.463577,0.47062
5975,0.470081,0.463484,0.47053
5976,0.470025,0.463427,0.470474
5977,0.469947,0.463347,0.470396
5978,0.469914,0.463314,0.470362
5979,0.469882,0.463281,0.47033
5980,0.46983,0.463229,0.47028
5981,0.469753,0.46315,0.470203
5982,0.469716,0.463111,0.470166
5983,0.469643,0.463038,0.470094
5984,0.469593,0.462986,0.470043
5985,0.46954,0.462933,0.46999
5986,0.469509,0.4629,0.469959
5987,0.469426,0.462816,0.469877
5988,0.469389,0.462779,0.469841
5989,0.469307,0.462695,0.469758
5990,0.469274,0.462661,0.469725
5991,0.469255,0.462641,0.469706
5992,0.469163,0.462548,0.469616
5993,0.469077,0.46246,0.469529
5994,0.469044,0.462427,0.469496
5995,0.469011,0.462393,0.469463
5996,0.468921,0.462301,0.469372
5997,0.46886,0.462238,0.46931
5998,0.468823,0.462201,0.469271
5999,0.468737,0.462114,0.469185
6000,0.468718,0.462094,0.469164
6001,0.468681,0.462056,0.469127
6002,0.468625,0.461999,0.469071
6003,0.468561,0.461934,0.469007
6004,0.468511,0.461883,0.468957
6005,0.468453,0.461823,0.468898
6006,0.468425,0.461795,0.46887
6007,0.468376,0.461745,0.468821
6008,0.468342,0.461711,0.468789
6009,0.468287,0.461654,0.468735
6010,0.468203,0.461568,0.468652
6011,0.468153,0.461517,0.468602
6012,0.468116,0.46148,0.468567
6013,0.468038,0.4614,0.46849
6014,0.46801,0.461372,0.468463
6015,0.467953,0.461314,0.468407
6016,0.467887,0.461246,0.468342
6017,0.467817,0.461175,0.468273
6018,0.467745,0.461101,0.4682
6019,0.467711,0.461067,0.468166
6020,0.467632,0.460986,0.468086
6021,0.467589,0.460942,0.468043
6022,0.467561,0.460913,0.468015
6023,0.467477,0.460828,0.467931
6024,0.467414,0.460763,0.467867
6025,0.467327,0.460676,0.467779
6026,0.467309,0.460656,0.467759
6027,0.467277,0.460624,0.467727
6028,0.467239,0.460585,0.467689
6029,0.46717,0.460515,0.467621
6030,0.467124,0.460468,0.467575
6031,0.467062,0.460405,0.467514
6032,0.466988,0.460329,0.467439
6033,0.466922,0.460262,0.467373
6034,0.466888,0.460227,0.467338
6035,0.46687,0.460208,0.46732
6036,0.466837,0.460175,0.467289
6037,0.466744,0.46008,0.467198
6038,0.466705,0.460041,0.467161
6039,0.466625,0.459959,0.467081
6040,0.466573,0.459906,0.46703
6041,0.466495,0.459826,0.466951
6042,0.466459,0.45979,0.466916
6043,0.466377,0.459706,0.466833
6044,0.466329,0.459657,0.466784
6045,0.466285,0.459612,0.466739
6046,0.466232,0.459558,0.466686
6047,0.466185,0.45951,0.466639
6048,0.46611,0.459434,0.466564
6049,0.466039,0.459361,0.466491
6050,0.466018,0.459339,0.466469
6051,0.465944,0.459264,0.466395
6052,0.465904,0.459224,0.466354
6053,0.465833,0.459151,0.466282
6054,0.465777,0.459094,0.466225
6055,0.465737,0.459053,0.466184
6056,0.465694,0.45901,0.46614
6057,0.465643,0.458957,0.466089
6058,0.465599,0.458913,0.466045
6059,0.465564,0.458877,0.466011
6060,0.465525,0.458837,0.465973
6061,0.4655,0.458812,0.465951
6062,0.465428,0.458739,0.465883
6063,0.465367,0.458676,0.465824
6064,0.465302,0.458609,0.46576
6065,0.465211,0.458517,0.465671
6066,0.465167,0.458472,0.465627
6067,0.465123,0.458427,0.465584
6068,0.465055,0.458358,0.465517
6069,0.465013,0.458315,0.465476
6070,0.46496,0.45826,0.465424
6071,0.464922,0.458222,0.465388
6072,0.464842,0.45814,0.46531
6073,0.464775,0.458072,0.465245
6074,0.464714,0.458009,0.465184
6075,0.46465,0.457945,0.465121
6076,0.464628,0.457922,0.4651
6077,0.46456,0.457853,0.465034
6078,0.464526,0.457818,0.465002
6079,0.464435,0.457725,0.464913
6080,0.464372,0.457661,0.464851
6081,0.464317,0.457605,0.464797
6082,0.46429,0.457577,0.464771
6083,0.464197,0.457483,0.464681
6084,0.464128,0.457412,0.464612
6085,0.464059,0.457342,0.464544
6086,0.463979,0.45726,0.464464
6087,0.463909,0.457189,0.464392
6088,0.46383,0.457108,0.464311
6089,0.463754,0.457031,0.464232
6090,0.463735,0.457011,0.46421
6091,0.463694,0.45697,0.464168
6092,0.463646,0.456921,0.464119
6093,0.463582,0.456855,0.464055
6094,0.463561,0.456834,0.464034
6095,0.463512,0.456783,0.463985
6096,0.463447,0.456718,0.463922
6097,0.463381,0.45665,0.463856
6098,0.463301,0.456568,0.463776
6099,0.463254,0.456521,0.463729
6100,0.463182,0.456447,0.463657
6101,0.463119,0.456383,0.463593
6102,0.463097,0.456361,0.463571
6103,0.463051,0.456314,0.463526
6104,0.46297,0.456231,0.463446
6105,0.462915,0.456175,0.46339
6106,0.462871,0.45613,0.463347
6107,0.462831,0.456089,0.463308
6108,0.46279,0.456047,0.463269
6109,0.4627,0.455955,0.463181
6110,0.462652,0.455907,0.463134
6111,0.462603,0.455857,0.463087
6112,0.462532,0.455784,0.463017
6113,0.46247,0.455721,0.462957
6114,0.462438,0.455688,0.462926
6115,0.462384,0.455633,0.462875
6116,0.462316,0.455563,0.462809
6117,0.462278,0.455525,0.462774
6118,0.462191,0.455436,0.46269
6119,0.462123,0.455367,0.462625
6120,0.462094,0.455337,0.462597
6121,0.462018,0.45526,0.462525
6122,0.461968,0.455209,0.462478
6123,0.461904,0.455144,0.462418
6124,0.461826,0.455064,0.462343
6125,0.461764,0.455001,0.462284
6126,0.461676,0.454911,0.462198
6127,0.461594,0.454827,0.462117
6128,0.461518,0.45475,0.462042
6129,0.461438,0.454668,0.461961
6130,0.461367,0.454596,0.46189
6131,0.461296,0.454523,0.461818
6132,0.461264,0.454491,0.461785
6133,0.461177,0.454402,0.461698
6134,0.461098,0.454322,0.461618
6135,0.461047,0.45427,0.461566
6136,0.460994,0.454215,0.461511
6137,0.460956,0.454177,0.461474
6138,0.460904,0.454123,0.461422
6139,0.460817,0.454034,0.461336
6140,0.460761,0.453977,0.46128
6141,0.460686,0.453901,0.461205
6142,0.46064,0.453854,0.46116
6143,0.460574,0.453787,0.461094
6144,0.460482,0.453693,0.461002
6145,0.460406,0.453615,0.460924
6146,0.460343,0.453551,0.46086
6147,0.460255,0.453461,0.46077
6148,0.460189,0.453394,0.460701
6149,0.460154,0.453359,0.460664
6150,0.460083,0.453287,0.460591
6151,0.460039,0.453241,0.460544
6152,0.459964,0.453165,0.460468
6153,0.459923,0.453123,0.460425
6154,0.459896,0.453096,0.460397
6155,0.459823,0.453021,0.460324
6156,0.459731,0.452927,0.460231
6157,0.459695,0.452891,0.460193
6158,0.459631,0.452825,0.460128
6159,0.459564,0.452757,0.46006
6160,0.459502,0.452693,0.459996
6161,0.459438,0.452628,0.45993
6162,0.459413,0.452602,0.459904
6163,0.459362,0.452551,0.459853
6164,0.459285,0.452472,0.459775
6165,0.459208,0.452394,0.459698
6166,0.459133,0.452317,0.45962
6167,0.459082,0.452265,0.459567
6168,0.459031,0.452214,0.459514
6169,0.45895,0.452131,0.45943
6170,0.45888,0.452059,0.459356
6171,0.458856,0.452035,0.459329
6172,0.458809,0.451987,0.459279
6173,0.458735,0.451912,0.459204
6174,0.458712,0.451888,0.459178
6175,0.458655,0.45183,0.459119
6176,0.458623,0.451797,0.459086
6177,0.458585,0.451758,0.459047
6178,0.458527,0.4517,0.45899
6179,0.458457,0.451628,0.45892
6180,0.458436,0.451607,0.458899
6181,0.45835,0.451519,0.458813
6182,0.458283,0.45145,0.458744
6183,0.458247,0.451414,0.458708
6184,0.458215,0.451381,0.458676
6185,0.458179,0.451344,0.45864
6186,0.458127,0.451291,0.45859
6187,0.458036,0.451199,0.4585
6188,0.457985,0.451146,0.458449
6189,0.457963,0.451124,0.458428
6190,0.45788,0.451039,0.458346
6191,0.457792,0.450949,0.458257
6192,0.457766,0.450922,0.45823
6193,0.457698,0.450854,0.458163
6194,0.457678,0.450833,0.458143
6195,0.457628,0.450782,0.458094
6196,0.457561,0.450714,0.458029
6197,0.457508,0.450659,0.457976
6198,0.457432,0.450582,0.4579
6199,0.457346,0.450494,0.457814
6200,0.457326,0.450474,0.457793
6201,0.45724,0.450387,0.457707
6202,0.457183,0.450328,0.457649
6203,0.457096,0.450239,0.45756
6204,0.457037,0.450179,0.457497
6205,0.457001,0.450142,0.457458
6206,0.456934,0.450074,0.457389
6207,0.456891,0.450031,0.457344
6208,0.456859,0.449998,0.457309
6209,0.456786,0.449924,0.457235
6210,0.456737,0.449873,0.457183
6211,0.456708,0.449844,0.457152
6212,0.45666,0.449795,0.457103
6213,0.456596,0.449729,0.457037
6214,0.456515,0.449646,0.456954
6215,0.456484,0.449616,0.456921
6216,0.456433,0.449563,0.456867
6217,0.45641,0.44954,0.456843
6218,0.456383,0.449512,0.456815
6219,0.456302,0.449429,0.456733
6220,0.456248,0.449374,0.456678
6221,0.456219,0.449345,0.456648
6222,0.456137,0.449262,0.456565
6223,0.456099,0.449222,0.456525
6224,0.456068,0.449191,0.456493
6225,0.456047,0.449169,0.456472
6226,0.455986,0.449108,0.456412
6227,0.455961,0.449081,0.456387
6228,0.45589,0.44901,0.456318
6229,0.455835,0.448953,0.456263
6230,0.455751,0.448868,0.456179
6231,0.455732,0.448849,0.456159
6232,0.455682,0.448797,0.456109
6233,0.455618,0.448732,0.456044
6234,0.455582,0.448695,0.456008
6235,0.455558,0.448671,0.455985
6236,0.455509,0.448621,0.455937
6237,0.455469,0.44858,0.455898
6238,0.455449,0.448559,0.455881
6239,0.455385,0.448494,0.45582
6240,0.455343,0.448451,0.455781
6241,0.455284,0.448391,0.455726
6242,0.455224,0.44833,0.455668
6243,0.45514,0.448244,0.455586
6244,0.455097,0.4482,0.455545
6245,0.455057,0.44816,0.455507
6246,0.455001,0.448102,0.455453
6247,0.454913,0.448013,0.455367
6248,0.454879,0.447978,0.455334
6249,0.454815,0.447913,0.455272
6250,0.454781,0.447878,0.455239
6251,0.454695,0.447791,0.455155
6252,0.454634,0.447728,0.455095
6253,0.454544,0.447637,0.455005
6254,0.45452,0.447612,0.45498
6255,0.454468,0.447559,0.454929
6256,0.454392,0.447482,0.454853
6257,0.454339,0.447427,0.454799
6258,0.454273,0.44736,0.454733
6259,0.454231,0.447317,0.45469
6260,0.454187,0.447272,0.454646
6261,0.454105,0.447189,0.454565
6262,0.454068,0.447151,0.454528
6263,0.454018,0.4471,0.454478
6264,0.453936,0.447016,0.454395
6265,0.453897,0.446976,0.454355
6266,0.453861,0.44694,0.45432
6267,0.453821,0.446899,0.454281
6268,0.453753,0.44683,0.454214
6269,0.453681,0.446756,0.454141
6270,0.453659,0.446734,0.45412
6271,0.453598,0.446672,0.454061
6272,0.45351,0.446582,0.453974
6273,0.45343,0.4465,0.453892
6274,0.453354,0.446422,0.453814
6275,0.453317,0.446385,0.453776
6276,0.453296,0.446364,0.453754
6277,0.453263,0.44633,0.453721
6278,0.453202,0.446267,0.453661
6279,0.453143,0.446208,0.453603
6280,0.453063,0.446125,0.453523
6281,0.453022,0.446084,0.453482
6282,0.452988,0.446049,0.453448
6283,0.452914,0.445974,0.453376
6284,0.452882,0.445941,0.453344
6285,0.452808,0.445866,0.453271
6286,0.452724,0.44578,0.453187
6287,0.452657,0.445712,0.453118
6288,0.452635,0.445689,0.453095
6289,0.452554,0.445607,0.453014
6290,0.452509,0.44556,0.452967
6291,0.452479,0.44553,0.452938
6292,0.452441,0.445492,0.4529
6293,0.452385,0.445434,0.452845
6294,0.452339,0.445387,0.4528
6295,0.452261,0.445308,0.452724
6296,0.452179,0.445224,0.452641
6297,0.452148,0.445192,0.45261
6298,0.452088,0.445131,0.452551
6299,0.452011,0.445052,0.452473
6300,0.451918,0.444958,0.452379
6301,0.451879,0.444918,0.452337
6302,0.451817,0.444855,0.452273
6303,0.451769,0.444806,0.452223
6304,0.451745,0.444782,0.452197
6305,0.451717,0.444753,0.452168
6306,0.451659,0.444694,0.452111
6307,0.451612,0.444645,0.452064
6308,0.451583,0.444616,0.452037
6309,0.451562,0.444595,0.452019
6310,0.451499,0.44453,0.451958
6311,0.451439,0.444469,0.451901
6312,0.451355,0.444384,0.45182
6313,0.451277,0.444304,0.451743
6314,0.451193,0.444219,0.45166
6315,0.451171,0.444196,0.451637
6316,0.451084,0.444107,0.45155
6317,0.451059,0.444081,0.451524
6318,0.450998,0.444019,0.451464
6319,0.45095,0.443971,0.451417
6320,0.450916,0.443936,0.451384
6321,0.450839,0.443857,0.451308
6322,0.450801,0.443819,0.451272
6323,0.450717,0.443733,0.451189
6324,0.450631,0.443645,0.451103
6325,0.450558,0.443571,0.451028
6326,0.450506,0.443517,0.450974
6327,0.450465,0.443476,0.450932
6328,0.450427,0.443437,0.450894
6329,0.450346,0.443354,0.450812
6330,0.4503,0.443308,0.450766
6331,0.450252,0.443258,0.450716
6332,0.450214,0.44322,0.450678
6333,0.450171,0.443176,0.450636
6334,0.450104,0.443107,0.450569
6335,0.450044,0.443047,0.45051
6336,0.449998,0.443,0.450464
6337,0.449973,0.442974,0.450441
6338,0.449934,0.442934,0.450404
6339,0.449842,0.44284,0.450314
6340,0.449789,0.442786,0.450262
6341,0.449722,0.442718,0.450197
6342,0.449665,0.44266,0.450141
6343,0.449617,0.442611,0.450094
6344,0.449538,0.44253,0.450016
6345,0.449466,0.442457,0.449944
6346,0.449416,0.442406,0.449894
6347,0.449348,0.442337,0.449826
6348,0.449278,0.442265,0.449755
6349,0.44921,0.442195,0.449685
6350,0.449177,0.442162,0.449652
6351,0.44913,0.442114,0.449604
6352,0.449095,0.442078,0.449569
6353,0.449019,0.442001,0.449494
6354,0.448945,0.441925,0.449419
6355,0.448881,0.44186,0.449355
6356,0.448844,0.441822,0.449317
6357,0.448807,0.441784,0.44928
6358,0.448727,0.441703,0.4492
6359,0.448702,0.441678,0.449176
6360,0.448623,0.441597,0.449097
6361,0.448531,0.441504,0.449005
6362,0.448453,0.441424,0.448925
6363,0.448394,0.441364,0.448863
6364,0.448356,0.441325,0.448823
6365,0.448311,0.441278,0.448775
6366,0.448271,0.441238,0.448733
6367,0.448219,0.441184,0.44868
6368,0.448196,0.441161,0.448657
6369,0.448104,0.441068,0.448565
6370,0.448075,0.441038,0.448535
6371,0.44799,0.440951,0.44845
6372,0.447931,0.440892,0.44839
6373,0.447895,0.440855,0.448352
6374,0.447855,0.440814,0.448312
6375,0.447814,0.440772,0.448271
6376,0.447755,0.440712,0.448212
6377,0.447727,0.440684,0.448185
6378,0.447636,0.440591,0.448095
6379,0.447595,0.440549,0.448054
6380,0.447528,0.44048,0.447986
6381,0.447484,0.440435,0.447943
6382,0.447424,0.440374,0.447882
6383,0.447336,0.440284,0.447794
6384,0.447285,0.440233,0.447741
6385,0.447238,0.440184,0.447693
6386,0.447204,0.44015,0.447658
6387,0.447175,0.44012,0.447629
6388,0.447094,0.440038,0.447549
6389,0.447062,0.440005,0.447516
6390,0.446977,0.439918,0.44743
6391,0.446897,0.439837,0.447349
6392,0.446858,0.439796,0.447308
6393,0.446821,0.439759,0.44727
6394,0.446773,0.439709,0.447221
6395,0.446744,0.43968,0.447192
6396,0.446699,0.439634,0.447147
6397,0.446637,0.439571,0.447086
6398,0.446613,0.439547,0.447064
6399,0.446582,0.439515,0.447035
6400,0.446513,0.439445,0.446969
6401,0.446475,0.439406,0.446933
6402,0.446387,0.439316,0.446847
6403,0.446334,0.439262,0.446796
6404,0.446287,0.439214,0.446751
6405,0.446234,0.43916,0.4467
6406,0.446158,0.439083,0.446626
6407,0.446101,0.439025,0.44657
6408,0.446025,0.438947,0.446495
6409,0.445981,0.438902,0.446451
6410,0.445895,0.438814,0.446365
6411,0.445813,0.43873,0.446281
6412,0.44573,0.438646,0.446197
6413,0.445707,0.438623,0.446171
6414,0.445658,0.438573,0.44612
6415,0.445624,0.438538,0.446085
6416,0.445552,0.438464,0.446012
6417,0.445528,0.43844,0.445987
6418,0.445494,0.438405,0.445954
6419,0.445418,0.438328,0.445879
6420,0.445339,0.438248,0.445799
6421,0.445272,0.438179,0.445731
6422,0.445219,0.438125,0.445676
6423,0.445185,0.438091,0.445641
6424,0.445129,0.438033,0.445584
6425,0.44507,0.437973,0.445524
6426,0.445028,0.43793,0.445481
6427,0.444986,0.437887,0.445438
6428,0.444948,0.437848,0.4454
6429,0.444915,0.437815,0.445369
6430,0.444884,0.437784,0.44534
6431,0.444822,0.43772,0.44528
6432,0.444746,0.437642,0.445206
6433,0.44468,0.437575,0.445141
6434,0.44461,0.437504,0.445072
6435,0.444526,0.437418,0.444987
6436,0.4445,0.437391,0.444961
6437,0.444442,0.437332,0.444902
6438,0.444365,0.437254,0.444825
6439,0.444312,0.4372,0.444771
6440,0.444231,0.437117,0.444688
6441,0.444143,0.437027,0.444597
6442,0.444098,0.436982,0.444548
6443,0.444064,0.436947,0.444511
6444,0.444044,0.436927,0.444488
6445,0.444026,0.436908,0.444469
6446,0.443979,0.43686,0.444423
6447,0.443946,0.436826,0.444391
6448,0.443901,0.436781,0.444347
6449,0.443821,0.436699,0.444269
6450,0.443785,0.436663,0.444234
6451,0.443718,0.436594,0.444167
6452,0.443655,0.43653,0.444105
6453,0.443632,0.436506,0.444082
6454,0.443565,0.436438,0.444017
6455,0.443502,0.436373,0.443954
6456,0.443467,0.436338,0.44392
6457,0.443427,0.436297,0.443882
6458,0.443339,0.436208,0.443796
6459,0.443294,0.436161,0.443751
6460,0.443273,0.43614,0.443732
6461,0.443244,0.43611,0.443705
6462,0.443158,0.436023,0.443623
6463,0.443074,0.435937,0.443541
6464,0.442992,0.435853,0.443459
6465,0.442967,0.435828,0.443434
6466,0.442897,0.435756,0.443365
6467,0.442857,0.435716,0.443326
6468,0.442818,0.435676,0.443288
6469,0.442749,0.435605,0.443221
6470,0.442712,0.435568,0.443186
6471,0.442687,0.435542,0.443164
6472,0.442621,0.435475,0.443102
6473,0.442536,0.435388,0.443019
6474,0.442444,0.435295,0.44293
6475,0.44237,0.435219,0.442856
6476,0.442327,0.435175,0.442813
6477,0.442261,0.435108,0.442748
6478,0.442211,0.435056,0.442698
6479,0.442169,0.435014,0.442658
6480,0.442105,0.434948,0.442595
6481,0.442013,0.434855,0.442505
6482,0.441953,0.434793,0.442444
6483,0.441925,0.434765,0.442416
6484,0.441841,0.434679,0.442333
6485,0.441765,0.434602,0.442257
6486,0.441696,0.434531,0.442186
6487,0.441632,0.434467,0.442122
6488,0.441605,0.434438,0.442093
6489,0.441534,0.434366,0.442022
6490,0.441475,0.434306,0.441962
6491,0.441401,0.434231,0.441887
6492,0.441321,0.434149,0.441806
6493,0.441289,0.434116,0.441772
6494,0.441268,0.434095,0.44175
6495,0.441182,0.434007,0.441664
6496,0.441146,0.433971,0.441627
6497,0.441089,0.433913,0.44157
6498,0.441015,0.433837,0.441496
6499,0.440971,0.433792,0.441451
6500,0.440922,0.433742,0.441401
6501,0.440889,0.433708,0.441369
6502,0.440839,0.433658,0.441321
6503,0.440767,0.433584,0.44125
6504,0.440734,0.43355,0.441218
6505,0.440667,0.433481,0.441153
6506,0.440611,0.433424,0.441099
6507,0.440542,0.433354,0.441031
6508,0.440479,0.43329,0.44097
6509,0.440443,0.433253,0.440935
6510,0.440399,0.433208,0.440893
6511,0.440323,0.433131,0.440821
6512,0.440241,0.433048,0.44074
6513,0.440173,0.432978,0.440673
6514,0.44011,0.432914,0.440611
6515,0.440064,0.432867,0.440566
6516,0.440021,0.432823,0.440524
6517,0.439973,0.432774,0.440478
6518,0.439883,0.432683,0.440391
6519,0.43981,0.432607,0.440318
6520,0.439733,0.432529,0.440242
6521,0.439657,0.432452,0.440165
6522,0.439577,0.43237,0.440084
6523,0.439521,0.432313,0.440026
6524,0.439487,0.432279,0.439992
6525,0.439395,0.432185,0.439899
6526,0.439362,0.43215,0.439863
6527,0.439284,0.432071,0.439785
6528,0.43923,0.432016,0.439729
6529,0.43919,0.431975,0.439688
6530,0.439099,0.431883,0.439597
6531,0.439029,0.431811,0.439524
6532,0.438968,0.431748,0.43946
6533,0.43894,0.431721,0.439431
6534,0.438915,0.431695,0.439405
6535,0.438865,0.431643,0.439355
6536,0.438798,0.431575,0.439288
6537,0.438744,0.431521,0.439235
6538,0.438723,0.431499,0.439214
6539,0.438674,0.431449,0.439168
6540,0.438631,0.431406,0.439129
6541,0.438561,0.431333,0.439061
6542,0.438473,0.431244,0.438975
6543,0.438433,0.431203,0.438937
6544,0.438354,0.431123,0.438861
6545,0.43829,0.431057,0.438798
6546,0.438224,0.430991,0.438734
6547,0.438139,0.430904,0.43865
6548,0.438081,0.430844,0.438592
6549,0.437988,0.43075,0.438499
6550,0.437935,0.430696,0.438444
6551,0.437882,0.430641,0.43839
6552,0.437811,0.430569,0.438318
6553,0.437742,0.430499,0.438248
6554,0.43765,0.430405,0.438153
6555,0.437603,0.430356,0.438103
6556,0.437518,0.43027,0.438015
6557,0.437457,0.430208,0.43795
6558,0.437436,0.430186,0.437925
6559,0.43739,0.43014,0.437878
6560,0.437368,0.430117,0.437854
6561,0.437313,0.430061,0.437799
6562,0.43723,0.429976,0.437715
6563,0.437183,0.429928,0.437667
6564,0.437123,0.429867,0.437606
6565,0.437097,0.429841,0.43758
6566,0.437041,0.429784,0.437524
6567,0.437016,0.429758,0.437499
6568,0.436972,0.429713,0.437457
6569,0.436881,0.42962,0.437368
6570,0.436811,0.429548,0.437298
6571,0.436761,0.429498,0.437249
6572,0.436736,0.429472,0.437225
6573,0.436675,0.42941,0.437167
6574,0.4366,0.429333,0.437093
6575,0.436521,0.429253,0.437015
6576,0.436453,0.429183,0.436946
6577,0.436383,0.429113,0.436877
6578,0.436353,0.429082,0.436846
6579,0.436266,0.428992,0.436758
6580,0.436174,0.428899,0.436665
6581,0.43614,0.428865,0.43663
6582,0.436071,0.428794,0.436559
6583,0.436,0.428721,0.436485
6584,0.435959,0.42868,0.436442
6585,0.435926,0.428646,0.436407
6586,0.435871,0.42859,0.436351
6587,0.435799,0.428517,0.436278
6588,0.435723,0.428439,0.436199
6589,0.4357,0.428416,0.436175
6590,0.43564,0.428354,0.436113
6591,0.435552,0.428265,0.436023
6592,0.435503,0.428214,0.435971
6593,0.435484,0.428195,0.435949
6594,0.435446,0.428156,0.435911
6595,0.435419,0.428129,0.435884
6596,0.435337,0.428046,0.435803
6597,0.435313,0.42802,0.435778
6598,0.435232,0.427938,0.435698
6599,0.435208,0.427914,0.435675
6600,0.435169,0.427874,0.435637
6601,0.435085,0.427788,0.435554
6602,0.435001,0.427702,0.43547
6603,0.434932,0.427633,0.4354
6604,0.434906,0.427606,0.435373
6605,0.434861,0.42756,0.435328
6606,0.434833,0.427531,0.4353
6607,0.434753,0.42745,0.435222
6608,0.434692,0.427388,0.435161
6609,0.434673,0.427368,0.435141
6610,0.434622,0.427316,0.435092
6611,0.434541,0.427234,0.435013
6612,0.434449,0.427139,0.43492
6613,0.434399,0.427088,0.434869
6614,0.434371,0.427059,0.434841
6615,0.434331,0.427019,0.434801
6616,0.434239,0.426925,0.43471
6617,0.434171,0.426856,0.434641
6618,0.434144,0.426828,0.434613
6619,0.434087,0.42677,0.434556
6620,0.434068,0.426751,0.434537
6621,0.433989,0.42667,0.43446
6622,0.433955,0.426636,0.434426
6623,0.433872,0.426551,0.434345
6624,0.433813,0.426491,0.434286
6625,0.433769,0.426446,0.434242
6626,0.433719,0.426395,0.434193
6627,0.433658,0.426332,0.434132
6628,0.43363,0.426304,0.434105
6629,0.433575,0.426248,0.434052
6630,0.433539,0.426212,0.434019
6631,0.433487,0.426158,0.433969
6632,0.433442,0.426113,0.433928
6633,0.433372,0.426041,0.433861
6634,0.433316,0.425984,0.433809
6635,0.43324,0.425907,0.433736
6636,0.433191,0.425856,0.433689
6637,0.433118,0.425782,0.433619
6638,0.433038,0.4257,0.433541
6639,0.432965,0.425626,0.43347
6640,0.432898,0.425558,0.433403
6641,0.432819,0.425477,0.433325
6642,0.432745,0.425402,0.43325
6643,0.432673,0.425328,0.433177
6644,0.432592,0.425246,0.433094
6645,0.432569,0.425222,0.433069
6646,0.432477,0.425128,0.432975
6647,0.432401,0.425051,0.432896
6648,0.432318,0.424966,0.432809
6649,0.432299,0.424947,0.432787
6650,0.432252,0.424899,0.432737
6651,0.43219,0.424835,0.432672
6652,0.432143,0.424788,0.432623
6653,0.432077,0.424721,0.432555
6654,0.432058,0.4247,0.432533
6655,0.431992,0.424633,0.432466
6656,0.431944,0.424584,0.432416
6657,0.431881,0.42452,0.432352
6658,0.43186,0.424499,0.432331
6659,0.43178,0.424417,0.43225
6660,0.431748,0.424384,0.432217
6661,0.431714,0.42435,0.432184
6662,0.431684,0.424319,0.432155
6663,0.431626,0.42426,0.432099
6664,0.431546,0.424179,0.432021
6665,0.431522,0.424154,0.431998
6666,0.431448,0.424079,0.431926
6667,0.43139,0.42402,0.431869
6668,0.431324,0.423952,0.431804
6669,0.431234,0.42386,0.431714
6670,0.431191,0.423816,0.431671
6671,0.431161,0.423786,0.431641
6672,0.431121,0.423745,0.431603
6673,0.431065,0.423688,0.431549
6674,0.43101,0.423632,0.431496
6675,0.430958,0.423579,0.431446
6676,0.430872,0.423491,0.431362
6677,0.4308,0.423418,0.43129
6678,0.430749,0.423366,0.43124
6679,0.43069,0.423305,0.431181
6680,0.430616,0.42323,0.431108
6681,0.430593,0.423207,0.431086
6682,0.430544,0.423157,0.431038
6683,0.430511,0.423123,0.431007
6684,0.430437,0.423047,0.430936
6685,0.430359,0.422968,0.430861
6686,0.430297,0.422904,0.4308
6687,0.430216,0.422822,0.43072
6688,0.430141,0.422745,0.430645
6689,0.430049,0.422651,0.430552
6690,0.429974,0.422575,0.430475
6691,0.429955,0.422556,0.430454
6692,0.429874,0.422473,0.430373
6693,0.429825,0.422423,0.430322
6694,0.4298,0.422397,0.430296
6695,0.429743,0.422339,0.43024
6696,0.429651,0.422245,0.430147
6697,0.429585,0.422178,0.43008
6698,0.429528,0.42212,0.430021
6699,0.429452,0.422042,0.429943
6700,0.429432,0.422023,0.429922
6701,0.429369,0.421958,0.429857
6702,0.429315,0.421903,0.429802
6703,0.429229,0.421815,0.429715
6704,0.429168,0.421753,0.429651
6705,0.429109,0.421693,0.42959
6706,0.429038,0.42162,0.429516
6707,0.42901,0.421592,0.429485
6708,0.42897,0.421551,0.429443
6709,0.42893,0.42151,0.429401
6710,0.428847,0.421426,0.429317
6711,0.428782,0.421359,0.429249
6712,0.428762,0.421339,0.429227
6713,0.428714,0.42129,0.429178
6714,0.428655,0.42123,0.429118
6715,0.428596,0.42117,0.429057
6716,0.428578,0.421151,0.429038
6717,0.428556,0.421129,0.429017
6718,0.428498,0.42107,0.42896
6719,0.428413,0.420982,0.428875
6720,0.428384,0.420953,0.428846
6721,0.42835,0.420919,0.428814
6722,0.428304,0.420871,0.42877
6723,0.428281,0.420848,0.42875
6724,0.428207,0.420773,0.42868
6725,0.428185,0.42075,0.428661
6726,0.428139,0.420703,0.42862
6727,0.428059,0.420622,0.428544
6728,0.42797,0.420531,0.428459
6729,0.427893,0.420452,0.428384
6730,0.427809,0.420367,0.428301
6731,0.427724,0.42028,0.428215
6732,0.427672,0.420227,0.428163
6733,0.427615,0.420168,0.428105
6734,0.427579,0.420132,0.428069
6735,0.427506,0.420057,0.427995
6736,0.42746,0.420011,0.42795
6737,0.427377,0.419926,0.427867
6738,0.427315,0.419863,0.427803
6739,0.427243,0.41979,0.42773
6740,0.427184,0.419729,0.427668
6741,0.427145,0.419689,0.427628
6742,0.427062,0.419605,0.427543
6743,0.427031,0.419574,0.42751
6744,0.427003,0.419544,0.427481
6745,0.426913,0.419452,0.42739
6746,0.426846,0.419385,0.427321
6747,0.426789,0.419326,0.427261
6748,0.42673,0.419267,0.4272
6749,0.426706,0.419241,0.427173
6750,0.426673,0.419208,0.427139
6751,0.426584,0.419117,0.427049
6752,0.426505,0.419037,0.426968
6753,0.426471,0.419002,0.42693
6754,0.426444,0.418975,0.426902
6755,0.426412,0.418942,0.426869
6756,0.426388,0.418917,0.426845
6757,0.426314,0.418842,0.426772
6758,0.426233,0.41876,0.426691
6759,0.426184,0.418709,0.42664
6760,0.426136,0.41866,0.42659
6761,0.426112,0.418636,0.426567
6762,0.426067,0.41859,0.426521
6763,0.426013,0.418535,0.426468
6764,0.425968,0.418488,0.426424
6765,0.425889,0.418409,0.426346
6766,0.425804,0.418322,0.42626
6767,0.425745,0.418261,0.426199
6768,0.425719,0.418235,0.426171
6769,0.425659,0.418174,0.42611
6770,0.425636,0.418151,0.426086
6771,0.42561,0.418124,0.42606
6772,0.425584,0.418097,0.426036
6773,0.425558,0.418071,0.426013
6774,0.425527,0.418039,0.425986
6775,0.42544,0.417951,0.425904
6776,0.425368,0.417877,0.425835
6777,0.425345,0.417854,0.425815
6778,0.425264,0.417771,0.425737
6779,0.425183,0.417688,0.425658
6780,0.425132,0.417637,0.425609
6781,0.425088,0.417592,0.425568
6782,0.425029,0.417531,0.42551
6783,0.424961,0.417462,0.425445
6784,0.424922,0.417422,0.425408
6785,0.424838,0.417337,0.425327
6786,0.424762,0.417259,0.425252
6787,0.42471,0.417206,0.425201
6788,0.424667,0.417162,0.425159
6789,0.424582,0.417075,0.425075
6790,0.424544,0.417037,0.425038
6791,0.42448,0.416971,0.424975
6792,0.424411,0.416901,0.424907
6793,0.424375,0.416864,0.424872
6794,0.424317,0.416805,0.424816
6795,0.424234,0.41672,0.424734
6796,0.42415,0.416635,0.42465
6797,0.42407,0.416553,0.424569
6798,0.424006,0.416488,0.424503
6799,0.423928,0.416408,0.424423
6800,0.423852,0.416331,0.424344
6801,0.423832,0.41631,0.424321
6802,0.423784,0.416261,0.424271
6803,0.423729,0.416205,0.424215
6804,0.423678,0.416154,0.424163
6805,0.423636,0.416111,0.42412
6806,0.42361,0.416083,0.424093
6807,0.423548,0.416021,0.424032
6808,0.423491,0.415962,0.423975
6809,0.423401,0.41587,0.423885
6810,0.423365,0.415834,0.423849
6811,0.42328,0.415748,0.423764
6812,0.423262,0.415729,0.423744
6813,0.423185,0.41565,0.423667
6814,0.42316,0.415625,0.423642
6815,0.423101,0.415564,0.423584
6816,0.423012,0.415474,0.423495
6817,0.42298,0.415441,0.423463
6818,0.422893,0.415352,0.423375
6819,0.422837,0.415295,0.423318
6820,0.422798,0.415255,0.423278
6821,0.422777,0.415234,0.423258
6822,0.422743,0.4152,0.423226
6823,0.422651,0.415106,0.423135
6824,0.422613,0.415067,0.423098
6825,0.422538,0.41499,0.423024
6826,0.422491,0.414942,0.422978
6827,0.422407,0.414856,0.422894
6828,0.422316,0.414764,0.422803
6829,0.422232,0.414678,0.422716
6830,0.422168,0.414613,0.422649
6831,0.422121,0.414565,0.422598
6832,0.422072,0.414515,0.422546
6833,0.422017,0.414459,0.422488
6834,0.421945,0.414385,0.422412
6835,0.421911,0.414351,0.422375
6836,0.421869,0.414308,0.42233
6837,0.421807,0.414245,0.422265
6838,0.421765,0.414201,0.422219
6839,0.42174,0.414177,0.422193
6840,0.4217,0.414136,0.422151
6841,0.421661,0.414095,0.422111
6842,0.421587,0.414021,0.422037
6843,0.421565,0.413998,0.422014
6844,0.421495,0.413926,0.421944
6845,0.421416,0.413846,0.421863
6846,0.421356,0.413785,0.421801
6847,0.421326,0.413754,0.421769
6848,0.421303,0.413731,0.421744
6849,0.421283,0.41371,0.421724
6850,0.42123,0.413656,0.421672
6851,0.421168,0.413593,0.421611
6852,0.421141,0.413565,0.421584
6853,0.421116,0.41354,0.421562
6854,0.421038,0.41346,0.421486
6855,0.420987,0.413408,0.421435
6856,0.420938,0.413358,0.421388
6857,0.420876,0.413295,0.421327
6858,0.420787,0.413205,0.421239
6859,0.420753,0.41317,0.421205
6860,0.420682,0.413097,0.421133
6861,0.420624,0.413038,0.421075
6862,0.420602,0.413015,0.421051
6863,0.420543,0.412955,0.420993
6864,0.420523,0.412935,0.420973
6865,0.420433,0.412843,0.420884
6866,0.420396,0.412806,0.420847
6867,0.420333,0.412741,0.420784
6868,0.420314,0.412722,0.420766
6869,0.420256,0.412662,0.420708
6870,0.420173,0.412578,0.420626
6871,0.42012,0.412523,0.420572
6872,0.420043,0.412446,0.420495
6873,0.420003,0.412405,0.420454
6874,0.419982,0.412383,0.420432
6875,0.419893,0.412292,0.420343
6876,0.419866,0.412265,0.420316
6877,0.419803,0.412201,0.420252
6878,0.419752,0.412148,0.4202
6879,0.4197,0.412096,0.420148
6880,0.419663,0.412058,0.42011
6881,0.419613,0.412007,0.42006
6882,0.419577,0.41197,0.420025
6883,0.419489,0.41188,0.419936
6884,0.419464,0.411855,0.419912
6885,0.419407,0.411796,0.419854
6886,0.419329,0.411717,0.419775
6887,0.419283,0.41167,0.419728
6888,0.419208,0.411593,0.419652
6889,0.419164,0.411549,0.419606
6890,0.419123,0.411507,0.419564
6891,0.419078,0.411461,0.419517
6892,0.41901,0.411391,0.419447
6893,0.41895,0.411331,0.419385
6894,0.418911,0.41129,0.419344
6895,0.418856,0.411235,0.419287
6896,0.418832,0.41121,0.419261
6897,0.418811,0.411189,0.419239
6898,0.418764,0.411141,0.419193
6899,0.418732,0.411108,0.419161
6900,0.418688,0.411063,0.419118
6901,0.418639,0.411013,0.41907
6902,0.418611,0.410985,0.419044
6903,0.418574,0.410947,0.41901
6904,0.418519,0.410891,0.418958
6905,0.418499,0.410871,0.418942
6906,0.418424,0.410794,0.41887
6907,0.418344,0.410713,0.418793
6908,0.418297,0.410665,0.418748
6909,0.418236,0.410603,0.418689
6910,0.418217,0.410582,0.418672
6911,0.418174,0.410539,0.418632
6912,0.418123,0.410487,0.418586
6913,0.418078,0.410441,0.418545
6914,0.418032,0.410394,0.418503
6915,0.417964,0.410325,0.418441
6916,0.417891,0.41025,0.418372
6917,0.417865,0.410223,0.41835
6918,0.417772,0.410129,0.418262
6919,0.417686,0.410041,0.418179
6920,0.417607,0.409961,0.418102
6921,0.417522,0.409874,0.418017
6922,0.417436,0.409787,0.417932
6923,0.41737,0.409719,0.417864
6924,0.417297,0.409645,0.41779
6925,0.417235,0.409581,0.417725
6926,0.417211,0.409557,0.4177
6927,0.417139,0.409483,0.417626
6928,0.417064,0.409407,0.41755
6929,0.417009,0.409351,0.417492
6930,0.416984,0.409326,0.417466
6931,0.416961,0.409302,0.417442
6932,0.416911,0.409251,0.417393
6933,0.416844,0.409182,0.417326
6934,0.416766,0.409103,0.417249
6935,0.416727,0.409063,0.41721
6936,0.416667,0.409002,0.417149
6937,0.416604,0.408937,0.417086
6938,0.416524,0.408856,0.417006
6939,0.416443,0.408773,0.416923
6940,0.416416,0.408746,0.416894
6941,0.416394,0.408724,0.416872
6942,0.416323,0.408651,0.4168
6943,0.416236,0.408562,0.416712
6944,0.416204,0.408529,0.416678
6945,0.416153,0.408477,0.416627
6946,0.416117,0.408441,0.41659
6947,0.41607,0.408393,0.416544
6948,0.416012,0.408334,0.416486
6949,0.415985,0.408307,0.41646
6950,0.415896,0.408215,0.416372
6951,0.415862,0.408181,0.416339
6952,0.415777,0.408094,0.416254
6953,0.415699,0.408015,0.416175
6954,0.415619,0.407933,0.416093
6955,0.415595,0.407908,0.416067
6956,0.415539,0.407851,0.41601
6957,0.41551,0.407821,0.41598
6958,0.415482,0.407793,0.415952
6959,0.415426,0.407736,0.415898
6960,0.415361,0.407669,0.415833
6961,0.415304,0.407611,0.415776
6962,0.415239,0.407546,0.415712
6963,0.415166,0.407471,0.415638
6964,0.415146,0.40745,0.415618
6965,0.415102,0.407406,0.415575
6966,0.41503,0.407333,0.415504
6967,0.414954,0.407255,0.415428
6968,0.414863,0.407162,0.415335
6969,0.414827,0.407125,0.415297
6970,0.41477,0.407067,0.415239
6971,0.414709,0.407005,0.415176
6972,0.414675,0.406971,0.415141
6973,0.414627,0.406921,0.415091
6974,0.414608,0.406902,0.415072
6975,0.414565,0.406858,0.41503
6976,0.414494,0.406785,0.41496
6977,0.414472,0.406763,0.414938
6978,0.414397,0.406686,0.414865
6979,0.414325,0.406613,0.414794
6980,0.414241,0.406528,0.414709
6981,0.414207,0.406493,0.414674
6982,0.414153,0.406438,0.41462
6983,0.414109,0.406392,0.414575
6984,0.414055,0.406338,0.414521
6985,0.413999,0.406281,0.414465
6986,0.413962,0.406242,0.414427
6987,0.413871,0.40615,0.414336
6988,0.413825,0.406103,0.41429
6989,0.413797,0.406074,0.414261
6990,0.413715,0.405991,0.414179
6991,0.413644,0.405919,0.414107
6992,0.413565,0.405838,0.414024
6993,0.413514,0.405786,0.41397
6994,0.413491,0.405763,0.413945
6995,0.413463,0.405734,0.413915
6996,0.413426,0.405696,0.413878
6997,0.413368,0.405637,0.413819
6998,0.413331,0.405599,0.413782
6999,0.413257,0.405524,0.413708
7000,0.413199,0.405464,0.413649
7001,0.413113,0.405377,0.413561
7002,0.413067,0.40533,0.413512
7003,0.413037,0.405299,0.41348
7004,0.413018,0.40528,0.41346
7005,0.412952,0.405213,0.413393
7006,0.412925,0.405186,0.413366
7007,0.412881,0.405141,0.413322
7008,0.412835,0.405093,0.413275
7009,0.412809,0.405066,0.41325
7010,0.412742,0.404998,0.413184
7011,0.412706,0.404961,0.413149
7012,0.412659,0.404914,0.413105
7013,0.41262,0.404874,0.413067
7014,0.412576,0.404829,0.413025
7015,0.41254,0.404792,0.412992
7016,0.41249,0.404741,0.412946
7017,0.412441,0.404692,0.412901
7018,0.412355,0.404604,0.412818
7019,0.412304,0.404552,0.412769
7020,0.412265,0.404512,0.412733
7021,0.412192,0.404437,0.412662
7022,0.412132,0.404376,0.412604
7023,0.412073,0.404316,0.412547
7024,0.412046,0.404289,0.412523
7025,0.412001,0.404242,0.412481
7026,0.41192,0.40416,0.412403
7027,0.411849,0.404087,0.412334
7028,0.411772,0.404009,0.412259
7029,0.411711,0.403947,0.412199
7030,0.411622,0.403856,0.41211
7031,0.411561,0.403794,0.412049
7032,0.411488,0.403719,0.411974
7033,0.4114,0.40363,0.411884
7034,0.411311,0.403539,0.411791
7035,0.41129,0.403518,0.411766
7036,0.411231,0.403457,0.411704
7037,0.411199,0.403424,0.411668
7038,0.411155,0.403379,0.411622
7039,0.41113,0.403355,0.411596
7040,0.411073,0.403296,0.411538
7041,0.41105,0.403272,0.411514
7042,0.410969,0.40319,0.411434
7043,0.410885,0.403104,0.411348
7044,0.410838,0.403056,0.411299
7045,0.410782,0.402999,0.411241
7046,0.410759,0.402976,0.411216
7047,0.410734,0.40295,0.411191
7048,0.410691,0.402907,0.411149
7049,0.41062,0.402834,0.411078
7050,0.41059,0.402803,0.411048
7051,0.410534,0.402746,0.410993
7052,0.410483,0.402694,0.410942
7053,0.410421,0.402631,0.410882
7054,0.41036,0.402569,0.410821
7055,0.410332,0.40254,0.410793
7056,0.410279,0.402486,0.410741
7057,0.410209,0.402415,0.410672
7058,0.410118,0.402322,0.410581
7059,0.410057,0.402259,0.410518
7060,0.410031,0.402233,0.41049
7061,0.409999,0.4022,0.410458
7062,0.409947,0.402147,0.410406
7063,0.409918,0.402118,0.410378
7064,0.409896,0.402096,0.410359
7065,0.409833,0.402031,0.410298
7066,0.409785,0.401982,0.410253
7067,0.409707,0.401903,0.410177
7068,0.409615,0.401808,0.410086
7069,0.40954,0.401732,0.41001
7070,0.409457,0.401648,0.409926
7071,0.409439,0.401629,0.409906
7072,0.40942,0.40161,0.409887
7073,0.409385,0.401574,0.409853
7074,0.409294,0.401481,0.409763
7075,0.409258,0.401445,0.409727
7076,0.409186,0.401372,0.409656
7077,0.409148,0.401333,0.409618
7078,0.40912,0.401304,0.409591
7079,0.409046,0.401229,0.409519
7080,0.408992,0.401173,0.409465
7081,0.408969,0.40115,0.409443
7082,0.40893,0.40111,0.409408
7083,0.408887,0.401067,0.409368
7084,0.408815,0.400992,0.409299
7085,0.408743,0.40092,0.409231
7086,0.408699,0.400875,0.409189
7087,0.408636,0.40081,0.409128
7088,0.408555,0.400728,0.40905
7089,0.408482,0.400653,0.408978
7090,0.408401,0.40057,0.408898
7091,0.408375,0.400544,0.408872
7092,0.408283,0.40045,0.408781
7093,0.408226,0.400392,0.408723
7094,0.408169,0.400334,0.408666
7095,0.408093,0.400257,0.408591
7096,0.408038,0.400201,0.408534
7097,0.407978,0.400139,0.408473
7098,0.407931,0.400091,0.408425
7099,0.407892,0.400051,0.408386
7100,0.407827,0.399985,0.408321
7101,0.407751,0.399907,0.408244
7102,0.407721,0.399877,0.408214
7103,0.407648,0.399802,0.408141
7104,0.407582,0.399735,0.408074
7105,0.407513,0.399665,0.408004
7106,0.407452,0.399602,0.407941
7107,0.407407,0.399557,0.407895
7108,0.407326,0.399474,0.407812
7109,0.407304,0.399452,0.407789
7110,0.407271,0.399418,0.407755
7111,0.407202,0.399348,0.407686
7112,0.407141,0.399285,0.407624
7113,0.407068,0.399211,0.40755
7114,0.407001,0.399142,0.407481
7115,0.40697,0.399111,0.407448
7116,0.406945,0.399085,0.407423
7117,0.406863,0.399002,0.407341
7118,0.406794,0.398931,0.40727
7119,0.406757,0.398894,0.407232
7120,0.40672,0.398856,0.407194
7121,0.406686,0.398822,0.40716
7122,0.406615,0.398749,0.407089
7123,0.406571,0.398704,0.407045
7124,0.406548,0.398681,0.407023
7125,0.406491,0.398623,0.406968
7126,0.406443,0.398573,0.406921
7127,0.406407,0.398536,0.406887
7128,0.406378,0.398507,0.406862
7129,0.406286,0.398413,0.406774
7130,0.406201,0.398327,0.40669
7131,0.406122,0.398246,0.406612
7132,0.406086,0.398209,0.406576
7133,0.406025,0.398147,0.406516
7134,0.405979,0.398101,0.406471
7135,0.405908,0.398027,0.4064
7136,0.405845,0.397964,0.406339
7137,0.405777,0.397894,0.40627
7138,0.405735,0.397851,0.406228
7139,0.405693,0.397809,0.406187
7140,0.405613,0.397727,0.406108
7141,0.405566,0.397679,0.406061
7142,0.405526,0.397638,0.406022
7143,0.405466,0.397577,0.405963
7144,0.405384,0.397493,0.405881
7145,0.405317,0.397425,0.405814
7146,0.405237,0.397343,0.405733
7147,0.405188,0.397293,0.405682
7148,0.405163,0.397268,0.405657
7149,0.405125,0.397229,0.40562
7150,0.405051,0.397153,0.405546
7151,0.404976,0.397077,0.40547
7152,0.40495,0.397051,0.405445
7153,0.404891,0.39699,0.405386
7154,0.404843,0.396941,0.405339
7155,0.404799,0.396896,0.405296
7156,0.404737,0.396833,0.405236
7157,0.404686,0.396781,0.405187
7158,0.404605,0.396699,0.405107
7159,0.404528,0.39662,0.405031
7160,0.404481,0.396572,0.404983
7161,0.404456,0.396547,0.404959
7162,0.404364,0.396453,0.404869
7163,0.404285,0.396372,0.404789
7164,0.404231,0.396317,0.404734
7165,0.404168,0.396253,0.404671
7166,0.404107,0.396191,0.404609
7167,0.404065,0.396148,0.404566
7168,0.403986,0.396067,0.404485
7169,0.403923,0.396003,0.404421
7170,0.403858,0.395936,0.404354
7171,0.403778,0.395855,0.404272
7172,0.403752,0.395828,0.404243
7173,0.40373,0.395806,0.404219
7174,0.403687,0.395762,0.404176
7175,0.403619,0.395693,0.404109
7176,0.40356,0.395633,0.40405
7177,0.403477,0.395548,0.403965
7178,0.403441,0.395511,0.403927
7179,0.403356,0.395424,0.40384
7180,0.403297,0.395364,0.403779
7181,0.403248,0.395315,0.403728
7182,0.403218,0.395284,0.403696
7183,0.403158,0.395222,0.403634
7184,0.403072,0.395135,0.403546
7185,0.403038,0.3951,0.403509
7186,0.403009,0.395071,0.403478
7187,0.402923,0.394983,0.40339
7188,0.402895,0.394955,0.40336
7189,0.402864,0.394923,0.403328
7190,0.402838,0.394897,0.403302
7191,0.402758,0.394815,0.403221
7192,0.402714,0.394769,0.403176
7193,0.402643,0.394697,0.403104
7194,0.402558,0.394611,0.403017
7195,0.402527,0.394579,0.402983
7196,0.402457,0.394507,0.40291
7197,0.402421,0.394471,0.402871
7198,0.402379,0.394428,0.402827
7199,0.402349,0.394397,0.402795
7200,0.402324,0.394372,0.402769
7201,0.402262,0.394309,0.402707
7202,0.402239,0.394286,0.402684
7203,0.402157,0.394202,0.402602
7204,0.402116,0.39416,0.40256
7205,0.402046,0.394089,0.402489
7206,0.402018,0.39406,0.40246
7207,0.401994,0.394036,0.402436
7208,0.401951,0.393992,0.402393
7209,0.401873,0.393912,0.402315
7210,0.401836,0.393874,0.402277
7211,0.40181,0.393848,0.402252
7212,0.40177,0.393807,0.402213
7213,0.401735,0.393771,0.40218
7214,0.401682,0.393717,0.402129
7215,0.401631,0.393665,0.40208
7216,0.401591,0.393624,0.402042
7217,0.401572,0.393605,0.402027
7218,0.401494,0.393525,0.401952
7219,0.401454,0.393485,0.401915
7220,0.401375,0.393404,0.401838
7221,0.401317,0.393345,0.401783
7222,0.40124,0.393266,0.401707
7223,0.40121,0.393235,0.401678
7224,0.401155,0.39318,0.401626
7225,0.401085,0.393108,0.401557
7226,0.401039,0.393061,0.401512
7227,0.401004,0.393025,0.401479
7228,0.400924,0.392944,0.401401
7229,0.400873,0.392892,0.401352
7230,0.400826,0.392844,0.401306
7231,0.400804,0.392822,0.401286
7232,0.400744,0.39276,0.401229
7233,0.400663,0.392678,0.401151
7234,0.400615,0.392628,0.401105
7235,0.400529,0.392541,0.401022
7236,0.400457,0.392468,0.40095
7237,0.400372,0.39238,0.400865
7238,0.400299,0.392307,0.400791
7239,0.400253,0.39226,0.400744
7240,0.400225,0.392231,0.400714
7241,0.400172,0.392177,0.400662
7242,0.400101,0.392104,0.400591
7243,0.400026,0.392028,0.400515
7244,0.39998,0.391981,0.400468
7245,0.399959,0.391959,0.400446
7246,0.399936,0.391936,0.400425
7247,0.399877,0.391876,0.400368
7248,0.399806,0.391803,0.400298
7249,0.399748,0.391744,0.400241
7250,0.399682,0.391677,0.400177
7251,0.399602,0.391595,0.400097
7252,0.399568,0.391561,0.400064
7253,0.39952,0.391512,0.400016
7254,0.399432,0.391422,0.399929
7255,0.399353,0.391341,0.399849
7256,0.399329,0.391317,0.399825
7257,0.399241,0.391228,0.399737
7258,0.399202,0.391187,0.399696
7259,0.399162,0.391147,0.399657
7260,0.399142,0.391127,0.399638
7261,0.399058,0.391041,0.399555
7262,0.398988,0.39097,0.399486
7263,0.398903,0.390882,0.3994
7264,0.398831,0.390809,0.399327
7265,0.398798,0.390776,0.399293
7266,0.398706,0.390682,0.399199
7267,0.398646,0.390621,0.399137
7268,0.398598,0.390572,0.399086
7269,0.398567,0.39054,0.399053
7270,0.398522,0.390494,0.399006
7271,0.398441,0.390411,0.398924
7272,0.398415,0.390385,0.398897
7273,0.398385,0.390354,0.398866
7274,0.398343,0.390311,0.398824
7275,0.398304,0.390271,0.398786
7276,0.398275,0.390242,0.39876
7277,0.398216,0.390182,0.398703
7278,0.39817,0.390135,0.39866
7279,0.398079,0.390042,0.398571
7280,0.397989,0.38995,0.398482
7281,0.397964,0.389925,0.398458
7282,0.397895,0.389855,0.39839
7283,0.397808,0.389766,0.398303
7284,0.397762,0.389719,0.398257
7285,0.397673,0.389628,0.398166
7286,0.397613,0.389567,0.398104
7287,0.39756,0.389512,0.398049
7288,0.397476,0.389427,0.397963
7289,0.397441,0.389391,0.397925
7290,0.39737,0.389319,0.397852
7291,0.397333,0.389281,0.397811
7292,0.39729,0.389238,0.397766
7293,0.397265,0.389212,0.397739
7294,0.397207,0.389152,0.39768
7295,0.397183,0.389129,0.397656
7296,0.397137,0.389081,0.39761
7297,0.397116,0.38906,0.397591
7298,0.397054,0.388996,0.39753
7299,0.39699,0.388932,0.397468
7300,0.396915,0.388855,0.397394
7301,0.396833,0.388772,0.397312
7302,0.396751,0.388687,0.397228
7303,0.396725,0.388661,0.3972
7304,0.396678,0.388613,0.397152
7305,0.396634,0.388568,0.397108
7306,0.39656,0.388492,0.397033
7307,0.396525,0.388457,0.396997
7308,0.396491,0.388422,0.396963
7309,0.396471,0.388402,0.396943
7310,0.396426,0.388356,0.3969
7311,0.396384,0.388313,0.39686
7312,0.396326,0.388254,0.396806
7313,0.396243,0.388169,0.396724
7314,0.396195,0.388121,0.396678
7315,0.396175,0.3881,0.39666
7316,0.396083,0.388006,0.39657
7317,0.395996,0.387918,0.396484
7318,0.395948,0.387868,0.396436
7319,0.395924,0.387844,0.396413
7320,0.39587,0.387789,0.396361
7321,0.395803,0.38772,0.396294
7322,0.395712,0.387628,0.396204
7323,0.39569,0.387605,0.396182
7324,0.39561,0.387524,0.396103
7325,0.395591,0.387504,0.396085
7326,0.395533,0.387445,0.396029
7327,0.395498,0.387409,0.395995
7328,0.395407,0.387316,0.395906
7329,0.395374,0.387283,0.395875
7330,0.395296,0.387204,0.395799
7331,0.395226,0.387132,0.395729
7332,0.395185,0.38709,0.39569
7333,0.395096,0.386999,0.395601
7334,0.395026,0.386928,0.39553
7335,0.394992,0.386894,0.395497
7336,0.394953,0.386854,0.395459
7337,0.394907,0.386807,0.395414
7338,0.39484,0.386738,0.395348
7339,0.394801,0.386698,0.395311
7340,0.394725,0.386621,0.395237
7341,0.394682,0.386577,0.395196
7342,0.394645,0.38654,0.395162
7343,0.394553,0.386446,0.395072
7344,0.394499,0.38639,0.39502
7345,0.394423,0.386313,0.394946
7346,0.394382,0.386271,0.394906
7347,0.39429,0.386178,0.394815
7348,0.394245,0.386131,0.394771
7349,0.394157,0.386042,0.394684
7350,0.394097,0.385981,0.394624
7351,0.394039,0.385921,0.394566
7352,0.393954,0.385835,0.394481
7353,0.39389,0.385769,0.394416
7354,0.393858,0.385737,0.394383
7355,0.393799,0.385677,0.394324
7356,0.393778,0.385655,0.394303
7357,0.393735,0.385612,0.394263
7358,0.393656,0.38553,0.394186
7359,0.393608,0.385482,0.39414
7360,0.393524,0.385396,0.394058
7361,0.393438,0.385308,0.393972
7362,0.393361,0.38523,0.393895
7363,0.393269,0.385136,0.393802
7364,0.393246,0.385112,0.393777
7365,0.393207,0.385072,0.393738
7366,0.393128,0.384992,0.393659
7367,0.393048,0.384911,0.393579
7368,0.393028,0.38489,0.393559
7369,0.39297,0.384831,0.393501
7370,0.392948,0.384809,0.393481
7371,0.392882,0.384741,0.393417
7372,0.392852,0.38471,0.39339
7373,0.392777,0.384634,0.393318
7374,0.392695,0.38455,0.393239
7375,0.392615,0.384468,0.39316
7376,0.392553,0.384405,0.3931
7377,0.392524,0.384376,0.393073
7378,0.392433,0.384283,0.392985
7379,0.392376,0.384225,0.39293
7380,0.392339,0.384187,0.392895
7381,0.392248,0.384095,0.392807
7382,0.39216,0.384005,0.39272
7383,0.392088,0.383931,0.392649
7384,0.391996,0.383837,0.392556
7385,0.391945,0.383785,0.392505
7386,0.391869,0.383708,0.392429
7387,0.39182,0.383658,0.392379
7388,0.391744,0.38358,0.392303
7389,0.391672,0.383507,0.39223
7390,0.391609,0.383442,0.392166
7391,0.391543,0.383376,0.392099
7392,0.391476,0.383307,0.392031
7393,0.391389,0.383218,0.391941
7394,0.391337,0.383166,0.391887
7395,0.391305,0.383133,0.391853
7396,0.39125,0.383077,0.391798
7397,0.391165,0.38299,0.391712
7398,0.391105,0.382929,0.39165
7399,0.391082,0.382906,0.391627
7400,0.391025,0.382847,0.391569
7401,0.390968,0.382789,0.391513
7402,0.390881,0.3827,0.391426
7403,0.390809,0.382627,0.391353
7404,0.390765,0.382581,0.391308
7405,0.390677,0.382492,0.391219
7406,0.390608,0.382422,0.391148
7407,0.39056,0.382373,0.391098
7408,0.390474,0.382285,0.39101
7409,0.390422,0.382232,0.390955
7410,0.390335,0.382143,0.390865
7411,0.390271,0.382078,0.390797
7412,0.390251,0.382058,0.390774
7413,0.390192,0.381997,0.390712
7414,0.390132,0.381937,0.39065
7415,0.390057,0.38186,0.390571
7416,0.389998,0.381799,0.390508
7417,0.389964,0.381765,0.390472
7418,0.389904,0.381704,0.390409
7419,0.389838,0.381637,0.39034
7420,0.389814,0.381612,0.390313
7421,0.389761,0.381558,0.390258
7422,0.38969,0.381486,0.390184
7423,0.389647,0.381441,0.390138
7424,0.389619,0.381413,0.390108
7425,0.389528,0.38132,0.390015
7426,0.389505,0.381296,0.389989
7427,0.389439,0.381229,0.389921
7428,0.389416,0.381206,0.389896
7429,0.389387,0.381176,0.389866
7430,0.38933,0.381118,0.389809
7431,0.389263,0.38105,0.389741
7432,0.389224,0.38101,0.389701
7433,0.389135,0.380919,0.389611
7434,0.389091,0.380874,0.389565
7435,0.389063,0.380846,0.389536
7436,0.389035,0.380817,0.389507
7437,0.389005,0.380786,0.389477
7438,0.388961,0.380742,0.389435
7439,0.388915,0.380695,0.389391
7440,0.388895,0.380674,0.389373
7441,0.388832,0.38061,0.389313
7442,0.388754,0.38053,0.389237
7443,0.3887,0.380475,0.389185
7444,0.38867,0.380445,0.389158
7445,0.38861,0.380383,0.3891
7446,0.388549,0.380322,0.389041
7447,0.388479,0.38025,0.388973
7448,0.388424,0.380194,0.38892
7449,0.388376,0.380145,0.388873
7450,0.388297,0.380065,0.388796
7451,0.388227,0.379993,0.388727
7452,0.388147,0.379911,0.388646
7453,0.388078,0.379841,0.388575
7454,0.388059,0.379822,0.388556
7455,0.38803,0.379792,0.388527
7456,0.38795,0.379711,0.388448
7457,0.387887,0.379647,0.388385
7458,0.387807,0.379565,0.388304
7459,0.387779,0.379536,0.388275
7460,0.387715,0.379471,0.38821
7461,0.387677,0.379432,0.388171
7462,0.3876,0.379353,0.388094
7463,0.387572,0.379325,0.388065
7464,0.387514,0.379266,0.388008
7465,0.387487,0.379239,0.387982
7466,0.387438,0.379188,0.387933
7467,0.387352,0.379101,0.387849
7468,0.387277,0.379025,0.387774
7469,0.387208,0.378953,0.387703
7470,0.387158,0.378902,0.387652
7471,0.387137,0.378881,0.387631
7472,0.387099,0.378843,0.387594
7473,0.38702,0.378762,0.387515
7474,0.386957,0.378697,0.387452
7475,0.386914,0.378654,0.387409
7476,0.386886,0.378625,0.387382
7477,0.386847,0.378586,0.387345
7478,0.386817,0.378555,0.387317
7479,0.386734,0.37847,0.387236
7480,0.386667,0.378402,0.387172
7481,0.386605,0.378338,0.387111
7482,0.386512,0.378244,0.387019
7483,0.38646,0.378191,0.386967
7484,0.386404,0.378134,0.386911
7485,0.386329,0.378057,0.386835
7486,0.386271,0.377998,0.386776
7487,0.38623,0.377956,0.386735
7488,0.386187,0.377912,0.386692
7489,0.386135,0.37786,0.386641
7490,0.386048,0.377771,0.386553
7491,0.386011,0.377732,0.386515
7492,0.385947,0.377668,0.386451
7493,0.385893,0.377613,0.386397
7494,0.385853,0.377572,0.386357
7495,0.385811,0.377528,0.386315
7496,0.385752,0.377468,0.386257
7497,0.385685,0.3774,0.386191
7498,0.385623,0.377337,0.38613
7499,0.385576,0.377289,0.386082
7500,0.385499,0.37721,0.386006
7501,0.385412,0.377122,0.385918
7502,0.385352,0.377061,0.385856
7503,0.385281,0.376988,0.385783
7504,0.385221,0.376927,0.38572
7505,0.385143,0.376848,0.385639
7506,0.385097,0.3768,0.385589
7507,0.385068,0.37677,0.385557
7508,0.385036,0.376738,0.385523
7509,0.385017,0.376719,0.385503
7510,0.384978,0.376679,0.385465
7511,0.384926,0.376626,0.385413
7512,0.384888,0.376588,0.385377
7513,0.384851,0.37655,0.385341
7514,0.384798,0.376496,0.38529
7515,0.384768,0.376465,0.385263
7516,0.384741,0.376438,0.38524
7517,0.384683,0.376378,0.385186
7518,0.384605,0.376299,0.385113
7519,0.384517,0.376209,0.385028
7520,0.384428,0.376118,0.38494
7521,0.384396,0.376085,0.384909
7522,0.384311,0.375999,0.384826
7523,0.384222,0.375908,0.384737
7524,0.384189,0.375874,0.384704
7525,0.384101,0.375784,0.384616
7526,0.38406,0.375743,0.384574
7527,0.383993,0.375675,0.384507
7528,0.383938,0.375618,0.384451
7529,0.383852,0.375531,0.384364
7530,0.383805,0.375483,0.384315
7531,0.383761,0.375438,0.384269
7532,0.383727,0.375403,0.384235
7533,0.383685,0.37536,0.384194
7534,0.383614,0.375288,0.384123
7535,0.383571,0.375243,0.384079
7536,0.383494,0.375166,0.384003
7537,0.383467,0.375138,0.383976
7538,0.383412,0.375082,0.383922
7539,0.383326,0.374994,0.383837
7540,0.383268,0.374935,0.383778
7541,0.383249,0.374915,0.383759
7542,0.383157,0.374821,0.383668
7543,0.383133,0.374797,0.383644
7544,0.383066,0.374729,0.383578
7545,0.382999,0.37466,0.383511
7546,0.382926,0.374586,0.383438
7547,0.382872,0.374531,0.383384
7548,0.382805,0.374463,0.383317
7549,0.382785,0.374442,0.383296
7550,0.382728,0.374384,0.38324
7551,0.382639,0.374293,0.383151
7552,0.382554,0.374207,0.383065
7553,0.382521,0.374173,0.38303
7554,0.382483,0.374134,0.382992
7555,0.382463,0.374113,0.382972
7556,0.382421,0.374071,0.382932
7557,0.382337,0.373986,0.38285
7558,0.382246,0.373893,0.382759
7559,0.382167,0.373812,0.382678
7560,0.382076,0.373719,0.382585
7561,0.382027,0.37367,0.382533
7562,0.382005,0.373647,0.382508
7563,0.381938,0.373579,0.38244
7564,0.381888,0.373528,0.382388
7565,0.381856,0.373494,0.382353
7566,0.381788,0.373425,0.382284
7567,0.381761,0.373398,0.382257
7568,0.381719,0.373355,0.382214
7569,0.381635,0.373269,0.38213
7570,0.381589,0.373222,0.382083
7571,0.381569,0.373202,0.382063
7572,0.381543,0.373175,0.382038
7573,0.381496,0.373128,0.381993
7574,0.381419,0.373049,0.381918
7575,0.381341,0.372969,0.38184
7576,0.381286,0.372913,0.381786
7577,0.381258,0.372885,0.381759
7578,0.381195,0.37282,0.381696
7579,0.381159,0.372784,0.381662
7580,0.381134,0.372758,0.381639
7581,0.381053,0.372676,0.381562
7582,0.380984,0.372606,0.381495
7583,0.380947,0.372567,0.38146
7584,0.38087,0.372488,0.381385
7585,0.380804,0.372421,0.381321
7586,0.380712,0.372328,0.38123
7587,0.380633,0.372247,0.38115
7588,0.380546,0.372158,0.381061
7589,0.38051,0.372121,0.381022
7590,0.380432,0.372042,0.380942
7591,0.380408,0.372018,0.380916
7592,0.380316,0.371924,0.380823
7593,0.380288,0.371895,0.380792
7594,0.380259,0.371866,0.380762
7595,0.380215,0.371821,0.380718
7596,0.380185,0.371791,0.380689
7597,0.380148,0.371752,0.380653
7598,0.380066,0.371669,0.380572
7599,0.379975,0.371576,0.380481
7600,0.379909,0.371508,0.380414
7601,0.379855,0.371453,0.380358
7602,0.379808,0.371405,0.38031
7603,0.379778,0.371375,0.38028
7604,0.37971,0.371306,0.380212
7605,0.379625,0.371219,0.380126
7606,0.379605,0.371199,0.380105
7607,0.37958,0.371173,0.38008
7608,0.379559,0.371152,0.380061
7609,0.379486,0.371077,0.37999
7610,0.379439,0.37103,0.379946
7611,0.379379,0.370969,0.379888
7612,0.379301,0.370888,0.37981
7613,0.379244,0.37083,0.379754
7614,0.379153,0.370738,0.379664
7615,0.37907,0.370653,0.37958
7616,0.379008,0.37059,0.379516
7617,0.37894,0.37052,0.379446
7618,0.3789,0.37048,0.379403
7619,0.37881,0.370388,0.379311
7620,0.378758,0.370335,0.379256
7621,0.378703,0.370278,0.379196
7622,0.378664,0.370239,0.379154
7623,0.378582,0.370155,0.379069
7624,0.378562,0.370135,0.379045
7625,0.378531,0.370103,0.379011
7626,0.378467,0.370038,0.378945
7627,0.378434,0.370004,0.37891
7628,0.378412,0.369982,0.378886
7629,0.378328,0.369896,0.378801
7630,0.378293,0.36986,0.378764
7631,0.378273,0.36984,0.378744
7632,0.378249,0.369815,0.37872
7633,0.378184,0.369749,0.378656
7634,0.378112,0.369676,0.378584
7635,0.378072,0.369635,0.378544
7636,0.378051,0.369614,0.378524
7637,0.377992,0.369553,0.378466
7638,0.377963,0.369524,0.378439
7639,0.377871,0.36943,0.378349
7640,0.377807,0.369365,0.378284
7641,0.377765,0.369322,0.378243
7642,0.377714,0.36927,0.378192
7643,0.377666,0.369221,0.378144
7644,0.377642,0.369196,0.378121
7645,0.377605,0.369158,0.378085
7646,0.377529,0.369081,0.378012
7647,0.377451,0.369002,0.377934
7648,0.377376,0.368925,0.377859
7649,0.377319,0.368866,0.377801
7650,0.377288,0.368835,0.377769
7651,0.377226,0.368772,0.377707
7652,0.377202,0.368747,0.377683
7653,0.377154,0.368699,0.377636
7654,0.377127,0.368672,0.377611
7655,0.377102,0.368646,0.377588
7656,0.377046,0.368588,0.377535
7657,0.376968,0.368509,0.37746
7658,0.376898,0.368437,0.377391
7659,0.376861,0.368399,0.377356
7660,0.3768,0.368338,0.377298
7661,0.376741,0.368277,0.377241
7662,0.376681,0.368216,0.377183
7663,0.376597,0.36813,0.377099
7664,0.376552,0.368084,0.377055
7665,0.37648,0.368012,0.376984
7666,0.376401,0.36793,0.376904
7667,0.376339,0.367867,0.376841
7668,0.376303,0.367831,0.376805
7669,0.376256,0.367782,0.376757
7670,0.376223,0.367749,0.376724
7671,0.376135,0.367659,0.376637
7672,0.376112,0.367636,0.376614
7673,0.376049,0.367571,0.376551
7674,0.376017,0.367538,0.37652
7675,0.375947,0.367468,0.376452
7676,0.375883,0.367402,0.376389
7677,0.375831,0.36735,0.376338
7678,0.375796,0.367313,0.376304
7679,0.375713,0.367229,0.376222
7680,0.375654,0.367168,0.376163
7681,0.375631,0.367146,0.376142
7682,0.375567,0.36708,0.376079
7683,0.375493,0.367004,0.376006
7684,0.375453,0.366964,0.375967
7685,0.375364,0.366873,0.375879
7686,0.375315,0.366823,0.37583
7687,0.375245,0.366751,0.37576
7688,0.375178,0.366683,0.375693
7689,0.375117,0.366621,0.375631
7690,0.375053,0.366555,0.375566
7691,0.375015,0.366517,0.375527
7692,0.374971,0.366472,0.375483
7693,0.374881,0.36638,0.375393
7694,0.37484,0.366338,0.37535
7695,0.37477,0.366267,0.375279
7696,0.374737,0.366233,0.375245
7697,0.37468,0.366175,0.375188
7698,0.374624,0.366118,0.375131
7699,0.37456,0.366053,0.375067
7700,0.374505,0.365996,0.37501
7701,0.374445,0.365935,0.374949
7702,0.374395,0.365884,0.374898
7703,0.374362,0.365851,0.374865
7704,0.37431,0.365797,0.374812
7705,0.374281,0.365768,0.374784
7706,0.374258,0.365744,0.374762
7707,0.374178,0.365663,0.374684
7708,0.374104,0.365587,0.374611
7709,0.374073,0.365556,0.374581
7710,0.373999,0.365481,0.374509
7711,0.373954,0.365434,0.374465
7712,0.373904,0.365383,0.374416
7713,0.373833,0.365311,0.374347
7714,0.373754,0.365231,0.374269
7715,0.373682,0.365157,0.374196
7716,0.373614,0.365088,0.374128
7717,0.37358,0.365053,0.374093
7718,0.373511,0.364983,0.374024
7719,0.373446,0.364917,0.373958
7720,0.37342,0.364889,0.37393
7721,0.373391,0.364861,0.373902
7722,0.373323,0.364791,0.373835
7723,0.37325,0.364716,0.373762
7724,0.373222,0.364688,0.373735
7725,0.373183,0.364648,0.373697
7726,0.373098,0.364562,0.373614
7727,0.373048,0.364511,0.373565
7728,0.37298,0.364441,0.373497
7729,0.372907,0.364367,0.373424
7730,0.372836,0.364295,0.373353
7731,0.372807,0.364265,0.373323
7732,0.372761,0.364218,0.373278
7733,0.372694,0.364149,0.373211
7734,0.372607,0.36406,0.373123
7735,0.372576,0.364029,0.373092
7736,0.372525,0.363977,0.37304
7737,0.372435,0.363885,0.37295
7738,0.372397,0.363846,0.372911
7739,0.372327,0.363775,0.37284
7740,0.37227,0.363717,0.372781
7741,0.372251,0.363697,0.372762
7742,0.372162,0.363607,0.372673
7743,0.372107,0.363551,0.372617
7744,0.372038,0.363481,0.372546
7745,0.372014,0.363455,0.372521
7746,0.371946,0.363386,0.372452
7747,0.371875,0.363314,0.372379
7748,0.371823,0.363261,0.372326
7749,0.371772,0.363209,0.372273
7750,0.37174,0.363176,0.37224
7751,0.371667,0.363102,0.372166
7752,0.371632,0.363066,0.37213
7753,0.371545,0.362978,0.372042
7754,0.371523,0.362955,0.372018
7755,0.371504,0.362936,0.371999
7756,0.371446,0.362877,0.371942
7757,0.371426,0.362857,0.371923
7758,0.371362,0.362791,0.37186
7759,0.371304,0.362731,0.371803
7760,0.371214,0.36264,0.371714
7761,0.371186,0.362611,0.371686
7762,0.371138,0.362562,0.371638
7763,0.371118,0.362542,0.371621
7764,0.371033,0.362455,0.371538
7765,0.370957,0.362378,0.371462
7766,0.370872,0.362291,0.371377
7767,0.370844,0.362263,0.371349
7768,0.370807,0.362225,0.371312
7769,0.370725,0.362141,0.37123
7770,0.370664,0.362079,0.371169
7771,0.370609,0.362023,0.371113
7772,0.37058,0.361993,0.371084
7773,0.370545,0.361958,0.37105
7774,0.370485,0.361897,0.370991
7775,0.370452,0.361863,0.370959
7776,0.370419,0.361829,0.370928
7777,0.370373,0.361781,0.370885
7778,0.370285,0.361692,0.3708
7779,0.370235,0.361641,0.370752
7780,0.370163,0.361568,0.370682
7781,0.370112,0.361516,0.370633
7782,0.370032,0.361434,0.370554
7783,0.369948,0.361349,0.370471
7784,0.369924,0.361324,0.370447
7785,0.369876,0.361275,0.3704
7786,0.369813,0.36121,0.370338
7787,0.369721,0.361117,0.370247
7788,0.369656,0.361051,0.370182
7789,0.369585,0.360978,0.370109
7790,0.369519,0.360911,0.370043
7791,0.369486,0.360877,0.370008
7792,0.36945,0.360841,0.369972
7793,0.369364,0.360753,0.369886
7794,0.36933,0.360718,0.369851
7795,0.369246,0.360632,0.369766
7796,0.369199,0.360585,0.369719
7797,0.369166,0.36055,0.369685
7798,0.369102,0.360485,0.369621
7799,0.369061,0.360444,0.369581
7800,0.369017,0.360398,0.369536
7801,0.368976,0.360357,0.369497
7802,0.368924,0.360304,0.369447
7803,0.368853,0.360232,0.369378
7804,0.36883,0.360208,0.369356
7805,0.368751,0.360128,0.36928
7806,0.368731,0.360107,0.369263
7807,0.368646,0.36002,0.36918
7808,0.368569,0.359942,0.369106
7809,0.368539,0.359911,0.369078
7810,0.368463,0.359834,0.369005
7811,0.368412,0.359782,0.368955
7812,0.368336,0.359704,0.368882
7813,0.368287,0.359655,0.368835
7814,0.368201,0.359567,0.368751
7815,0.368138,0.359502,0.368689
7816,0.368079,0.359442,0.368631
7817,0.368033,0.359395,0.368586
7818,0.367957,0.359318,0.368512
7819,0.367883,0.359242,0.368439
7820,0.367826,0.359184,0.368382
7821,0.367759,0.359116,0.368316
7822,0.367729,0.359085,0.368287
7823,0.367679,0.359034,0.368239
7824,0.367654,0.359008,0.368217
7825,0.367561,0.358914,0.368128
7826,0.3675,0.358852,0.368069
7827,0.367423,0.358773,0.367994
7828,0.367353,0.358701,0.367926
7829,0.367263,0.358609,0.367837
7830,0.3672,0.358545,0.367775
7831,0.367156,0.358501,0.367732
7832,0.36709,0.358433,0.367667
7833,0.367069,0.358412,0.367649
7834,0.366977,0.358318,0.367559
7835,0.366899,0.358239,0.367483
7836,0.366826,0.358164,0.367411
7837,0.366748,0.358084,0.367334
7838,0.36668,0.358015,0.367266
7839,0.366602,0.357935,0.367188
7840,0.36652,0.357852,0.367105
7841,0.366443,0.357774,0.367027
7842,0.366355,0.357684,0.366936
7843,0.366306,0.357634,0.366885
7844,0.366227,0.357553,0.366804
7845,0.36616,0.357485,0.366734
7846,0.366108,0.357432,0.366678
7847,0.366057,0.35738,0.366624
7848,0.365969,0.35729,0.366533
7849,0.365939,0.35726,0.3665
7850,0.365916,0.357236,0.366475
7851,0.365833,0.357151,0.366391
7852,0.365771,0.357088,0.366327
7853,0.3657,0.357016,0.366254
7854,0.365649,0.356963,0.3662
7855,0.365601,0.356915,0.366151
7856,0.365519,0.356831,0.366066
7857,0.365447,0.356757,0.365991
7858,0.365411,0.356721,0.365952
7859,0.36534,0.356649,0.365878
7860,0.365301,0.356609,0.365836
7861,0.365245,0.356551,0.365777
7862,0.365204,0.35651,0.365735
7863,0.365123,0.356427,0.365651
7864,0.365056,0.356359,0.365581
7865,0.365019,0.356321,0.365541
7866,0.365,0.356301,0.365519
7867,0.364933,0.356233,0.365451
7868,0.364882,0.356182,0.365398
7869,0.364815,0.356112,0.365328
7870,0.364781,0.356078,0.365292
7871,0.364696,0.355992,0.365206
7872,0.364659,0.355954,0.365166
7873,0.36464,0.355934,0.365146
7874,0.36459,0.355884,0.365095
7875,0.364509,0.355801,0.365013
7876,0.364488,0.35578,0.364991
7877,0.36447,0.35576,0.364972
7878,0.364445,0.355736,0.364949
7879,0.364378,0.355667,0.364884
7880,0.364349,0.355637,0.364857
7881,0.364284,0.355571,0.364794
7882,0.36421,0.355496,0.364722
7883,0.364187,0.355472,0.364701
7884,0.364119,0.355403,0.364636
7885,0.364054,0.355337,0.364572
7886,0.364002,0.355284,0.364522
7887,0.363912,0.355192,0.364434
7888,0.363882,0.355161,0.364405
7889,0.363818,0.355096,0.364341
7890,0.363772,0.355049,0.364297
7891,0.363728,0.355004,0.364255
7892,0.363645,0.35492,0.364173
7893,0.36356,0.354833,0.364089
7894,0.363523,0.354795,0.364052
7895,0.363462,0.354733,0.363991
7896,0.363377,0.354646,0.363906
7897,0.363285,0.354553,0.363812
7898,0.363205,0.35447,0.363729
7899,0.363136,0.354401,0.363657
7900,0.363117,0.354381,0.363634
7901,0.363078,0.354341,0.363592
7902,0.363018,0.35428,0.36353
7903,0.362995,0.354256,0.363505
7904,0.362943,0.354204,0.363452
7905,0.362875,0.354134,0.363383
7906,0.36285,0.354108,0.363357
7907,0.36278,0.354037,0.363286
7908,0.362717,0.353973,0.363222
7909,0.362667,0.353921,0.36317
7910,0.362636,0.35389,0.363138
7911,0.362553,0.353805,0.363054
7912,0.362528,0.35378,0.363028
7913,0.362495,0.353746,0.362994
7914,0.362403,0.353653,0.362902
7915,0.36233,0.353578,0.362826
7916,0.362257,0.353504,0.362751
7917,0.362235,0.353481,0.362725
7918,0.362209,0.353455,0.362698
7919,0.362172,0.353417,0.362661
7920,0.362132,0.353376,0.36262
7921,0.362111,0.353355,0.3626
7922,0.362087,0.35333,0.362577
7923,0.362017,0.353259,0.362509
7924,0.361973,0.353214,0.362467
7925,0.36195,0.353191,0.362447
7926,0.361864,0.353103,0.362363
7927,0.361799,0.353036,0.362299
7928,0.361721,0.352957,0.362223
7929,0.361691,0.352926,0.362192
7930,0.361628,0.352862,0.362131
7931,0.361551,0.352783,0.362054
7932,0.361523,0.352755,0.362027
7933,0.361482,0.352714,0.361987
7934,0.361435,0.352665,0.361941
7935,0.36141,0.352639,0.361918
7936,0.361321,0.352549,0.361832
7937,0.361272,0.352499,0.361784
7938,0.361192,0.352417,0.361705
7939,0.361118,0.352341,0.361631
7940,0.361049,0.352271,0.361561
7941,0.361011,0.352233,0.361523
7942,0.36094,0.352161,0.361452
7943,0.360868,0.352087,0.361379
7944,0.360798,0.352015,0.361306
7945,0.360747,0.351963,0.361253
7946,0.360698,0.351913,0.361202
7947,0.36063,0.351844,0.361131
7948,0.360571,0.351784,0.36107
7949,0.360525,0.351737,0.361021
7950,0.360455,0.351665,0.360947
7951,0.360428,0.351638,0.360918
7952,0.360394,0.351603,0.360881
7953,0.360364,0.351573,0.360849
7954,0.360313,0.35152,0.360797
7955,0.360276,0.351483,0.360759
7956,0.36023,0.351436,0.360713
7957,0.360177,0.351383,0.360661
7958,0.360155,0.35136,0.360639
7959,0.360129,0.351333,0.360614
7960,0.360045,0.351248,0.360532
7961,0.360019,0.351221,0.360506
7962,0.359998,0.351199,0.360487
7963,0.359948,0.351148,0.36044
7964,0.359896,0.351095,0.360391
7965,0.359816,0.351014,0.360315
7966,0.359757,0.350954,0.360257
7967,0.359705,0.3509,0.360206
7968,0.359633,0.350827,0.360136
7969,0.359555,0.350747,0.360058
7970,0.359495,0.350686,0.359998
7971,0.359456,0.350647,0.35996
7972,0.359433,0.350623,0.359937
7973,0.359398,0.350587,0.359904
7974,0.359329,0.350517,0.359837
7975,0.359237,0.350423,0.359746
7976,0.359145,0.350329,0.359653
7977,0.359113,0.350297,0.35962
7978,0.359094,0.350277,0.359601
7979,0.359036,0.350219,0.359545
7980,0.358965,0.350146,0.359474
7981,0.358923,0.350103,0.359432
7982,0.358836,0.350015,0.359345
7983,0.358787,0.349965,0.359295
7984,0.358763,0.34994,0.359271
7985,0.358711,0.349887,0.35922
7986,0.358644,0.349818,0.359153
7987,0.358562,0.349735,0.359071
7988,0.358536,0.349709,0.359045
7989,0.358457,0.349628,0.358965
7990,0.358417,0.349587,0.358924
7991,0.358345,0.349514,0.358851
7992,0.358306,0.349473,0.358811
7993,0.358277,0.349444,0.358782
7994,0.358195,0.349361,0.3587
7995,0.35813,0.349294,0.358634
7996,0.358102,0.349266,0.358606
7997,0.358043,0.349205,0.358546
7998,0.357961,0.349121,0.358462
7999,0.357932,0.349092,0.358433
8000,0.357894,0.349054,0.358394
8001,0.357848,0.349007,0.358348
8002,0.357796,0.348953,0.358296
8003,0.357748,0.348905,0.358249
8004,0.357702,0.348857,0.358203
8005,0.357631,0.348785,0.358132
8006,0.3576,0.348754,0.358102
8007,0.357572,0.348725,0.358075
8008,0.357531,0.348683,0.358036
8009,0.357509,0.348661,0.358017
8010,0.357437,0.348587,0.357949
8011,0.357389,0.348538,0.357904
8012,0.357347,0.348495,0.357865
8013,0.357257,0.348404,0.357779
8014,0.357168,0.348313,0.357691
8015,0.357127,0.348271,0.357652
8016,0.35704,0.348183,0.357566
8017,0.357,0.348141,0.357527
8018,0.356923,0.348063,0.357451
8019,0.356862,0.348,0.357389
8020,0.356797,0.347935,0.357324
8021,0.356728,0.347864,0.357254
8022,0.356639,0.347773,0.357164
8023,0.356615,0.347749,0.357138
8024,0.356589,0.347722,0.357111
8025,0.356551,0.347683,0.357074
8026,0.356463,0.347594,0.356986
8027,0.356376,0.347505,0.356898
8028,0.356322,0.34745,0.356843
8029,0.356241,0.347367,0.356759
8030,0.356182,0.347307,0.356697
8031,0.356152,0.347276,0.356664
8032,0.35613,0.347254,0.35664
8033,0.356087,0.34721,0.356597
8034,0.356023,0.347145,0.356533
8035,0.355951,0.347072,0.356459
8036,0.355895,0.347015,0.356402
8037,0.355864,0.346982,0.356369
8038,0.355822,0.34694,0.356326
8039,0.35578,0.346897,0.356284
8040,0.355733,0.34685,0.356238
8041,0.355676,0.346791,0.356181
8042,0.355638,0.346753,0.356143
8043,0.355573,0.346686,0.356078
8044,0.355513,0.346625,0.356018
8045,0.355462,0.346573,0.355967
8046,0.355441,0.346552,0.355947
8047,0.355376,0.346485,0.355883
8048,0.355319,0.346427,0.355826
8049,0.355251,0.346358,0.355759
8050,0.355162,0.346266,0.355669
8051,0.355138,0.346243,0.355644
8052,0.355083,0.346186,0.355589
8053,0.355002,0.346103,0.355506
8054,0.354942,0.346043,0.355445
8055,0.354887,0.345986,0.355388
8056,0.354829,0.345927,0.355328
8057,0.354737,0.345833,0.355232
8058,0.354662,0.345756,0.355152
8059,0.354625,0.345719,0.355111
8060,0.354607,0.3457,0.355088
8061,0.354573,0.345666,0.355051
8062,0.354548,0.34564,0.355024
8063,0.35449,0.345581,0.354964
8064,0.35446,0.34555,0.354932
8065,0.354423,0.345513,0.354894
8066,0.354394,0.345484,0.354864
8067,0.35434,0.345429,0.35481
8068,0.354304,0.345392,0.354774
8069,0.354279,0.345366,0.354749
8070,0.354211,0.345296,0.354682
8071,0.354178,0.345263,0.35465
8072,0.354088,0.345172,0.35456
8073,0.354056,0.345138,0.354527
8074,0.354012,0.345094,0.354484
8075,0.353972,0.345053,0.354444
8076,0.353903,0.344983,0.354375
8077,0.353837,0.344916,0.354309
8078,0.353817,0.344895,0.354287
8079,0.35376,0.344837,0.354231
8080,0.353707,0.344783,0.354177
8081,0.353673,0.344748,0.354143
8082,0.353636,0.34471,0.354107
8083,0.353583,0.344656,0.354054
8084,0.353557,0.34463,0.354029
8085,0.353498,0.34457,0.353972
8086,0.35341,0.34448,0.353883
8087,0.353376,0.344445,0.353849
8088,0.353323,0.344391,0.353796
8089,0.3533,0.344367,0.353773
8090,0.353262,0.344328,0.353736
8091,0.353216,0.344282,0.353692
8092,0.353171,0.344236,0.353649
8093,0.353117,0.344181,0.353597
8094,0.353085,0.344148,0.353566
8095,0.353015,0.344077,0.353499
8096,0.352953,0.344014,0.353438
8097,0.352934,0.343994,0.353421
8098,0.352864,0.343923,0.353353
8099,0.35282,0.343878,0.353311
8100,0.352739,0.343795,0.353232
8101,0.352679,0.343734,0.353172
8102,0.352626,0.34368,0.35312
8103,0.352537,0.343589,0.35303
8104,0.352482,0.343534,0.352975
8105,0.352447,0.343497,0.352938
8106,0.352369,0.343418,0.352859
8107,0.352344,0.343392,0.352833
8108,0.352313,0.343361,0.352801
8109,0.352282,0.343329,0.352771
8110,0.352241,0.343288,0.352732
8111,0.352178,0.343223,0.35267
8112,0.352125,0.343169,0.352618
8113,0.352096,0.343139,0.35259
8114,0.352036,0.343079,0.352533
8115,0.351983,0.343024,0.352481
8116,0.35196,0.343,0.35246
8117,0.351885,0.342925,0.352388
8118,0.351817,0.342855,0.352321
8119,0.351797,0.342834,0.352303
8120,0.351714,0.34275,0.352222
8121,0.351642,0.342676,0.352152
8122,0.351558,0.342591,0.352068
8123,0.3515,0.342531,0.352009
8124,0.351448,0.342479,0.351957
8125,0.351402,0.342431,0.35191
8126,0.351372,0.3424,0.35188
8127,0.35131,0.342338,0.351819
8128,0.351259,0.342286,0.351768
8129,0.351224,0.34225,0.351734
8130,0.351135,0.34216,0.351646
8131,0.351112,0.342136,0.351623
8132,0.351044,0.342066,0.351555
8133,0.350961,0.341982,0.351472
8134,0.350918,0.341938,0.351428
8135,0.350857,0.341876,0.351367
8136,0.350823,0.341841,0.351333
8137,0.350783,0.3418,0.351293
8138,0.350713,0.341729,0.351224
8139,0.350677,0.341692,0.351188
8140,0.350637,0.341651,0.351148
8141,0.350571,0.341584,0.351083
8142,0.350534,0.341547,0.351048
8143,0.350468,0.341479,0.350983
8144,0.350423,0.341433,0.350939
8145,0.350404,0.341414,0.350923
8146,0.350342,0.34135,0.350863
8147,0.350298,0.341306,0.350822
8148,0.350211,0.341217,0.350737
8149,0.350131,0.341135,0.350659
8150,0.350056,0.341058,0.350584
8151,0.349993,0.340995,0.350521
8152,0.349921,0.340921,0.350449
8153,0.349884,0.340884,0.350411
8154,0.349816,0.340814,0.350342
8155,0.349755,0.340751,0.35028
8156,0.349675,0.34067,0.350198
8157,0.349646,0.34064,0.350168
8158,0.34958,0.340573,0.350101
8159,0.349491,0.340482,0.350009
8160,0.349443,0.340433,0.349958
8161,0.349411,0.340401,0.349924
8162,0.349373,0.340362,0.349884
8163,0.349298,0.340286,0.349808
8164,0.349214,0.3402,0.349721
8165,0.349156,0.340141,0.349659
8166,0.349121,0.340105,0.34962
8167,0.349072,0.340055,0.349568
8168,0.349005,0.339987,0.349497
8169,0.348982,0.339963,0.349471
8170,0.34896,0.339941,0.349447
8171,0.348919,0.339899,0.349404
8172,0.348896,0.339875,0.34938
8173,0.348877,0.339856,0.349361
8174,0.348839,0.339818,0.349325
8175,0.348811,0.339789,0.349298
8176,0.348786,0.339763,0.349276
8177,0.348708,0.339684,0.349201
8178,0.348637,0.339612,0.349132
8179,0.348554,0.339526,0.34905
8180,0.348534,0.339506,0.349031
8181,0.348442,0.339412,0.348939
8182,0.348393,0.339363,0.34889
8183,0.348324,0.339292,0.348821
8184,0.348279,0.339246,0.348775
8185,0.348259,0.339226,0.348755
8186,0.348215,0.339181,0.348712
8187,0.348138,0.339103,0.348636
8188,0.3481,0.339063,0.348597
8189,0.348043,0.339005,0.348541
8190,0.347997,0.338958,0.348495
8191,0.347924,0.338884,0.348422
8192,0.347904,0.338864,0.348403
8193,0.347819,0.338777,0.348317
8194,0.347748,0.338705,0.348246
8195,0.347716,0.338672,0.348213
8196,0.347672,0.338627,0.348169
8197,0.347628,0.338582,0.348124
8198,0.347604,0.338558,0.348101
8199,0.347536,0.338488,0.348034
8200,0.347458,0.338409,0.347956
8201,0.347411,0.338361,0.347908
8202,0.347344,0.338292,0.34784
8203,0.347316,0.338264,0.347811
8204,0.347255,0.338202,0.347751
8205,0.347208,0.338153,0.347702
8206,0.347176,0.338121,0.347671
8207,0.34715,0.338095,0.347646
8208,0.347066,0.338009,0.347562
8209,0.347046,0.337988,0.347543
8210,0.347012,0.337954,0.347511
8211,0.34698,0.337922,0.347481
8212,0.34692,0.33786,0.347423
8213,0.346837,0.337776,0.347343
8214,0.346747,0.337684,0.347253
8215,0.346703,0.337639,0.347209
8216,0.346659,0.337594,0.347165
8217,0.346633,0.337567,0.34714
8218,0.346598,0.337531,0.347107
8219,0.346568,0.337501,0.34708
8220,0.346533,0.337466,0.347049
8221,0.346488,0.33742,0.347008
8222,0.34641,0.33734,0.346933
8223,0.346338,0.337266,0.346864
8224,0.346282,0.337209,0.346812
8225,0.346191,0.337116,0.346722
8226,0.346152,0.337077,0.346686
8227,0.34609,0.337014,0.346625
8228,0.346001,0.336923,0.346537
8229,0.345942,0.336863,0.346479
8230,0.345889,0.336808,0.346426
8231,0.345812,0.336729,0.346349
8232,0.345788,0.336705,0.346325
8233,0.345699,0.336614,0.346236
8234,0.345647,0.336561,0.346184
8235,0.345594,0.336508,0.346131
8236,0.345529,0.336441,0.346065
8237,0.345496,0.336407,0.346032
8238,0.345445,0.336355,0.345982
8239,0.345426,0.336336,0.345964
8240,0.345349,0.336257,0.345889
8241,0.345304,0.336211,0.345845
8242,0.345211,0.336117,0.345754
8243,0.345127,0.336031,0.345669
8244,0.345087,0.33599,0.345629
8245,0.345007,0.335909,0.345549
8246,0.344951,0.335851,0.345491
8247,0.344909,0.335808,0.345448
8248,0.344888,0.335787,0.345427
8249,0.344814,0.335711,0.345353
8250,0.344759,0.335655,0.345298
8251,0.344712,0.335608,0.345252
8252,0.344622,0.335516,0.345162
8253,0.344593,0.335487,0.345133
8254,0.344511,0.335402,0.34505
8255,0.344483,0.335374,0.345022
8256,0.344412,0.335302,0.344951
8257,0.344344,0.335232,0.344882
8258,0.344304,0.335192,0.344841
8259,0.344244,0.33513,0.344781
8260,0.344201,0.335087,0.344738
8261,0.344178,0.335063,0.344716
8262,0.344142,0.335026,0.344681
8263,0.344058,0.33494,0.344599
8264,0.343995,0.334877,0.344537
8265,0.343952,0.334832,0.344495
8266,0.343869,0.334748,0.344413
8267,0.343789,0.334666,0.344333
8268,0.343743,0.33462,0.344287
8269,0.343684,0.334559,0.344227
8270,0.343604,0.334478,0.344146
8271,0.343536,0.334408,0.344076
8272,0.34346,0.334331,0.343998
8273,0.343413,0.334282,0.343948
8274,0.343375,0.334244,0.343908
8275,0.343297,0.334165,0.343828
8276,0.343223,0.334089,0.34375
8277,0.343204,0.334069,0.343728
8278,0.343144,0.334008,0.343666
8279,0.343077,0.33394,0.343595
8280,0.343045,0.333907,0.343561
8281,0.343011,0.333873,0.343525
8282,0.342983,0.333844,0.343495
8283,0.34295,0.333811,0.343462
8284,0.342925,0.333785,0.343437
8285,0.342894,0.333753,0.343408
8286,0.342829,0.333687,0.343345
8287,0.342758,0.333615,0.343275
8288,0.342729,0.333586,0.343248
8289,0.342673,0.333528,0.343193
8290,0.342606,0.333459,0.343127
8291,0.342525,0.333377,0.343047
8292,0.342465,0.333316,0.342987
8293,0.342418,0.333268,0.342939
8294,0.342376,0.333225,0.342898
8295,0.342311,0.333158,0.342832
8296,0.342253,0.3331,0.342775
8297,0.342209,0.333054,0.34273
8298,0.342147,0.332991,0.342668
8299,0.342066,0.332909,0.342587
8300,0.342039,0.332881,0.342558
8301,0.34201,0.332852,0.34253
8302,0.341966,0.332807,0.342486
8303,0.341893,0.332733,0.342414
8304,0.341851,0.33269,0.342372
8305,0.341807,0.332645,0.342328
8306,0.341775,0.332612,0.342298
8307,0.341725,0.332561,0.34225
8308,0.341661,0.332496,0.342187
8309,0.341624,0.332458,0.342152
8310,0.341585,0.332419,0.342116
8311,0.341506,0.332338,0.34204
8312,0.341454,0.332284,0.341989
8313,0.34138,0.332209,0.341917
8314,0.341305,0.332132,0.341843
8315,0.341223,0.332049,0.341761
8316,0.341189,0.332014,0.341727
8317,0.341151,0.331976,0.341689
8318,0.341068,0.331891,0.341606
8319,0.341034,0.331856,0.341573
8320,0.34097,0.331791,0.341509
8321,0.340927,0.331747,0.341466
8322,0.340847,0.331666,0.341387
8323,0.340814,0.331632,0.341354
8324,0.340781,0.331598,0.341322
8325,0.340696,0.331512,0.341239
8326,0.340655,0.331469,0.341198
8327,0.340565,0.331378,0.341108
8328,0.340479,0.33129,0.341021
8329,0.340446,0.331257,0.340987
8330,0.340374,0.331183,0.340914
8331,0.34029,0.331097,0.340828
8332,0.34026,0.331067,0.340796
8333,0.340182,0.330988,0.340716
8334,0.340137,0.330941,0.340668
8335,0.34005,0.330853,0.340578
8336,0.340021,0.330823,0.340546
8337,0.339972,0.330773,0.340494
8338,0.339954,0.330754,0.340474
8339,0.339907,0.330707,0.340426
8340,0.33987,0.330669,0.340388
8341,0.339836,0.330634,0.340355
8342,0.339786,0.330584,0.340305
8343,0.339722,0.330518,0.340241
8344,0.339634,0.330428,0.340152
8345,0.339565,0.330358,0.340081
8346,0.339528,0.330321,0.340043
8347,0.339486,0.330277,0.339999
8348,0.339424,0.330214,0.339936
8349,0.339375,0.330164,0.339884
8350,0.339287,0.330074,0.339794
8351,0.33926,0.330047,0.339765
8352,0.339238,0.330024,0.339741
8353,0.339213,0.329999,0.339716
8354,0.339195,0.32998,0.339697
8355,0.339145,0.32993,0.339649
8356,0.339111,0.329895,0.339617
8357,0.339064,0.329847,0.339572
8358,0.339002,0.329783,0.339511
8359,0.338922,0.329702,0.339433
8360,0.338849,0.329627,0.33936
8361,0.338789,0.329567,0.3393
8362,0.338767,0.329544,0.339277
8363,0.33874,0.329516,0.339252
8364,0.338701,0.329476,0.339214
8365,0.33866,0.329435,0.339176
8366,0.338605,0.329378,0.339123
8367,0.338562,0.329335,0.339083
8368,0.338487,0.329259,0.339011
8369,0.338417,0.329187,0.338942
8370,0.338328,0.329096,0.338854
8371,0.338259,0.329026,0.338785
8372,0.338232,0.328998,0.338758
8373,0.338186,0.328951,0.338712
8374,0.338114,0.328877,0.33864
8375,0.338033,0.328796,0.338559
8376,0.338001,0.328763,0.338526
8377,0.337959,0.32872,0.338484
8378,0.33789,0.328649,0.338414
8379,0.337848,0.328607,0.338373
8380,0.337818,0.328575,0.338342
8381,0.337795,0.328552,0.338321
8382,0.337729,0.328485,0.338257
8383,0.337666,0.328421,0.338196
8384,0.337613,0.328367,0.338144
8385,0.337525,0.328277,0.338056
8386,0.337498,0.32825,0.33803
8387,0.337407,0.328156,0.337939
8388,0.337386,0.328135,0.337918
8389,0.33736,0.328109,0.337894
8390,0.337269,0.328016,0.337804
8391,0.337203,0.327949,0.337739
8392,0.337146,0.327891,0.337682
8393,0.337098,0.327841,0.337633
8394,0.337073,0.327816,0.337609
8395,0.336985,0.327726,0.337522
8396,0.336943,0.327684,0.337481
8397,0.336861,0.3276,0.337399
8398,0.336815,0.327552,0.337352
8399,0.336771,0.327508,0.337309
8400,0.336688,0.327423,0.337225
8401,0.336642,0.327377,0.337179
8402,0.336561,0.327294,0.337097
8403,0.336482,0.327213,0.337015
8404,0.336408,0.327137,0.336938
8405,0.336345,0.327074,0.336872
8406,0.336298,0.327025,0.33682
8407,0.336234,0.32696,0.336753
8408,0.33621,0.326935,0.336724
8409,0.336178,0.326903,0.336689
8410,0.336155,0.32688,0.336665
8411,0.336091,0.326815,0.336599
8412,0.336027,0.326749,0.336532
8413,0.336,0.326721,0.336504
8414,0.335977,0.326698,0.33648
8415,0.335956,0.326677,0.336459
8416,0.335883,0.326603,0.336387
8417,0.335845,0.326563,0.336348
8418,0.335753,0.326469,0.336255
8419,0.335703,0.326419,0.336204
8420,0.335638,0.326353,0.336138
8421,0.335585,0.326298,0.336082
8422,0.33554,0.326253,0.336035
8423,0.335521,0.326233,0.336014
8424,0.335492,0.326203,0.335985
8425,0.335468,0.326178,0.335961
8426,0.335425,0.326135,0.335919
8427,0.335384,0.326093,0.33588
8428,0.335357,0.326066,0.335855
8429,0.335321,0.326029,0.335822
8430,0.335243,0.32595,0.335746
8431,0.335185,0.32589,0.33569
8432,0.335121,0.325825,0.335627
8433,0.335087,0.32579,0.335595
8434,0.335055,0.325758,0.335566
8435,0.334991,0.325692,0.335503
8436,0.334953,0.325654,0.335468
8437,0.334873,0.325572,0.335391
8438,0.334807,0.325505,0.335326
8439,0.33478,0.325477,0.3353
8440,0.334708,0.325403,0.335229
8441,0.334642,0.325337,0.335165
8442,0.334575,0.325268,0.335098
8443,0.334503,0.325194,0.335026
8444,0.334473,0.325164,0.334996
8445,0.334436,0.325127,0.33496
8446,0.334349,0.325038,0.334873
8447,0.334325,0.325013,0.334849
8448,0.334286,0.324973,0.334811
8449,0.334255,0.324942,0.334783
8450,0.334188,0.324874,0.334717
8451,0.334105,0.324789,0.334635
8452,0.334051,0.324734,0.334582
8453,0.334017,0.324698,0.334548
8454,0.333929,0.324609,0.334461
8455,0.333873,0.324552,0.334406
8456,0.333784,0.324462,0.334316
8457,0.333744,0.324421,0.334275
8458,0.333697,0.324372,0.334226
8459,0.333633,0.324307,0.334162
8460,0.333544,0.324216,0.33407
8461,0.33352,0.324192,0.334044
8462,0.333499,0.32417,0.334022
8463,0.333445,0.324115,0.333968
8464,0.333375,0.324044,0.333897
8465,0.333333,0.324001,0.333854
8466,0.333306,0.323974,0.333827
8467,0.33328,0.323948,0.333802
8468,0.333243,0.323909,0.333766
8469,0.333218,0.323884,0.333744
8470,0.333131,0.323795,0.333659
8471,0.333091,0.323755,0.333622
8472,0.333046,0.323708,0.333579
8473,0.332983,0.323645,0.333519
8474,0.332953,0.323613,0.333491
8475,0.33291,0.32357,0.333452
8476,0.332842,0.3235,0.333387
8477,0.332785,0.323442,0.333334
8478,0.332692,0.323347,0.333244
8479,0.332671,0.323326,0.333225
8480,0.332633,0.323287,0.333191
8481,0.332548,0.3232,0.333109
8482,0.33251,0.323162,0.333075
8483,0.332423,0.323073,0.332991
8484,0.33236,0.323009,0.332931
8485,0.332272,0.322919,0.332845
8486,0.332181,0.322826,0.332754
8487,0.3321,0.322744,0.332673
8488,0.33206,0.322703,0.332632
8489,0.332027,0.322669,0.332598
8490,0.331993,0.322635,0.332566
8491,0.33191,0.32255,0.332484
8492,0.331846,0.322484,0.332421
8493,0.3318,0.322437,0.332375
8494,0.331711,0.322347,0.332287
8495,0.331666,0.322301,0.332242
8496,0.331592,0.322225,0.332168
8497,0.331517,0.322149,0.332092
8498,0.331449,0.322079,0.332023
8499,0.331423,0.322053,0.331996
8500,0.331397,0.322026,0.331971
8501,0.331342,0.32197,0.331917
8502,0.331254,0.321881,0.33183
8503,0.331171,0.321796,0.331747
8504,0.331138,0.321762,0.331714
8505,0.331077,0.321701,0.331653
8506,0.331013,0.321635,0.331588
8507,0.330954,0.321575,0.331529
8508,0.330905,0.321524,0.331479
8509,0.330851,0.32147,0.331426
8510,0.330778,0.321395,0.331353
8511,0.330757,0.321373,0.331332
8512,0.330711,0.321326,0.331287
8513,0.330624,0.321238,0.331201
8514,0.330592,0.321205,0.331171
8515,0.33054,0.321153,0.331121
8516,0.330488,0.321099,0.33107
8517,0.33045,0.32106,0.331035
8518,0.330377,0.320986,0.330965
8519,0.330302,0.32091,0.330892
8520,0.330244,0.32085,0.330835
8521,0.330181,0.320786,0.330774
8522,0.330135,0.320739,0.33073
8523,0.330061,0.320664,0.330658
8524,0.330002,0.320603,0.330601
8525,0.329934,0.320534,0.330535
8526,0.329841,0.32044,0.330443
8527,0.329751,0.320348,0.330352
8528,0.32966,0.320254,0.330259
8529,0.329634,0.320228,0.330232
8530,0.329557,0.320149,0.330154
8531,0.329485,0.320076,0.33008
8532,0.329455,0.320046,0.330049
8533,0.329393,0.319982,0.329986
8534,0.329361,0.319949,0.329953
8535,0.329317,0.319905,0.329909
8536,0.329229,0.319816,0.329822
8537,0.329151,0.319735,0.329743
8538,0.329104,0.319688,0.329695
8539,0.329041,0.319624,0.329631
8540,0.328958,0.319539,0.329547
8541,0.328901,0.319481,0.329488
8542,0.328877,0.319456,0.329463
8543,0.328815,0.319393,0.3294
8544,0.328759,0.319336,0.329343
8545,0.328698,0.319274,0.329282
8546,0.328622,0.319196,0.329204
8547,0.328601,0.319175,0.329183
8548,0.328557,0.319129,0.329138
8549,0.328472,0.319043,0.329054
8550,0.328432,0.319002,0.329013
8551,0.328393,0.318962,0.328975
8552,0.328331,0.318899,0.328913
8553,0.328283,0.318851,0.328867
8554,0.328255,0.318821,0.32884
8555,0.328179,0.318744,0.328766
8556,0.328087,0.318651,0.328675
8557,0.328013,0.318575,0.328601
8558,0.327982,0.318543,0.32857
8559,0.327954,0.318514,0.328543
8560,0.327872,0.318431,0.328463
8561,0.327784,0.318341,0.328375
8562,0.327696,0.318252,0.328287
8563,0.32763,0.318184,0.328219
8564,0.327557,0.31811,0.328144
8565,0.327533,0.318085,0.328118
8566,0.327463,0.318014,0.328047
8567,0.327427,0.317977,0.32801
8568,0.327361,0.31791,0.327943
8569,0.327298,0.317845,0.327878
8570,0.32722,0.317766,0.3278
8571,0.327182,0.317727,0.327759
8572,0.327128,0.317672,0.327705
8573,0.327074,0.317617,0.327649
8574,0.326999,0.317541,0.327572
8575,0.326944,0.317484,0.327515
8576,0.326869,0.317408,0.327438
8577,0.326846,0.317385,0.327413
8578,0.326816,0.317354,0.327382
8579,0.326783,0.31732,0.327349
8580,0.326755,0.317292,0.327323
8581,0.326734,0.31727,0.327303
8582,0.326654,0.317188,0.327226
8583,0.326575,0.317108,0.327149
8584,0.32651,0.317042,0.327085
8585,0.326448,0.316978,0.327023
8586,0.32639,0.316919,0.326966
8587,0.326303,0.316831,0.32688
8588,0.326233,0.316759,0.326808
8589,0.32618,0.316705,0.326754
8590,0.326123,0.316647,0.326696
8591,0.326084,0.316607,0.326657
8592,0.325992,0.316513,0.326563
8593,0.325949,0.31647,0.326519
8594,0.325875,0.316394,0.326443
8595,0.325851,0.316369,0.326418
8596,0.325783,0.3163,0.326349
8597,0.325699,0.316214,0.326262
8598,0.325648,0.316162,0.326209
8599,0.325613,0.316127,0.326172
8600,0.325593,0.316107,0.326151
8601,0.325513,0.316025,0.32607
8602,0.325445,0.315955,0.326001
8603,0.325384,0.315893,0.325937
8604,0.325345,0.315853,0.325897
8605,0.325265,0.315772,0.325815
8606,0.325227,0.315733,0.325775
8607,0.325206,0.315711,0.325751
8608,0.325179,0.315684,0.325724
8609,0.325099,0.315603,0.325644
8610,0.325045,0.315547,0.325589
8611,0.325018,0.31552,0.325562
8612,0.324983,0.315485,0.325528
8613,0.324953,0.315454,0.325499
8614,0.324935,0.315435,0.325483
8615,0.324888,0.315387,0.325439
8616,0.324845,0.315344,0.3254
8617,0.324753,0.315249,0.32531
8618,0.324723,0.315218,0.325283
8619,0.324648,0.315143,0.325212
8620,0.32457,0.315063,0.325136
8621,0.324515,0.315007,0.325083
8622,0.324447,0.314937,0.325016
8623,0.324364,0.314853,0.324934
8624,0.324328,0.314816,0.324899
8625,0.324263,0.31475,0.324835
8626,0.324221,0.314707,0.324794
8627,0.32414,0.314625,0.324714
8628,0.3241,0.314583,0.324674
8629,0.324058,0.31454,0.324633
8630,0.323987,0.314468,0.324564
8631,0.323935,0.314415,0.324513
8632,0.323868,0.314347,0.324447
8633,0.323807,0.314284,0.324386
8634,0.323749,0.314226,0.32433
8635,0.323706,0.314182,0.324288
8636,0.323671,0.314145,0.324254
8637,0.323584,0.314057,0.324169
8638,0.323548,0.31402,0.324134
8639,0.323465,0.313936,0.324053
8640,0.32342,0.31389,0.324009
8641,0.32334,0.313808,0.32393
8642,0.323267,0.313734,0.323857
8643,0.323176,0.313641,0.323766
8644,0.323111,0.313575,0.3237
8645,0.323071,0.313534,0.323658
8646,0.323001,0.313463,0.323587
8647,0.322928,0.313388,0.323512
8648,0.3229,0.313359,0.323483
8649,0.322856,0.313314,0.323438
8650,0.322798,0.313255,0.323379
8651,0.322768,0.313225,0.32335
8652,0.322739,0.313196,0.323323
8653,0.322703,0.313158,0.323289
8654,0.322623,0.313077,0.323211
8655,0.322557,0.313009,0.323146
8656,0.322483,0.312934,0.323074
8657,0.322414,0.312864,0.323006
8658,0.322342,0.31279,0.322934
8659,0.322274,0.312721,0.322865
8660,0.3222,0.312646,0.322791
8661,0.32216,0.312605,0.32275
8662,0.322134,0.312579,0.322724
8663,0.322068,0.312511,0.322659
8664,0.322024,0.312466,0.322616
8665,0.321954,0.312395,0.322547
8666,0.321881,0.31232,0.322474
8667,0.321856,0.312295,0.32245
8668,0.321786,0.312223,0.322381
8669,0.321713,0.312149,0.322309
8670,0.321631,0.312065,0.322226
8671,0.321603,0.312037,0.322198
8672,0.321538,0.31197,0.322133
8673,0.321461,0.311891,0.322056
8674,0.321403,0.311832,0.321997
8675,0.32134,0.311768,0.321934
8676,0.32126,0.311687,0.321853
8677,0.321169,0.311593,0.32176
8678,0.32114,0.311565,0.321729
8679,0.321119,0.311543,0.321707
8680,0.321048,0.311471,0.321635
8681,0.321023,0.311444,0.321609
8682,0.320997,0.311418,0.321584
8683,0.32092,0.31134,0.321509
8684,0.320868,0.311287,0.321458
8685,0.32079,0.311208,0.321381
8686,0.320711,0.311127,0.321301
8687,0.320653,0.311067,0.321243
8688,0.320573,0.310986,0.321162
8689,0.320506,0.310917,0.321093
8690,0.320473,0.310884,0.321058
8691,0.320425,0.310835,0.32101
8692,0.320395,0.310805,0.32098
8693,0.320357,0.310766,0.320942
8694,0.320313,0.310721,0.3209
8695,0.320261,0.310667,0.320849
8696,0.320221,0.310627,0.320811
8697,0.320174,0.310579,0.320768
8698,0.320103,0.310507,0.320699
8699,0.32005,0.310453,0.320649
8700,0.319962,0.310363,0.320563
8701,0.319911,0.310311,0.320514
8702,0.319847,0.310246,0.320452
8703,0.319765,0.310162,0.320371
8704,0.3197,0.310096,0.320307
8705,0.319638,0.310032,0.320245
8706,0.319551,0.309944,0.320159
8707,0.319464,0.309855,0.32007
8708,0.319427,0.309817,0.320032
8709,0.319381,0.30977,0.319985
8710,0.31935,0.309738,0.319954
8711,0.319278,0.309666,0.319884
8712,0.319232,0.309618,0.319838
8713,0.319157,0.309541,0.319763
8714,0.319101,0.309484,0.319707
8715,0.319041,0.309423,0.319648
8716,0.318977,0.309358,0.319584
8717,0.318941,0.309322,0.319549
8718,0.318861,0.30924,0.31947
8719,0.318784,0.309161,0.319392
8720,0.318753,0.309129,0.319361
8721,0.318689,0.309065,0.319298
8722,0.318629,0.309003,0.319238
8723,0.318547,0.308919,0.319156
8724,0.318506,0.308878,0.319115
8725,0.318482,0.308854,0.319092
8726,0.31842,0.30879,0.319031
8727,0.318381,0.30875,0.318994
8728,0.318296,0.308664,0.318911
8729,0.318207,0.308573,0.318823
8730,0.318124,0.308488,0.31874
8731,0.318071,0.308434,0.318686
8732,0.317984,0.308345,0.318598
8733,0.317959,0.30832,0.318572
8734,0.317895,0.308255,0.318508
8735,0.317837,0.308195,0.31845
8736,0.317764,0.308121,0.318376
8737,0.317679,0.308035,0.31829
8738,0.317616,0.30797,0.318225
8739,0.317569,0.307922,0.318176
8740,0.31755,0.307903,0.318157
8741,0.317488,0.30784,0.318094
8742,0.317402,0.307751,0.318007
8743,0.317337,0.307685,0.317941
8744,0.317292,0.307639,0.317895
8745,0.317246,0.307592,0.317847
8746,0.317173,0.307518,0.317774
8747,0.317131,0.307475,0.317731
8748,0.317091,0.307434,0.317691
8749,0.317043,0.307386,0.317643
8750,0.316957,0.307298,0.317557
8751,0.316925,0.307265,0.317525
8752,0.316879,0.307218,0.317479
8753,0.316832,0.30717,0.317433
8754,0.316778,0.307115,0.317381
8755,0.316688,0.307023,0.317291
8756,0.31663,0.306964,0.317233
8757,0.316559,0.306892,0.317163
8758,0.316515,0.306847,0.317118
8759,0.316468,0.306799,0.317071
8760,0.316383,0.306712,0.316987
8761,0.316344,0.306673,0.316948
8762,0.316276,0.306603,0.31688
8763,0.316222,0.306548,0.316826
8764,0.316168,0.306493,0.316772
8765,0.316095,0.306419,0.3167
8766,0.316059,0.306381,0.316663
8767,0.315967,0.306288,0.316571
8768,0.315938,0.306258,0.316542
8769,0.315892,0.306211,0.316496
8770,0.315802,0.306119,0.316407
8771,0.315746,0.306063,0.316351
8772,0.315723,0.306039,0.316328
8773,0.315631,0.305945,0.316236
8774,0.315544,0.305856,0.316148
8775,0.315523,0.305835,0.316127
8776,0.315495,0.305806,0.316099
8777,0.315459,0.30577,0.316065
8778,0.315371,0.30568,0.315979
8779,0.315282,0.305589,0.31589
8780,0.315206,0.305512,0.315814
8781,0.315122,0.305426,0.315728
8782,0.31507,0.305373,0.315674
8783,0.314983,0.305284,0.315584
8784,0.314953,0.305254,0.315552
8785,0.314897,0.305197,0.315495
8786,0.314855,0.305153,0.31545
8787,0.314802,0.305099,0.315396
8788,0.31475,0.305046,0.315343
8789,0.314722,0.305018,0.315315
8790,0.314683,0.304978,0.315276
8791,0.314608,0.304901,0.315202
8792,0.314519,0.30481,0.315112
8793,0.314429,0.304719,0.31502
8794,0.314351,0.304639,0.314939
8795,0.31431,0.304597,0.314895
8796,0.314273,0.30456,0.314856
8797,0.314236,0.304523,0.314817
8798,0.31415,0.304435,0.314728
8799,0.314088,0.304371,0.314664
8800,0.314042,0.304324,0.314615
8801,0.314018,0.3043,0.314588
8802,0.313984,0.304265,0.314553
8803,0.313953,0.304234,0.314522
8804,0.31387,0.304149,0.314438
8805,0.31385,0.304128,0.314417
8806,0.313762,0.304038,0.314328
8807,0.313705,0.30398,0.31427
8808,0.313645,0.303919,0.314209
8809,0.313606,0.30388,0.314169
8810,0.31358,0.303853,0.314142
8811,0.313561,0.303833,0.314123
8812,0.313499,0.303771,0.314063
8813,0.313447,0.303718,0.314011
8814,0.313396,0.303666,0.313962
8815,0.313364,0.303633,0.313931
8816,0.313306,0.303574,0.313875
8817,0.313216,0.303482,0.313786
8818,0.313143,0.303407,0.313712
8819,0.313095,0.303358,0.313664
8820,0.313056,0.303318,0.313625
8821,0.312977,0.303238,0.313546
8822,0.312887,0.303146,0.313455
8823,0.312867,0.303126,0.313434
8824,0.312823,0.303081,0.313389
8825,0.312796,0.303054,0.313363
8826,0.312708,0.302964,0.313274
8827,0.312675,0.30293,0.313241
8828,0.312616,0.30287,0.313182
8829,0.312532,0.302784,0.313097
8830,0.312507,0.302759,0.313072
8831,0.312457,0.302708,0.313022
8832,0.31237,0.302619,0.312934
8833,0.312294,0.302542,0.312856
8834,0.312262,0.302508,0.312822
8835,0.312224,0.30247,0.312783
8836,0.312169,0.302414,0.312727
8837,0.312134,0.302378,0.312691
8838,0.312106,0.302349,0.312663
8839,0.31208,0.302323,0.312638
8840,0.311991,0.302233,0.312551
8841,0.311915,0.302155,0.312475
8842,0.311871,0.30211,0.31243
8843,0.311792,0.302029,0.31235
8844,0.311757,0.301993,0.312314
8845,0.311714,0.301949,0.31227
8846,0.311685,0.30192,0.312242
8847,0.311606,0.301839,0.312162
8848,0.311576,0.301809,0.312132
8849,0.31155,0.301782,0.312107
8850,0.311465,0.301696,0.312023
8851,0.311374,0.301603,0.311932
8852,0.311325,0.301553,0.311882
8853,0.311276,0.301503,0.311832
8854,0.311247,0.301473,0.311802
8855,0.311185,0.30141,0.31174
8856,0.311151,0.301376,0.311706
8857,0.311131,0.301355,0.311686
8858,0.311097,0.30132,0.311654
8859,0.311053,0.301276,0.311613
8860,0.310967,0.301188,0.311528
8861,0.31094,0.30116,0.311503
8862,0.310913,0.301133,0.311479
8863,0.310857,0.301075,0.311426
8864,0.310767,0.300984,0.311339
8865,0.310692,0.300907,0.311265
8866,0.31062,0.300834,0.311195
8867,0.310598,0.300812,0.311174
8868,0.310527,0.300739,0.311103
8869,0.310486,0.300697,0.311065
8870,0.310436,0.300646,0.311016
8871,0.31036,0.300569,0.310942
8872,0.310301,0.300508,0.310884
8873,0.310275,0.300482,0.310859
8874,0.310201,0.300407,0.310787
8875,0.310124,0.300329,0.310712
8876,0.310064,0.300266,0.310652
8877,0.30998,0.300181,0.310568
8878,0.309928,0.300128,0.310516
8879,0.309845,0.300043,0.310432
8880,0.309788,0.299985,0.310373
8881,0.309757,0.299953,0.310341
8882,0.309713,0.299908,0.310297
8883,0.30963,0.299824,0.310213
8884,0.309554,0.299747,0.310136
8885,0.309522,0.299714,0.310103
8886,0.309476,0.299667,0.310056
8887,0.309457,0.299647,0.310036
8888,0.309426,0.299616,0.310006
8889,0.309336,0.299524,0.309917
8890,0.309284,0.299472,0.309866
8891,0.309195,0.299381,0.309776
8892,0.309151,0.299335,0.309731
8893,0.30911,0.299294,0.30969
8894,0.309058,0.299241,0.309638
8895,0.308973,0.299154,0.309552
8896,0.308939,0.29912,0.309518
8897,0.308913,0.299093,0.309493
8898,0.30888,0.299059,0.30946
8899,0.308794,0.298971,0.309376
8900,0.308758,0.298935,0.309341
8901,0.308707,0.298883,0.309291
8902,0.308645,0.298819,0.30923
8903,0.308602,0.298776,0.309189
8904,0.308533,0.298705,0.309121
8905,0.308442,0.298613,0.309031
8906,0.308367,0.298535,0.308954
8907,0.308337,0.298505,0.308924
8908,0.308271,0.298438,0.308858
8909,0.308251,0.298418,0.308839
8910,0.308224,0.29839,0.308813
8911,0.308147,0.298312,0.308738
8912,0.30807,0.298233,0.308663
8913,0.307981,0.298142,0.308573
8914,0.30791,0.29807,0.308502
8915,0.307852,0.29801,0.308441
8916,0.307814,0.297972,0.308403
8917,0.30776,0.297917,0.308348
8918,0.307699,0.297855,0.308287
8919,0.307609,0.297763,0.308195
8920,0.307557,0.29771,0.308141
8921,0.307482,0.297633,0.308063
8922,0.307461,0.297612,0.30804
8923,0.307371,0.29752,0.307948
8924,0.307335,0.297483,0.307909
8925,0.307282,0.297429,0.307853
8926,0.307259,0.297406,0.307829
8927,0.307229,0.297375,0.307798
8928,0.307187,0.297332,0.307756
8929,0.307122,0.297266,0.30769
8930,0.307069,0.297212,0.307637
8931,0.307051,0.297193,0.307619
8932,0.307006,0.297148,0.307576
8933,0.306934,0.297074,0.307504
8934,0.306907,0.297047,0.307478
8935,0.306851,0.296989,0.307423
8936,0.306811,0.296949,0.307385
8937,0.306746,0.296883,0.307322
8938,0.306705,0.296841,0.307283
8939,0.306679,0.296814,0.30726
8940,0.306631,0.296765,0.307214
8941,0.306583,0.296716,0.30717
8942,0.306508,0.29664,0.307099
8943,0.306424,0.296554,0.307018
8944,0.306402,0.296531,0.306997
8945,0.30636,0.296489,0.30696
8946,0.306272,0.296399,0.306875
8947,0.306241,0.296367,0.306847
8948,0.306185,0.29631,0.306795
8949,0.306113,0.296237,0.306727
8950,0.306021,0.296143,0.306638
8951,0.305937,0.296057,0.306556
8952,0.305911,0.29603,0.306531
8953,0.305856,0.295975,0.306479
8954,0.305774,0.295891,0.306399
8955,0.305688,0.295803,0.306314
8956,0.305609,0.295723,0.306236
8957,0.305577,0.29569,0.306205
8958,0.305484,0.295596,0.306113
8959,0.305403,0.295512,0.306031
8960,0.305376,0.295485,0.306004
8961,0.305304,0.295412,0.305932
8962,0.305272,0.295379,0.3059
8963,0.305202,0.295307,0.305831
8964,0.305119,0.295222,0.305748
8965,0.305028,0.295131,0.305657
8966,0.304968,0.295069,0.305595
8967,0.304882,0.294981,0.305507
8968,0.304798,0.294896,0.30542
8969,0.304758,0.294855,0.305377
8970,0.304734,0.29483,0.305351
8971,0.304706,0.294802,0.305322
8972,0.304634,0.294728,0.305249
8973,0.304598,0.294692,0.305212
8974,0.304514,0.294606,0.305128
8975,0.304481,0.294572,0.305093
8976,0.304426,0.294516,0.305038
8977,0.304377,0.294466,0.304989
8978,0.304327,0.294415,0.304939
8979,0.304239,0.294326,0.304851
8980,0.304221,0.294307,0.304832
8981,0.304128,0.294212,0.30474
8982,0.304062,0.294145,0.304673
8983,0.303998,0.29408,0.304607
8984,0.303916,0.293996,0.304523
8985,0.303893,0.293972,0.304498
8986,0.303829,0.293907,0.304433
8987,0.303775,0.293852,0.304378
8988,0.303698,0.293773,0.304298
8989,0.30362,0.293694,0.304218
8990,0.30358,0.293653,0.304175
8991,0.303541,0.293614,0.304134
8992,0.303499,0.29357,0.30409
8993,0.303449,0.29352,0.304039
8994,0.303403,0.293472,0.303991
8995,0.303333,0.293401,0.303921
8996,0.303295,0.293362,0.303881
8997,0.303227,0.293293,0.303812
8998,0.303202,0.293268,0.303786
8999,0.303184,0.293249,0.303767
9000,0.303135,0.293199,0.30372
9001,0.303069,0.293132,0.303654
9002,0.303018,0.29308,0.303604
9003,0.302939,0.292999,0.303525
9004,0.302866,0.292925,0.303452
9005,0.302826,0.292884,0.303412
9006,0.302782,0.292839,0.303367
9007,0.302755,0.292812,0.30334
9008,0.302685,0.29274,0.303271
9009,0.302638,0.292693,0.303225
9010,0.302564,0.292617,0.303151
9011,0.302536,0.292589,0.303124
9012,0.302517,0.292569,0.303106
9013,0.302426,0.292476,0.303016
9014,0.302348,0.292397,0.302938
9015,0.302264,0.29231,0.302853
9016,0.302244,0.29229,0.302833
9017,0.302181,0.292226,0.30277
9018,0.302143,0.292187,0.302732
9019,0.302053,0.292095,0.302642
9020,0.302021,0.292063,0.30261
9021,0.301984,0.292025,0.302573
9022,0.301893,0.291933,0.302482
9023,0.301838,0.291876,0.302426
9024,0.301782,0.291819,0.302369
9025,0.301738,0.291774,0.302324
9026,0.301705,0.291741,0.302291
9027,0.301622,0.291656,0.302208
9028,0.301596,0.291629,0.302181
9029,0.301567,0.2916,0.302153
9030,0.301487,0.291518,0.302073
9031,0.301408,0.291437,0.301994
9032,0.301375,0.291404,0.301961
9033,0.301328,0.291356,0.301915
9034,0.301298,0.291326,0.301885
9035,0.301262,0.291289,0.30185
9036,0.301189,0.291214,0.301779
9037,0.301131,0.291156,0.301723
9038,0.301111,0.291135,0.301704
9039,0.301024,0.291046,0.301619
9040,0.300932,0.290952,0.301527
9041,0.300868,0.290887,0.301463
9042,0.300847,0.290865,0.301442
9043,0.300776,0.290793,0.301372
9044,0.30072,0.290736,0.301316
9045,0.300699,0.290715,0.301296
9046,0.300622,0.290636,0.30122
9047,0.300564,0.290577,0.301162
9048,0.300512,0.290524,0.301111
9049,0.300422,0.290432,0.301021
9050,0.300361,0.29037,0.300959
9051,0.300327,0.290335,0.300925
9052,0.300234,0.29024,0.300831
9053,0.300189,0.290194,0.300785
9054,0.300125,0.290129,0.300719
9055,0.300098,0.290101,0.300692
9056,0.300056,0.290059,0.300649
9057,0.30002,0.290022,0.300614
9058,0.299948,0.289948,0.300542
9059,0.299894,0.289893,0.300488
9060,0.299846,0.289845,0.300441
9061,0.299755,0.289752,0.30035
9062,0.299672,0.289667,0.300265
9063,0.299633,0.289627,0.300225
9064,0.299573,0.289566,0.300164
9065,0.299551,0.289543,0.30014
9066,0.299503,0.289495,0.300092
9067,0.299442,0.289432,0.30003
9068,0.299421,0.289411,0.30001
9069,0.299392,0.289381,0.299982
9070,0.299364,0.289353,0.299956
9071,0.299272,0.289259,0.299866
9072,0.299209,0.289194,0.299804
9073,0.299149,0.289133,0.299745
9074,0.299106,0.28909,0.299704
9075,0.299015,0.288997,0.299613
9076,0.298983,0.288964,0.299581
9077,0.298901,0.28888,0.2995
9078,0.29886,0.288839,0.299459
9079,0.298779,0.288756,0.299378
9080,0.298756,0.288732,0.299355
9081,0.29868,0.288655,0.299279
9082,0.298596,0.28857,0.299195
9083,0.298576,0.288549,0.299174
9084,0.298552,0.288524,0.29915
9085,0.298482,0.288454,0.299082
9086,0.298438,0.288409,0.299039
9087,0.298401,0.28837,0.299003
9088,0.29833,0.288298,0.298933
9089,0.298241,0.288208,0.298845
9090,0.298167,0.288132,0.298771
9091,0.298079,0.288042,0.298681
9092,0.298048,0.28801,0.298648
9093,0.298018,0.28798,0.298618
9094,0.297982,0.287943,0.298582
9095,0.297929,0.287889,0.29853
9096,0.297904,0.287863,0.298506
9097,0.297836,0.287794,0.29844
9098,0.297813,0.287771,0.298419
9099,0.297763,0.287719,0.298371
9100,0.297682,0.287637,0.298293
9101,0.297643,0.287598,0.298257
9102,0.29757,0.287523,0.298186
9103,0.297519,0.287471,0.298137
9104,0.297485,0.287436,0.298105
9105,0.297399,0.287349,0.298022
9106,0.297338,0.287286,0.297963
9107,0.297258,0.287204,0.297885
9108,0.297174,0.287119,0.297802
9109,0.297097,0.28704,0.297724
9110,0.297022,0.286963,0.297648
9111,0.296942,0.286883,0.297567
9112,0.296873,0.286812,0.297496
9113,0.296816,0.286754,0.297437
9114,0.296746,0.286682,0.297364
9115,0.296683,0.286618,0.297297
9116,0.296593,0.286526,0.297204
9117,0.296555,0.286487,0.297161
9118,0.296511,0.286443,0.297114
9119,0.296482,0.286413,0.297081
9120,0.296445,0.286375,0.297042
9121,0.296424,0.286353,0.29702
9122,0.2964,0.286329,0.296996
9123,0.29638,0.286309,0.296977
9124,0.296305,0.286233,0.296903
9125,0.296266,0.286193,0.296866
9126,0.29623,0.286157,0.296832
9127,0.296144,0.286069,0.296747
9128,0.296094,0.286018,0.296698
9129,0.296011,0.285932,0.296615
9130,0.295955,0.285876,0.29656
9131,0.295895,0.285814,0.296499
9132,0.295852,0.28577,0.296457
9133,0.295782,0.285699,0.296387
9134,0.295752,0.285668,0.296357
9135,0.295693,0.285609,0.2963
9136,0.295657,0.285572,0.296264
9137,0.295573,0.285486,0.296181
9138,0.29552,0.285432,0.296128
9139,0.295463,0.285373,0.296071
9140,0.295437,0.285347,0.296047
9141,0.295346,0.285254,0.295956
9142,0.295302,0.285209,0.295913
9143,0.295273,0.28518,0.295885
9144,0.295233,0.285139,0.295847
9145,0.29515,0.285055,0.295766
9146,0.295059,0.284962,0.295675
9147,0.295016,0.284918,0.295632
9148,0.294974,0.284875,0.295592
9149,0.294937,0.284837,0.295556
9150,0.294895,0.284794,0.295515
9151,0.294825,0.284723,0.295448
9152,0.294734,0.28463,0.295358
9153,0.294665,0.28456,0.295289
9154,0.294608,0.284501,0.295232
9155,0.294532,0.284424,0.295156
9156,0.294494,0.284385,0.295117
9157,0.294418,0.284308,0.295042
9158,0.294376,0.284265,0.295
9159,0.294332,0.28422,0.294955
9160,0.294255,0.284141,0.294878
9161,0.294234,0.284121,0.294858
9162,0.294159,0.284044,0.294784
9163,0.294079,0.283962,0.294703
9164,0.294038,0.28392,0.294662
9165,0.294006,0.283887,0.29463
9166,0.293963,0.283843,0.294589
9167,0.293875,0.283754,0.294502
9168,0.293793,0.28367,0.29442
9169,0.29374,0.283616,0.294366
9170,0.293689,0.283564,0.294315
9171,0.293598,0.283472,0.294224
9172,0.29356,0.283432,0.294184
9173,0.293502,0.283373,0.294125
9174,0.293423,0.283293,0.294045
9175,0.293354,0.283223,0.293974
9176,0.293296,0.283164,0.293915
9177,0.293242,0.283108,0.293858
9178,0.293201,0.283067,0.293816
9179,0.293118,0.282982,0.293731
9180,0.2931,0.282963,0.29371
9181,0.293069,0.282932,0.293678
9182,0.293037,0.2829,0.293647
9183,0.293002,0.282864,0.293613
9184,0.292924,0.282784,0.293535
9185,0.292866,0.282725,0.293477
9186,0.292809,0.282666,0.293421
9187,0.292719,0.282575,0.29333
9188,0.292669,0.282524,0.293279
9189,0.292609,0.282462,0.293218
9190,0.29253,0.282382,0.293138
9191,0.292505,0.282356,0.293111
9192,0.292483,0.282334,0.293089
9193,0.292421,0.282271,0.293028
9194,0.292353,0.282201,0.292959
9195,0.292318,0.282166,0.292924
9196,0.29225,0.282097,0.292856
9197,0.292159,0.282004,0.292764
9198,0.292119,0.281963,0.292722
9199,0.292067,0.28191,0.292669
9200,0.291978,0.281819,0.292578
9201,0.291945,0.281786,0.292544
9202,0.291882,0.281721,0.292479
9203,0.291847,0.281685,0.292442
9204,0.291788,0.281625,0.292382
9205,0.291747,0.281583,0.292339
9206,0.291669,0.281503,0.292259
9207,0.291646,0.28148,0.292235
9208,0.291587,0.281421,0.292175
9209,0.291546,0.281379,0.292133
9210,0.291471,0.281301,0.292056
9211,0.291438,0.281268,0.292023
9212,0.291397,0.281226,0.291981
9213,0.291327,0.281155,0.29191
9214,0.291293,0.28112,0.291874
9215,0.291214,0.28104,0.291795
9216,0.291188,0.281013,0.291767
9217,0.291108,0.280931,0.291686
9218,0.291041,0.280864,0.291617
9219,0.29102,0.280842,0.291594
9220,0.29096,0.280781,0.291533
9221,0.290923,0.280743,0.291494
9222,0.290888,0.280708,0.291459
9223,0.290848,0.280666,0.291418
9224,0.290813,0.280631,0.291383
9225,0.290741,0.280557,0.291311
9226,0.290691,0.280506,0.29126
9227,0.290661,0.280475,0.29123
9228,0.290609,0.280422,0.291178
9229,0.290531,0.280344,0.2911
9230,0.290498,0.28031,0.291067
9231,0.29047,0.280281,0.291039
9232,0.290389,0.280198,0.290958
9233,0.290354,0.280163,0.290923
9234,0.290288,0.280095,0.290856
9235,0.290231,0.280037,0.290799
9236,0.290147,0.279952,0.290714
9237,0.290118,0.279922,0.290683
9238,0.290064,0.279867,0.290628
9239,0.29001,0.279812,0.290572
9240,0.28997,0.279771,0.290531
9241,0.28995,0.27975,0.29051
9242,0.289916,0.279716,0.290476
9243,0.289873,0.279672,0.290434
9244,0.289796,0.279593,0.290356
9245,0.289776,0.279573,0.290337
9246,0.289726,0.279523,0.290288
9247,0.289696,0.279492,0.290259
9248,0.289641,0.279436,0.290205
9249,0.289579,0.279373,0.290144
9250,0.289539,0.279331,0.290105
9251,0.289466,0.279257,0.290032
9252,0.289402,0.279192,0.289969
9253,0.289335,0.279123,0.289901
9254,0.28926,0.279047,0.289825
9255,0.289241,0.279027,0.289805
9256,0.289217,0.279003,0.289781
9257,0.289187,0.278972,0.289753
9258,0.289109,0.278892,0.289675
9259,0.289042,0.278825,0.289608
9260,0.289023,0.278805,0.289589
9261,0.289001,0.278782,0.289568
9262,0.288961,0.278742,0.289531
9263,0.288937,0.278717,0.289509
9264,0.288884,0.278663,0.28946
9265,0.288794,0.278571,0.289372
9266,0.288761,0.278538,0.289341
9267,0.288707,0.278483,0.28929
9268,0.288642,0.278416,0.289227
9269,0.288569,0.278342,0.289156
9270,0.28849,0.278261,0.289078
9271,0.288466,0.278237,0.289055
9272,0.288377,0.278146,0.288966
9273,0.288322,0.278089,0.288911
9274,0.288293,0.278061,0.288883
9275,0.288243,0.278009,0.288834
9276,0.288208,0.277973,0.2888
9277,0.288127,0.277891,0.288721
9278,0.288082,0.277845,0.288677
9279,0.28804,0.277803,0.288637
9280,0.287963,0.277724,0.28856
9281,0.287927,0.277687,0.288526
9282,0.287873,0.277632,0.288473
9283,0.28784,0.277598,0.288441
9284,0.287811,0.277568,0.288415
9285,0.287757,0.277513,0.288364
9286,0.287708,0.277464,0.288319
9287,0.287647,0.277402,0.288261
9288,0.287569,0.277322,0.288186
9289,0.287492,0.277244,0.288111
9290,0.287424,0.277174,0.288044
9291,0.287353,0.277102,0.287974
9292,0.287269,0.277016,0.28789
9293,0.287189,0.276934,0.287809
9294,0.287165,0.27691,0.287784
9295,0.287118,0.276862,0.287738
9296,0.287075,0.276818,0.287696
9297,0.287032,0.276774,0.287653
9298,0.286949,0.27669,0.287571
9299,0.2869,0.27664,0.287522
9300,0.286829,0.276567,0.287452
9301,0.286764,0.276501,0.287386
9302,0.286733,0.27647,0.287356
9303,0.286714,0.276449,0.287337
9304,0.28666,0.276395,0.287285
9305,0.286609,0.276343,0.287237
9306,0.286588,0.276322,0.287219
9307,0.286518,0.27625,0.287151
9308,0.286432,0.276162,0.287068
9309,0.286369,0.276098,0.287007
9310,0.28633,0.276058,0.28697
9311,0.286249,0.275975,0.286891
9312,0.286205,0.275931,0.286849
9313,0.286165,0.27589,0.286812
9314,0.286092,0.275815,0.286741
9315,0.286021,0.275743,0.286672
9316,0.285979,0.2757,0.286633
9317,0.285903,0.275623,0.286559
9318,0.28585,0.275569,0.286508
9319,0.285784,0.275501,0.286444
9320,0.285726,0.275442,0.286387
9321,0.285646,0.27536,0.286309
9322,0.285553,0.275266,0.286217
9323,0.285495,0.275207,0.28616
9324,0.285423,0.275133,0.286088
9325,0.285346,0.275054,0.286009
9326,0.285262,0.274969,0.285925
9327,0.285182,0.274887,0.285842
9328,0.285158,0.274863,0.285817
9329,0.285119,0.274823,0.285777
9330,0.285053,0.274756,0.28571
9331,0.284965,0.274666,0.285621
9332,0.28492,0.27462,0.285573
9333,0.284855,0.274554,0.285508
9334,0.284806,0.274504,0.285457
9335,0.284747,0.274444,0.285397
9336,0.284696,0.274391,0.285344
9337,0.284659,0.274354,0.285306
9338,0.284616,0.27431,0.285263
9339,0.284568,0.274261,0.285215
9340,0.284483,0.274175,0.28513
9341,0.284453,0.274143,0.2851
9342,0.284361,0.27405,0.285008
9343,0.28428,0.273967,0.284925
9344,0.284217,0.273903,0.28486
9345,0.284141,0.273826,0.284782
9346,0.284106,0.27379,0.284745
9347,0.284065,0.273748,0.284702
9348,0.28404,0.273722,0.284676
9349,0.284019,0.273701,0.284656
9350,0.283934,0.273615,0.284571
9351,0.283879,0.273558,0.284516
9352,0.283797,0.273475,0.284433
9353,0.283753,0.27343,0.284388
9354,0.283729,0.273405,0.284364
9355,0.283689,0.273364,0.284325
9356,0.283655,0.273329,0.284292
9357,0.283576,0.273249,0.284215
9358,0.283502,0.273173,0.284141
9359,0.283447,0.273117,0.284087
9360,0.283373,0.273042,0.284013
9361,0.283319,0.272987,0.283959
9362,0.283247,0.272913,0.283887
9363,0.283207,0.272873,0.283847
9364,0.283158,0.272823,0.283798
9365,0.283126,0.27279,0.283766
9366,0.283035,0.272697,0.283676
9367,0.283013,0.272675,0.283655
9368,0.282922,0.272582,0.283564
9369,0.282876,0.272535,0.283518
9370,0.282797,0.272455,0.283439
9371,0.28272,0.272376,0.28336
9372,0.282643,0.272297,0.283282
9373,0.282612,0.272266,0.283249
9374,0.282524,0.272176,0.28316
9375,0.28249,0.272141,0.283123
9376,0.282447,0.272098,0.28308
9377,0.282358,0.272006,0.282988
9378,0.282328,0.271976,0.282957
9379,0.282308,0.271956,0.282936
9380,0.282268,0.271915,0.282896
9381,0.282233,0.271879,0.282861
9382,0.282172,0.271817,0.282801
9383,0.282092,0.271735,0.282721
9384,0.282072,0.271715,0.282702
9385,0.281999,0.271641,0.28263
9386,0.281951,0.271592,0.282582
9387,0.281893,0.271533,0.282525
9388,0.281837,0.271476,0.282469
9389,0.281764,0.271401,0.282396
9390,0.281716,0.271352,0.282348
9391,0.281674,0.271309,0.282306
9392,0.281593,0.271226,0.282226
9393,0.281502,0.271133,0.282133
9394,0.281451,0.271081,0.282081
9395,0.281368,0.270996,0.281996
9396,0.28128,0.270907,0.281905
9397,0.281246,0.270873,0.281868
9398,0.28121,0.270836,0.281829
9399,0.281187,0.270813,0.281805
9400,0.281146,0.27077,0.281762
9401,0.281123,0.270747,0.281739
9402,0.281031,0.270653,0.281646
9403,0.28101,0.270632,0.281624
9404,0.280943,0.270563,0.281557
9405,0.280892,0.270511,0.281506
9406,0.280811,0.270429,0.281424
9407,0.280756,0.270373,0.281368
9408,0.280696,0.270311,0.281305
9409,0.280604,0.270218,0.281211
9410,0.280576,0.270189,0.28118
9411,0.280511,0.270122,0.281112
9412,0.280458,0.270069,0.281056
9413,0.280401,0.270011,0.280996
9414,0.280375,0.269984,0.280967
9415,0.280344,0.269953,0.280935
9416,0.280297,0.269904,0.280885
9417,0.28026,0.269867,0.280848
9418,0.280233,0.26984,0.28082
9419,0.280172,0.269777,0.280759
9420,0.280153,0.269757,0.280739
9421,0.280085,0.269688,0.280671
9422,0.280037,0.269639,0.280623
9423,0.279986,0.269587,0.280572
9424,0.279958,0.269559,0.280545
9425,0.279921,0.269521,0.280509
9426,0.279847,0.269446,0.280436
9427,0.279801,0.269399,0.28039
9428,0.279714,0.26931,0.280303
9429,0.279669,0.269264,0.280257
9430,0.279626,0.26922,0.280214
9431,0.279607,0.269201,0.280196
9432,0.279519,0.26911,0.280107
9433,0.279433,0.269023,0.28002
9434,0.279349,0.268938,0.279934
9435,0.279318,0.268906,0.2799
9436,0.279281,0.268868,0.279861
9437,0.279211,0.268796,0.279789
9438,0.27916,0.268745,0.279735
9439,0.279137,0.268722,0.279711
9440,0.279114,0.268698,0.279686
9441,0.279059,0.268642,0.27963
9442,0.279005,0.268587,0.279575
9443,0.278982,0.268563,0.279551
9444,0.278924,0.268504,0.279493
9445,0.278904,0.268483,0.279472
9446,0.278818,0.268396,0.279386
9447,0.278782,0.268359,0.279349
9448,0.278759,0.268336,0.279326
9449,0.278739,0.268316,0.279307
9450,0.278685,0.26826,0.279254
9451,0.278646,0.268221,0.279217
9452,0.278597,0.268171,0.279169
9453,0.278524,0.268096,0.279097
9454,0.278451,0.268022,0.279025
9455,0.278432,0.268002,0.279006
9456,0.278369,0.267938,0.278943
9457,0.278331,0.267899,0.278906
9458,0.278283,0.26785,0.278859
9459,0.278208,0.267774,0.278785
9460,0.278118,0.267682,0.278694
9461,0.278069,0.267632,0.278643
9462,0.278022,0.267584,0.278595
9463,0.277984,0.267545,0.278556
9464,0.277964,0.267525,0.278536
9465,0.277885,0.267444,0.278456
9466,0.277828,0.267386,0.278398
9467,0.277804,0.267361,0.278373
9468,0.277729,0.267285,0.278298
9469,0.277707,0.267263,0.278275
9470,0.277672,0.267227,0.27824
9471,0.277614,0.267168,0.278183
9472,0.27759,0.267144,0.278159
9473,0.277553,0.267106,0.278123
9474,0.277521,0.267073,0.278092
9475,0.277477,0.267028,0.27805
9476,0.277437,0.266987,0.278012
9477,0.277379,0.266928,0.277957
9478,0.277341,0.266889,0.277921
9479,0.277261,0.266808,0.277842
9480,0.277194,0.266739,0.277777
9481,0.277169,0.266714,0.277754
9482,0.277121,0.266665,0.277708
9483,0.277033,0.266575,0.27762
9484,0.276954,0.266495,0.277542
9485,0.276896,0.266436,0.277483
9486,0.276875,0.266414,0.277462
9487,0.276803,0.266341,0.27739
9488,0.276763,0.2663,0.27735
9489,0.276691,0.266227,0.277278
9490,0.276637,0.266171,0.277223
9491,0.276592,0.266126,0.277177
9492,0.276572,0.266105,0.277158
9493,0.276539,0.266071,0.277125
9494,0.276501,0.266032,0.277088
9495,0.276436,0.265966,0.277025
9496,0.276385,0.265915,0.276975
9497,0.276344,0.265873,0.276936
9498,0.276301,0.265829,0.276894
9499,0.276223,0.265749,0.276817
9500,0.2762,0.265726,0.276796
9501,0.27614,0.265665,0.276738
9502,0.276112,0.265635,0.276711
9503,0.276037,0.265559,0.276638
9504,0.275986,0.265507,0.276589
9505,0.275955,0.265476,0.27656
9506,0.275885,0.265404,0.276492
9507,0.275798,0.265315,0.276406
9508,0.275732,0.265248,0.276341
9509,0.275666,0.265181,0.276275
9510,0.275598,0.265111,0.276206
9511,0.275579,0.265092,0.276187
9512,0.275513,0.265025,0.276122
9513,0.275489,0.265,0.276098
9514,0.275405,0.264915,0.276015
9515,0.275342,0.264851,0.275951
9516,0.275291,0.264798,0.275899
9517,0.275234,0.26474,0.275842
9518,0.275157,0.264661,0.275764
9519,0.275108,0.264612,0.275714
9520,0.27507,0.264573,0.275675
9521,0.275045,0.264547,0.275649
9522,0.275002,0.264503,0.275606
9523,0.274927,0.264427,0.275532
9524,0.274861,0.26436,0.275465
9525,0.274822,0.264319,0.275425
9526,0.274751,0.264247,0.275353
9527,0.274707,0.264203,0.275308
9528,0.274672,0.264167,0.275273
9529,0.274609,0.264103,0.275209
9530,0.274586,0.264079,0.275186
9531,0.27455,0.264043,0.275151
9532,0.274491,0.263982,0.275092
9533,0.274457,0.263948,0.275059
9534,0.274414,0.263904,0.275018
9535,0.27438,0.263869,0.274985
9536,0.274321,0.263808,0.274928
9537,0.274286,0.263774,0.274896
9538,0.274236,0.263722,0.274849
9539,0.274162,0.263647,0.274777
9540,0.274093,0.263576,0.27471
9541,0.274007,0.263489,0.274625
9542,0.273973,0.263454,0.274591
9543,0.273915,0.263395,0.274534
9544,0.273829,0.263307,0.274448
9545,0.273783,0.26326,0.274402
9546,0.273761,0.263238,0.274381
9547,0.273676,0.263151,0.274296
9548,0.273624,0.263098,0.274244
9549,0.273557,0.263029,0.274176
9550,0.273506,0.262978,0.274125
9551,0.273447,0.262917,0.274065
9552,0.273411,0.262881,0.27403
9553,0.273344,0.262812,0.273962
9554,0.273298,0.262766,0.273916
9555,0.273225,0.262691,0.273842
9556,0.273183,0.262648,0.2738
9557,0.273115,0.262579,0.273731
9558,0.273096,0.262559,0.273711
9559,0.273052,0.262515,0.273667
9560,0.273002,0.262463,0.273618
9561,0.27293,0.26239,0.273545
9562,0.272851,0.26231,0.273466
9563,0.27282,0.262278,0.273434
9564,0.272745,0.262201,0.273358
9565,0.272689,0.262144,0.273301
9566,0.27262,0.262074,0.27323
9567,0.2726,0.262054,0.273209
9568,0.272569,0.262022,0.273178
9569,0.272547,0.261999,0.273156
9570,0.272523,0.261974,0.273133
9571,0.27247,0.261921,0.273082
9572,0.272417,0.261867,0.273031
9573,0.272326,0.261774,0.272942
9574,0.272294,0.261741,0.27291
9575,0.272275,0.261722,0.272893
9576,0.272241,0.261688,0.272862
9577,0.272194,0.261639,0.272818
9578,0.272126,0.26157,0.272752
9579,0.272063,0.261506,0.272693
9580,0.27204,0.261483,0.272673
9581,0.271967,0.261408,0.272603
9582,0.271902,0.261342,0.272541
9583,0.271846,0.261284,0.272487
9584,0.27177,0.261207,0.272414
9585,0.271702,0.261137,0.272347
9586,0.271666,0.261101,0.272314
9587,0.271578,0.261011,0.272227
9588,0.271514,0.260946,0.272164
9589,0.271449,0.260879,0.272099
9590,0.271383,0.260812,0.272034
9591,0.271325,0.260753,0.271976
9592,0.271238,0.260665,0.271889
9593,0.271192,0.260618,0.271843
9594,0.271144,0.260568,0.271794
9595,0.271109,0.260533,0.271759
9596,0.271043,0.260465,0.271693
9597,0.270955,0.260375,0.271604
9598,0.270936,0.260356,0.271584
9599,0.270885,0.260304,0.271534
9600,0.270796,0.260213,0.271444
9601,0.27076,0.260177,0.271408
9602,0.270723,0.260139,0.271372
9603,0.270674,0.260089,0.271323
9604,0.270618,0.260032,0.271268
9605,0.270563,0.259976,0.271214
9606,0.270522,0.259934,0.271173
9607,0.270481,0.259892,0.271133
9608,0.270455,0.259866,0.27111
9609,0.270363,0.259772,0.27102
9610,0.270275,0.259682,0.270932
9611,0.270209,0.259615,0.270868
9612,0.270158,0.259563,0.270817
9613,0.270072,0.259475,0.27073
9614,0.270013,0.259415,0.27067
9615,0.269947,0.259347,0.270603
9616,0.269924,0.259324,0.270579
9617,0.269894,0.259293,0.27055
9618,0.269865,0.259263,0.270522
9619,0.269793,0.25919,0.270451
9620,0.269739,0.259135,0.270398
9621,0.269691,0.259087,0.270352
9622,0.269661,0.259056,0.270324
9623,0.269579,0.258972,0.270244
9624,0.269514,0.258906,0.27018
9625,0.26943,0.25882,0.270097
9626,0.269383,0.258772,0.270051
9627,0.269342,0.258731,0.270011
9628,0.269269,0.258655,0.269938
9629,0.269218,0.258604,0.269889
9630,0.269126,0.258511,0.269797
9631,0.269035,0.258417,0.269704
9632,0.268949,0.258329,0.269617
9633,0.268919,0.258299,0.269585
9634,0.268859,0.258237,0.269523
9635,0.268824,0.258202,0.269487
9636,0.268799,0.258177,0.269462
9637,0.268731,0.258108,0.269394
9638,0.268672,0.258047,0.269333
9639,0.268606,0.257979,0.269267
9640,0.268563,0.257935,0.269223
9641,0.268534,0.257906,0.269194
9642,0.268444,0.257815,0.269104
9643,0.268422,0.257792,0.269082
9644,0.268361,0.257729,0.269021
9645,0.268313,0.257681,0.268974
9646,0.268226,0.257592,0.268887
9647,0.26819,0.257555,0.268851
9648,0.268132,0.257496,0.268793
9649,0.268113,0.257476,0.268774
9650,0.268057,0.25742,0.26872
9651,0.268006,0.257367,0.26867
9652,0.267928,0.257288,0.268594
9653,0.267848,0.257206,0.268514
9654,0.26779,0.257147,0.268456
9655,0.267736,0.257092,0.268401
9656,0.267686,0.257041,0.268352
9657,0.267611,0.256965,0.268277
9658,0.26754,0.256892,0.268205
9659,0.267488,0.256839,0.268151
9660,0.267418,0.256768,0.268081
9661,0.267393,0.256742,0.268055
9662,0.267339,0.256688,0.268001
9663,0.267248,0.256595,0.267909
9664,0.267218,0.256563,0.267877
9665,0.267167,0.256512,0.267826
9666,0.267113,0.256457,0.267772
9667,0.267034,0.256377,0.267692
9668,0.266982,0.256323,0.267638
9669,0.266953,0.256293,0.267608
9670,0.266921,0.256261,0.267577
9671,0.266831,0.25617,0.267487
9672,0.266801,0.256139,0.267456
9673,0.266775,0.256112,0.267431
9674,0.266723,0.256059,0.267379
9675,0.266631,0.255965,0.267288
9676,0.266576,0.255909,0.267233
9677,0.266544,0.255877,0.267202
9678,0.266475,0.255806,0.267132
9679,0.266437,0.255767,0.267095
9680,0.266412,0.255742,0.267071
9681,0.266384,0.255713,0.267046
9682,0.26636,0.255689,0.267026
9683,0.266279,0.255606,0.266948
9684,0.266251,0.255578,0.266924
9685,0.266169,0.255494,0.266845
9686,0.266108,0.255432,0.266787
9687,0.266052,0.255374,0.266734
9688,0.265975,0.255296,0.26666
9689,0.265891,0.25521,0.266578
9690,0.265831,0.255149,0.26652
9691,0.265745,0.255062,0.266435
9692,0.265685,0.255001,0.266376
9693,0.265628,0.254942,0.26632
9694,0.265596,0.254909,0.266289
9695,0.26552,0.254832,0.266214
9696,0.265468,0.254779,0.266163
9697,0.265377,0.254686,0.266072
9698,0.265292,0.254599,0.265987
9699,0.265249,0.254556,0.265944
9700,0.265208,0.254514,0.265903
9701,0.265121,0.254425,0.265815
9702,0.265086,0.254389,0.26578
9703,0.265021,0.254323,0.265715
9704,0.264983,0.254284,0.265677
9705,0.264953,0.254254,0.265649
9706,0.264893,0.254193,0.26559
9707,0.264811,0.254109,0.265509
9708,0.26475,0.254047,0.265449
9709,0.264682,0.253978,0.265381
9710,0.264631,0.253925,0.265331
9711,0.264543,0.253836,0.265243
9712,0.264454,0.253744,0.265152
9713,0.264369,0.253658,0.265065
9714,0.264314,0.253602,0.265008
9715,0.264236,0.253523,0.264928
9716,0.264195,0.25348,0.264884
9717,0.264162,0.253446,0.264848
9718,0.264142,0.253426,0.264828
9719,0.264078,0.253361,0.264762
9720,0.264009,0.253291,0.264693
9721,0.263948,0.253228,0.264631
9722,0.263898,0.253178,0.26458
9723,0.263835,0.253114,0.264516
9724,0.263772,0.253049,0.264451
9725,0.263703,0.252978,0.26438
9726,0.263652,0.252926,0.264327
9727,0.263619,0.252893,0.264292
9728,0.263595,0.252868,0.264268
9729,0.263569,0.252842,0.264242
9730,0.263524,0.252796,0.264199
9731,0.263439,0.252709,0.264114
9732,0.263351,0.252619,0.264026
9733,0.263297,0.252565,0.263971
9734,0.26322,0.252486,0.263893
9735,0.263178,0.252443,0.26385
9736,0.263142,0.252407,0.263813
9737,0.263103,0.252366,0.263774
9738,0.263031,0.252293,0.263702
9739,0.262982,0.252243,0.263653
9740,0.26292,0.25218,0.263591
9741,0.262865,0.252124,0.263535
9742,0.262827,0.252085,0.263497
9743,0.262749,0.252005,0.263418
9744,0.262693,0.251948,0.263362
9745,0.262649,0.251903,0.263317
9746,0.262621,0.251875,0.26329
9747,0.262546,0.251799,0.263215
9748,0.262515,0.251767,0.263185
9749,0.262469,0.25172,0.26314
9750,0.26244,0.251691,0.263113
9751,0.262376,0.251625,0.26305
9752,0.262355,0.251603,0.263032
9753,0.262272,0.251519,0.262951
9754,0.262232,0.251478,0.262914
9755,0.262146,0.25139,0.26283
9756,0.262083,0.251326,0.262768
9757,0.262026,0.251268,0.262713
9758,0.261949,0.251189,0.262637
9759,0.261863,0.251102,0.262552
9760,0.261776,0.251013,0.262463
9761,0.261698,0.250934,0.262384
9762,0.261666,0.250901,0.262351
9763,0.261613,0.250846,0.262296
9764,0.261557,0.25079,0.26224
9765,0.26152,0.250752,0.262202
9766,0.261494,0.250725,0.262176
9767,0.261437,0.250668,0.26212
9768,0.261359,0.250588,0.262043
9769,0.261305,0.250533,0.261988
9770,0.261284,0.250512,0.261968
9771,0.26126,0.250487,0.261946
9772,0.26119,0.250415,0.261877
9773,0.261137,0.250362,0.261827
9774,0.261061,0.250284,0.261753
9775,0.260992,0.250213,0.261684
9776,0.26094,0.25016,0.261634
9777,0.260891,0.250111,0.261587
9778,0.260849,0.250067,0.261546
9779,0.260768,0.249985,0.261467
9780,0.260686,0.249902,0.261386
9781,0.260611,0.249825,0.261311
9782,0.260592,0.249805,0.261292
9783,0.260509,0.249721,0.26121
9784,0.260446,0.249656,0.261147
9785,0.260383,0.249592,0.261084
9786,0.260308,0.249516,0.261009
9787,0.260256,0.249463,0.260957
9788,0.260177,0.249382,0.260877
9789,0.260111,0.249315,0.260809
9790,0.260063,0.249265,0.26076
9791,0.260003,0.249205,0.260699
9792,0.259923,0.249123,0.260617
9793,0.259886,0.249086,0.260579
9794,0.259835,0.249033,0.260526
9795,0.259784,0.248981,0.260474
9796,0.259761,0.248958,0.260451
9797,0.259707,0.248903,0.260397
9798,0.259627,0.248821,0.260317
9799,0.259578,0.248771,0.260267
9800,0.259554,0.248746,0.260243
9801,0.259473,0.248664,0.260163
9802,0.259452,0.248642,0.260142
9803,0.259418,0.248608,0.26011
9804,0.259332,0.24852,0.260026
9805,0.259256,0.248442,0.259949
9806,0.25918,0.248365,0.259874
9807,0.259123,0.248307,0.259817
9808,0.259041,0.248224,0.259734
9809,0.259002,0.248183,0.259693
9810,0.258933,0.248113,0.259624
9811,0.258855,0.248034,0.259545
9812,0.25881,0.247988,0.259498
9813,0.258778,0.247955,0.259464
9814,0.258744,0.247921,0.259431
9815,0.258681,0.247856,0.259368
9816,0.258596,0.247769,0.259281
9817,0.258513,0.247685,0.259197
9818,0.25846,0.247631,0.259142
9819,0.258403,0.247572,0.259082
9820,0.258361,0.247529,0.259038
9821,0.258311,0.247479,0.258987
9822,0.258235,0.247401,0.258909
9823,0.258163,0.247327,0.258834
9824,0.258109,0.247273,0.258778
9825,0.258069,0.247232,0.258736
9826,0.258035,0.247197,0.258699
9827,0.257953,0.247114,0.258615
9828,0.257916,0.247076,0.258576
9829,0.257889,0.247048,0.258547
9830,0.257835,0.246994,0.258492
9831,0.257791,0.246948,0.258446
9832,0.257754,0.246911,0.258408
9833,0.257733,0.246889,0.258387
9834,0.257644,0.246799,0.258298
9835,0.257599,0.246752,0.258252
9836,0.257511,0.246663,0.258163
9837,0.257421,0.246571,0.258071
9838,0.257389,0.246538,0.258036
9839,0.257347,0.246495,0.257991
9840,0.257315,0.246463,0.257958
9841,0.257287,0.246434,0.257929
9842,0.257241,0.246387,0.257882
9843,0.257164,0.246308,0.257804
9844,0.257128,0.246272,0.257767
9845,0.257085,0.246228,0.257723
9846,0.257054,0.246197,0.257692
9847,0.256995,0.246136,0.257633
9848,0.256956,0.246097,0.257594
9849,0.256906,0.246046,0.257545
9850,0.256843,0.245981,0.257481
9851,0.256779,0.245916,0.257417
9852,0.256726,0.245862,0.257364
9853,0.256689,0.245825,0.257326
9854,0.256669,0.245804,0.257307
9855,0.256614,0.245748,0.257252
9856,0.256543,0.245676,0.257182
9857,0.256521,0.245653,0.25716
9858,0.256494,0.245625,0.257135
9859,0.256418,0.245548,0.257061
9860,0.256363,0.245491,0.257006
9861,0.256304,0.245432,0.256949
9862,0.25627,0.245397,0.256915
9863,0.256215,0.245341,0.256862
9864,0.256183,0.245308,0.256831
9865,0.256094,0.245218,0.256744
9866,0.256058,0.245181,0.256709
9867,0.256002,0.245124,0.256655
9868,0.255957,0.245077,0.256611
9869,0.255924,0.245044,0.25658
9870,0.255833,0.244951,0.25649
9871,0.255749,0.244866,0.256407
9872,0.255666,0.244781,0.256323
9873,0.255635,0.244749,0.256291
9874,0.255591,0.244705,0.256248
9875,0.255514,0.244626,0.25617
9876,0.255433,0.244543,0.256088
9877,0.255348,0.244457,0.256
9878,0.255328,0.244436,0.255979
9879,0.255302,0.24441,0.255951
9880,0.255269,0.244376,0.255918
9881,0.25525,0.244356,0.255899
9882,0.255186,0.244291,0.255835
9883,0.25513,0.244234,0.25578
9884,0.255072,0.244175,0.255722
9885,0.255011,0.244113,0.255661
9886,0.254962,0.244062,0.255611
9887,0.254902,0.244002,0.255552
9888,0.254827,0.243925,0.255476
9889,0.254808,0.243906,0.255457
9890,0.254772,0.243869,0.25542
9891,0.254753,0.243849,0.255402
9892,0.254684,0.243779,0.255335
9893,0.254614,0.243708,0.255266
9894,0.254587,0.243681,0.25524
9895,0.254534,0.243626,0.255188
9896,0.254497,0.243588,0.255153
9897,0.254461,0.243551,0.255119
9898,0.254398,0.243487,0.255058
9899,0.254353,0.243442,0.255016
9900,0.254312,0.2434,0.254978
9901,0.254287,0.243374,0.254956
9902,0.254257,0.243344,0.254931
9903,0.254172,0.243257,0.25485
9904,0.254101,0.243185,0.254783
9905,0.254064,0.243147,0.254749
9906,0.253976,0.243057,0.254665
9907,0.253889,0.242968,0.25458
9908,0.2538,0.242877,0.254492
9909,0.253742,0.242818,0.254435
9910,0.253653,0.242728,0.254346
9911,0.253612,0.242685,0.254305
9912,0.253582,0.242656,0.254277
9913,0.25351,0.242582,0.254205
9914,0.25343,0.2425,0.254126
9915,0.253381,0.24245,0.254076
9916,0.253346,0.242414,0.254041
9917,0.253254,0.24232,0.25395
9918,0.253184,0.242249,0.25388
9919,0.253149,0.242213,0.253844
9920,0.253125,0.242189,0.25382
9921,0.253074,0.242137,0.253771
9922,0.252998,0.242059,0.253695
9923,0.252926,0.241986,0.253624
9924,0.252877,0.241936,0.253575
9925,0.252856,0.241915,0.253555
9926,0.25278,0.241838,0.253481
9927,0.252723,0.241779,0.253424
9928,0.252693,0.241749,0.253395
9929,0.252618,0.241672,0.253322
9930,0.252534,0.241586,0.253238
9931,0.252455,0.241506,0.253159
9932,0.252429,0.241479,0.253133
9933,0.252366,0.241414,0.25307
9934,0.252278,0.241325,0.252983
9935,0.252239,0.241285,0.252943
9936,0.252216,0.241262,0.25292
9937,0.252187,0.241232,0.252893
9938,0.252133,0.241177,0.252841
9939,0.252052,0.241095,0.252762
9940,0.251996,0.241037,0.252707
9941,0.251973,0.241014,0.252686
9942,0.251922,0.240962,0.252638
9943,0.251846,0.240885,0.252564
9944,0.251754,0.24079,0.252473
9945,0.25171,0.240746,0.252431
9946,0.251671,0.240706,0.252394
9947,0.251619,0.240653,0.252344
9948,0.251568,0.240601,0.252295
9949,0.251498,0.24053,0.252228
9950,0.251419,0.240449,0.252151
9951,0.251327,0.240355,0.25206
9952,0.251237,0.240263,0.25197
9953,0.251213,0.240239,0.251946
9954,0.251171,0.240195,0.251905
9955,0.251112,0.240135,0.251847
9956,0.25103,0.240053,0.251767
9957,0.250939,0.23996,0.251676
9958,0.25086,0.239879,0.251596
9959,0.250774,0.239791,0.251508
9960,0.250692,0.239707,0.251424
9961,0.25064,0.239655,0.251369
9962,0.250588,0.239602,0.251315
9963,0.250561,0.239574,0.251286
9964,0.250535,0.239548,0.25126
9965,0.250473,0.239484,0.251196
9966,0.250402,0.239412,0.251125
9967,0.250312,0.23932,0.251033
9968,0.250281,0.239288,0.251001
9969,0.250224,0.23923,0.250943
9970,0.250201,0.239207,0.25092
9971,0.250144,0.239149,0.250862
9972,0.250056,0.239059,0.250773
9973,0.250017,0.239019,0.250733
9974,0.249953,0.238953,0.250669
9975,0.249917,0.238917,0.250632
9976,0.249865,0.238863,0.25058
9977,0.249797,0.238794,0.250512
9978,0.249708,0.238704,0.250423
9979,0.249617,0.238611,0.25033
9980,0.249547,0.238539,0.250257
9981,0.249527,0.238519,0.250235
9982,0.249468,0.238459,0.250174
9983,0.249402,0.238391,0.250106
9984,0.249367,0.238356,0.250069
9985,0.249324,0.238312,0.250025
9986,0.24925,0.238236,0.249949
9987,0.249212,0.238198,0.24991
9988,0.249133,0.238117,0.249829
9989,0.249092,0.238075,0.249786
9990,0.249,0.237982,0.249692
9991,0.248966,0.237947,0.249655
9992,0.248943,0.237923,0.24963
9993,0.248903,0.237883,0.24959
9994,0.248828,0.237806,0.249513
9995,0.248807,0.237785,0.249491
9996,0.248787,0.237764,0.249471
9997,0.248768,0.237745,0.249453
9998,0.248743,0.23772,0.249431
9999,0.248669,0.237644,0.249359
10000,0.248635,0.237609,0.249327
10001,0.248566,0.237539,0.249261
10002,0.248504,0.237476,0.249201
10003,0.248454,0.237425,0.249153
10004,0.248417,0.237386,0.249118
10005,0.248324,0.237292,0.249028
10006,0.248238,0.237204,0.248943
10007,0.248152,0.237116,0.248856
10008,0.248082,0.237045,0.248786
10009,0.248042,0.237005,0.248746
10010,0.248006,0.236968,0.24871
10011,0.247932,0.236892,0.248635
10012,0.247911,0.236871,0.248615
10013,0.247828,0.236786,0.248532
10014,0.247797,0.236755,0.248502
10015,0.247716,0.236672,0.248421
10016,0.247676,0.236631,0.248381
10017,0.247611,0.236565,0.248316
10018,0.247553,0.236506,0.248259
10019,0.247504,0.236456,0.24821
10020,0.247432,0.236382,0.248137
10021,0.247372,0.236321,0.248077
10022,0.247333,0.236281,0.248038
10023,0.24726,0.236207,0.247965
10024,0.247185,0.23613,0.247888
10025,0.247096,0.23604,0.247798
10026,0.24704,0.235983,0.24774
10027,0.246997,0.235939,0.247695
10028,0.246923,0.235863,0.247618
10029,0.246861,0.2358,0.247554
10030,0.246837,0.235775,0.247527
10031,0.246773,0.23571,0.247461
10032,0.246722,0.235658,0.247408
10033,0.246702,0.235638,0.247386
10034,0.246647,0.235582,0.24733
10035,0.246621,0.235554,0.247303
10036,0.246562,0.235495,0.247244
10037,0.246506,0.235438,0.247187
10038,0.246466,0.235397,0.247147
10039,0.246419,0.235349,0.247099
10040,0.246385,0.235314,0.247066
10041,0.246362,0.235291,0.247044
10042,0.246269,0.235196,0.246952
10043,0.246249,0.235175,0.246933
10044,0.246194,0.235119,0.246879
10045,0.246124,0.235048,0.24681
10046,0.246079,0.235002,0.246766
10047,0.246048,0.234971,0.246737
10048,0.245958,0.234879,0.246647
10049,0.245931,0.234851,0.246622
10050,0.245859,0.234777,0.246551
10051,0.245777,0.234694,0.246469
10052,0.245757,0.234673,0.24645
10053,0.245679,0.234594,0.246373
10054,0.245639,0.234553,0.246333
10055,0.2456,0.234514,0.246296
10056,0.245559,0.234472,0.246256
10057,0.245508,0.23442,0.246207
10058,0.24548,0.234391,0.246182
10059,0.245416,0.234326,0.246121
10060,0.245333,0.234242,0.246039
10061,0.245261,0.234168,0.245968
10062,0.24518,0.234085,0.245888
10063,0.245123,0.234027,0.245832
10064,0.24506,0.233962,0.245768
10065,0.244974,0.233875,0.245682
10066,0.244951,0.233852,0.245659
10067,0.244923,0.233823,0.245631
10068,0.244838,0.233736,0.245547
10069,0.244775,0.233672,0.245484
10070,0.244713,0.233609,0.245421
10071,0.244656,0.233551,0.245364
10072,0.244611,0.233505,0.245318
10073,0.244524,0.233416,0.245231
10074,0.244473,0.233364,0.245178
10075,0.244454,0.233345,0.245159
10076,0.244432,0.233322,0.245138
10077,0.244396,0.233285,0.245103
10078,0.244345,0.233233,0.245054
10079,0.244304,0.233192,0.245016
10080,0.244223,0.233109,0.244937
10081,0.244183,0.233068,0.244898
10082,0.244159,0.233044,0.244877
10083,0.244106,0.232989,0.244827
10084,0.244017,0.232899,0.244741
10085,0.243945,0.232825,0.244671
10086,0.243854,0.232733,0.244582
10087,0.243794,0.232672,0.244522
10088,0.243716,0.232592,0.244444
10089,0.243661,0.232536,0.24439
10090,0.243618,0.232492,0.244347
10091,0.24354,0.232412,0.244269
10092,0.243489,0.23236,0.244218
10093,0.243439,0.232309,0.244168
10094,0.243416,0.232286,0.244146
10095,0.24333,0.232198,0.244061
10096,0.243256,0.232122,0.243987
10097,0.243207,0.232073,0.243938
10098,0.243139,0.232004,0.243871
10099,0.243093,0.231957,0.243824
10100,0.243035,0.231897,0.243766
10101,0.242972,0.231833,0.243704
10102,0.242913,0.231773,0.243645
10103,0.242882,0.231741,0.243614
10104,0.242801,0.231659,0.243533
10105,0.242718,0.231574,0.24345
10106,0.242653,0.231508,0.243384
10107,0.242588,0.231441,0.243317
10108,0.2425,0.231351,0.243227
10109,0.242476,0.231327,0.243202
10110,0.242417,0.231267,0.243141
10111,0.242382,0.231231,0.243105
10112,0.242326,0.231174,0.243048
10113,0.242301,0.231149,0.243023
10114,0.242261,0.231108,0.242983
10115,0.24223,0.231076,0.242953
10116,0.242149,0.230994,0.242874
10117,0.24211,0.230953,0.242835
10118,0.24208,0.230923,0.242807
10119,0.242027,0.230869,0.242756
10120,0.241946,0.230787,0.242677
10121,0.241889,0.230728,0.242621
10122,0.241799,0.230637,0.242533
10123,0.241768,0.230605,0.242502
10124,0.241725,0.230561,0.24246
10125,0.24164,0.230474,0.242376
10126,0.24155,0.230382,0.242286
10127,0.241503,0.230334,0.242239
10128,0.241453,0.230284,0.24219
10129,0.241406,0.230236,0.242143
10130,0.241324,0.230152,0.242061
10131,0.241252,0.230079,0.241989
10132,0.241232,0.230058,0.241969
10133,0.241148,0.229972,0.241885
10134,0.241109,0.229933,0.241846
10135,0.24106,0.229883,0.241798
10136,0.241005,0.229827,0.241743
10137,0.240921,0.229741,0.241659
10138,0.240857,0.229676,0.241595
10139,0.240825,0.229643,0.241563
10140,0.240798,0.229616,0.241537
10141,0.240741,0.229558,0.241481
10142,0.240664,0.229479,0.241405
10143,0.240608,0.229422,0.241349
10144,0.240557,0.22937,0.241299
10145,0.240482,0.229293,0.241225
10146,0.240408,0.229218,0.241151
10147,0.240328,0.229136,0.24107
10148,0.240265,0.229072,0.241006
10149,0.240206,0.229012,0.240946
10150,0.240127,0.228931,0.240865
10151,0.240074,0.228877,0.24081
10152,0.240039,0.228842,0.240775
10153,0.240017,0.228819,0.240752
10154,0.23998,0.228781,0.240715
10155,0.239914,0.228714,0.24065
10156,0.239878,0.228677,0.240615
10157,0.239816,0.228614,0.240554
10158,0.239738,0.228534,0.240476
10159,0.239659,0.228453,0.240396
10160,0.239637,0.228432,0.240375
10161,0.239598,0.228392,0.240337
10162,0.239546,0.228338,0.240285
10163,0.239458,0.228249,0.240198
10164,0.239394,0.228183,0.240134
10165,0.239347,0.228136,0.240088
10166,0.239307,0.228095,0.240048
10167,0.239242,0.228029,0.239984
10168,0.239208,0.227994,0.239951
10169,0.239122,0.227906,0.239866
10170,0.239075,0.227858,0.239819
10171,0.238987,0.227768,0.239731
10172,0.238907,0.227687,0.239651
10173,0.238879,0.227658,0.239623
10174,0.238811,0.227589,0.239554
10175,0.238724,0.2275,0.239467
10176,0.238649,0.227424,0.23939
10177,0.238619,0.227393,0.239359
10178,0.238597,0.227371,0.239337
10179,0.238532,0.227304,0.239271
10180,0.238485,0.227256,0.239224
10181,0.238427,0.227197,0.239166
10182,0.238378,0.227148,0.239118
10183,0.238288,0.227055,0.239027
10184,0.23826,0.227027,0.238999
10185,0.238181,0.226946,0.23892
10186,0.23812,0.226883,0.238857
10187,0.238044,0.226806,0.238781
10188,0.237965,0.226726,0.2387
10189,0.237919,0.226679,0.238652
10190,0.237885,0.226644,0.238616
10191,0.237864,0.226623,0.238595
10192,0.237816,0.226574,0.238547
10193,0.237734,0.22649,0.238465
10194,0.237707,0.226463,0.238437
10195,0.237682,0.226437,0.238413
10196,0.237621,0.226375,0.238353
10197,0.237601,0.226354,0.238335
10198,0.237514,0.226266,0.23825
10199,0.237463,0.226214,0.2382
10200,0.237374,0.226123,0.238111
10201,0.237293,0.22604,0.23803
10202,0.237247,0.225993,0.237984
10203,0.237165,0.225909,0.237901
10204,0.237085,0.225828,0.23782
10205,0.236999,0.225741,0.237732
10206,0.236975,0.225716,0.237705
10207,0.236955,0.225696,0.237685
10208,0.236889,0.225629,0.237618
10209,0.236867,0.225606,0.237595
10210,0.236844,0.225582,0.237573
10211,0.236807,0.225544,0.237537
10212,0.236759,0.225496,0.237491
10213,0.236689,0.225425,0.237423
10214,0.236628,0.225362,0.237363
10215,0.236558,0.225291,0.237294
10216,0.236531,0.225263,0.237269
10217,0.236488,0.225219,0.237228
10218,0.23643,0.22516,0.237172
10219,0.23635,0.225079,0.237094
10220,0.236284,0.225011,0.237029
10221,0.236203,0.224929,0.236949
10222,0.23613,0.224855,0.236876
10223,0.236098,0.224822,0.236844
10224,0.236056,0.224778,0.236803
10225,0.235987,0.224708,0.236735
10226,0.235938,0.224658,0.236687
10227,0.235872,0.224591,0.236622
10228,0.235781,0.224498,0.236531
10229,0.235729,0.224445,0.236479
10230,0.235649,0.224364,0.236399
10231,0.235584,0.224297,0.236332
10232,0.235501,0.224213,0.236248
10233,0.235458,0.224168,0.236203
10234,0.235429,0.224139,0.236172
10235,0.235379,0.224088,0.236122
10236,0.235339,0.224047,0.236082
10237,0.235312,0.22402,0.236056
10238,0.235229,0.223935,0.235973
10239,0.235199,0.223904,0.235943
10240,0.235179,0.223885,0.235926
10241,0.235087,0.22379,0.235835
10242,0.235014,0.223716,0.235762
10243,0.234931,0.223631,0.235679
10244,0.23489,0.22359,0.235639
10245,0.234816,0.223514,0.235564
10246,0.234737,0.223434,0.235484
10247,0.234698,0.223393,0.235444
10248,0.234634,0.223328,0.235379
10249,0.234599,0.223293,0.235344
10250,0.234519,0.223211,0.235263
10251,0.23443,0.223121,0.235173
10252,0.234406,0.223095,0.235147
10253,0.234349,0.223037,0.235089
10254,0.234259,0.222946,0.234998
10255,0.234229,0.222915,0.234965
10256,0.234155,0.222839,0.234889
10257,0.234109,0.222792,0.234842
10258,0.234073,0.222756,0.234805
10259,0.233996,0.222678,0.234726
10260,0.233937,0.222617,0.234665
10261,0.2339,0.222579,0.234626
10262,0.233823,0.222501,0.234547
10263,0.233799,0.222476,0.234521
10264,0.233738,0.222414,0.234459
10265,0.233668,0.222342,0.234387
10266,0.233649,0.222323,0.234367
10267,0.233579,0.222252,0.234295
10268,0.233496,0.222168,0.234211
10269,0.233434,0.222104,0.234146
10270,0.233405,0.222075,0.234114
10271,0.233375,0.222044,0.234082
10272,0.233337,0.222005,0.234043
10273,0.23331,0.221978,0.234016
10274,0.233267,0.221934,0.233973
10275,0.233228,0.221894,0.233934
10276,0.23318,0.221845,0.233887
10277,0.23314,0.221804,0.233847
10278,0.233047,0.22171,0.233755
10279,0.233025,0.221687,0.233734
10280,0.232942,0.221603,0.233651
10281,0.232915,0.221575,0.233623
10282,0.23283,0.221488,0.233539
10283,0.232792,0.221449,0.2335
10284,0.232752,0.221408,0.23346
10285,0.232693,0.221349,0.233403
10286,0.232675,0.22133,0.233385
10287,0.232589,0.221243,0.2333
10288,0.232518,0.22117,0.233229
10289,0.232492,0.221143,0.233203
10290,0.232471,0.221122,0.233184
10291,0.232439,0.221089,0.233153
10292,0.232393,0.221042,0.23311
10293,0.232326,0.220974,0.233045
10294,0.232271,0.220918,0.232992
10295,0.23223,0.220876,0.232953
10296,0.232165,0.22081,0.232891
10297,0.232092,0.220736,0.23282
10298,0.232054,0.220697,0.232784
10299,0.232029,0.220671,0.232762
10300,0.231945,0.220585,0.23268
10301,0.231894,0.220533,0.232631
10302,0.23187,0.220509,0.23261
10303,0.231778,0.220415,0.232521
10304,0.231697,0.220333,0.232442
10305,0.231648,0.220283,0.232395
10306,0.231573,0.220206,0.23232
10307,0.231503,0.220135,0.232252
10308,0.231484,0.220115,0.232234
10309,0.231418,0.220048,0.23217
10310,0.231339,0.219967,0.232092
10311,0.231281,0.219908,0.232035
10312,0.2312,0.219825,0.231954
10313,0.231157,0.219781,0.231911
10314,0.231109,0.219733,0.231865
10315,0.231038,0.21966,0.231794
10316,0.230947,0.219568,0.231703
10317,0.230884,0.219503,0.231639
10318,0.230815,0.219433,0.231569
10319,0.230759,0.219375,0.231512
10320,0.23072,0.219336,0.231472
10321,0.230689,0.219304,0.23144
10322,0.230618,0.219232,0.231369
10323,0.230561,0.219174,0.231312
10324,0.230471,0.219082,0.231221
10325,0.230433,0.219044,0.231182
10326,0.230399,0.219009,0.231147
10327,0.230369,0.218978,0.231117
10328,0.230322,0.21893,0.231071
10329,0.230281,0.218888,0.231031
10330,0.230222,0.218828,0.230973
10331,0.23013,0.218734,0.230881
10332,0.230044,0.218646,0.230794
10333,0.22998,0.218581,0.230729
10334,0.229895,0.218494,0.230643
10335,0.229807,0.218404,0.230552
10336,0.229723,0.218319,0.230464
10337,0.229636,0.21823,0.230373
10338,0.229611,0.218204,0.230343
10339,0.229569,0.218162,0.230297
10340,0.229543,0.218135,0.230267
10341,0.229512,0.218104,0.230234
10342,0.229489,0.21808,0.230209
10343,0.229466,0.218057,0.230185
10344,0.229423,0.218013,0.230142
10345,0.229373,0.217962,0.230091
10346,0.229283,0.21787,0.23
10347,0.229232,0.217818,0.229948
10348,0.229206,0.217791,0.229921
10349,0.229147,0.217731,0.229861
10350,0.229127,0.217711,0.229841
10351,0.229059,0.217642,0.229773
10352,0.229003,0.217584,0.229717
10353,0.228959,0.217539,0.229672
10354,0.228893,0.217472,0.229606
10355,0.228862,0.21744,0.229575
10356,0.228798,0.217375,0.229511
10357,0.228741,0.217318,0.229454
10358,0.228695,0.21727,0.229408
10359,0.228656,0.217231,0.229369
10360,0.228637,0.217211,0.22935
10361,0.228558,0.217131,0.229272
10362,0.228522,0.217094,0.229237
10363,0.228498,0.21707,0.229215
10364,0.228476,0.217047,0.229195
10365,0.228434,0.217004,0.229156
10366,0.228356,0.216925,0.229081
10367,0.228294,0.216862,0.229021
10368,0.228259,0.216826,0.228988
10369,0.228183,0.216749,0.228915
10370,0.22811,0.216674,0.228843
10371,0.22802,0.216582,0.228754
10372,0.22797,0.216531,0.228705
10373,0.227893,0.216453,0.228628
10374,0.227865,0.216424,0.2286
10375,0.227825,0.216383,0.228561
10376,0.227794,0.216352,0.228532
10377,0.227712,0.216268,0.228451
10378,0.227646,0.2162,0.228386
10379,0.227614,0.216168,0.228355
10380,0.22759,0.216143,0.228332
10381,0.227509,0.216061,0.228254
10382,0.227458,0.216009,0.228204
10383,0.227373,0.215922,0.22812
10384,0.227316,0.215864,0.228064
10385,0.227239,0.215786,0.227987
10386,0.227148,0.215693,0.227896
10387,0.227085,0.215628,0.227831
10388,0.227041,0.215583,0.227785
10389,0.226978,0.215519,0.227722
10390,0.226951,0.215492,0.227694
10391,0.226867,0.215406,0.227609
10392,0.226812,0.215349,0.227552
10393,0.226769,0.215306,0.227508
10394,0.226738,0.215274,0.227476
10395,0.226649,0.215183,0.227386
10396,0.226596,0.21513,0.227333
10397,0.226567,0.2151,0.227302
10398,0.226535,0.215067,0.22727
10399,0.226505,0.215036,0.22724
10400,0.22645,0.21498,0.227186
10401,0.226403,0.214933,0.22714
10402,0.226347,0.214876,0.227085
10403,0.226314,0.214842,0.227053
10404,0.226245,0.214771,0.226985
10405,0.226158,0.214683,0.226899
10406,0.226094,0.214617,0.226834
10407,0.226021,0.214543,0.226761
10408,0.225999,0.21452,0.226739
10409,0.225926,0.214446,0.226665
10410,0.225879,0.214398,0.226618
10411,0.225854,0.214372,0.226594
10412,0.225786,0.214304,0.226527
10413,0.225719,0.214235,0.226459
10414,0.225654,0.214168,0.226393
10415,0.225604,0.214117,0.226343
10416,0.225549,0.214062,0.226288
10417,0.225491,0.214002,0.226229
10418,0.22545,0.21396,0.226188
10419,0.225395,0.213904,0.226133
10420,0.225322,0.213829,0.226059
10421,0.225272,0.213779,0.226009
10422,0.225244,0.21375,0.22598
10423,0.225161,0.213666,0.225897
10424,0.225081,0.213585,0.225816
10425,0.225021,0.213523,0.225754
10426,0.224993,0.213495,0.225725
10427,0.224927,0.213427,0.225657
10428,0.224872,0.213371,0.225601
10429,0.224823,0.213321,0.22555
10430,0.224778,0.213275,0.225503
10431,0.224734,0.21323,0.225459
10432,0.22471,0.213206,0.225435
10433,0.224644,0.213138,0.225368
10434,0.224594,0.213087,0.225317
10435,0.224551,0.213044,0.225274
10436,0.224528,0.21302,0.225251
10437,0.224478,0.212969,0.225202
10438,0.22444,0.21293,0.225165
10439,0.224349,0.212838,0.225075
10440,0.224261,0.212747,0.224986
10441,0.224206,0.212692,0.22493
10442,0.224176,0.212661,0.224899
10443,0.224155,0.212639,0.224878
10444,0.224102,0.212585,0.224826
10445,0.224034,0.212516,0.224758
10446,0.224015,0.212497,0.22474
10447,0.223939,0.212419,0.224664
10448,0.223877,0.212356,0.224603
10449,0.223805,0.212283,0.22453
10450,0.223745,0.212222,0.22447
10451,0.223668,0.212143,0.224392
10452,0.223636,0.21211,0.224358
10453,0.223609,0.212083,0.224331
10454,0.223537,0.212009,0.224258
10455,0.223506,0.211978,0.224227
10456,0.223486,0.211958,0.224208
10457,0.22344,0.211911,0.224163
10458,0.223415,0.211885,0.224139
10459,0.223375,0.211844,0.224101
10460,0.223338,0.211807,0.224067
10461,0.223315,0.211783,0.224047
10462,0.223236,0.211702,0.223971
10463,0.223209,0.211674,0.223947
10464,0.223133,0.211597,0.223874
10465,0.223114,0.211578,0.22386
10466,0.223039,0.211502,0.223789
10467,0.222963,0.211424,0.223716
10468,0.222892,0.211352,0.223647
10469,0.222819,0.211277,0.223576
10470,0.222751,0.211208,0.22351
10471,0.222692,0.211147,0.223452
10472,0.222649,0.211104,0.223412
10473,0.222585,0.211038,0.223349
10474,0.222499,0.21095,0.223264
10475,0.222439,0.210889,0.223205
10476,0.222388,0.210837,0.223155
10477,0.222313,0.210761,0.22308
10478,0.222293,0.210741,0.223062
10479,0.222211,0.210657,0.22298
10480,0.222138,0.210583,0.222908
10481,0.2221,0.210543,0.22287
10482,0.222032,0.210474,0.222802
10483,0.22197,0.210411,0.22274
10484,0.221941,0.210381,0.222712
10485,0.221866,0.210305,0.222638
10486,0.221778,0.210215,0.222549
10487,0.221689,0.210124,0.222459
10488,0.221654,0.210088,0.222423
10489,0.221574,0.210007,0.222341
10490,0.221542,0.209974,0.222308
10491,0.221495,0.209926,0.22226
10492,0.221416,0.209846,0.22218
10493,0.221366,0.209795,0.222128
10494,0.221298,0.209726,0.222059
10495,0.221275,0.209702,0.222035
10496,0.221186,0.209611,0.221944
10497,0.221165,0.20959,0.221921
10498,0.22113,0.209554,0.221886
10499,0.221047,0.20947,0.221802
10500,0.220991,0.209413,0.221745
10501,0.220972,0.209393,0.221725
10502,0.220897,0.209317,0.22165
10503,0.220843,0.209261,0.221594
10504,0.220803,0.209221,0.221554
10505,0.220752,0.209169,0.221503
10506,0.220682,0.209097,0.221432
10507,0.220595,0.209008,0.221343
10508,0.22055,0.208962,0.221296
10509,0.220492,0.208904,0.221237
10510,0.220448,0.208859,0.221191
10511,0.220385,0.208794,0.221126
10512,0.220361,0.20877,0.221101
10513,0.2203,0.208708,0.221039
10514,0.220228,0.208634,0.220965
10515,0.220201,0.208606,0.220936
10516,0.220163,0.208568,0.220897
10517,0.220077,0.20848,0.22081
10518,0.220047,0.208449,0.220779
10519,0.219996,0.208398,0.220727
10520,0.219929,0.208329,0.220658
10521,0.219859,0.208258,0.220586
10522,0.219774,0.208171,0.220498
10523,0.219741,0.208138,0.220463
10524,0.219707,0.208103,0.220427
10525,0.219679,0.208074,0.220397
10526,0.219652,0.208046,0.220368
10527,0.219627,0.208021,0.220343
10528,0.219601,0.207994,0.220318
10529,0.219532,0.207924,0.220249
10530,0.219454,0.207845,0.220171
10531,0.219393,0.207783,0.220109
10532,0.219358,0.207746,0.220073
10533,0.219324,0.207712,0.220039
10534,0.219298,0.207686,0.220014
10535,0.219273,0.20766,0.21999
10536,0.219195,0.207581,0.219913
10537,0.219171,0.207556,0.21989
10538,0.219123,0.207506,0.219843
10539,0.219031,0.207413,0.219752
10540,0.218998,0.20738,0.21972
10541,0.218941,0.207322,0.219664
10542,0.218853,0.207232,0.219576
10543,0.218831,0.207209,0.219554
10544,0.218784,0.207162,0.219508
10545,0.218704,0.20708,0.219428
10546,0.218628,0.207002,0.219351
10547,0.218586,0.206959,0.219308
10548,0.218547,0.206919,0.219269
10549,0.218502,0.206874,0.219224
10550,0.218446,0.206816,0.219168
10551,0.218357,0.206726,0.219078
10552,0.218327,0.206695,0.219046
10553,0.218269,0.206636,0.218988
10554,0.21825,0.206616,0.218968
10555,0.218205,0.20657,0.218924
10556,0.218128,0.206492,0.218846
10557,0.218086,0.206449,0.218804
10558,0.218065,0.206428,0.218783
10559,0.218033,0.206395,0.218752
10560,0.217984,0.206345,0.218704
10561,0.217952,0.206312,0.218673
10562,0.217923,0.206283,0.218647
10563,0.217895,0.206254,0.218622
10564,0.217821,0.206179,0.218551
10565,0.217752,0.206109,0.218484
10566,0.217664,0.206019,0.218397
10567,0.217637,0.205991,0.218371
10568,0.217556,0.205908,0.218291
10569,0.21748,0.205831,0.218216
10570,0.217453,0.205803,0.218189
10571,0.217414,0.205764,0.218151
10572,0.21736,0.205708,0.218098
10573,0.217311,0.205658,0.218051
10574,0.217247,0.205594,0.217989
10575,0.217223,0.205569,0.217966
10576,0.21719,0.205535,0.217935
10577,0.217171,0.205516,0.217919
10578,0.217096,0.205439,0.217847
10579,0.217067,0.20541,0.217822
10580,0.217034,0.205376,0.217792
10581,0.216987,0.205329,0.217751
10582,0.216903,0.205243,0.21767
10583,0.216812,0.20515,0.217583
10584,0.21674,0.205076,0.217512
10585,0.216652,0.204986,0.217426
10586,0.216605,0.204938,0.217381
10587,0.216514,0.204846,0.217291
10588,0.216485,0.204816,0.217262
10589,0.216444,0.204775,0.217224
10590,0.21639,0.204719,0.217171
10591,0.216352,0.204681,0.217136
10592,0.216262,0.204589,0.217048
10593,0.216198,0.204523,0.216984
10594,0.216136,0.20446,0.216923
10595,0.216058,0.204381,0.216846
10596,0.216011,0.204333,0.2168
10597,0.215963,0.204284,0.216753
10598,0.215922,0.204242,0.216713
10599,0.215852,0.204171,0.216644
10600,0.215811,0.204128,0.216604
10601,0.21574,0.204056,0.216535
10602,0.21568,0.203996,0.216476
10603,0.21559,0.203903,0.216386
10604,0.215569,0.203882,0.216366
10605,0.215493,0.203804,0.216291
10606,0.215406,0.203716,0.216204
10607,0.215351,0.203659,0.216148
10608,0.215312,0.20362,0.216109
10609,0.215263,0.203569,0.216061
10610,0.215194,0.2035,0.215992
10611,0.215141,0.203445,0.215939
10612,0.215059,0.203362,0.215857
10613,0.21502,0.203322,0.215818
10614,0.214949,0.203249,0.215746
10615,0.214878,0.203177,0.215674
10616,0.21482,0.203118,0.215616
10617,0.2148,0.203098,0.215596
10618,0.214748,0.203045,0.215544
10619,0.214717,0.203013,0.215513
10620,0.214645,0.202939,0.215442
10621,0.214599,0.202892,0.215396
10622,0.214525,0.202817,0.215323
10623,0.214505,0.202797,0.215304
10624,0.214443,0.202733,0.215243
10625,0.214406,0.202695,0.215207
10626,0.214336,0.202624,0.215139
10627,0.214285,0.202572,0.21509
10628,0.214247,0.202533,0.215053
10629,0.214204,0.20249,0.215013
10630,0.214115,0.202399,0.214926
10631,0.214024,0.202306,0.214836
10632,0.213942,0.202222,0.214754
10633,0.213877,0.202156,0.214689
10634,0.213835,0.202114,0.214647
10635,0.213756,0.202033,0.214568
10636,0.213715,0.20199,0.214526
10637,0.213695,0.201971,0.214508
10638,0.213635,0.201909,0.214448
10639,0.213611,0.201885,0.214427
10640,0.213521,0.201792,0.214337
10641,0.21346,0.201731,0.214278
10642,0.213405,0.201674,0.214224
10643,0.213359,0.201628,0.214179
10644,0.213291,0.201558,0.214113
10645,0.213207,0.201473,0.214029
10646,0.213118,0.201382,0.21394
10647,0.213077,0.20134,0.213899
10648,0.212987,0.201248,0.213808
10649,0.212948,0.201208,0.213768
10650,0.212862,0.201121,0.213681
10651,0.212803,0.20106,0.213621
10652,0.212751,0.201007,0.213568
10653,0.212699,0.200954,0.213515
10654,0.212634,0.200888,0.213449
10655,0.212603,0.200856,0.213417
10656,0.21255,0.200803,0.213364
10657,0.212522,0.200774,0.213336
10658,0.21243,0.20068,0.213244
10659,0.212348,0.200597,0.213161
10660,0.21226,0.200507,0.21307
10661,0.212186,0.200431,0.212994
10662,0.21215,0.200395,0.212956
10663,0.212122,0.200366,0.212926
10664,0.212039,0.200281,0.212841
10665,0.211981,0.200222,0.21278
10666,0.211896,0.200135,0.212692
10667,0.21183,0.200068,0.212623
10668,0.211787,0.200025,0.212577
10669,0.211759,0.199996,0.212546
10670,0.211718,0.199954,0.212502
10671,0.211673,0.199908,0.212456
10672,0.21162,0.199853,0.2124
10673,0.211537,0.199769,0.212315
10674,0.211498,0.199729,0.212273
10675,0.211459,0.199689,0.212232
10676,0.211397,0.199626,0.212168
10677,0.211354,0.199583,0.212124
10678,0.211307,0.199535,0.212075
10679,0.21127,0.199497,0.212036
10680,0.211244,0.19947,0.212009
10681,0.211197,0.199423,0.211962
10682,0.211131,0.199355,0.211895
10683,0.211057,0.199279,0.211819
10684,0.210982,0.199203,0.211742
10685,0.210941,0.199161,0.211699
10686,0.210902,0.199121,0.211658
10687,0.210835,0.199053,0.21159
10688,0.210766,0.198983,0.211518
10689,0.210746,0.198963,0.211497
10690,0.210692,0.198908,0.211441
10691,0.21067,0.198885,0.211418
10692,0.210593,0.198807,0.211339
10693,0.210574,0.198787,0.211319
10694,0.210506,0.198718,0.21125
10695,0.210454,0.198665,0.211197
10696,0.21043,0.19864,0.211172
10697,0.210389,0.198599,0.211131
10698,0.210328,0.198536,0.211069
10699,0.210268,0.198475,0.211008
10700,0.210235,0.198441,0.210974
10701,0.210169,0.198374,0.210908
10702,0.210135,0.198339,0.210873
10703,0.210066,0.198269,0.210804
10704,0.210038,0.19824,0.210775
10705,0.209988,0.198189,0.210725
10706,0.209964,0.198165,0.210701
10707,0.209932,0.198132,0.21067
10708,0.209873,0.198072,0.210612
10709,0.209785,0.197983,0.210524
10710,0.209751,0.197948,0.21049
10711,0.209663,0.197858,0.210401
10712,0.209643,0.197837,0.210381
10713,0.209583,0.197776,0.21032
10714,0.209521,0.197713,0.210259
10715,0.209499,0.197691,0.210237
10716,0.209434,0.197624,0.210171
10717,0.209394,0.197583,0.210131
10718,0.209341,0.197529,0.210078
10719,0.209292,0.197479,0.210029
10720,0.209231,0.197417,0.209968
10721,0.209154,0.197339,0.20989
10722,0.209113,0.197297,0.209848
10723,0.20908,0.197263,0.209815
10724,0.209034,0.197216,0.209768
10725,0.208959,0.19714,0.209693
10726,0.208917,0.197097,0.209651
10727,0.208866,0.197045,0.209599
10728,0.208801,0.196979,0.209533
10729,0.20877,0.196947,0.209501
10730,0.208747,0.196924,0.209478
10731,0.208668,0.196843,0.209399
10732,0.208639,0.196814,0.20937
10733,0.208609,0.196783,0.20934
10734,0.20857,0.196743,0.209302
10735,0.208521,0.196693,0.209253
10736,0.208431,0.196601,0.209164
10737,0.208409,0.196578,0.209142
10738,0.208382,0.196552,0.209116
10739,0.208356,0.196525,0.209092
10740,0.208319,0.196487,0.209057
10741,0.208255,0.196422,0.208995
10742,0.208178,0.196343,0.20892
10743,0.208152,0.196316,0.208895
10744,0.208102,0.196265,0.208846
10745,0.208018,0.19618,0.208764
10746,0.207993,0.196154,0.20874
10747,0.207923,0.196083,0.208672
10748,0.207852,0.19601,0.208602
10749,0.207831,0.195989,0.208582
10750,0.207795,0.195953,0.208549
10751,0.207726,0.195882,0.208481
10752,0.207678,0.195833,0.208435
10753,0.207606,0.19576,0.208364
10754,0.207578,0.195731,0.208338
10755,0.207526,0.195678,0.208288
10756,0.207436,0.195586,0.208199
10757,0.207349,0.195498,0.208112
10758,0.207272,0.195419,0.208034
10759,0.20723,0.195376,0.207991
10760,0.207201,0.195347,0.207963
10761,0.207168,0.195313,0.20793
10762,0.207132,0.195276,0.207895
10763,0.20709,0.195234,0.207855
10764,0.207026,0.195168,0.207791
10765,0.206953,0.195093,0.207719
10766,0.206926,0.195066,0.207694
10767,0.206903,0.195043,0.207673
10768,0.206852,0.194991,0.207624
10769,0.206785,0.194923,0.207559
10770,0.206726,0.194862,0.207501
10771,0.206703,0.194839,0.207481
10772,0.206667,0.194802,0.207447
10773,0.206579,0.194712,0.207361
10774,0.206492,0.194624,0.207277
10775,0.206422,0.194552,0.207208
10776,0.20633,0.194459,0.207116
10777,0.206299,0.194427,0.207085
10778,0.206247,0.194374,0.207033
10779,0.206214,0.19434,0.207001
10780,0.206138,0.194262,0.206925
10781,0.206055,0.194178,0.206843
10782,0.205988,0.194109,0.206775
10783,0.205935,0.194055,0.206721
10784,0.205882,0.194001,0.206667
10785,0.205815,0.193933,0.206599
10786,0.205737,0.193853,0.206519
10787,0.205718,0.193834,0.206499
10788,0.205642,0.193756,0.206422
10789,0.20557,0.193683,0.206348
10790,0.205519,0.193631,0.206294
10791,0.205433,0.193544,0.206207
10792,0.205392,0.193501,0.206162
10793,0.205368,0.193477,0.206136
10794,0.205316,0.193424,0.206082
10795,0.205245,0.193351,0.206008
10796,0.205223,0.193329,0.205985
10797,0.205168,0.193273,0.205928
10798,0.205082,0.193186,0.20584
10799,0.205058,0.193161,0.205813
10800,0.204993,0.193094,0.205745
10801,0.204943,0.193044,0.205694
10802,0.204894,0.192993,0.205641
10803,0.204851,0.19295,0.205597
10804,0.204821,0.192919,0.205564
10805,0.204755,0.192852,0.205496
10806,0.204727,0.192823,0.205467
10807,0.204706,0.192802,0.205445
10808,0.204681,0.192776,0.205419
10809,0.204656,0.192751,0.205394
10810,0.204628,0.192723,0.205367
10811,0.204606,0.1927,0.205347
10812,0.20455,0.192643,0.205293
10813,0.204486,0.192577,0.205229
10814,0.204425,0.192515,0.205169
10815,0.204337,0.192425,0.205082
10816,0.204305,0.192393,0.205051
10817,0.204266,0.192353,0.205012
10818,0.204228,0.192314,0.204975
10819,0.204165,0.19225,0.204913
10820,0.204075,0.192158,0.204823
10821,0.204048,0.192131,0.204796
10822,0.204024,0.192106,0.204772
10823,0.203932,0.192012,0.204681
10824,0.203853,0.191932,0.204601
10825,0.203823,0.191901,0.204571
10826,0.203774,0.191851,0.204522
10827,0.203754,0.191831,0.204502
10828,0.203695,0.19177,0.204443
10829,0.203664,0.191739,0.204413
10830,0.20364,0.191714,0.20439
10831,0.203562,0.191635,0.204313
10832,0.203542,0.191614,0.204294
10833,0.203501,0.191573,0.204255
10834,0.203409,0.191479,0.204164
10835,0.203385,0.191454,0.204142
10836,0.203335,0.191403,0.204093
10837,0.203262,0.191329,0.204022
10838,0.203198,0.191264,0.203959
10839,0.203176,0.191241,0.203937
10840,0.203091,0.191154,0.203853
10841,0.203062,0.191124,0.203825
10842,0.202995,0.191057,0.20376
10843,0.20296,0.191021,0.203726
10844,0.202896,0.190955,0.203662
10845,0.202872,0.190931,0.20364
10846,0.202784,0.190841,0.203553
10847,0.20272,0.190776,0.20349
10848,0.202667,0.190722,0.203437
10849,0.202621,0.190675,0.203391
10850,0.202532,0.190584,0.203302
10851,0.202472,0.190523,0.203241
10852,0.202427,0.190477,0.203195
10853,0.202393,0.190442,0.203161
10854,0.202346,0.190394,0.203114
10855,0.202294,0.190342,0.203062
10856,0.202275,0.190322,0.203044
10857,0.202214,0.19026,0.202984
10858,0.202195,0.19024,0.202966
10859,0.202148,0.190193,0.202921
10860,0.202071,0.190114,0.202845
10861,0.202017,0.190059,0.202792
10862,0.201933,0.189974,0.202709
10863,0.201893,0.189933,0.202669
10864,0.201865,0.189904,0.202642
10865,0.201839,0.189877,0.202617
10866,0.201787,0.189824,0.202567
10867,0.201699,0.189735,0.20248
10868,0.201631,0.189665,0.202413
10869,0.201578,0.189611,0.20236
10870,0.201553,0.189585,0.202336
10871,0.201485,0.189517,0.20227
10872,0.201427,0.189457,0.202212
10873,0.201401,0.189431,0.202188
10874,0.20132,0.189348,0.202108
10875,0.201269,0.189296,0.202057
10876,0.201242,0.189268,0.202031
10877,0.201181,0.189206,0.201971
10878,0.201157,0.189182,0.20195
10879,0.201128,0.189152,0.201922
10880,0.201036,0.189058,0.201833
10881,0.201017,0.189039,0.201817
10882,0.200957,0.188977,0.201759
10883,0.200892,0.188912,0.201697
10884,0.200872,0.188891,0.20168
10885,0.200788,0.188806,0.201598
10886,0.200703,0.188718,0.201515
10887,0.200641,0.188655,0.201454
10888,0.200603,0.188617,0.201419
10889,0.200547,0.18856,0.201365
10890,0.200471,0.188482,0.20129
10891,0.200447,0.188457,0.201268
10892,0.200359,0.188367,0.201181
10893,0.200311,0.188318,0.201135
10894,0.200286,0.188293,0.201112
10895,0.200249,0.188256,0.201078
10896,0.200215,0.188221,0.201048
10897,0.200148,0.188152,0.200983
10898,0.20009,0.188094,0.200929
10899,0.20001,0.188012,0.200852
10900,0.199926,0.187926,0.20077
10901,0.199834,0.187832,0.20068
10902,0.199794,0.187792,0.200641
10903,0.199736,0.187732,0.200585
10904,0.199651,0.187646,0.200501
10905,0.199567,0.18756,0.200417
10906,0.199489,0.187481,0.200339
10907,0.199417,0.187407,0.200265
10908,0.199357,0.187346,0.200205
10909,0.199306,0.187294,0.200153
10910,0.199283,0.18727,0.20013
10911,0.199239,0.187226,0.200086
10912,0.199174,0.187159,0.200021
10913,0.199084,0.187067,0.19993
10914,0.199035,0.187017,0.199881
10915,0.198947,0.186928,0.199792
10916,0.198922,0.186902,0.199766
10917,0.19887,0.186849,0.199714
10918,0.198786,0.186764,0.199629
10919,0.19875,0.186726,0.199591
10920,0.198707,0.186682,0.199548
10921,0.198655,0.186629,0.199496
10922,0.19861,0.186584,0.199451
10923,0.198543,0.186515,0.199384
10924,0.198453,0.186424,0.199293
10925,0.198431,0.186401,0.199271
10926,0.198392,0.186361,0.199232
10927,0.198315,0.186283,0.199154
10928,0.198262,0.186229,0.199101
10929,0.198195,0.186161,0.199034
10930,0.198108,0.186072,0.198945
10931,0.198076,0.186039,0.198912
10932,0.198034,0.185996,0.198869
10933,0.197985,0.185946,0.19882
10934,0.197908,0.185868,0.198743
10935,0.19787,0.185829,0.198704
10936,0.197795,0.185753,0.198628
10937,0.197757,0.185714,0.19859
10938,0.197727,0.185683,0.198559
10939,0.197702,0.185657,0.198535
10940,0.197674,0.185629,0.198509
10941,0.19759,0.185543,0.198425
10942,0.19755,0.185503,0.198386
10943,0.197477,0.185428,0.198314
10944,0.197423,0.185373,0.198262
10945,0.197346,0.185294,0.198184
10946,0.197317,0.185265,0.198156
10947,0.197269,0.185216,0.19811
10948,0.197208,0.185154,0.19805
10949,0.197157,0.185101,0.197999
10950,0.197079,0.185022,0.197923
10951,0.197027,0.184969,0.197871
10952,0.196971,0.184912,0.197816
10953,0.196899,0.184838,0.197744
10954,0.196833,0.184771,0.197678
10955,0.196781,0.184718,0.197626
10956,0.196734,0.18467,0.197579
10957,0.196703,0.184638,0.197549
10958,0.196662,0.184597,0.197509
10959,0.196587,0.18452,0.197435
10960,0.196518,0.18445,0.197368
10961,0.196475,0.184406,0.197325
10962,0.196393,0.184323,0.197243
10963,0.196374,0.184303,0.197225
10964,0.196319,0.184247,0.197172
10965,0.196236,0.184162,0.197089
10966,0.196147,0.184072,0.197
10967,0.196124,0.184048,0.196978
10968,0.196053,0.183976,0.196907
10969,0.195974,0.183895,0.196827
10970,0.195881,0.1838,0.196733
10971,0.195828,0.183746,0.196678
10972,0.195738,0.183655,0.196587
10973,0.195687,0.183602,0.196533
10974,0.19566,0.183575,0.196505
10975,0.195637,0.183552,0.196481
10976,0.195603,0.183516,0.196446
10977,0.195584,0.183497,0.196428
10978,0.19554,0.183452,0.196385
10979,0.195498,0.183409,0.196345
10980,0.195418,0.183328,0.196266
10981,0.195357,0.183266,0.196206
10982,0.195335,0.183243,0.196185
10983,0.195268,0.183174,0.196119
10984,0.195225,0.183131,0.196078
10985,0.195168,0.183073,0.196023
10986,0.195086,0.182989,0.195942
10987,0.195043,0.182945,0.1959
10988,0.195014,0.182916,0.195874
10989,0.194959,0.18286,0.195821
10990,0.19489,0.182789,0.195754
10991,0.194829,0.182727,0.195695
10992,0.194744,0.18264,0.195611
10993,0.19467,0.182565,0.195537
10994,0.194616,0.18251,0.195484
10995,0.194586,0.182479,0.195455
10996,0.194505,0.182397,0.195375
10997,0.194443,0.182333,0.195314
10998,0.194364,0.182253,0.195235
10999,0.19433,0.182218,0.195201
11000,0.1943,0.182187,0.195172
11001,0.194216,0.182102,0.19509
11002,0.194126,0.18201,0.195
11003,0.19406,0.181943,0.194934
11004,0.194031,0.181913,0.194905
11005,0.193959,0.18184,0.194833
11006,0.193899,0.181778,0.194772
11007,0.193838,0.181717,0.194711
11008,0.193806,0.181683,0.194679
11009,0.193779,0.181656,0.194653
11010,0.193729,0.181605,0.194604
11011,0.193641,0.181515,0.194517
11012,0.193606,0.181479,0.194483
11013,0.193571,0.181444,0.19445
11014,0.193512,0.181383,0.194392
11015,0.193434,0.181305,0.194316
11016,0.19335,0.181218,0.194232
11017,0.193266,0.181133,0.194148
11018,0.193193,0.181058,0.194074
11019,0.193148,0.181012,0.194029
11020,0.193116,0.18098,0.193998
11021,0.19304,0.180902,0.193921
11022,0.192959,0.18082,0.19384
11023,0.19288,0.180739,0.19376
11024,0.19281,0.180668,0.193688
11025,0.19273,0.180586,0.193606
11026,0.192706,0.180562,0.19358
11027,0.192687,0.180543,0.193561
11028,0.192659,0.180513,0.193532
11029,0.192608,0.180462,0.193482
11030,0.192579,0.180432,0.193453
11031,0.192508,0.180359,0.193383
11032,0.192424,0.180274,0.1933
11033,0.19239,0.180239,0.193266
11034,0.192325,0.180173,0.193202
11035,0.192233,0.180079,0.193109
11036,0.192194,0.18004,0.19307
11037,0.19217,0.180015,0.193047
11038,0.192083,0.179926,0.19296
11039,0.192019,0.179861,0.192896
11040,0.191993,0.179834,0.19287
11041,0.191916,0.179756,0.192794
11042,0.191861,0.1797,0.192739
11043,0.191822,0.17966,0.1927
11044,0.191791,0.179629,0.192671
11045,0.191761,0.179597,0.192642
11046,0.191678,0.179513,0.19256
11047,0.191586,0.179419,0.192469
11048,0.191546,0.179379,0.192431
11049,0.191508,0.179339,0.192393
11050,0.191432,0.179262,0.192318
11051,0.191346,0.179174,0.192233
11052,0.191294,0.179121,0.192181
11053,0.191207,0.179033,0.192094
11054,0.191128,0.178952,0.192014
11055,0.191069,0.178891,0.191953
11056,0.19102,0.178842,0.191904
11057,0.190991,0.178813,0.191875
11058,0.190958,0.178779,0.191841
11059,0.190877,0.178696,0.191761
11060,0.190817,0.178635,0.1917
11061,0.190791,0.178608,0.191674
11062,0.19075,0.178567,0.191634
11063,0.190686,0.178501,0.191571
11064,0.190632,0.178447,0.191518
11065,0.190576,0.178389,0.191463
11066,0.190504,0.178316,0.191392
11067,0.190414,0.178223,0.191301
11068,0.19038,0.178189,0.191267
11069,0.190354,0.178162,0.191242
11070,0.190323,0.178131,0.191213
11071,0.190255,0.178062,0.191146
11072,0.190196,0.178001,0.191089
11073,0.190123,0.177927,0.191016
11074,0.190042,0.177845,0.190937
11075,0.189993,0.177794,0.190888
11076,0.189916,0.177716,0.190812
11077,0.189825,0.177623,0.19072
11078,0.189782,0.177579,0.190676
11079,0.189745,0.177541,0.190639
11080,0.189666,0.177461,0.190561
11081,0.189591,0.177384,0.190485
11082,0.1895,0.177292,0.190393
11083,0.189446,0.177236,0.190336
11084,0.189356,0.177145,0.190244
11085,0.189302,0.177089,0.190187
11086,0.189261,0.177047,0.190144
11087,0.189225,0.177011,0.190106
11088,0.189188,0.176973,0.190068
11089,0.189133,0.176917,0.190012
11090,0.189057,0.17684,0.189935
11091,0.18902,0.176802,0.189896
11092,0.188929,0.176709,0.189804
11093,0.188907,0.176687,0.18978
11094,0.188843,0.176621,0.189715
11095,0.188756,0.176533,0.189626
11096,0.188692,0.176467,0.189559
11097,0.188667,0.176442,0.189533
11098,0.188607,0.176381,0.18947
11099,0.188573,0.176346,0.189435
11100,0.188535,0.176307,0.189396
11101,0.188467,0.176238,0.189327
11102,0.188415,0.176185,0.189273
11103,0.188339,0.176107,0.189196
11104,0.188292,0.17606,0.189147
11105,0.188271,0.176038,0.189124
11106,0.188238,0.176004,0.189091
11107,0.188205,0.175971,0.189058
11108,0.188168,0.175932,0.189021
11109,0.188113,0.175876,0.188967
11110,0.18804,0.175803,0.188895
11111,0.187967,0.175727,0.188821
11112,0.187882,0.175641,0.188735
11113,0.187858,0.175617,0.188711
11114,0.187774,0.175531,0.188626
11115,0.187713,0.175469,0.188564
11116,0.187624,0.175378,0.188473
11117,0.187595,0.175348,0.188442
11118,0.187553,0.175306,0.188399
11119,0.187487,0.175238,0.18833
11120,0.18746,0.175211,0.188303
11121,0.187429,0.175179,0.188271
11122,0.187408,0.175158,0.18825
11123,0.187358,0.175106,0.1882
11124,0.187315,0.175063,0.188158
11125,0.187227,0.174973,0.18807
11126,0.187171,0.174916,0.188014
11127,0.187117,0.17486,0.187959
11128,0.187096,0.174839,0.187938
11129,0.187011,0.174753,0.187853
11130,0.186982,0.174724,0.187825
11131,0.186915,0.174655,0.187758
11132,0.186857,0.174596,0.187699
11133,0.186838,0.174576,0.18768
11134,0.1868,0.174537,0.187643
11135,0.186764,0.174501,0.187609
11136,0.186694,0.174429,0.18754
11137,0.186674,0.174409,0.187522
11138,0.186583,0.174317,0.187433
11139,0.186539,0.174272,0.18739
11140,0.186496,0.174228,0.187348
11141,0.186426,0.174156,0.18728
11142,0.186342,0.17407,0.187196
11143,0.186293,0.17402,0.187148
11144,0.186261,0.173987,0.187116
11145,0.186233,0.17396,0.187091
11146,0.186172,0.173897,0.18703
11147,0.186119,0.173843,0.186979
11148,0.186083,0.173806,0.186946
11149,0.186039,0.173761,0.186904
11150,0.185967,0.173688,0.186834
11151,0.185932,0.173652,0.186802
11152,0.185873,0.173592,0.186745
11153,0.185808,0.173526,0.186683
11154,0.185733,0.173449,0.186609
11155,0.185657,0.173372,0.186535
11156,0.185601,0.173315,0.18648
11157,0.185532,0.173244,0.186412
11158,0.1855,0.173212,0.186382
11159,0.185471,0.173182,0.186355
11160,0.185388,0.173097,0.186273
11161,0.185368,0.173077,0.186255
11162,0.185286,0.172993,0.186175
11163,0.185205,0.172911,0.186096
11164,0.185162,0.172867,0.186055
11165,0.185131,0.172835,0.186025
11166,0.185096,0.172799,0.185993
11167,0.185075,0.172778,0.185976
11168,0.185022,0.172724,0.185927
11169,0.18493,0.17263,0.185839
11170,0.184842,0.17254,0.185752
11171,0.18482,0.172518,0.185735
11172,0.184749,0.172446,0.185666
11173,0.184663,0.172358,0.185583
11174,0.184581,0.172275,0.185503
11175,0.184531,0.172223,0.185454
11176,0.184443,0.172133,0.185368
11177,0.184352,0.17204,0.185277
11178,0.184325,0.172013,0.185252
11179,0.184252,0.171939,0.18518
11180,0.184178,0.171863,0.185106
11181,0.184105,0.171789,0.185033
11182,0.184013,0.171695,0.184941
11183,0.183967,0.171648,0.184894
11184,0.183883,0.171562,0.18481
11185,0.183837,0.171515,0.184762
11186,0.183745,0.171422,0.184669
11187,0.183684,0.171359,0.184606
11188,0.183592,0.171265,0.184512
11189,0.183552,0.171225,0.18447
11190,0.18348,0.171151,0.184395
11191,0.183428,0.171098,0.184341
11192,0.183388,0.171057,0.184298
11193,0.183367,0.171036,0.184276
11194,0.183308,0.170975,0.184215
11195,0.183253,0.170919,0.184159
11196,0.183205,0.170871,0.18411
11197,0.183172,0.170837,0.184077
11198,0.183096,0.170759,0.183999
11199,0.183004,0.170666,0.183906
11200,0.182973,0.170634,0.183873
11201,0.182924,0.170584,0.183824
11202,0.182894,0.170553,0.183793
11203,0.182863,0.170522,0.183762
11204,0.182796,0.170453,0.183695
11205,0.182763,0.17042,0.183663
11206,0.182712,0.170368,0.183612
11207,0.182622,0.170276,0.183522
11208,0.18257,0.170223,0.18347
11209,0.182528,0.17018,0.183428
11210,0.182449,0.170099,0.183348
11211,0.182385,0.170034,0.183284
11212,0.182325,0.169973,0.183223
11213,0.182244,0.169891,0.183141
11214,0.182216,0.169862,0.183113
11215,0.182185,0.16983,0.183081
11216,0.182143,0.169788,0.18304
11217,0.182098,0.169741,0.182995
11218,0.182021,0.169663,0.182919
11219,0.181957,0.169597,0.182854
11220,0.181908,0.169548,0.182806
11221,0.181872,0.169511,0.18277
11222,0.181828,0.169466,0.182727
11223,0.181772,0.169409,0.182672
11224,0.181737,0.169373,0.182637
11225,0.1817,0.169335,0.182602
11226,0.181634,0.169268,0.182538
11227,0.181552,0.169185,0.182457
11228,0.181482,0.169113,0.182388
11229,0.181444,0.169074,0.182351
11230,0.181402,0.169032,0.182311
11231,0.181358,0.168986,0.182268
11232,0.181305,0.168932,0.182217
11233,0.181248,0.168875,0.182162
11234,0.181175,0.1688,0.182091
11235,0.181086,0.168709,0.182003
11236,0.181,0.168622,0.181917
11237,0.18094,0.16856,0.181857
11238,0.180877,0.168496,0.181794
11239,0.180854,0.168473,0.181772
11240,0.180809,0.168426,0.181727
11241,0.180768,0.168385,0.181688
11242,0.180725,0.168341,0.181646
11243,0.180674,0.168289,0.181598
11244,0.18061,0.168224,0.181535
11245,0.18053,0.168142,0.181457
11246,0.180439,0.16805,0.181367
11247,0.180389,0.167999,0.181317
11248,0.180303,0.167911,0.181231
11249,0.180257,0.167863,0.181185
11250,0.180164,0.167769,0.181092
11251,0.1801,0.167704,0.181027
11252,0.180074,0.167677,0.181
11253,0.180031,0.167633,0.180958
11254,0.179956,0.167556,0.180882
11255,0.179866,0.167465,0.180791
11256,0.179801,0.167398,0.180725
11257,0.179764,0.16736,0.180687
11258,0.179684,0.16728,0.180606
11259,0.179616,0.167209,0.180536
11260,0.179534,0.167126,0.180452
11261,0.179485,0.167077,0.180401
11262,0.179466,0.167057,0.180381
11263,0.179396,0.166985,0.180309
11264,0.179375,0.166964,0.180287
11265,0.179336,0.166924,0.180247
11266,0.179297,0.166884,0.180209
11267,0.179206,0.166792,0.180118
11268,0.179123,0.166707,0.180033
11269,0.179074,0.166657,0.179983
11270,0.178987,0.166568,0.179894
11271,0.178933,0.166513,0.179837
11272,0.17891,0.166489,0.179813
11273,0.178873,0.166451,0.179775
11274,0.178835,0.166414,0.179737
11275,0.178785,0.166363,0.179687
11276,0.178748,0.166325,0.17965
11277,0.178666,0.166241,0.179568
11278,0.178643,0.166218,0.179545
11279,0.178592,0.166165,0.179494
11280,0.178559,0.166131,0.179462
11281,0.178539,0.166111,0.179443
11282,0.178466,0.166037,0.179373
11283,0.178387,0.165956,0.179294
11284,0.178347,0.165916,0.179256
11285,0.178299,0.165866,0.179209
11286,0.178252,0.165819,0.179164
11287,0.178203,0.165769,0.179117
11288,0.178134,0.165698,0.179049
11289,0.178056,0.165619,0.178973
11290,0.177987,0.165548,0.178904
11291,0.177912,0.165471,0.17883
11292,0.177863,0.165422,0.178782
11293,0.177797,0.165355,0.178716
11294,0.177734,0.16529,0.178652
11295,0.17765,0.165205,0.178569
11296,0.177628,0.165182,0.178546
11297,0.177604,0.165158,0.178523
11298,0.177522,0.165073,0.178441
11299,0.17746,0.165011,0.17838
11300,0.177435,0.164986,0.178357
11301,0.177395,0.164945,0.178318
11302,0.177358,0.164906,0.178282
11303,0.177299,0.164846,0.178225
11304,0.177219,0.164765,0.178147
11305,0.177177,0.164722,0.178106
11306,0.17712,0.164664,0.178051
11307,0.177061,0.164604,0.177994
11308,0.176972,0.164513,0.177906
11309,0.176945,0.164486,0.177881
11310,0.176907,0.164447,0.177845
11311,0.176827,0.164365,0.177767
11312,0.176734,0.164271,0.177675
11313,0.176685,0.164221,0.177627
11314,0.17666,0.164195,0.177603
11315,0.176629,0.164163,0.177575
11316,0.176556,0.164088,0.177504
11317,0.176486,0.164018,0.177436
11318,0.176447,0.163978,0.1774
11319,0.176378,0.163907,0.177332
11320,0.176324,0.163852,0.177281
11321,0.176244,0.16377,0.177202
11322,0.176195,0.16372,0.177155
11323,0.176137,0.163662,0.1771
11324,0.176051,0.163574,0.177016
11325,0.175964,0.163485,0.176929
11326,0.175901,0.163421,0.176867
11327,0.175836,0.163354,0.176802
11328,0.175766,0.163282,0.176732
11329,0.175694,0.163209,0.17666
11330,0.17566,0.163175,0.176627
11331,0.175613,0.163126,0.176581
11332,0.175531,0.163043,0.176499
11333,0.175491,0.163002,0.17646
11334,0.175429,0.162939,0.176399
11335,0.175363,0.162871,0.176333
11336,0.175271,0.162778,0.176241
11337,0.175219,0.162725,0.176189
11338,0.175181,0.162686,0.176151
11339,0.17512,0.162624,0.176091
11340,0.175036,0.162539,0.176007
11341,0.174971,0.162472,0.175941
11342,0.174882,0.162381,0.175851
11343,0.174823,0.162321,0.175791
11344,0.17476,0.162257,0.175726
11345,0.174723,0.162218,0.175688
11346,0.174687,0.162182,0.175652
11347,0.174624,0.162118,0.175589
11348,0.174544,0.162036,0.175508
11349,0.174484,0.161975,0.175447
11350,0.17444,0.16193,0.175402
11351,0.174394,0.161884,0.175356
11352,0.174319,0.161807,0.17528
11353,0.174267,0.161754,0.175227
11354,0.174179,0.161664,0.175138
11355,0.17415,0.161635,0.175109
11356,0.174111,0.161594,0.175069
11357,0.174018,0.1615,0.174975
11358,0.173953,0.161434,0.174909
11359,0.173919,0.161399,0.174874
11360,0.173884,0.161363,0.174838
11361,0.173797,0.161275,0.174751
11362,0.173759,0.161236,0.174712
11363,0.17374,0.161216,0.174693
11364,0.173689,0.161164,0.174643
11365,0.173634,0.161108,0.174589
11366,0.173548,0.161021,0.174503
11367,0.173459,0.160929,0.174413
11368,0.173435,0.160905,0.17439
11369,0.173376,0.160845,0.17433
11370,0.173284,0.160751,0.174238
11371,0.173247,0.160714,0.174201
11372,0.173199,0.160665,0.174153
11373,0.173157,0.160621,0.17411
11374,0.173086,0.16055,0.17404
11375,0.173024,0.160486,0.173978
11376,0.172968,0.160429,0.173922
11377,0.172904,0.160364,0.173858
11378,0.172852,0.16031,0.173805
11379,0.17281,0.160268,0.173763
11380,0.172759,0.160215,0.173712
11381,0.172673,0.160128,0.173626
11382,0.172609,0.160063,0.173562
11383,0.17256,0.160013,0.173512
11384,0.1725,0.159952,0.173452
11385,0.172444,0.159894,0.173395
11386,0.172409,0.159859,0.173361
11387,0.172384,0.159833,0.173336
11388,0.172312,0.15976,0.173265
11389,0.17225,0.159697,0.173204
11390,0.172192,0.159637,0.173146
11391,0.172168,0.159613,0.173123
11392,0.172126,0.15957,0.173083
11393,0.172087,0.159531,0.173046
11394,0.172038,0.15948,0.172999
11395,0.172017,0.159459,0.172981
11396,0.171948,0.159389,0.172916
11397,0.171902,0.159342,0.172873
11398,0.171866,0.159305,0.17284
11399,0.171783,0.15922,0.172761
11400,0.171719,0.159155,0.1727
11401,0.171651,0.159086,0.172636
11402,0.171569,0.159002,0.172556
11403,0.171484,0.158915,0.172473
11404,0.17144,0.15887,0.172431
11405,0.171354,0.158783,0.172347
11406,0.171264,0.15869,0.172258
11407,0.171177,0.158602,0.172172
11408,0.171087,0.15851,0.172081
11409,0.171015,0.158436,0.172008
11410,0.170969,0.158389,0.171962
11411,0.170926,0.158346,0.171919
11412,0.170857,0.158276,0.17185
11413,0.170779,0.158196,0.171771
11414,0.170731,0.158147,0.171723
11415,0.170698,0.158113,0.17169
11416,0.170642,0.158057,0.171635
11417,0.170617,0.158031,0.171611
11418,0.170565,0.157978,0.17156
11419,0.170474,0.157885,0.17147
11420,0.170453,0.157864,0.17145
11421,0.17038,0.157789,0.171378
11422,0.170309,0.157717,0.171308
11423,0.170252,0.157658,0.171252
11424,0.170175,0.15758,0.171175
11425,0.17009,0.157493,0.171091
11426,0.170035,0.157437,0.171036
11427,0.169966,0.157367,0.170966
11428,0.169904,0.157304,0.170904
11429,0.169833,0.157231,0.170833
11430,0.16978,0.157177,0.170779
11431,0.169751,0.157147,0.170751
11432,0.169683,0.157078,0.170683
11433,0.169597,0.15699,0.170596
11434,0.169509,0.156901,0.170507
11435,0.16948,0.156871,0.170478
11436,0.169401,0.156791,0.170398
11437,0.169318,0.156706,0.170314
11438,0.169254,0.156641,0.170249
11439,0.169211,0.156597,0.170204
11440,0.169129,0.156514,0.17012
11441,0.169084,0.156467,0.170073
11442,0.169054,0.156436,0.170042
11443,0.168995,0.156377,0.169983
11444,0.16893,0.15631,0.169917
11445,0.168902,0.156282,0.169888
11446,0.168817,0.156194,0.169802
11447,0.168782,0.15616,0.169767
11448,0.168746,0.156123,0.169731
11449,0.168713,0.156089,0.169698
11450,0.168621,0.155995,0.169607
11451,0.168555,0.155928,0.16954
11452,0.16848,0.155851,0.169464
11453,0.168449,0.155819,0.169433
11454,0.168359,0.155727,0.169342
11455,0.168302,0.15567,0.169284
11456,0.168228,0.155594,0.169209
11457,0.168155,0.15552,0.169135
11458,0.168106,0.155469,0.169084
11459,0.168034,0.155396,0.169011
11460,0.167996,0.155358,0.168971
11461,0.16794,0.1553,0.168913
11462,0.167907,0.155266,0.168879
11463,0.167839,0.155198,0.168811
11464,0.167749,0.155106,0.168719
11465,0.167726,0.155082,0.168695
11466,0.167678,0.155033,0.168645
11467,0.167628,0.154982,0.168595
11468,0.167595,0.154948,0.168561
11469,0.167518,0.15487,0.168484
11470,0.167455,0.154805,0.16842
11471,0.167431,0.154781,0.168396
11472,0.167399,0.154748,0.168365
11473,0.167343,0.154692,0.16831
11474,0.167256,0.154603,0.168223
11475,0.167179,0.154524,0.168145
11476,0.167104,0.154448,0.168069
11477,0.167048,0.154391,0.168012
11478,0.166963,0.154304,0.167926
11479,0.166905,0.154244,0.167865
11480,0.166865,0.154204,0.167824
11481,0.166803,0.15414,0.16776
11482,0.166783,0.15412,0.16774
11483,0.166731,0.154067,0.167687
11484,0.166641,0.153975,0.167596
11485,0.166587,0.15392,0.16754
11486,0.166557,0.153889,0.167509
11487,0.166497,0.153829,0.167448
11488,0.166467,0.153798,0.167418
11489,0.166414,0.153744,0.167364
11490,0.166385,0.153714,0.167336
11491,0.166331,0.153659,0.167281
11492,0.166246,0.153572,0.167196
11493,0.166191,0.153517,0.167142
11494,0.166123,0.153447,0.167072
11495,0.166099,0.153422,0.167048
11496,0.166068,0.153391,0.167018
11497,0.166018,0.15334,0.166969
11498,0.165997,0.153319,0.16695
11499,0.165943,0.153263,0.166897
11500,0.165891,0.15321,0.166847
11501,0.165822,0.15314,0.166779
11502,0.165756,0.153073,0.166714
11503,0.165716,0.153032,0.166676
11504,0.165654,0.152969,0.166616
11505,0.165618,0.152932,0.166582
11506,0.165565,0.152878,0.166531
11507,0.165476,0.152787,0.166444
11508,0.16543,0.15274,0.166399
11509,0.165402,0.152712,0.166373
11510,0.165329,0.152637,0.166302
11511,0.16524,0.152546,0.166214
11512,0.165152,0.152457,0.166127
11513,0.165067,0.15237,0.166042
11514,0.165029,0.152331,0.166004
11515,0.164984,0.152285,0.16596
11516,0.164906,0.152206,0.165882
11517,0.16488,0.152179,0.165857
11518,0.164803,0.1521,0.16578
11519,0.164726,0.152023,0.165703
11520,0.164642,0.151937,0.165618
11521,0.164573,0.151866,0.165548
11522,0.164502,0.151794,0.165476
11523,0.164427,0.151717,0.165399
11524,0.164381,0.15167,0.165351
11525,0.164345,0.151633,0.165314
11526,0.164288,0.151576,0.165256
11527,0.164253,0.15154,0.16522
11528,0.164216,0.151502,0.165183
11529,0.164167,0.151452,0.165134
11530,0.164135,0.151419,0.165102
11531,0.164062,0.151345,0.165029
11532,0.163972,0.151253,0.164938
11533,0.163938,0.151218,0.164904
11534,0.163904,0.151184,0.16487
11535,0.163876,0.151155,0.164843
11536,0.163796,0.151073,0.164763
11537,0.163746,0.151023,0.164714
11538,0.163683,0.150958,0.164651
11539,0.163608,0.150881,0.164576
11540,0.163558,0.150831,0.164526
11541,0.163516,0.150788,0.164484
11542,0.163426,0.150696,0.164394
11543,0.163353,0.150621,0.16432
11544,0.163291,0.150558,0.164257
11545,0.163259,0.150526,0.164225
11546,0.163218,0.150483,0.164184
11547,0.163157,0.150422,0.164123
11548,0.163119,0.150383,0.164085
11549,0.163047,0.15031,0.164013
11550,0.162972,0.150233,0.163937
11551,0.162879,0.150138,0.163843
11552,0.162801,0.150058,0.163763
11553,0.16278,0.150037,0.163741
11554,0.162705,0.14996,0.163664
11555,0.162673,0.149928,0.163631
11556,0.162599,0.149853,0.163556
11557,0.162525,0.149777,0.163479
11558,0.162477,0.149728,0.163429
11559,0.162436,0.149686,0.163387
11560,0.162398,0.149648,0.163347
11561,0.162378,0.149628,0.163327
11562,0.162349,0.149597,0.163298
11563,0.162279,0.149526,0.163227
11564,0.16226,0.149507,0.163209
11565,0.162234,0.14948,0.163184
11566,0.162176,0.149421,0.163127
11567,0.162119,0.149363,0.163071
11568,0.162058,0.149301,0.163012
11569,0.162026,0.149268,0.162981
11570,0.161945,0.149185,0.162901
11571,0.161893,0.149133,0.16285
11572,0.16182,0.149057,0.162777
11573,0.161735,0.148971,0.162693
11574,0.161655,0.148889,0.162612
11575,0.161613,0.148847,0.16257
11576,0.161571,0.148804,0.162528
11577,0.161531,0.148763,0.162488
11578,0.16149,0.148722,0.162448
11579,0.161435,0.148665,0.162393
11580,0.161385,0.148614,0.162344
11581,0.16135,0.148579,0.16231
11582,0.161277,0.148504,0.162238
11583,0.161248,0.148474,0.16221
11584,0.161192,0.148418,0.162156
11585,0.161136,0.14836,0.162101
11586,0.161061,0.148284,0.162028
11587,0.16097,0.148191,0.161937
11588,0.160886,0.148105,0.161853
11589,0.160806,0.148024,0.161772
11590,0.160756,0.147973,0.161721
11591,0.160691,0.147906,0.161655
11592,0.160601,0.147815,0.161563
11593,0.160559,0.147772,0.16152
11594,0.16054,0.147752,0.161499
11595,0.160484,0.147695,0.161442
11596,0.160418,0.147628,0.161375
11597,0.160367,0.147576,0.161323
11598,0.160322,0.14753,0.161277
11599,0.160259,0.147465,0.161213
11600,0.16024,0.147446,0.161193
11601,0.160186,0.147391,0.161139
11602,0.160132,0.147336,0.161085
11603,0.160113,0.147317,0.161067
11604,0.160059,0.147261,0.161013
11605,0.16,0.147201,0.160954
11606,0.159974,0.147175,0.16093
11607,0.159952,0.147152,0.160909
11608,0.159902,0.147101,0.160861
11609,0.159832,0.14703,0.160793
11610,0.159758,0.146955,0.16072
11611,0.159724,0.14692,0.160688
11612,0.159661,0.146856,0.160626
11613,0.1596,0.146794,0.160567
11614,0.159509,0.1467,0.160477
11615,0.159451,0.146642,0.16042
11616,0.159427,0.146618,0.160397
11617,0.159357,0.146545,0.160327
11618,0.159296,0.146483,0.160267
11619,0.159205,0.146391,0.160177
11620,0.159117,0.146301,0.160088
11621,0.15906,0.146242,0.16003
11622,0.159026,0.146208,0.159996
11623,0.159001,0.146183,0.159972
11624,0.158961,0.146142,0.159932
11625,0.158932,0.146112,0.159905
11626,0.158853,0.146031,0.159826
11627,0.158772,0.145949,0.159746
11628,0.158741,0.145917,0.159715
11629,0.15866,0.145835,0.159636
11630,0.158589,0.145762,0.159564
11631,0.158543,0.145715,0.159518
11632,0.158509,0.14568,0.159484
11633,0.158486,0.145657,0.159463
11634,0.158431,0.145601,0.15941
11635,0.158383,0.145553,0.159364
11636,0.158318,0.145486,0.1593
11637,0.158268,0.145434,0.159251
11638,0.158209,0.145375,0.159193
11639,0.158188,0.145354,0.159175
11640,0.158109,0.145273,0.159098
11641,0.158032,0.145194,0.159022
11642,0.158009,0.145171,0.159001
11643,0.157918,0.145077,0.158911
11644,0.157832,0.14499,0.158826
11645,0.157739,0.144896,0.158733
11646,0.157689,0.144844,0.158683
11647,0.157643,0.144798,0.158638
11648,0.157613,0.144767,0.158608
11649,0.157566,0.144718,0.158562
11650,0.157497,0.144649,0.158494
11651,0.157455,0.144606,0.158453
11652,0.157381,0.14453,0.15838
11653,0.157346,0.144494,0.158346
11654,0.15727,0.144417,0.15827
11655,0.157193,0.144339,0.158194
11656,0.157118,0.144262,0.158119
11657,0.15708,0.144223,0.158081
11658,0.157049,0.144191,0.15805
11659,0.156995,0.144136,0.157998
11660,0.156936,0.144076,0.15794
11661,0.156855,0.143994,0.157859
11662,0.156819,0.143957,0.157824
11663,0.156746,0.143882,0.157751
11664,0.156664,0.143799,0.15767
11665,0.156578,0.143711,0.157583
11666,0.156507,0.143638,0.15751
11667,0.156445,0.143575,0.157447
11668,0.156414,0.143544,0.157416
11669,0.156382,0.143512,0.157384
11670,0.156297,0.143424,0.157298
11671,0.156263,0.14339,0.157264
11672,0.156189,0.143315,0.157189
11673,0.156143,0.143268,0.157143
11674,0.156107,0.143231,0.157107
11675,0.156064,0.143187,0.157064
11676,0.156018,0.14314,0.157018
11677,0.155955,0.143076,0.156956
11678,0.155866,0.142985,0.156866
11679,0.155822,0.14294,0.156823
11680,0.155778,0.142895,0.156779
11681,0.155717,0.142833,0.156718
11682,0.155692,0.142807,0.156693
11683,0.155615,0.142729,0.156617
11684,0.155542,0.142655,0.156544
11685,0.155508,0.142619,0.15651
11686,0.155468,0.142579,0.156471
11687,0.155377,0.142486,0.156381
11688,0.155329,0.142438,0.156333
11689,0.155307,0.142414,0.156311
11690,0.155235,0.142341,0.156241
11691,0.155213,0.142319,0.15622
11692,0.155121,0.142225,0.156128
11693,0.155039,0.142142,0.156047
11694,0.154974,0.142075,0.155982
11695,0.154928,0.142028,0.155936
11696,0.154864,0.141962,0.155871
11697,0.154843,0.141942,0.155852
11698,0.154799,0.141897,0.155809
11699,0.154759,0.141856,0.15577
11700,0.154712,0.141808,0.155725
11701,0.154655,0.14175,0.155669
11702,0.154636,0.14173,0.155653
11703,0.154558,0.14165,0.155577
11704,0.154488,0.14158,0.155509
11705,0.154431,0.141521,0.155454
11706,0.154407,0.141496,0.155433
11707,0.154377,0.141466,0.155406
11708,0.15429,0.141377,0.155321
11709,0.154202,0.141287,0.155236
11710,0.154127,0.141211,0.155162
11711,0.154046,0.141129,0.155083
11712,0.154007,0.141088,0.155045
11713,0.153933,0.141014,0.154973
11714,0.153842,0.14092,0.154882
11715,0.1538,0.140877,0.154841
11716,0.153751,0.140827,0.154793
11717,0.153663,0.140738,0.154707
11718,0.153592,0.140665,0.154635
11719,0.153528,0.1406,0.154572
11720,0.153502,0.140573,0.154546
11721,0.153456,0.140527,0.154502
11722,0.153379,0.140449,0.154426
11723,0.153316,0.140384,0.154362
11724,0.153241,0.140307,0.154288
11725,0.153188,0.140253,0.154235
11726,0.153165,0.14023,0.154213
11727,0.153092,0.140156,0.154141
11728,0.153043,0.140105,0.154093
11729,0.152965,0.140026,0.154016
11730,0.152927,0.139987,0.153979
11731,0.152865,0.139923,0.153918
11732,0.152796,0.139854,0.15385
11733,0.152706,0.139762,0.153761
11734,0.152634,0.139688,0.153688
11735,0.152547,0.139599,0.1536
11736,0.152469,0.13952,0.153521
11737,0.152439,0.139489,0.15349
11738,0.152361,0.13941,0.153412
11739,0.152342,0.139391,0.153392
11740,0.152261,0.139308,0.153311
11741,0.152179,0.139224,0.153227
11742,0.15212,0.139163,0.153167
11743,0.152071,0.139114,0.153117
11744,0.152006,0.139048,0.153051
11745,0.151922,0.138962,0.152965
11746,0.151888,0.138927,0.152929
11747,0.151802,0.138839,0.152841
11748,0.151783,0.13882,0.152822
11749,0.151747,0.138784,0.152785
11750,0.151718,0.138754,0.152756
11751,0.151683,0.138718,0.152721
11752,0.151643,0.138677,0.152682
11753,0.151551,0.138583,0.15259
11754,0.15153,0.138562,0.15257
11755,0.151472,0.138503,0.152512
11756,0.15139,0.138419,0.152431
11757,0.151314,0.138342,0.152355
11758,0.151263,0.13829,0.152304
11759,0.151218,0.138243,0.152259
11760,0.151145,0.13817,0.152187
11761,0.151095,0.138118,0.152137
11762,0.151058,0.138081,0.152101
11763,0.150971,0.137992,0.152014
11764,0.15089,0.137909,0.151932
11765,0.150856,0.137875,0.151898
11766,0.150799,0.137817,0.151841
11767,0.150718,0.137734,0.15176
11768,0.150686,0.137701,0.151728
11769,0.150646,0.137661,0.151689
11770,0.150607,0.137621,0.15165
11771,0.150548,0.13756,0.151592
11772,0.150467,0.137478,0.151512
11773,0.150379,0.137388,0.151423
11774,0.150319,0.137327,0.151363
11775,0.150234,0.13724,0.151277
11776,0.150191,0.137196,0.151233
11777,0.150122,0.137126,0.151164
11778,0.150045,0.137048,0.151085
11779,0.149978,0.136979,0.151016
11780,0.149907,0.136907,0.150944
11781,0.149856,0.136854,0.15089
11782,0.149827,0.136825,0.15086
11783,0.149794,0.136791,0.150826
11784,0.149726,0.136722,0.150757
11785,0.149705,0.136701,0.150736
11786,0.149682,0.136677,0.150713
11787,0.149647,0.136641,0.150679
11788,0.149598,0.136592,0.150632
11789,0.149515,0.136507,0.150549
11790,0.149454,0.136445,0.150489
11791,0.149406,0.136396,0.150442
11792,0.149315,0.136302,0.15035
11793,0.149243,0.13623,0.150278
11794,0.149171,0.136156,0.150205
11795,0.149141,0.136125,0.150175
11796,0.149057,0.13604,0.150091
11797,0.148992,0.135973,0.150024
11798,0.148907,0.135886,0.149938
11799,0.148861,0.13584,0.149891
11800,0.148804,0.135782,0.149833
11801,0.148754,0.135731,0.149781
11802,0.148691,0.135667,0.149717
11803,0.148653,0.135628,0.149678
11804,0.148628,0.135602,0.149652
11805,0.148591,0.135564,0.149615
11806,0.148566,0.135539,0.149591
11807,0.148528,0.1355,0.149554
11808,0.148484,0.135456,0.149512
11809,0.148424,0.135394,0.149453
11810,0.148339,0.135308,0.149369
11811,0.14832,0.135288,0.149351
11812,0.148289,0.135256,0.149321
11813,0.148259,0.135226,0.149295
11814,0.148171,0.135135,0.149208
11815,0.148091,0.135054,0.14913
11816,0.148034,0.134997,0.149075
11817,0.14795,0.13491,0.148991
11818,0.14788,0.134839,0.148923
11819,0.147852,0.134811,0.148896
11820,0.147768,0.134725,0.148813
11821,0.1477,0.134655,0.148745
11822,0.147671,0.134626,0.148717
11823,0.147629,0.134583,0.148677
11824,0.147537,0.13449,0.148586
11825,0.147446,0.134397,0.148495
11826,0.147412,0.134362,0.148461
11827,0.147351,0.1343,0.1484
11828,0.147302,0.134249,0.148352
11829,0.147252,0.134198,0.148302
11830,0.147193,0.134138,0.148244
11831,0.14711,0.134053,0.148161
11832,0.147069,0.134012,0.148122
11833,0.147031,0.133973,0.148084
11834,0.146964,0.133905,0.148018
11835,0.146885,0.133824,0.147939
11836,0.146834,0.133773,0.147889
11837,0.146795,0.133733,0.147851
11838,0.146725,0.133661,0.147781
11839,0.146691,0.133626,0.147748
11840,0.14662,0.133554,0.147678
11841,0.146599,0.133533,0.147658
11842,0.146524,0.133456,0.147584
11843,0.146483,0.133414,0.147545
11844,0.146456,0.133387,0.147521
11845,0.146376,0.133305,0.147442
11846,0.146313,0.13324,0.147381
11847,0.146225,0.133151,0.147294
11848,0.146159,0.133083,0.147229
11849,0.146099,0.133023,0.147171
11850,0.146009,0.132931,0.147081
11851,0.145943,0.132864,0.147015
11852,0.145857,0.132776,0.146928
11853,0.145793,0.13271,0.146863
11854,0.14573,0.132646,0.146799
11855,0.145692,0.132607,0.146761
11856,0.145673,0.132588,0.146742
11857,0.145635,0.132549,0.146705
11858,0.145557,0.132469,0.146627
11859,0.145512,0.132423,0.146583
11860,0.145423,0.132333,0.146494
11861,0.145392,0.132301,0.146464
11862,0.145329,0.132238,0.146402
11863,0.145286,0.132193,0.146359
11864,0.145204,0.132109,0.146278
11865,0.14514,0.132045,0.146214
11866,0.145062,0.131965,0.146136
11867,0.14501,0.131912,0.146084
11868,0.144924,0.131824,0.145997
11869,0.144878,0.131777,0.145951
11870,0.144812,0.13171,0.145884
11871,0.144759,0.131656,0.145831
11872,0.144686,0.131581,0.145757
11873,0.144665,0.13156,0.145736
11874,0.144598,0.131492,0.145669
11875,0.144575,0.131468,0.145646
11876,0.144533,0.131425,0.145604
11877,0.144459,0.131349,0.14553
11878,0.144434,0.131324,0.145507
11879,0.144375,0.131264,0.145449
11880,0.144294,0.131181,0.145368
11881,0.144201,0.131087,0.145276
11882,0.14413,0.131014,0.145204
11883,0.14408,0.130963,0.145155
11884,0.14399,0.130871,0.145063
11885,0.143956,0.130837,0.145029
11886,0.143874,0.130753,0.144946
11887,0.143784,0.130661,0.144854
11888,0.143746,0.130622,0.144814
11889,0.143667,0.130542,0.144734
11890,0.14361,0.130484,0.144675
11891,0.143541,0.130413,0.144604
11892,0.143472,0.130343,0.144533
11893,0.143405,0.130275,0.144464
11894,0.143362,0.130231,0.144418
11895,0.143337,0.130205,0.144391
11896,0.143305,0.130172,0.144358
11897,0.143215,0.130081,0.144267
11898,0.143145,0.130009,0.144194
11899,0.143093,0.129956,0.144139
11900,0.143061,0.129923,0.144106
11901,0.142983,0.129844,0.144026
11902,0.142929,0.129789,0.143969
11903,0.142888,0.129747,0.143926
11904,0.14286,0.129719,0.143897
11905,0.142813,0.12967,0.143849
11906,0.142766,0.129623,0.143801
11907,0.142677,0.129532,0.143711
11908,0.142647,0.129501,0.143679
11909,0.142624,0.129478,0.143656
11910,0.14257,0.129423,0.143601
11911,0.142517,0.129369,0.143548
11912,0.142452,0.129303,0.143483
11913,0.142433,0.129283,0.143463
11914,0.142355,0.129204,0.143386
11915,0.142272,0.129119,0.143301
11916,0.142201,0.129046,0.143229
11917,0.142159,0.129003,0.143186
11918,0.142134,0.128978,0.143161
11919,0.142063,0.128905,0.143088
11920,0.142021,0.128863,0.143046
11921,0.14195,0.12879,0.142974
11922,0.141862,0.1287,0.142884
11923,0.141819,0.128657,0.14284
11924,0.141734,0.12857,0.142753
11925,0.141687,0.128522,0.142704
11926,0.141629,0.128463,0.142644
11927,0.141594,0.128428,0.142607
11928,0.141557,0.12839,0.142569
11929,0.141524,0.128356,0.142534
11930,0.141489,0.128321,0.142499
11931,0.141468,0.128299,0.142478
11932,0.141443,0.128273,0.142454
11933,0.141398,0.128227,0.142409
11934,0.141358,0.128187,0.142371
11935,0.14127,0.128096,0.142283
11936,0.141219,0.128045,0.142233
11937,0.141146,0.127971,0.142161
11938,0.141087,0.12791,0.142101
11939,0.141006,0.127828,0.14202
11940,0.140949,0.127769,0.141962
11941,0.140928,0.127748,0.141942
11942,0.140883,0.127703,0.141897
11943,0.140795,0.127613,0.141809
11944,0.140719,0.127535,0.141732
11945,0.140684,0.127499,0.141696
11946,0.14061,0.127424,0.141621
11947,0.140547,0.127359,0.141557
11948,0.140469,0.12728,0.141477
11949,0.140403,0.127213,0.141409
11950,0.140379,0.127189,0.141384
11951,0.140343,0.127151,0.141346
11952,0.140291,0.127098,0.141293
11953,0.140269,0.127076,0.141271
11954,0.140228,0.127034,0.14123
11955,0.140184,0.126989,0.141186
11956,0.140129,0.126933,0.141131
11957,0.140079,0.126882,0.141081
11958,0.139989,0.12679,0.14099
11959,0.13992,0.12672,0.14092
11960,0.13987,0.126669,0.140869
11961,0.139825,0.126623,0.140823
11962,0.139788,0.126585,0.140785
11963,0.139722,0.126518,0.140719
11964,0.139667,0.126462,0.140663
11965,0.139603,0.126397,0.140598
11966,0.139549,0.126341,0.140543
11967,0.139472,0.126263,0.140463
11968,0.139445,0.126235,0.140435
11969,0.139385,0.126174,0.140374
11970,0.139323,0.126111,0.140311
11971,0.139296,0.126084,0.140283
11972,0.139236,0.126022,0.140221
11973,0.139165,0.12595,0.140148
11974,0.139118,0.125902,0.1401
11975,0.139098,0.125881,0.140078
11976,0.13907,0.125853,0.14005
11977,0.139051,0.125833,0.140031
11978,0.139025,0.125807,0.140006
11979,0.138983,0.125764,0.139965
11980,0.138928,0.125708,0.13991
11981,0.138846,0.125624,0.139829
11982,0.138777,0.125554,0.13976
11983,0.138722,0.125498,0.139705
11984,0.138679,0.125454,0.139662
11985,0.138657,0.125432,0.139641
11986,0.138625,0.125399,0.13961
11987,0.138586,0.125359,0.139572
11988,0.138508,0.125279,0.139494
11989,0.138453,0.125223,0.13944
11990,0.138386,0.125155,0.139374
11991,0.138302,0.12507,0.13929
11992,0.13827,0.125037,0.139257
11993,0.138206,0.124972,0.139194
11994,0.138125,0.124889,0.139112
11995,0.1381,0.124864,0.139087
11996,0.138008,0.12477,0.138994
11997,0.137987,0.124748,0.138972
11998,0.137931,0.124691,0.138915
11999,0.137866,0.124625,0.13885
12000,0.137804,0.124562,0.138787
