time,soc_true,soc_kf,soc_fgo
0,0.799943,0.799943,0.799943
1,0.799886,0.799886,0.799902
2,0.799849,0.799848,0.79988
3,0.799812,0.799811,0.799858
4,0.799769,0.799768,0.799829
5,0.799745,0.799743,0.799819
6,0.799717,0.799715,0.799804
7,0.799697,0.799695,0.799798
8,0.799605,0.799602,0.799719
9,0.799561,0.799558,0.799687
10,0.799523,0.799519,0.799661
11,0.799493,0.799489,0.799643
12,0.79945,0.799445,0.799611
13,0.799358,0.799352,0.79953
14,0.799287,0.799281,0.79947
15,0.799239,0.799232,0.799432
16,0.799165,0.799158,0.799367
17,0.799109,0.799101,0.79932
18,0.799083,0.799075,0.799303
19,0.798997,0.798988,0.799225
20,0.798946,0.798936,0.799182
21,0.798863,0.798852,0.799107
22,0.798803,0.798792,0.799054
23,0.798751,0.79874,0.79901
24,0.798685,0.798672,0.798949
25,0.798637,0.798625,0.798908
26,0.798549,0.798536,0.798827
27,0.798504,0.79849,0.798787
28,0.798416,0.798401,0.798704
29,0.798368,0.798352,0.798661
30,0.798289,0.798273,0.798587
31,0.798242,0.798225,0.798544
32,0.798178,0.798161,0.798484
33,0.798121,0.798103,0.798432
34,0.798093,0.798075,0.798408
35,0.798021,0.798002,0.79834
36,0.797964,0.797945,0.798287
37,0.797914,0.797894,0.79824
38,0.797869,0.797849,0.798199
39,0.797779,0.797758,0.798112
40,0.797743,0.797722,0.79808
41,0.797699,0.797677,0.798039
42,0.797631,0.797608,0.797974
43,0.797594,0.797571,0.79794
44,0.79755,0.797527,0.7979
45,0.797485,0.79746,0.797838
46,0.79743,0.797405,0.797786
47,0.797351,0.797325,0.79771
48,0.797284,0.797258,0.797646
49,0.797206,0.797179,0.797571
50,0.797184,0.797157,0.797551
51,0.797118,0.79709,0.797487
52,0.797062,0.797034,0.797434
53,0.797003,0.796974,0.797377
54,0.79693,0.7969,0.797306
55,0.796846,0.796816,0.797225
56,0.796762,0.796731,0.797142
57,0.796741,0.796709,0.797123
58,0.796682,0.79665,0.797065
59,0.796654,0.796621,0.797039
60,0.796575,0.796542,0.796963
61,0.796485,0.796451,0.796874
62,0.796442,0.796408,0.796832
63,0.796355,0.796319,0.796746
64,0.796268,0.796232,0.79666
65,0.796228,0.796191,0.79662
66,0.796177,0.79614,0.79657
67,0.796112,0.796075,0.796506
68,0.796035,0.795996,0.796429
69,0.795988,0.795949,0.796383
70,0.795923,0.795883,0.796318
71,0.795876,0.795836,0.796271
72,0.795788,0.795747,0.796184
73,0.795731,0.795689,0.796126
74,0.795654,0.795611,0.796049
75,0.795615,0.795572,0.79601
76,0.795582,0.795539,0.795977
77,0.795523,0.795479,0.795918
78,0.795447,0.795403,0.795842
79,0.795379,0.795334,0.795774
80,0.795331,0.795285,0.795726
81,0.795277,0.79523,0.795671
82,0.795233,0.795186,0.795627
83,0.795191,0.795144,0.795585
84,0.79514,0.795092,0.795534
85,0.795121,0.795073,0.795515
86,0.795062,0.795013,0.795456
87,0.795033,0.794984,0.795428
88,0.794945,0.794896,0.795341
89,0.794885,0.794834,0.795281
90,0.79485,0.794799,0.795246
91,0.794805,0.794754,0.795202
92,0.794717,0.794665,0.795114
93,0.794641,0.794588,0.795038
94,0.79456,0.794506,0.794957
95,0.794482,0.794428,0.794879
96,0.794407,0.794352,0.794802
97,0.794362,0.794306,0.794756
98,0.7943,0.794243,0.794693
99,0.794246,0.794189,0.794638
100,0.794222,0.794165,0.794614
101,0.794203,0.794146,0.794594
102,0.794164,0.794107,0.794556
103,0.794141,0.794083,0.794532
104,0.794105,0.794047,0.794497
105,0.794048,0.793989,0.794441
106,0.794018,0.79396,0.794412
107,0.793985,0.793926,0.79438
108,0.793901,0.793841,0.794297
109,0.793813,0.793752,0.794209
110,0.793722,0.79366,0.794118
111,0.793693,0.793631,0.79409
112,0.79361,0.793547,0.794007
113,0.793554,0.79349,0.793951
114,0.793513,0.793449,0.79391
115,0.793455,0.793391,0.793852
116,0.793414,0.793349,0.793811
117,0.793335,0.793269,0.793732
118,0.793245,0.793178,0.793641
119,0.793162,0.793095,0.793557
120,0.793137,0.79307,0.793532
121,0.7931,0.793032,0.793494
122,0.793022,0.792953,0.793415
123,0.792989,0.792919,0.793381
124,0.792935,0.792866,0.793328
125,0.792863,0.792793,0.793255
126,0.792814,0.792743,0.793205
127,0.792779,0.792707,0.793169
128,0.792697,0.792625,0.793087
129,0.792664,0.792591,0.793053
130,0.792637,0.792564,0.793026
131,0.792606,0.792533,0.792994
132,0.792581,0.792507,0.79297
133,0.792496,0.792422,0.792886
134,0.792472,0.792398,0.792862
135,0.792444,0.792369,0.792834
136,0.792357,0.792282,0.792748
137,0.792284,0.792208,0.792676
138,0.792232,0.792155,0.792624
139,0.792211,0.792134,0.792603
140,0.79213,0.792052,0.792523
141,0.792096,0.792017,0.792488
142,0.792017,0.791938,0.79241
143,0.791949,0.791869,0.792342
144,0.791856,0.791776,0.792249
145,0.791785,0.791704,0.792177
146,0.791763,0.791682,0.792155
147,0.791682,0.791599,0.792073
148,0.791601,0.791518,0.791991
149,0.791537,0.791453,0.791926
150,0.791486,0.791402,0.791874
151,0.791457,0.791373,0.791844
152,0.791421,0.791336,0.791807
153,0.791363,0.791278,0.791748
154,0.791312,0.791227,0.791697
155,0.791255,0.791168,0.791639
156,0.791169,0.791082,0.791552
157,0.791143,0.791055,0.791524
158,0.791123,0.791035,0.791504
159,0.791098,0.79101,0.791479
160,0.791012,0.790923,0.791392
161,0.790936,0.790846,0.791315
162,0.790908,0.790818,0.791287
163,0.790883,0.790793,0.791261
164,0.79084,0.790749,0.791218
165,0.790784,0.790693,0.791162
166,0.790753,0.790661,0.791131
167,0.790701,0.790609,0.79108
168,0.790663,0.79057,0.791041
169,0.790598,0.790505,0.790977
170,0.790523,0.790429,0.790902
171,0.790498,0.790403,0.790876
172,0.790431,0.790336,0.79081
173,0.790355,0.790259,0.790733
174,0.790309,0.790213,0.790687
175,0.79029,0.790194,0.790669
176,0.79026,0.790163,0.790638
177,0.790227,0.79013,0.790606
178,0.790173,0.790076,0.790553
179,0.790087,0.789988,0.790467
180,0.790019,0.78992,0.7904
181,0.789981,0.789882,0.790362
182,0.789889,0.789789,0.79027
183,0.789832,0.789731,0.790212
184,0.789761,0.78966,0.790141
185,0.789719,0.789617,0.790099
186,0.789632,0.789529,0.79001
187,0.789606,0.789503,0.789984
188,0.789552,0.789449,0.78993
189,0.789509,0.789405,0.789886
190,0.789479,0.789375,0.789856
191,0.789429,0.789324,0.789805
192,0.789347,0.789241,0.789723
193,0.789324,0.789218,0.7897
194,0.789231,0.789125,0.789607
195,0.789197,0.789089,0.789571
196,0.789151,0.789044,0.789526
197,0.78906,0.788951,0.789433
198,0.789028,0.788919,0.789401
199,0.788999,0.78889,0.789371
200,0.788947,0.788837,0.789318
201,0.788915,0.788805,0.789287
202,0.788852,0.788742,0.789223
203,0.788815,0.788704,0.789186
204,0.788737,0.788625,0.789108
205,0.788665,0.788553,0.789035
206,0.788636,0.788523,0.789005
207,0.788615,0.788503,0.788985
208,0.788594,0.788481,0.788963
209,0.788525,0.788412,0.788895
210,0.788455,0.788341,0.788825
211,0.788396,0.788281,0.788766
212,0.788306,0.78819,0.788675
213,0.788253,0.788136,0.788621
214,0.788219,0.788102,0.788587
215,0.788193,0.788076,0.78856
216,0.788117,0.787999,0.788483
217,0.788097,0.787979,0.788463
218,0.788023,0.787904,0.788389
219,0.787995,0.787876,0.788361
220,0.787975,0.787855,0.78834
221,0.787956,0.787837,0.788322
222,0.787889,0.787768,0.788255
223,0.787798,0.787677,0.788165
224,0.787763,0.787641,0.788129
225,0.787744,0.787622,0.788111
226,0.787691,0.787568,0.788058
227,0.787626,0.787503,0.787994
228,0.787539,0.787416,0.787907
229,0.787505,0.787381,0.787873
230,0.787482,0.787357,0.78785
231,0.787455,0.78733,0.787824
232,0.787423,0.787298,0.787793
233,0.787341,0.787216,0.787712
234,0.787294,0.787167,0.787665
235,0.787207,0.78708,0.787579
236,0.787131,0.787003,0.787503
237,0.787082,0.786954,0.787454
238,0.787013,0.786884,0.787385
239,0.786955,0.786826,0.787326
240,0.786904,0.786774,0.787275
241,0.786821,0.78669,0.787192
242,0.786779,0.786648,0.787149
243,0.786755,0.786623,0.787124
244,0.78672,0.786588,0.78709
245,0.786688,0.786556,0.787058
246,0.786653,0.786521,0.787023
247,0.786623,0.78649,0.786994
248,0.786589,0.786456,0.786961
249,0.786563,0.78643,0.786936
250,0.78653,0.786396,0.786905
251,0.786483,0.786349,0.786859
252,0.786445,0.78631,0.786823
253,0.786359,0.786223,0.786739
254,0.786305,0.786169,0.786687
255,0.786214,0.786077,0.786597
256,0.786122,0.785984,0.786506
257,0.786043,0.785905,0.786428
258,0.785988,0.785849,0.786373
259,0.785901,0.785761,0.786285
260,0.78585,0.785709,0.786234
261,0.78583,0.785689,0.786214
262,0.785778,0.785636,0.786162
263,0.78571,0.785568,0.786095
264,0.785647,0.785504,0.786031
265,0.785576,0.785433,0.78596
266,0.785541,0.785398,0.785926
267,0.785501,0.785357,0.785886
268,0.785444,0.785299,0.785829
269,0.785372,0.785226,0.785757
270,0.785288,0.785142,0.785673
271,0.78523,0.785084,0.785615
272,0.785143,0.784995,0.785526
273,0.785105,0.784957,0.785488
274,0.785078,0.78493,0.78546
275,0.785046,0.784897,0.785428
276,0.785027,0.784878,0.785409
277,0.784949,0.784799,0.785331
278,0.784916,0.784767,0.785299
279,0.784854,0.784703,0.785237
280,0.78482,0.784669,0.785203
281,0.784796,0.784645,0.78518
282,0.784719,0.784568,0.785105
283,0.784684,0.784532,0.78507
284,0.784623,0.784471,0.78501
285,0.784567,0.784414,0.784955
286,0.784486,0.784332,0.784874
287,0.784403,0.784248,0.784792
288,0.784339,0.784183,0.784727
289,0.784264,0.784108,0.784653
290,0.784176,0.784019,0.784564
291,0.784151,0.783993,0.784538
292,0.784092,0.783934,0.784479
293,0.78403,0.783871,0.784417
294,0.784011,0.783852,0.784397
295,0.783964,0.783805,0.784351
296,0.783887,0.783726,0.784273
297,0.783857,0.783696,0.784244
298,0.783809,0.783648,0.784196
299,0.783764,0.783602,0.784151
300,0.783686,0.783524,0.784073
301,0.783628,0.783465,0.784015
302,0.783569,0.783406,0.783957
303,0.783516,0.783352,0.783903
304,0.783427,0.783262,0.783814
305,0.783384,0.783219,0.783771
306,0.783306,0.78314,0.783692
307,0.783256,0.783089,0.783641
308,0.783222,0.783056,0.783608
309,0.783177,0.78301,0.783563
310,0.783112,0.782944,0.783497
311,0.783042,0.782874,0.783427
312,0.782999,0.78283,0.783383
313,0.782974,0.782805,0.783358
314,0.78293,0.782761,0.783314
315,0.782908,0.782738,0.783292
316,0.782884,0.782714,0.783269
317,0.782801,0.782629,0.783187
318,0.782731,0.782559,0.783118
319,0.782649,0.782476,0.783036
320,0.782623,0.782451,0.783011
321,0.782586,0.782413,0.782974
322,0.782516,0.782342,0.782905
323,0.782485,0.782311,0.782875
324,0.782431,0.782256,0.782822
325,0.782367,0.782192,0.782759
326,0.782279,0.782103,0.782672
327,0.782256,0.78208,0.78265
328,0.782196,0.782019,0.782591
329,0.782136,0.781958,0.782531
330,0.782094,0.781916,0.78249
331,0.782002,0.781823,0.782399
332,0.78195,0.78177,0.782347
333,0.781884,0.781704,0.782282
334,0.781847,0.781667,0.782246
335,0.78178,0.781599,0.78218
336,0.781732,0.78155,0.782132
337,0.781657,0.781475,0.782059
338,0.781631,0.781448,0.782033
339,0.781544,0.78136,0.781947
340,0.781468,0.781283,0.781871
341,0.78144,0.781256,0.781844
342,0.781361,0.781175,0.781765
343,0.781273,0.781087,0.781678
344,0.781211,0.781024,0.781616
345,0.781147,0.78096,0.781552
346,0.78108,0.780891,0.781484
347,0.781042,0.780854,0.781447
348,0.780972,0.780783,0.781377
349,0.780888,0.780698,0.781293
350,0.780803,0.780612,0.781206
351,0.780761,0.78057,0.781164
352,0.780729,0.780537,0.781131
353,0.780691,0.780499,0.781094
354,0.780665,0.780473,0.781068
355,0.78059,0.780396,0.780993
356,0.780563,0.780369,0.780967
357,0.780536,0.780342,0.780941
358,0.78046,0.780266,0.780866
359,0.78037,0.780175,0.780777
360,0.780337,0.780142,0.780745
361,0.780262,0.780065,0.78067
362,0.780176,0.779979,0.780585
363,0.780132,0.779934,0.780541
364,0.780049,0.779851,0.780459
365,0.779974,0.779775,0.780383
366,0.77991,0.77971,0.780319
367,0.779825,0.779625,0.780234
368,0.779739,0.779537,0.780147
369,0.779699,0.779497,0.780106
370,0.779635,0.779432,0.780041
371,0.77959,0.779387,0.779995
372,0.779537,0.779333,0.779942
373,0.779497,0.779293,0.779902
374,0.779421,0.779216,0.779825
375,0.779396,0.779191,0.7798
376,0.779316,0.77911,0.77972
377,0.779279,0.779072,0.779682
378,0.779244,0.779037,0.779648
379,0.779171,0.778964,0.779575
380,0.779085,0.778876,0.779488
381,0.779027,0.778818,0.77943
382,0.779001,0.778792,0.779405
383,0.77896,0.77875,0.779363
384,0.778907,0.778697,0.779311
385,0.778825,0.778614,0.779229
386,0.778745,0.778533,0.779149
387,0.778674,0.778462,0.779078
388,0.77859,0.778377,0.778993
389,0.778499,0.778285,0.778901
390,0.778446,0.778232,0.778847
391,0.778362,0.778147,0.778762
392,0.778322,0.778106,0.77872
393,0.778276,0.778059,0.778673
394,0.778204,0.777987,0.7786
395,0.778153,0.777935,0.778547
396,0.778093,0.777875,0.778486
397,0.778026,0.777807,0.778417
398,0.777959,0.77774,0.778349
399,0.777939,0.777719,0.778327
400,0.777884,0.777664,0.778271
401,0.777863,0.777642,0.778249
402,0.777814,0.777593,0.778199
403,0.77776,0.777538,0.778144
404,0.77774,0.777518,0.778124
405,0.777682,0.77746,0.778067
406,0.77761,0.777387,0.777994
407,0.777586,0.777363,0.77797
408,0.777503,0.777279,0.777887
409,0.777458,0.777233,0.777841
410,0.777433,0.777208,0.777816
411,0.777382,0.777157,0.777766
412,0.777321,0.777095,0.777705
413,0.777278,0.777052,0.777662
414,0.777209,0.776982,0.777593
415,0.777131,0.776903,0.777515
416,0.777068,0.77684,0.777452
417,0.77701,0.776781,0.777393
418,0.776921,0.776691,0.777303
419,0.776858,0.776628,0.77724
420,0.776798,0.776567,0.777179
421,0.776747,0.776516,0.777127
422,0.776704,0.776472,0.777082
423,0.77665,0.776418,0.777028
424,0.776597,0.776364,0.776974
425,0.776569,0.776336,0.776945
426,0.776539,0.776306,0.776915
427,0.776464,0.776229,0.776839
428,0.776427,0.776192,0.776802
429,0.776381,0.776146,0.776756
430,0.776355,0.77612,0.77673
431,0.776302,0.776066,0.776678
432,0.776259,0.776022,0.776635
433,0.776227,0.77599,0.776603
434,0.776168,0.775931,0.776546
435,0.776148,0.77591,0.776526
436,0.776073,0.775835,0.776453
437,0.776003,0.775764,0.776383
438,0.775945,0.775705,0.776326
439,0.775904,0.775664,0.776286
440,0.775851,0.775611,0.776234
441,0.775786,0.775545,0.77617
442,0.775732,0.77549,0.776117
443,0.775646,0.775403,0.776031
444,0.775591,0.775348,0.775978
445,0.775546,0.775302,0.775933
446,0.775474,0.77523,0.775861
447,0.77542,0.775175,0.775807
448,0.775345,0.7751,0.775734
449,0.775268,0.775022,0.775656
450,0.775211,0.774964,0.775599
451,0.775179,0.774932,0.775567
452,0.775116,0.774869,0.775505
453,0.775055,0.774807,0.775444
454,0.775001,0.774752,0.77539
455,0.774922,0.774672,0.775311
456,0.77489,0.77464,0.775279
457,0.774856,0.774605,0.775245
458,0.77478,0.774529,0.77517
459,0.774756,0.774505,0.775147
460,0.774698,0.774446,0.775089
461,0.774622,0.774369,0.775014
462,0.774534,0.774281,0.774926
463,0.774504,0.77425,0.774897
464,0.774434,0.774179,0.774826
465,0.774364,0.774109,0.774757
466,0.774325,0.774069,0.774718
467,0.774252,0.773995,0.774645
468,0.774176,0.773918,0.774569
469,0.774118,0.77386,0.774512
470,0.774038,0.77378,0.774431
471,0.773995,0.773736,0.774388
472,0.773972,0.773712,0.774365
473,0.773892,0.773632,0.774285
474,0.773803,0.773542,0.774196
475,0.773772,0.773511,0.774165
476,0.773691,0.773428,0.774083
477,0.773648,0.773385,0.77404
478,0.773622,0.773359,0.774014
479,0.773532,0.773269,0.773924
480,0.773481,0.773216,0.773872
481,0.773453,0.773189,0.773845
482,0.77337,0.773104,0.773762
483,0.773303,0.773037,0.773695
484,0.773221,0.772954,0.773612
485,0.773153,0.772885,0.773543
486,0.773133,0.772865,0.773523
487,0.773102,0.772834,0.773492
488,0.773023,0.772754,0.773413
489,0.772945,0.772676,0.773335
490,0.772925,0.772655,0.773315
491,0.772893,0.772622,0.773283
492,0.772836,0.772566,0.773227
493,0.772792,0.77252,0.773183
494,0.772711,0.772439,0.773103
495,0.772638,0.772365,0.77303
496,0.772562,0.772289,0.772954
497,0.772525,0.772251,0.772917
498,0.772435,0.77216,0.772827
499,0.772381,0.772106,0.772773
500,0.772302,0.772026,0.772693
501,0.772216,0.771939,0.772606
502,0.772155,0.771878,0.772545
503,0.772087,0.771809,0.772475
504,0.772009,0.77173,0.772395
505,0.771989,0.77171,0.772374
506,0.771968,0.771688,0.772352
507,0.771901,0.771621,0.772284
508,0.771836,0.771556,0.772219
509,0.771775,0.771493,0.772156
510,0.771737,0.771456,0.772118
511,0.77169,0.771408,0.772071
512,0.771653,0.77137,0.772033
513,0.771611,0.771328,0.771991
514,0.771543,0.77126,0.771923
515,0.771511,0.771227,0.771891
516,0.771464,0.77118,0.771844
517,0.771381,0.771096,0.771761
518,0.771358,0.771072,0.771738
519,0.771279,0.770993,0.77166
520,0.771208,0.770921,0.771588
521,0.771119,0.770831,0.771499
522,0.771061,0.770772,0.77144
523,0.771027,0.770738,0.771405
524,0.770986,0.770697,0.771364
525,0.770915,0.770625,0.771293
526,0.770835,0.770544,0.771212
527,0.770811,0.77052,0.771187
528,0.770761,0.77047,0.771137
529,0.77072,0.770428,0.771096
530,0.770657,0.770364,0.771032
531,0.770587,0.770294,0.770962
532,0.770519,0.770225,0.770894
533,0.770494,0.7702,0.770868
534,0.770406,0.770111,0.77078
535,0.77036,0.770064,0.770733
536,0.770316,0.77002,0.770689
537,0.770286,0.769989,0.770659
538,0.770227,0.76993,0.7706
539,0.770146,0.769848,0.770519
540,0.770101,0.769803,0.770473
541,0.77002,0.769722,0.770392
542,0.77,0.769701,0.770372
543,0.76991,0.76961,0.770281
544,0.769886,0.769586,0.770257
545,0.769813,0.769512,0.770183
546,0.769734,0.769432,0.770103
547,0.769701,0.769399,0.77007
548,0.769644,0.769342,0.770012
549,0.769596,0.769293,0.769963
550,0.769574,0.76927,0.769941
551,0.769511,0.769207,0.769878
552,0.769453,0.769149,0.76982
553,0.769401,0.769096,0.769767
554,0.769347,0.769041,0.769713
555,0.76929,0.768984,0.769656
556,0.769256,0.76895,0.769622
557,0.769232,0.768925,0.769598
558,0.769162,0.768855,0.769529
559,0.769073,0.768765,0.76944
560,0.769038,0.768729,0.769405
561,0.769018,0.768709,0.769385
562,0.768937,0.768628,0.769305
563,0.768875,0.768565,0.769243
564,0.768828,0.768517,0.769195
565,0.768763,0.768452,0.769131
566,0.768702,0.76839,0.76907
567,0.76865,0.768338,0.769018
568,0.768607,0.768294,0.768975
569,0.768545,0.768232,0.768913
570,0.768484,0.768169,0.768851
571,0.768402,0.768087,0.768769
572,0.768354,0.768038,0.768721
573,0.768297,0.767981,0.768664
574,0.768226,0.767909,0.768592
575,0.768143,0.767826,0.768509
576,0.768109,0.767791,0.768473
577,0.768069,0.767751,0.768433
578,0.768004,0.767685,0.768367
579,0.767967,0.767648,0.76833
580,0.76792,0.767601,0.768282
581,0.767888,0.767567,0.768249
582,0.767841,0.76752,0.768203
583,0.767781,0.76746,0.768143
584,0.767748,0.767426,0.76811
585,0.767681,0.767359,0.768043
586,0.767661,0.767339,0.768024
587,0.767623,0.7673,0.767986
588,0.767549,0.767225,0.767913
589,0.767464,0.767139,0.767828
590,0.76738,0.767055,0.767744
591,0.767319,0.766993,0.767683
592,0.7673,0.766974,0.767664
593,0.767226,0.766899,0.767589
594,0.767171,0.766844,0.767534
595,0.767116,0.766789,0.767479
596,0.767032,0.766703,0.767394
597,0.766965,0.766635,0.767326
598,0.766933,0.766604,0.767294
599,0.766883,0.766552,0.767242
600,0.766845,0.766514,0.767204
601,0.766824,0.766493,0.767183
602,0.766799,0.766468,0.767158
603,0.76671,0.766378,0.76707
604,0.766675,0.766343,0.767035
605,0.766585,0.766252,0.766945
606,0.766561,0.766228,0.766921
607,0.76653,0.766196,0.76689
608,0.766456,0.766121,0.766817
609,0.766422,0.766087,0.766783
610,0.766392,0.766057,0.766754
611,0.766301,0.765965,0.766664
612,0.76622,0.765884,0.766584
613,0.766176,0.765838,0.766539
614,0.766134,0.765796,0.766498
615,0.766073,0.765734,0.766437
616,0.766019,0.76568,0.766384
617,0.765975,0.765636,0.76634
618,0.765908,0.765568,0.766274
619,0.76585,0.765509,0.766215
620,0.765803,0.765462,0.766169
621,0.765738,0.765396,0.766104
622,0.765662,0.765319,0.766028
623,0.765574,0.76523,0.76594
624,0.765547,0.765204,0.765913
625,0.765513,0.76517,0.765879
626,0.765464,0.765119,0.76583
627,0.76542,0.765076,0.765787
628,0.765387,0.765042,0.765755
629,0.765342,0.764996,0.76571
630,0.765258,0.764912,0.765628
631,0.765179,0.764832,0.765548
632,0.765131,0.764783,0.765501
633,0.765042,0.764693,0.765412
634,0.76501,0.764662,0.76538
635,0.764975,0.764626,0.765345
636,0.764883,0.764533,0.765254
637,0.764802,0.764451,0.765173
638,0.764732,0.76438,0.765102
639,0.764685,0.764333,0.765055
640,0.764625,0.764272,0.764994
641,0.764548,0.764195,0.764917
642,0.764517,0.764163,0.764884
643,0.764445,0.76409,0.764812
644,0.76438,0.764025,0.764746
645,0.764298,0.763942,0.764663
646,0.764266,0.76391,0.764631
647,0.764212,0.763855,0.764575
648,0.764184,0.763827,0.764547
649,0.76412,0.763763,0.764482
650,0.764051,0.763693,0.764412
651,0.763963,0.763603,0.764322
652,0.763939,0.763579,0.764298
653,0.763884,0.763524,0.764242
654,0.763835,0.763475,0.764192
655,0.763791,0.76343,0.764147
656,0.763713,0.763352,0.764068
657,0.763668,0.763305,0.764022
658,0.763581,0.763217,0.763933
659,0.763555,0.763192,0.763906
660,0.763502,0.763138,0.763852
661,0.763475,0.763111,0.763824
662,0.763443,0.763078,0.763792
663,0.763423,0.763058,0.763771
664,0.763396,0.763031,0.763744
665,0.763306,0.762941,0.763655
666,0.763249,0.762882,0.763597
667,0.763186,0.762819,0.763534
668,0.76315,0.762782,0.763497
669,0.763122,0.762754,0.76347
670,0.763056,0.762687,0.763404
671,0.762973,0.762604,0.763321
672,0.762945,0.762576,0.763293
673,0.762861,0.76249,0.763208
674,0.762791,0.76242,0.763137
675,0.762772,0.762401,0.763118
676,0.762736,0.762364,0.763081
677,0.762698,0.762326,0.763043
678,0.762666,0.762293,0.763011
679,0.762645,0.762273,0.762992
680,0.762598,0.762225,0.762946
681,0.762538,0.762165,0.762887
682,0.762452,0.762077,0.7628
683,0.762383,0.762008,0.762732
684,0.762305,0.761929,0.762654
685,0.762281,0.761905,0.76263
686,0.762207,0.76183,0.762555
687,0.76213,0.761753,0.762479
688,0.762095,0.761716,0.762443
689,0.762031,0.761652,0.762378
690,0.761996,0.761617,0.762344
691,0.761907,0.761527,0.762254
692,0.761884,0.761504,0.76223
693,0.761851,0.76147,0.762197
694,0.761796,0.761415,0.762142
695,0.761751,0.76137,0.762098
696,0.76168,0.761298,0.762026
697,0.76161,0.761227,0.761956
698,0.761538,0.761154,0.761883
699,0.761488,0.761104,0.761832
700,0.761423,0.761038,0.761766
701,0.761355,0.76097,0.761698
702,0.761315,0.76093,0.761657
703,0.761296,0.76091,0.761636
704,0.76127,0.760884,0.76161
705,0.76122,0.760833,0.76156
706,0.761196,0.760809,0.761536
707,0.761169,0.760781,0.761509
708,0.761094,0.760706,0.761436
709,0.76104,0.760651,0.761381
710,0.760948,0.760559,0.76129
711,0.760903,0.760513,0.761244
712,0.76088,0.76049,0.761222
713,0.760799,0.760408,0.761141
714,0.760757,0.760365,0.761098
715,0.76071,0.760318,0.761052
716,0.760691,0.760299,0.761033
717,0.760624,0.760231,0.760967
718,0.760605,0.760212,0.760948
719,0.760532,0.760139,0.760876
720,0.760495,0.760101,0.76084
721,0.760447,0.760052,0.760793
722,0.760418,0.760023,0.760765
723,0.760343,0.759947,0.760691
724,0.760269,0.759872,0.760618
725,0.760192,0.759795,0.760541
726,0.760114,0.759716,0.760464
727,0.760096,0.759698,0.760445
728,0.760058,0.75966,0.760409
729,0.759966,0.759567,0.760317
730,0.759879,0.759479,0.76023
731,0.759788,0.759387,0.760138
732,0.759716,0.759315,0.760065
733,0.759634,0.759231,0.759981
734,0.759601,0.759198,0.759946
735,0.759582,0.759179,0.759927
736,0.75956,0.759156,0.759904
737,0.759485,0.75908,0.759828
738,0.75945,0.759046,0.759793
739,0.759395,0.758989,0.759737
740,0.75935,0.758944,0.759691
741,0.759291,0.758885,0.759632
742,0.7592,0.758793,0.759541
743,0.759168,0.758761,0.759508
744,0.759132,0.758724,0.75947
745,0.759079,0.75867,0.759417
746,0.759059,0.758651,0.759397
747,0.758986,0.758576,0.759323
748,0.758962,0.758553,0.7593
749,0.758921,0.758512,0.759259
750,0.758895,0.758485,0.759233
751,0.75887,0.758459,0.759209
752,0.758844,0.758433,0.759184
753,0.758818,0.758408,0.75916
754,0.758752,0.758341,0.759096
755,0.758671,0.758259,0.759016
756,0.758599,0.758186,0.758945
757,0.758548,0.758134,0.758895
758,0.758482,0.758068,0.75883
759,0.758401,0.757986,0.75875
760,0.758316,0.7579,0.758665
761,0.758281,0.757865,0.75863
762,0.758241,0.757824,0.75859
763,0.758156,0.757739,0.758506
764,0.758081,0.757663,0.758431
765,0.75803,0.757611,0.758379
766,0.757962,0.757543,0.758311
767,0.75792,0.7575,0.758269
768,0.757836,0.757415,0.758184
769,0.75781,0.757389,0.758157
770,0.757718,0.757296,0.758064
771,0.757647,0.757225,0.757993
772,0.757604,0.757181,0.757948
773,0.757573,0.75715,0.757917
774,0.757532,0.757109,0.757875
775,0.757474,0.757049,0.757816
776,0.757437,0.757012,0.757778
777,0.757406,0.756981,0.757747
778,0.75735,0.756924,0.757691
779,0.757299,0.756873,0.757641
780,0.757222,0.756795,0.757563
781,0.75717,0.756743,0.757511
782,0.757103,0.756675,0.757443
783,0.757017,0.756588,0.757356
784,0.756966,0.756536,0.757304
785,0.756941,0.756511,0.757278
786,0.756889,0.756459,0.757225
787,0.756869,0.756439,0.757205
788,0.756842,0.756411,0.757178
789,0.756805,0.756374,0.757141
790,0.756759,0.756327,0.757095
791,0.756706,0.756274,0.757043
792,0.756646,0.756214,0.756983
793,0.75661,0.756177,0.756948
794,0.756581,0.756147,0.756919
795,0.756551,0.756117,0.756891
796,0.756499,0.756065,0.756841
797,0.756423,0.755988,0.756765
798,0.756344,0.755908,0.756687
799,0.75629,0.755854,0.756634
800,0.756255,0.755819,0.7566
801,0.756229,0.755792,0.756575
802,0.756152,0.755714,0.756498
803,0.756112,0.755674,0.75646
804,0.756044,0.755605,0.756393
805,0.755965,0.755526,0.756315
806,0.755922,0.755482,0.756273
807,0.755857,0.755416,0.756208
808,0.75582,0.755379,0.756172
809,0.755736,0.755295,0.75609
810,0.755688,0.755246,0.756042
811,0.75562,0.755178,0.755975
812,0.755584,0.755141,0.755939
813,0.755556,0.755113,0.755912
814,0.755514,0.75507,0.755871
815,0.75548,0.755036,0.755839
816,0.75542,0.754976,0.755782
817,0.755335,0.754889,0.755698
818,0.755297,0.754851,0.755661
819,0.755271,0.754825,0.755637
820,0.755218,0.754772,0.755587
821,0.755127,0.754679,0.755497
822,0.75505,0.754601,0.755422
823,0.754976,0.754527,0.75535
824,0.754886,0.754436,0.755261
825,0.75482,0.754369,0.755196
826,0.754794,0.754343,0.755171
827,0.754741,0.75429,0.75512
828,0.754651,0.754199,0.755031
829,0.754565,0.754112,0.754946
830,0.754513,0.754059,0.754894
831,0.75447,0.754015,0.754852
832,0.754382,0.753927,0.754765
833,0.7543,0.753844,0.754683
834,0.754211,0.753754,0.754594
835,0.75414,0.753683,0.754523
836,0.754085,0.753627,0.754468
837,0.754059,0.7536,0.754442
838,0.753967,0.753507,0.75435
839,0.753878,0.753418,0.75426
840,0.753825,0.753364,0.754207
841,0.753797,0.753336,0.754179
842,0.753764,0.753303,0.754146
843,0.753693,0.753231,0.754076
844,0.753606,0.753143,0.753989
845,0.753547,0.753083,0.75393
846,0.753493,0.753029,0.753876
847,0.753448,0.752984,0.753831
848,0.7534,0.752935,0.753784
849,0.753326,0.752861,0.75371
850,0.753248,0.752781,0.753632
851,0.753157,0.752689,0.753541
852,0.753067,0.752598,0.75345
853,0.753023,0.752554,0.753406
854,0.752933,0.752463,0.753314
855,0.752905,0.752435,0.753286
856,0.752818,0.752347,0.753198
857,0.752782,0.752311,0.753161
858,0.752715,0.752243,0.753093
859,0.752639,0.752166,0.753016
860,0.752619,0.752146,0.752996
861,0.752587,0.752114,0.752964
862,0.752516,0.752042,0.752893
863,0.752424,0.751949,0.7528
864,0.752395,0.75192,0.752771
865,0.752333,0.751857,0.752709
866,0.752282,0.751806,0.752658
867,0.752221,0.751744,0.752597
868,0.752197,0.75172,0.752573
869,0.752133,0.751655,0.75251
870,0.752087,0.751609,0.752464
871,0.752019,0.75154,0.752396
872,0.75194,0.75146,0.752318
873,0.751896,0.751415,0.752274
874,0.751839,0.751359,0.752218
875,0.751752,0.75127,0.752131
876,0.751686,0.751204,0.752066
877,0.751604,0.751121,0.751983
878,0.751576,0.751093,0.751955
879,0.751484,0.751,0.751863
880,0.751449,0.750964,0.751828
881,0.751373,0.750887,0.751752
882,0.751306,0.75082,0.751685
883,0.751244,0.750757,0.751622
884,0.751199,0.750712,0.751577
885,0.751129,0.750641,0.751507
886,0.751077,0.750589,0.751455
887,0.751026,0.750537,0.751404
888,0.75097,0.750481,0.751348
889,0.750912,0.750422,0.751289
890,0.750871,0.75038,0.751249
891,0.750835,0.750344,0.751213
892,0.750811,0.75032,0.751191
893,0.75072,0.750229,0.751101
894,0.750662,0.750169,0.751044
895,0.750615,0.750122,0.750998
896,0.750545,0.750052,0.750929
897,0.75048,0.749985,0.750865
898,0.750388,0.749892,0.750773
899,0.750299,0.749803,0.750685
900,0.750207,0.74971,0.750592
901,0.750145,0.749647,0.75053
902,0.75009,0.749592,0.750475
903,0.750039,0.74954,0.750423
904,0.749953,0.749454,0.750338
905,0.749889,0.749389,0.750273
906,0.74981,0.749309,0.750193
907,0.749765,0.749263,0.750147
908,0.749678,0.749176,0.750059
909,0.749591,0.749087,0.74997
910,0.74955,0.749046,0.749928
911,0.749492,0.748988,0.749869
912,0.749467,0.748962,0.749843
913,0.749392,0.748887,0.749767
914,0.749318,0.748812,0.749692
915,0.749251,0.748744,0.749624
916,0.749207,0.7487,0.749578
917,0.749124,0.748616,0.749494
918,0.749047,0.748538,0.749415
919,0.748984,0.748475,0.749351
920,0.74894,0.74843,0.749305
921,0.748865,0.748355,0.749228
922,0.748809,0.748298,0.74917
923,0.748781,0.74827,0.74914
924,0.748757,0.748245,0.749115
925,0.748698,0.748186,0.749055
926,0.748655,0.748142,0.749011
927,0.7486,0.748086,0.748955
928,0.748534,0.74802,0.748888
929,0.748477,0.747962,0.74883
930,0.748439,0.747924,0.748791
931,0.74841,0.747895,0.748762
932,0.748371,0.747856,0.748722
933,0.748327,0.747811,0.748678
934,0.748236,0.74772,0.748588
935,0.748154,0.747637,0.748505
936,0.748129,0.747611,0.748478
937,0.748055,0.747537,0.748405
938,0.747978,0.747459,0.748326
939,0.747931,0.747411,0.748278
940,0.747873,0.747353,0.748219
941,0.74785,0.747329,0.748195
942,0.747783,0.747262,0.748127
943,0.74774,0.747219,0.748084
944,0.747699,0.747177,0.748042
945,0.747664,0.747141,0.748007
946,0.74761,0.747087,0.747953
947,0.747572,0.747049,0.747916
948,0.747524,0.747,0.747867
949,0.747449,0.746925,0.747793
950,0.747389,0.746864,0.747732
951,0.747331,0.746805,0.747674
952,0.747253,0.746727,0.747596
953,0.747202,0.746675,0.747544
954,0.747113,0.746586,0.747455
955,0.747027,0.746498,0.747367
956,0.74696,0.74643,0.747298
957,0.74694,0.746411,0.747277
958,0.746903,0.746373,0.747238
959,0.746882,0.746352,0.747216
960,0.746801,0.74627,0.747134
961,0.746781,0.74625,0.747113
962,0.746704,0.746172,0.747035
963,0.74668,0.746147,0.74701
964,0.746652,0.74612,0.746983
965,0.746591,0.746058,0.746922
966,0.746538,0.746004,0.746868
967,0.746494,0.74596,0.746824
968,0.746436,0.745901,0.746765
969,0.746395,0.74586,0.746725
970,0.746367,0.745832,0.746697
971,0.746301,0.745764,0.74663
972,0.746234,0.745697,0.746563
973,0.746169,0.745631,0.746498
974,0.746126,0.745588,0.746455
975,0.74607,0.745532,0.746399
976,0.746048,0.74551,0.746377
977,0.746029,0.74549,0.746358
978,0.746004,0.745465,0.746334
979,0.745963,0.745423,0.746294
980,0.745891,0.745351,0.746224
981,0.745812,0.745271,0.746146
982,0.745772,0.74523,0.746106
983,0.745681,0.745139,0.746016
984,0.745616,0.745073,0.745951
985,0.745566,0.745022,0.745901
986,0.745498,0.744954,0.745834
987,0.745452,0.744907,0.745787
988,0.745404,0.744859,0.745739
989,0.745313,0.744767,0.745649
990,0.74526,0.744714,0.745595
991,0.745219,0.744672,0.745554
992,0.745186,0.744639,0.745521
993,0.74514,0.744592,0.745475
994,0.745115,0.744567,0.74545
995,0.745055,0.744507,0.745391
996,0.744975,0.744426,0.745312
997,0.744941,0.744391,0.745278
998,0.744883,0.744333,0.745221
999,0.744825,0.744274,0.745164
1000,0.744766,0.744215,0.745105
1001,0.744676,0.744123,0.745015
1002,0.744647,0.744094,0.744986
1003,0.744605,0.744052,0.744945
1004,0.744541,0.743987,0.744881
1005,0.744481,0.743926,0.744821
1006,0.744421,0.743866,0.744762
1007,0.744329,0.743774,0.74467
1008,0.744311,0.743755,0.744651
1009,0.744291,0.743735,0.744632
1010,0.744244,0.743688,0.744586
1011,0.744195,0.743638,0.744538
1012,0.744119,0.743561,0.744463
1013,0.744048,0.74349,0.744392
1014,0.743964,0.743405,0.744309
1015,0.743917,0.743357,0.744262
1016,0.743836,0.743275,0.74418
1017,0.743753,0.743191,0.744097
1018,0.743696,0.743134,0.744039
1019,0.743608,0.743045,0.74395
1020,0.743541,0.742977,0.743881
1021,0.743491,0.742927,0.74383
1022,0.743449,0.742884,0.743787
1023,0.743386,0.742821,0.743722
1024,0.743357,0.742792,0.743692
1025,0.743292,0.742726,0.743627
1026,0.743243,0.742676,0.743575
1027,0.743209,0.742642,0.743541
1028,0.74319,0.742623,0.743522
1029,0.743157,0.74259,0.743489
1030,0.743103,0.742535,0.743434
1031,0.743036,0.742467,0.743368
1032,0.742989,0.742419,0.74332
1033,0.742963,0.742394,0.743295
1034,0.7429,0.74233,0.743233
1035,0.742827,0.742257,0.74316
1036,0.742796,0.742225,0.743129
1037,0.742759,0.742188,0.743093
1038,0.742688,0.742116,0.743022
1039,0.742662,0.74209,0.742997
1040,0.74258,0.742006,0.742915
1041,0.742536,0.741962,0.742872
1042,0.742444,0.74187,0.74278
1043,0.742421,0.741846,0.742757
1044,0.742377,0.741802,0.742714
1045,0.74229,0.741714,0.742628
1046,0.742216,0.741639,0.742554
1047,0.742165,0.741588,0.742502
1048,0.742102,0.741524,0.742439
1049,0.742079,0.7415,0.742416
1050,0.742003,0.741424,0.74234
1051,0.741934,0.741354,0.742271
1052,0.741895,0.741315,0.742232
1053,0.741827,0.741246,0.742164
1054,0.741791,0.741209,0.742128
1055,0.741738,0.741156,0.742075
1056,0.741664,0.741082,0.742001
1057,0.741644,0.741062,0.741982
1058,0.74158,0.740997,0.741918
1059,0.741517,0.740933,0.741855
1060,0.741455,0.74087,0.741793
1061,0.741432,0.740848,0.741771
1062,0.741345,0.74076,0.741684
1063,0.741254,0.740668,0.741593
1064,0.741233,0.740647,0.741572
1065,0.741212,0.740625,0.741551
1066,0.741149,0.740562,0.741489
1067,0.7411,0.740512,0.74144
1068,0.741047,0.740458,0.741388
1069,0.74096,0.740371,0.741302
1070,0.740891,0.740301,0.741233
1071,0.740845,0.740255,0.741187
1072,0.740756,0.740165,0.741098
1073,0.740677,0.740084,0.741017
1074,0.740643,0.74005,0.740983
1075,0.740579,0.739986,0.740919
1076,0.740528,0.739934,0.740867
1077,0.74047,0.739875,0.740808
1078,0.740448,0.739854,0.740787
1079,0.740416,0.739821,0.740755
1080,0.740367,0.739772,0.740707
1081,0.740284,0.739688,0.740624
1082,0.740259,0.739662,0.740599
1083,0.740184,0.739587,0.740524
1084,0.740135,0.739538,0.740476
1085,0.740068,0.73947,0.740409
1086,0.740027,0.739428,0.740368
1087,0.739938,0.739339,0.74028
1088,0.739871,0.73927,0.740212
1089,0.739823,0.739222,0.740164
1090,0.739735,0.739133,0.740075
1091,0.739647,0.739045,0.739987
1092,0.739606,0.739003,0.739945
1093,0.739581,0.738978,0.739919
1094,0.739493,0.738889,0.73983
1095,0.739439,0.738835,0.739775
1096,0.739411,0.738806,0.739746
1097,0.739385,0.73878,0.73972
1098,0.739339,0.738733,0.739674
1099,0.739311,0.738705,0.739646
1100,0.739267,0.738661,0.739603
1101,0.739224,0.738618,0.739561
1102,0.739134,0.738526,0.739471
1103,0.739062,0.738453,0.739399
1104,0.738996,0.738387,0.739333
1105,0.738912,0.738303,0.739249
1106,0.738846,0.738236,0.739183
1107,0.738826,0.738215,0.739161
1108,0.738757,0.738146,0.739093
1109,0.738695,0.738083,0.73903
1110,0.73864,0.738027,0.738974
1111,0.738559,0.737946,0.738893
1112,0.738507,0.737893,0.738839
1113,0.738479,0.737864,0.73881
1114,0.738431,0.737816,0.738762
1115,0.738405,0.73779,0.738736
1116,0.73832,0.737704,0.738651
1117,0.738229,0.737612,0.738559
1118,0.738201,0.737584,0.73853
1119,0.738139,0.737521,0.738467
1120,0.738098,0.73748,0.738426
1121,0.738055,0.737437,0.738383
1122,0.738023,0.737405,0.738351
1123,0.737956,0.737336,0.738283
1124,0.737878,0.737258,0.738205
1125,0.737805,0.737184,0.738131
1126,0.737764,0.737142,0.738089
1127,0.737691,0.737069,0.738015
1128,0.737653,0.73703,0.737976
1129,0.7376,0.736977,0.737923
1130,0.737546,0.736923,0.737868
1131,0.737514,0.73689,0.737835
1132,0.737456,0.736832,0.737776
1133,0.737435,0.736811,0.737755
1134,0.737359,0.736734,0.737678
1135,0.737331,0.736705,0.73765
1136,0.737279,0.736652,0.737597
1137,0.737207,0.73658,0.737525
1138,0.73717,0.736542,0.737488
1139,0.737132,0.736504,0.737449
1140,0.73707,0.736442,0.737388
1141,0.736993,0.736364,0.737311
1142,0.736961,0.736332,0.737278
1143,0.736893,0.736263,0.73721
1144,0.736858,0.736227,0.737174
1145,0.736812,0.736181,0.737128
1146,0.736742,0.73611,0.737058
1147,0.73671,0.736078,0.737026
1148,0.73664,0.736008,0.736956
1149,0.73658,0.735947,0.736895
1150,0.736521,0.735887,0.736835
1151,0.736481,0.735846,0.736794
1152,0.736412,0.735777,0.736725
1153,0.736391,0.735756,0.736703
1154,0.736363,0.735727,0.736675
1155,0.736311,0.735675,0.736623
1156,0.736242,0.735605,0.736554
1157,0.736183,0.735546,0.736495
1158,0.736152,0.735515,0.736464
1159,0.736126,0.735488,0.736438
1160,0.736056,0.735418,0.736368
1161,0.735998,0.735359,0.73631
1162,0.735945,0.735305,0.736257
1163,0.735911,0.735271,0.736223
1164,0.735819,0.735178,0.736131
1165,0.735799,0.735158,0.736111
1166,0.735736,0.735094,0.736047
1167,0.735702,0.73506,0.736013
1168,0.735655,0.735013,0.735967
1169,0.735619,0.734977,0.735932
1170,0.735584,0.73494,0.735897
1171,0.735552,0.734909,0.735866
1172,0.735469,0.734825,0.735784
1173,0.735443,0.734799,0.735759
1174,0.735384,0.734739,0.735701
1175,0.735341,0.734695,0.735658
1176,0.735279,0.734633,0.735598
1177,0.735209,0.734562,0.735529
1178,0.735134,0.734486,0.735454
1179,0.735099,0.734451,0.73542
1180,0.735058,0.734409,0.735379
1181,0.734969,0.73432,0.735292
1182,0.734928,0.734278,0.73525
1183,0.734858,0.734208,0.735181
1184,0.734804,0.734153,0.735128
1185,0.73473,0.734079,0.735054
1186,0.734678,0.734026,0.735001
1187,0.734628,0.733975,0.734951
1188,0.734564,0.73391,0.734887
1189,0.734515,0.733861,0.734839
1190,0.734494,0.73384,0.734818
1191,0.734455,0.7338,0.734779
1192,0.734433,0.733779,0.734759
1193,0.73436,0.733705,0.734687
1194,0.734328,0.733672,0.734656
1195,0.734257,0.7336,0.734587
1196,0.734204,0.733547,0.734536
1197,0.734124,0.733466,0.734456
1198,0.734034,0.733376,0.734367
1199,0.734,0.733341,0.734333
1200,0.733933,0.733273,0.734267
1201,0.733887,0.733227,0.734222
1202,0.733817,0.733157,0.734153
1203,0.733754,0.733093,0.73409
1204,0.733667,0.733005,0.734003
1205,0.73359,0.732927,0.733926
1206,0.733501,0.732837,0.733836
1207,0.733474,0.732809,0.733808
1208,0.73343,0.732765,0.733764
1209,0.733409,0.732744,0.733743
1210,0.733371,0.732706,0.733706
1211,0.733282,0.732616,0.733617
1212,0.733196,0.732529,0.733531
1213,0.733132,0.732464,0.733465
1214,0.73311,0.732442,0.733443
1215,0.733054,0.732386,0.733388
1216,0.732979,0.732309,0.733312
1217,0.732908,0.732238,0.733241
1218,0.732852,0.732181,0.733184
1219,0.732813,0.732142,0.733145
1220,0.732781,0.73211,0.733113
1221,0.73274,0.732069,0.733072
1222,0.732712,0.73204,0.733045
1223,0.732628,0.731955,0.732961
1224,0.732584,0.731911,0.732918
1225,0.732558,0.731885,0.732893
1226,0.732485,0.731811,0.73282
1227,0.732459,0.731785,0.732796
1228,0.732432,0.731758,0.732771
1229,0.732373,0.731697,0.732713
1230,0.732292,0.731616,0.732634
1231,0.732208,0.731531,0.732551
1232,0.732137,0.73146,0.732481
1233,0.73206,0.731381,0.732404
1234,0.731993,0.731314,0.732339
1235,0.731971,0.731292,0.732317
1236,0.731887,0.731207,0.732234
1237,0.731816,0.731136,0.732164
1238,0.731779,0.731097,0.732127
1239,0.731693,0.731011,0.732042
1240,0.731606,0.730923,0.731955
1241,0.731544,0.73086,0.731892
1242,0.731457,0.730773,0.731806
1243,0.731393,0.730708,0.731741
1244,0.73132,0.730634,0.731667
1245,0.731235,0.730549,0.731581
1246,0.731193,0.730506,0.731538
1247,0.731174,0.730486,0.731518
1248,0.73111,0.730423,0.731454
1249,0.731047,0.730359,0.73139
1250,0.731028,0.730339,0.731371
1251,0.730972,0.730282,0.731315
1252,0.730884,0.730194,0.731227
1253,0.730842,0.730151,0.731184
1254,0.730785,0.730094,0.731128
1255,0.730695,0.730003,0.731037
1256,0.73062,0.729927,0.730961
1257,0.73054,0.729846,0.73088
1258,0.730487,0.729793,0.730826
1259,0.730428,0.729733,0.730765
1260,0.73035,0.729655,0.730686
1261,0.730316,0.72962,0.73065
1262,0.730267,0.729571,0.7306
1263,0.730238,0.729541,0.730569
1264,0.730211,0.729514,0.730542
1265,0.730171,0.729473,0.730501
1266,0.730136,0.729438,0.730467
1267,0.730062,0.729363,0.730393
1268,0.730035,0.729337,0.730367
1269,0.729979,0.72928,0.730311
1270,0.729894,0.729194,0.730226
1271,0.729841,0.72914,0.730172
1272,0.729781,0.72908,0.730113
1273,0.729691,0.728989,0.730023
1274,0.729611,0.728908,0.729941
1275,0.729565,0.728862,0.729895
1276,0.729535,0.728831,0.729864
1277,0.729492,0.728787,0.72982
1278,0.729451,0.728747,0.72978
1279,0.729417,0.728712,0.729745
1280,0.729361,0.728655,0.729689
1281,0.729285,0.728579,0.729614
1282,0.72921,0.728503,0.729539
1283,0.729161,0.728454,0.72949
1284,0.72908,0.728372,0.729408
1285,0.729045,0.728337,0.729373
1286,0.729008,0.728299,0.729335
1287,0.728959,0.72825,0.729286
1288,0.728897,0.728187,0.729224
1289,0.728841,0.72813,0.729168
1290,0.728755,0.728043,0.729081
1291,0.728678,0.727966,0.729004
1292,0.728587,0.727874,0.728912
1293,0.728568,0.727855,0.728891
1294,0.728479,0.727765,0.728801
1295,0.728453,0.727739,0.728774
1296,0.728414,0.727699,0.728733
1297,0.72837,0.727655,0.728689
1298,0.728315,0.7276,0.728633
1299,0.728276,0.727559,0.728593
1300,0.728231,0.727514,0.728547
1301,0.728149,0.727431,0.728464
1302,0.728118,0.7274,0.728433
1303,0.728077,0.727359,0.728391
1304,0.727989,0.727269,0.728302
1305,0.727925,0.727206,0.728238
1306,0.727894,0.727174,0.728206
1307,0.727819,0.727098,0.728129
1308,0.727781,0.727059,0.72809
1309,0.727736,0.727014,0.728045
1310,0.727666,0.726944,0.727974
1311,0.727589,0.726866,0.727895
1312,0.727534,0.726811,0.727839
1313,0.727461,0.726736,0.727763
1314,0.72742,0.726695,0.727721
1315,0.727381,0.726656,0.727679
1316,0.727351,0.726626,0.727648
1317,0.727326,0.7266,0.727621
1318,0.727291,0.726565,0.727585
1319,0.727259,0.726533,0.727553
1320,0.727239,0.726512,0.727532
1321,0.727169,0.726442,0.727462
1322,0.727145,0.726417,0.727438
1323,0.72711,0.726382,0.727403
1324,0.727049,0.726321,0.727342
1325,0.727011,0.726283,0.727305
1326,0.726976,0.726246,0.727269
1327,0.7269,0.72617,0.727194
1328,0.726875,0.726144,0.727169
1329,0.726846,0.726115,0.72714
1330,0.726815,0.726084,0.727111
1331,0.72679,0.726058,0.727087
1332,0.726715,0.725984,0.727014
1333,0.726657,0.725924,0.726956
1334,0.726633,0.7259,0.726934
1335,0.726582,0.725849,0.726884
1336,0.726528,0.725794,0.726832
1337,0.72648,0.725746,0.726786
1338,0.726402,0.725667,0.726708
1339,0.726323,0.725587,0.72663
1340,0.7263,0.725564,0.726608
1341,0.726211,0.725474,0.72652
1342,0.726166,0.725428,0.726476
1343,0.726139,0.725401,0.72645
1344,0.726057,0.725319,0.72637
1345,0.726009,0.72527,0.726322
1346,0.725966,0.725227,0.72628
1347,0.72588,0.725139,0.726194
1348,0.725795,0.725054,0.72611
1349,0.725734,0.724992,0.726049
1350,0.725703,0.724961,0.726018
1351,0.725653,0.72491,0.725968
1352,0.725582,0.724839,0.725897
1353,0.725511,0.724767,0.725826
1354,0.72544,0.724696,0.725755
1355,0.725386,0.724641,0.725701
1356,0.725306,0.72456,0.725619
1357,0.725287,0.724541,0.7256
1358,0.725252,0.724505,0.725565
1359,0.725165,0.724418,0.725478
1360,0.725134,0.724386,0.725446
1361,0.725083,0.724335,0.725395
1362,0.725048,0.724299,0.72536
1363,0.724998,0.724248,0.72531
1364,0.72493,0.72418,0.725242
1365,0.724864,0.724114,0.725176
1366,0.724822,0.724071,0.725134
1367,0.724791,0.72404,0.725103
1368,0.72471,0.723958,0.725022
1369,0.724648,0.723895,0.72496
1370,0.724622,0.723869,0.724934
1371,0.724539,0.723785,0.72485
1372,0.724457,0.723702,0.724768
1373,0.724408,0.723653,0.724719
1374,0.724322,0.723566,0.724632
1375,0.724298,0.723542,0.724607
1376,0.72421,0.723453,0.724517
1377,0.724188,0.723431,0.724495
1378,0.724129,0.723371,0.724435
1379,0.724106,0.723348,0.724411
1380,0.724074,0.723315,0.724378
1381,0.724,0.723241,0.724304
1382,0.723947,0.723187,0.724251
1383,0.723885,0.723125,0.724188
1384,0.723795,0.723034,0.724097
1385,0.72377,0.723009,0.724071
1386,0.723732,0.722971,0.724032
1387,0.723688,0.722926,0.723987
1388,0.723653,0.722891,0.723952
1389,0.723583,0.72282,0.723882
1390,0.723532,0.722769,0.72383
1391,0.723446,0.722681,0.723743
1392,0.723421,0.722656,0.723717
1393,0.723401,0.722636,0.723696
1394,0.723332,0.722566,0.723626
1395,0.723288,0.722521,0.723582
1396,0.723253,0.722487,0.723547
1397,0.723225,0.722458,0.723519
1398,0.72319,0.722423,0.723484
1399,0.723166,0.722399,0.723461
1400,0.723111,0.722343,0.723406
1401,0.723081,0.722313,0.723378
1402,0.723051,0.722283,0.723349
1403,0.722975,0.722206,0.723274
1404,0.722931,0.722161,0.723232
1405,0.722873,0.722102,0.723174
1406,0.722845,0.722074,0.723148
1407,0.722754,0.721983,0.723058
1408,0.7227,0.721928,0.723005
1409,0.722626,0.721853,0.722931
1410,0.722555,0.721781,0.722861
1411,0.722471,0.721696,0.722777
1412,0.72245,0.721676,0.722757
1413,0.722404,0.721629,0.72271
1414,0.722361,0.721585,0.722667
1415,0.722334,0.721559,0.722642
1416,0.722263,0.721487,0.722572
1417,0.722175,0.721398,0.722484
1418,0.722115,0.721337,0.722424
1419,0.722074,0.721295,0.722383
1420,0.72202,0.721242,0.72233
1421,0.721987,0.721208,0.722297
1422,0.721904,0.721124,0.722214
1423,0.721848,0.721068,0.722158
1424,0.721796,0.721015,0.722106
1425,0.721771,0.72099,0.722082
1426,0.721683,0.720901,0.721994
1427,0.721652,0.72087,0.721963
1428,0.721575,0.720791,0.721886
1429,0.721491,0.720707,0.721803
1430,0.721437,0.720653,0.721748
1431,0.721369,0.720583,0.721679
1432,0.72133,0.720544,0.721639
1433,0.721296,0.72051,0.721606
1434,0.721222,0.720435,0.721531
1435,0.721194,0.720407,0.721502
1436,0.721122,0.720334,0.72143
1437,0.721091,0.720303,0.721399
1438,0.721033,0.720244,0.721342
1439,0.721005,0.720216,0.721314
1440,0.720937,0.720147,0.721246
1441,0.720862,0.720072,0.721172
1442,0.720833,0.720042,0.721142
1443,0.720758,0.719967,0.721068
1444,0.720719,0.719927,0.721028
1445,0.720698,0.719906,0.721009
1446,0.720649,0.719856,0.72096
1447,0.720577,0.719784,0.720889
1448,0.72053,0.719736,0.720842
1449,0.720461,0.719667,0.720774
1450,0.720403,0.719608,0.720716
1451,0.720381,0.719586,0.720695
1452,0.720312,0.719516,0.720627
1453,0.72023,0.719433,0.720545
1454,0.720196,0.719399,0.720512
1455,0.720175,0.719378,0.720492
1456,0.720136,0.719338,0.720454
1457,0.720053,0.719254,0.720372
1458,0.71997,0.719171,0.72029
1459,0.719916,0.719117,0.720237
1460,0.719867,0.719066,0.720188
1461,0.719801,0.719,0.720124
1462,0.719747,0.718945,0.72007
1463,0.719682,0.71888,0.720006
1464,0.719652,0.718849,0.719977
1465,0.719577,0.718774,0.719903
1466,0.719494,0.71869,0.71982
1467,0.719449,0.718644,0.719776
1468,0.719369,0.718563,0.719696
1469,0.719287,0.71848,0.719614
1470,0.719228,0.718421,0.719555
1471,0.719155,0.718348,0.719482
1472,0.719102,0.718294,0.719429
1473,0.719058,0.718249,0.719384
1474,0.719034,0.718225,0.71936
1475,0.718952,0.718142,0.719278
1476,0.718909,0.718099,0.719235
1477,0.718845,0.718034,0.719171
1478,0.718791,0.71798,0.719118
1479,0.718716,0.717905,0.719043
1480,0.718689,0.717877,0.719016
1481,0.718633,0.71782,0.71896
1482,0.718544,0.717731,0.718872
1483,0.718453,0.717639,0.71878
1484,0.718364,0.717549,0.71869
1485,0.718316,0.7175,0.718641
1486,0.718288,0.717471,0.718612
1487,0.718251,0.717435,0.718575
1488,0.718186,0.717368,0.718509
1489,0.718119,0.717301,0.718442
1490,0.718082,0.717264,0.718405
1491,0.718001,0.717182,0.718323
1492,0.717979,0.71716,0.718301
1493,0.71791,0.71709,0.718232
1494,0.717847,0.717026,0.718169
1495,0.717818,0.716997,0.718139
1496,0.717735,0.716913,0.718057
1497,0.717667,0.716844,0.717988
1498,0.717623,0.7168,0.717944
1499,0.717555,0.716731,0.717875
1500,0.717504,0.71668,0.717824
1501,0.71746,0.716635,0.71778
1502,0.717386,0.716561,0.717706
1503,0.717326,0.716501,0.717645
1504,0.717302,0.716476,0.717621
1505,0.717276,0.71645,0.717595
1506,0.717248,0.716422,0.717568
1507,0.71717,0.716343,0.717491
1508,0.7171,0.716272,0.717421
1509,0.717034,0.716205,0.717356
1510,0.716966,0.716137,0.717288
1511,0.716891,0.716061,0.717213
1512,0.71684,0.716009,0.717162
1513,0.716785,0.715954,0.717107
1514,0.716749,0.715917,0.71707
1515,0.716695,0.715862,0.717017
1516,0.716635,0.715802,0.716957
1517,0.716596,0.715763,0.716919
1518,0.716546,0.715713,0.71687
1519,0.716507,0.715673,0.716832
1520,0.716423,0.715588,0.716748
1521,0.716335,0.7155,0.716661
1522,0.716249,0.715413,0.716574
1523,0.716217,0.71538,0.716542
1524,0.716178,0.71534,0.716503
1525,0.716121,0.715283,0.716446
1526,0.716047,0.715208,0.716373
1527,0.716008,0.715169,0.716334
1528,0.715929,0.715089,0.716255
1529,0.715867,0.715026,0.716193
1530,0.715789,0.714947,0.716115
1531,0.715728,0.714886,0.716053
1532,0.715665,0.714822,0.71599
1533,0.715622,0.714779,0.715947
1534,0.715588,0.714745,0.715913
1535,0.715509,0.714665,0.715834
1536,0.715429,0.714584,0.715753
1537,0.715369,0.714524,0.715693
1538,0.715302,0.714456,0.715625
1539,0.715282,0.714436,0.715604
1540,0.715192,0.714345,0.715514
1541,0.715121,0.714273,0.715441
1542,0.7151,0.714252,0.71542
1543,0.715048,0.714199,0.715367
1544,0.714959,0.714109,0.715277
1545,0.714926,0.714076,0.715244
1546,0.714898,0.714047,0.715215
1547,0.714879,0.714028,0.715197
1548,0.714788,0.713937,0.715106
1549,0.714766,0.713915,0.715085
1550,0.714682,0.71383,0.715001
1551,0.71463,0.713777,0.714949
1552,0.714564,0.71371,0.714882
1553,0.714544,0.71369,0.714863
1554,0.714459,0.713605,0.714779
1555,0.714437,0.713582,0.714757
1556,0.714392,0.713537,0.714713
1557,0.714303,0.713447,0.714624
1558,0.714253,0.713397,0.714575
1559,0.714182,0.713325,0.714505
1560,0.714111,0.713253,0.714433
1561,0.71405,0.713191,0.714372
1562,0.713985,0.713126,0.714307
1563,0.713914,0.713054,0.714235
1564,0.713856,0.712995,0.714177
1565,0.713772,0.712911,0.714092
1566,0.713747,0.712885,0.714066
1567,0.713668,0.712806,0.713987
1568,0.713603,0.71274,0.713921
1569,0.713581,0.712717,0.713898
1570,0.71352,0.712656,0.713837
1571,0.713435,0.712571,0.713752
1572,0.713402,0.712537,0.713718
1573,0.71332,0.712454,0.713635
1574,0.713273,0.712406,0.713587
1575,0.713245,0.712378,0.713558
1576,0.713186,0.712318,0.713498
1577,0.713104,0.712236,0.713416
1578,0.713017,0.712148,0.713327
1579,0.71293,0.71206,0.713239
1580,0.712903,0.712033,0.71321
1581,0.712859,0.711988,0.713164
1582,0.712795,0.711924,0.713099
1583,0.712767,0.711895,0.713069
1584,0.712726,0.711854,0.713027
1585,0.712703,0.711831,0.713004
1586,0.712651,0.711778,0.71295
1587,0.712626,0.711753,0.712925
1588,0.712554,0.711681,0.712854
1589,0.712492,0.711618,0.71279
1590,0.712459,0.711585,0.712757
1591,0.712381,0.711505,0.712678
1592,0.712313,0.711437,0.71261
1593,0.71228,0.711404,0.712576
1594,0.71225,0.711373,0.712545
1595,0.712223,0.711346,0.712519
1596,0.712151,0.711274,0.712447
1597,0.712116,0.711238,0.712411
1598,0.712082,0.711204,0.712378
1599,0.712028,0.71115,0.712325
1600,0.712005,0.711126,0.712303
1601,0.71192,0.711041,0.712218
1602,0.711863,0.710983,0.712162
1603,0.711774,0.710893,0.712073
1604,0.711756,0.710874,0.712054
1605,0.711667,0.710785,0.711966
1606,0.711615,0.710732,0.711913
1607,0.711571,0.710688,0.711869
1608,0.711529,0.710645,0.711827
1609,0.711451,0.710566,0.711749
1610,0.711404,0.710519,0.711701
1611,0.711367,0.710482,0.711665
1612,0.711331,0.710445,0.711629
1613,0.711289,0.710402,0.711587
1614,0.711207,0.71032,0.711505
1615,0.711165,0.710277,0.711463
1616,0.711114,0.710226,0.711413
1617,0.711052,0.710164,0.711351
1618,0.710968,0.710079,0.711267
1619,0.71092,0.71003,0.711218
1620,0.710866,0.709976,0.711164
1621,0.710846,0.709956,0.711144
1622,0.710816,0.709925,0.711114
1623,0.710729,0.709837,0.711028
1624,0.71067,0.709778,0.710969
1625,0.710611,0.709718,0.71091
1626,0.710528,0.709635,0.710826
1627,0.710438,0.709543,0.710735
1628,0.710377,0.709482,0.710673
1629,0.710333,0.709437,0.710627
1630,0.710305,0.709409,0.710598
1631,0.710244,0.709348,0.710536
1632,0.710209,0.709313,0.7105
1633,0.71019,0.709293,0.710481
1634,0.710149,0.709252,0.71044
1635,0.710125,0.709227,0.710416
1636,0.710103,0.709205,0.710394
1637,0.710058,0.709159,0.71035
1638,0.709981,0.709082,0.710275
1639,0.709949,0.70905,0.710243
1640,0.709894,0.708993,0.710189
1641,0.709829,0.708929,0.710125
1642,0.709771,0.70887,0.710068
1643,0.709724,0.708822,0.710022
1644,0.709691,0.708789,0.70999
1645,0.709665,0.708762,0.709965
1646,0.709603,0.7087,0.709905
1647,0.709526,0.708622,0.709829
1648,0.709488,0.708584,0.709793
1649,0.709405,0.7085,0.709711
1650,0.70934,0.708435,0.709647
1651,0.709272,0.708366,0.70958
1652,0.709211,0.708304,0.709519
1653,0.709156,0.708249,0.709465
1654,0.709089,0.708181,0.709399
1655,0.709019,0.70811,0.709329
1656,0.70897,0.70806,0.70928
1657,0.708894,0.707984,0.709204
1658,0.708816,0.707906,0.709126
1659,0.708744,0.707833,0.709054
1660,0.708705,0.707793,0.709013
1661,0.708614,0.707701,0.708922
1662,0.708557,0.707644,0.708864
1663,0.708487,0.707573,0.708793
1664,0.708425,0.70751,0.708729
1665,0.708406,0.707491,0.708708
1666,0.708339,0.707423,0.708641
1667,0.708275,0.707359,0.708576
1668,0.70823,0.707314,0.70853
1669,0.708162,0.707244,0.70846
1670,0.708142,0.707225,0.708439
1671,0.70811,0.707192,0.708407
1672,0.708076,0.707158,0.708372
1673,0.708056,0.707137,0.708352
1674,0.707971,0.707051,0.708267
1675,0.707951,0.707032,0.708248
1676,0.707916,0.706996,0.708213
1677,0.707885,0.706965,0.708184
1678,0.707806,0.706885,0.708106
1679,0.707722,0.7068,0.708022
1680,0.70764,0.706718,0.707941
1681,0.707551,0.706627,0.707851
1682,0.707482,0.706558,0.707782
1683,0.707458,0.706533,0.707756
1684,0.707433,0.706509,0.707732
1685,0.707359,0.706434,0.707657
1686,0.707292,0.706366,0.70759
1687,0.707255,0.706328,0.707552
1688,0.707236,0.706309,0.707533
1689,0.707204,0.706277,0.707501
1690,0.707139,0.706211,0.707437
1691,0.707103,0.706175,0.707403
1692,0.707043,0.706114,0.707343
1693,0.706988,0.706059,0.707289
1694,0.706928,0.705998,0.707229
1695,0.706851,0.70592,0.707153
1696,0.706792,0.705861,0.707095
1697,0.706757,0.705826,0.70706
1698,0.70668,0.705747,0.706983
1699,0.706606,0.705673,0.706909
1700,0.706566,0.705633,0.706869
1701,0.706509,0.705575,0.706812
1702,0.70649,0.705556,0.706793
1703,0.706433,0.705499,0.706737
1704,0.706352,0.705416,0.706656
1705,0.70627,0.705333,0.706574
1706,0.706237,0.7053,0.706541
1707,0.706202,0.705265,0.706507
1708,0.70615,0.705212,0.706455
1709,0.706085,0.705147,0.706391
1710,0.706032,0.705093,0.706338
1711,0.705941,0.705001,0.706247
1712,0.705896,0.704956,0.706203
1713,0.705828,0.704887,0.706134
1714,0.7058,0.704859,0.706106
1715,0.705721,0.70478,0.706028
1716,0.705653,0.70471,0.705959
1717,0.705584,0.704641,0.70589
1718,0.705527,0.704583,0.705832
1719,0.705493,0.704549,0.705798
1720,0.705444,0.7045,0.705749
1721,0.705366,0.70442,0.70567
1722,0.705277,0.704331,0.705581
1723,0.705203,0.704256,0.705506
1724,0.705143,0.704196,0.705444
1725,0.705123,0.704175,0.705423
1726,0.705047,0.704098,0.705345
1727,0.705008,0.704059,0.705304
1728,0.704921,0.703972,0.705217
1729,0.704882,0.703932,0.705176
1730,0.70485,0.7039,0.705142
1731,0.704813,0.703862,0.705104
1732,0.704758,0.703807,0.705049
1733,0.704681,0.703729,0.70497
1734,0.704597,0.703644,0.704884
1735,0.704578,0.703625,0.704864
1736,0.704559,0.703606,0.704844
1737,0.704519,0.703566,0.704803
1738,0.704476,0.703522,0.704759
1739,0.704449,0.703494,0.704732
1740,0.70443,0.703475,0.704713
1741,0.704393,0.703437,0.704677
1742,0.704311,0.703355,0.704596
1743,0.704269,0.703313,0.704554
1744,0.704193,0.703236,0.704478
1745,0.704139,0.703181,0.704424
1746,0.704116,0.703158,0.704401
1747,0.704049,0.70309,0.704334
1748,0.704012,0.703053,0.704297
1749,0.703925,0.702965,0.70421
1750,0.70389,0.70293,0.704176
1751,0.703841,0.70288,0.704126
1752,0.703765,0.702804,0.704051
1753,0.703696,0.702734,0.703981
1754,0.70363,0.702667,0.703914
1755,0.703598,0.702635,0.703881
1756,0.703579,0.702616,0.703862
1757,0.703553,0.702589,0.703836
1758,0.703524,0.702561,0.703808
1759,0.703445,0.70248,0.703729
1760,0.703404,0.702439,0.703689
1761,0.703323,0.702357,0.703608
1762,0.703269,0.702303,0.703554
1763,0.703201,0.702234,0.703486
1764,0.703172,0.702204,0.703456
1765,0.703136,0.702168,0.703421
1766,0.703112,0.702144,0.703397
1767,0.70306,0.702091,0.703346
1768,0.702979,0.70201,0.703266
1769,0.702935,0.701966,0.703223
1770,0.702872,0.701902,0.70316
1771,0.702848,0.701877,0.703136
1772,0.702815,0.701844,0.703105
1773,0.702723,0.701751,0.703014
1774,0.702642,0.70167,0.702933
1775,0.702578,0.701605,0.702869
1776,0.702551,0.701578,0.702842
1777,0.702473,0.701498,0.702764
1778,0.702394,0.701419,0.702685
1779,0.702305,0.701329,0.702595
1780,0.702258,0.701281,0.702547
1781,0.702223,0.701246,0.702511
1782,0.702183,0.701206,0.70247
1783,0.702095,0.701117,0.702381
1784,0.70206,0.701082,0.702345
1785,0.702033,0.701055,0.702318
1786,0.701978,0.700999,0.702262
1787,0.701944,0.700964,0.702227
1788,0.701914,0.700934,0.702197
1789,0.701885,0.700905,0.702169
1790,0.701835,0.700854,0.702119
1791,0.701771,0.70079,0.702056
1792,0.701714,0.700732,0.701999
1793,0.701645,0.700662,0.70193
1794,0.701599,0.700616,0.701885
1795,0.701573,0.700589,0.701859
1796,0.701533,0.70055,0.70182
1797,0.701449,0.700464,0.701736
1798,0.701378,0.700393,0.701666
1799,0.701326,0.70034,0.701613
1800,0.701244,0.700257,0.701531
1801,0.701216,0.700229,0.701503
1802,0.701155,0.700167,0.701441
1803,0.70109,0.700102,0.701376
1804,0.701021,0.700032,0.701307
1805,0.700952,0.699963,0.701237
1806,0.700926,0.699936,0.70121
1807,0.700907,0.699917,0.701191
1808,0.700875,0.699884,0.701159
1809,0.700851,0.69986,0.701135
1810,0.70078,0.699789,0.701065
1811,0.700723,0.699731,0.701009
1812,0.70065,0.699657,0.700936
1813,0.700609,0.699616,0.700895
1814,0.700584,0.699591,0.700871
1815,0.700564,0.699571,0.700852
1816,0.700528,0.699534,0.700818
1817,0.700454,0.69946,0.700746
1818,0.700388,0.699393,0.700681
1819,0.700335,0.69934,0.700629
1820,0.700251,0.699254,0.700546
1821,0.700175,0.699178,0.700471
1822,0.700144,0.699147,0.700441
1823,0.700061,0.699062,0.700357
1824,0.700007,0.699008,0.700304
1825,0.699928,0.698928,0.700225
1826,0.699846,0.698846,0.700143
1827,0.699791,0.69879,0.700087
1828,0.699729,0.698727,0.700024
1829,0.699659,0.698657,0.699953
1830,0.699569,0.698565,0.699861
1831,0.69954,0.698536,0.699831
1832,0.699488,0.698484,0.699778
1833,0.699411,0.698406,0.6997
1834,0.699357,0.698351,0.699643
1835,0.699333,0.698327,0.699618
1836,0.6993,0.698294,0.699584
1837,0.699274,0.698268,0.699557
1838,0.699214,0.698207,0.699497
1839,0.699169,0.698162,0.699451
1840,0.69914,0.698132,0.699422
1841,0.699082,0.698074,0.699364
1842,0.699054,0.698046,0.699336
1843,0.698978,0.697968,0.69926
1844,0.698917,0.697907,0.699198
1845,0.698895,0.697885,0.699176
1846,0.698837,0.697827,0.699119
1847,0.698764,0.697753,0.699046
1848,0.698725,0.697713,0.699007
1849,0.698701,0.697689,0.698982
1850,0.698611,0.697598,0.698893
1851,0.698558,0.697545,0.69884
1852,0.698496,0.697482,0.698777
1853,0.698473,0.697458,0.698754
1854,0.69844,0.697425,0.698721
1855,0.69841,0.697395,0.698692
1856,0.698327,0.697311,0.698609
1857,0.698284,0.697268,0.698567
1858,0.698236,0.697219,0.698519
1859,0.698197,0.69718,0.698481
1860,0.698107,0.697089,0.698392
1861,0.698058,0.697039,0.698342
1862,0.69801,0.696991,0.698295
1863,0.697958,0.696938,0.698243
1864,0.697913,0.696893,0.698198
1865,0.697836,0.696815,0.698121
1866,0.69779,0.696769,0.698075
1867,0.697751,0.696729,0.698037
1868,0.697664,0.696641,0.69795
1869,0.697617,0.696594,0.697903
1870,0.697549,0.696526,0.697835
1871,0.697466,0.696442,0.697751
1872,0.697391,0.696366,0.697675
1873,0.69733,0.696304,0.697612
1874,0.697272,0.696246,0.697553
1875,0.697246,0.696219,0.697525
1876,0.697217,0.69619,0.697495
1877,0.697178,0.696151,0.697455
1878,0.697139,0.696112,0.697416
1879,0.697091,0.696063,0.697368
1880,0.697039,0.696011,0.697315
1881,0.696991,0.695961,0.697266
1882,0.696956,0.695926,0.697231
1883,0.696867,0.695837,0.697142
1884,0.696847,0.695816,0.697122
1885,0.696781,0.695749,0.697055
1886,0.696712,0.69568,0.696986
1887,0.696662,0.69563,0.696936
1888,0.696643,0.69561,0.696916
1889,0.696611,0.695578,0.696883
1890,0.696536,0.695503,0.696809
1891,0.696479,0.695444,0.696751
1892,0.696419,0.695384,0.69669
1893,0.696391,0.695356,0.696662
1894,0.696372,0.695336,0.696643
1895,0.696349,0.695313,0.696621
1896,0.696324,0.695288,0.696597
1897,0.696304,0.695268,0.696579
1898,0.696226,0.695189,0.696502
1899,0.69614,0.695102,0.696417
1900,0.696084,0.695046,0.696363
1901,0.696005,0.694966,0.696284
1902,0.695978,0.694939,0.696257
1903,0.695923,0.694884,0.696204
1904,0.695862,0.694822,0.696143
1905,0.695835,0.694794,0.696117
1906,0.695747,0.694706,0.69603
1907,0.695662,0.694619,0.695944
1908,0.695637,0.694595,0.69592
1909,0.695573,0.69453,0.695856
1910,0.695493,0.694449,0.695776
1911,0.695459,0.694414,0.695741
1912,0.695401,0.694356,0.695684
1913,0.695345,0.694299,0.695627
1914,0.695318,0.694272,0.695601
1915,0.695243,0.694196,0.695525
1916,0.695224,0.694177,0.695506
1917,0.695142,0.694094,0.695425
1918,0.695072,0.694024,0.695355
1919,0.695026,0.693977,0.695308
1920,0.694941,0.693892,0.695223
1921,0.694913,0.693863,0.695195
1922,0.694842,0.693791,0.695123
1923,0.694784,0.693733,0.695064
1924,0.694743,0.693692,0.695023
1925,0.694698,0.693646,0.694977
1926,0.694674,0.693621,0.694953
1927,0.69461,0.693557,0.694889
1928,0.694521,0.693468,0.6948
1929,0.694466,0.693412,0.694744
1930,0.694422,0.693368,0.694699
1931,0.694381,0.693326,0.694658
1932,0.694348,0.693292,0.694624
1933,0.694271,0.693215,0.694546
1934,0.694244,0.693187,0.694519
1935,0.694213,0.693157,0.694488
1936,0.694133,0.693076,0.694408
1937,0.694085,0.693027,0.694359
1938,0.693997,0.692937,0.69427
1939,0.693965,0.692906,0.694238
1940,0.693922,0.692862,0.694194
1941,0.693863,0.692803,0.694135
1942,0.693837,0.692776,0.694108
1943,0.693774,0.692713,0.694045
1944,0.693701,0.692639,0.693972
1945,0.693674,0.692611,0.693943
1946,0.69365,0.692587,0.693919
1947,0.693594,0.69253,0.693863
1948,0.693541,0.692477,0.69381
1949,0.693521,0.692457,0.69379
1950,0.693464,0.6924,0.693734
1951,0.69338,0.692314,0.693649
1952,0.693351,0.692285,0.69362
1953,0.693321,0.692255,0.69359
1954,0.693232,0.692165,0.693502
1955,0.693185,0.692118,0.693454
1956,0.693161,0.692094,0.693431
1957,0.693127,0.692059,0.693397
1958,0.693097,0.692029,0.693368
1959,0.693032,0.691963,0.693304
1960,0.692992,0.691922,0.693264
1961,0.692959,0.69189,0.693233
1962,0.692901,0.691831,0.693176
1963,0.692835,0.691764,0.693111
1964,0.692779,0.691708,0.693056
1965,0.692736,0.691664,0.693014
1966,0.69266,0.691588,0.692939
1967,0.692607,0.691534,0.692887
1968,0.69257,0.691497,0.692851
1969,0.692486,0.691412,0.692767
1970,0.692437,0.691362,0.692718
1971,0.692369,0.691294,0.692651
1972,0.692289,0.691213,0.69257
1973,0.692254,0.691177,0.692535
1974,0.692224,0.691147,0.692505
1975,0.692189,0.691111,0.69247
1976,0.692103,0.691025,0.692385
1977,0.692077,0.690999,0.69236
1978,0.692057,0.690979,0.692341
1979,0.691994,0.690915,0.692279
1980,0.691947,0.690867,0.692233
1981,0.691886,0.690806,0.692173
1982,0.691808,0.690727,0.692096
1983,0.691718,0.690636,0.692007
1984,0.691681,0.690599,0.69197
1985,0.69164,0.690557,0.69193
1986,0.691599,0.690516,0.69189
1987,0.691533,0.690449,0.691825
1988,0.69147,0.690386,0.691763
1989,0.691428,0.690344,0.691722
1990,0.691372,0.690286,0.691666
1991,0.691303,0.690217,0.691599
1992,0.691238,0.690151,0.691534
1993,0.691177,0.69009,0.691474
1994,0.691137,0.690049,0.691435
1995,0.691068,0.689979,0.691366
1996,0.691041,0.689952,0.69134
1997,0.690985,0.689895,0.691285
1998,0.690915,0.689825,0.691217
1999,0.690859,0.689768,0.691162
2000,0.690796,0.689705,0.6911
2001,0.690738,0.689646,0.691043
2002,0.690693,0.689601,0.691
2003,0.690647,0.689555,0.690955
2004,0.690592,0.689499,0.690902
2005,0.690524,0.68943,0.690835
2006,0.690456,0.689361,0.690769
2007,0.690399,0.689304,0.690714
2008,0.690312,0.689216,0.690628
2009,0.690255,0.689158,0.690572
2010,0.690186,0.689089,0.690504
2011,0.690101,0.689003,0.690421
2012,0.690029,0.688931,0.690349
2013,0.689944,0.688845,0.690264
2014,0.689909,0.688809,0.690229
2015,0.689817,0.688717,0.690138
2016,0.689784,0.688682,0.690104
2017,0.689719,0.688617,0.69004
2018,0.689631,0.688528,0.689952
2019,0.689555,0.688451,0.689876
2020,0.689486,0.688382,0.689807
2021,0.689424,0.688319,0.689744
2022,0.689373,0.688267,0.689693
2023,0.689283,0.688177,0.689603
2024,0.689212,0.688105,0.689531
2025,0.689189,0.688082,0.689507
2026,0.689128,0.688021,0.689446
2027,0.689084,0.687976,0.689402
2028,0.68905,0.687941,0.689368
2029,0.688967,0.687858,0.689286
2030,0.688878,0.687768,0.689197
2031,0.688791,0.68768,0.689109
2032,0.688745,0.687634,0.689062
2033,0.688673,0.68756,0.688989
2034,0.68865,0.687538,0.688966
2035,0.688595,0.687482,0.688911
2036,0.68853,0.687416,0.688846
2037,0.688484,0.687369,0.6888
2038,0.688445,0.68733,0.688761
2039,0.688368,0.687253,0.688685
2040,0.688292,0.687176,0.688609
2041,0.688216,0.687099,0.688533
2042,0.688128,0.687011,0.688445
2043,0.6881,0.686982,0.688416
2044,0.688042,0.686923,0.688358
2045,0.688014,0.686895,0.68833
2046,0.687948,0.686828,0.688265
2047,0.687861,0.686741,0.688178
2048,0.687793,0.686672,0.688109
2049,0.687706,0.686584,0.688022
2050,0.687627,0.686504,0.687942
2051,0.687555,0.686432,0.687869
2052,0.687519,0.686395,0.687832
2053,0.687473,0.686349,0.687785
2054,0.687414,0.686289,0.687725
2055,0.687333,0.686207,0.687643
2056,0.687256,0.68613,0.687566
2057,0.687235,0.686108,0.687543
2058,0.687156,0.686029,0.687464
2059,0.687118,0.68599,0.687425
2060,0.687059,0.685931,0.687365
2061,0.68701,0.685881,0.687315
2062,0.686927,0.685797,0.687232
2063,0.68688,0.685749,0.687183
2064,0.686847,0.685716,0.68715
2065,0.686786,0.685655,0.687089
2066,0.686756,0.685624,0.687059
2067,0.686666,0.685533,0.686968
2068,0.686622,0.685489,0.686924
2069,0.686601,0.685468,0.686904
2070,0.686515,0.685381,0.686817
2071,0.686488,0.685353,0.68679
2072,0.686404,0.685269,0.686707
2073,0.68633,0.685195,0.686633
2074,0.686309,0.685173,0.686611
2075,0.686233,0.685097,0.686536
2076,0.686155,0.685017,0.686457
2077,0.686125,0.684988,0.686427
2078,0.686098,0.68496,0.686401
2079,0.686062,0.684924,0.686366
2080,0.686003,0.684864,0.686308
2081,0.685913,0.684773,0.686218
2082,0.685886,0.684746,0.686192
2083,0.685797,0.684656,0.686104
2084,0.685719,0.684577,0.686026
2085,0.685689,0.684547,0.685997
2086,0.685599,0.684456,0.685907
2087,0.685531,0.684387,0.685839
2088,0.685447,0.684303,0.685755
2089,0.685374,0.684229,0.685681
2090,0.685353,0.684207,0.68566
2091,0.68531,0.684164,0.685617
2092,0.685253,0.684107,0.685561
2093,0.685195,0.684048,0.685502
2094,0.68513,0.683982,0.685438
2095,0.685045,0.683896,0.685353
2096,0.68501,0.683861,0.685318
2097,0.68493,0.683781,0.685238
2098,0.684841,0.68369,0.685148
2099,0.684817,0.683666,0.685123
2100,0.684765,0.683613,0.685071
2101,0.684713,0.683561,0.68502
2102,0.684678,0.683526,0.684985
2103,0.68462,0.683467,0.684927
2104,0.684573,0.683419,0.684881
2105,0.684497,0.683343,0.684805
2106,0.684413,0.683258,0.684722
2107,0.684339,0.683184,0.684648
2108,0.684294,0.683138,0.684603
2109,0.684206,0.683049,0.684515
2110,0.684165,0.683008,0.684474
2111,0.684079,0.682921,0.684387
2112,0.684033,0.682874,0.68434
2113,0.683963,0.682804,0.684269
2114,0.683918,0.682758,0.684224
2115,0.683832,0.682671,0.684137
2116,0.683761,0.6826,0.684065
2117,0.683715,0.682553,0.684018
2118,0.683633,0.68247,0.683935
2119,0.683549,0.682386,0.68385
2120,0.683478,0.682313,0.683776
2121,0.68344,0.682276,0.683736
2122,0.6834,0.682235,0.683694
2123,0.683351,0.682185,0.683643
2124,0.683306,0.68214,0.683598
2125,0.683267,0.682101,0.683557
2126,0.683236,0.682069,0.683525
2127,0.683199,0.682031,0.683487
2128,0.683147,0.68198,0.683436
2129,0.683108,0.68194,0.683397
2130,0.683067,0.681899,0.683356
2131,0.682981,0.681812,0.68327
2132,0.682892,0.681722,0.683181
2133,0.682865,0.681695,0.683153
2134,0.682803,0.681632,0.683091
2135,0.682771,0.6816,0.683059
2136,0.682746,0.681574,0.683034
2137,0.682684,0.681512,0.682973
2138,0.682592,0.681419,0.68288
2139,0.682545,0.681371,0.682833
2140,0.682467,0.681293,0.682755
2141,0.682428,0.681253,0.682716
2142,0.682356,0.681181,0.682643
2143,0.68232,0.681144,0.682607
2144,0.682277,0.681101,0.682564
2145,0.682255,0.681078,0.682542
2146,0.682206,0.681029,0.682494
2147,0.682141,0.680964,0.68243
2148,0.682085,0.680907,0.682375
2149,0.682062,0.680884,0.682353
2150,0.681986,0.680807,0.682277
2151,0.681902,0.680722,0.682194
2152,0.681836,0.680655,0.682128
2153,0.681748,0.680566,0.68204
2154,0.68169,0.680508,0.681982
2155,0.681613,0.680431,0.681905
2156,0.681551,0.680368,0.681842
2157,0.681509,0.680325,0.681798
2158,0.681444,0.680259,0.681733
2159,0.681409,0.680224,0.681697
2160,0.681354,0.680168,0.681641
2161,0.681305,0.680119,0.681592
2162,0.681257,0.68007,0.681543
2163,0.681185,0.679998,0.681471
2164,0.681148,0.679961,0.681434
2165,0.681102,0.679914,0.681387
2166,0.681026,0.679837,0.681311
2167,0.680987,0.679797,0.681272
2168,0.680933,0.679743,0.681218
2169,0.680903,0.679713,0.681188
2170,0.680816,0.679625,0.681101
2171,0.680737,0.679545,0.681021
2172,0.680664,0.679472,0.680948
2173,0.680597,0.679404,0.680879
2174,0.680557,0.679363,0.680837
2175,0.680516,0.679322,0.680796
2176,0.680453,0.679259,0.680732
2177,0.680432,0.679237,0.68071
2178,0.680377,0.679181,0.680654
2179,0.680299,0.679103,0.680576
2180,0.680236,0.679039,0.680512
2181,0.680198,0.679001,0.680473
2182,0.680179,0.678982,0.680453
2183,0.680151,0.678953,0.680425
2184,0.680104,0.678906,0.680378
2185,0.680031,0.678832,0.680306
2186,0.680012,0.678813,0.680286
2187,0.679922,0.678722,0.680197
2188,0.679883,0.678683,0.680158
2189,0.679815,0.678614,0.680089
2190,0.679788,0.678587,0.680062
2191,0.679756,0.678555,0.680031
2192,0.679687,0.678485,0.679963
2193,0.679635,0.678432,0.679911
2194,0.679586,0.678383,0.679862
2195,0.679508,0.678304,0.679784
2196,0.679454,0.67825,0.679731
2197,0.6794,0.678195,0.679677
2198,0.679374,0.678169,0.679651
2199,0.679339,0.678134,0.679617
2200,0.679308,0.678102,0.679586
2201,0.679277,0.678071,0.679557
2202,0.679255,0.678049,0.679538
2203,0.679164,0.677957,0.679449
2204,0.679095,0.677887,0.679381
2205,0.679036,0.677828,0.679324
2206,0.678995,0.677786,0.679285
2207,0.678918,0.677708,0.679209
2208,0.67884,0.677629,0.679132
2209,0.678778,0.677567,0.679072
2210,0.678687,0.677475,0.678982
2211,0.678616,0.677403,0.678911
2212,0.678561,0.677348,0.678856
2213,0.678491,0.677277,0.678786
2214,0.678415,0.6772,0.67871
2215,0.678358,0.677142,0.678652
2216,0.678283,0.677067,0.678578
2217,0.678222,0.677005,0.678516
2218,0.678193,0.676976,0.678487
2219,0.678153,0.676936,0.678446
2220,0.678076,0.676858,0.678369
2221,0.678002,0.676783,0.678295
2222,0.677919,0.676699,0.678211
2223,0.677859,0.676639,0.67815
2224,0.677831,0.676611,0.678122
2225,0.677754,0.676533,0.678044
2226,0.677689,0.676467,0.677977
2227,0.677616,0.676393,0.677903
2228,0.677572,0.676348,0.677857
2229,0.677545,0.676322,0.67783
2230,0.677508,0.676284,0.677793
2231,0.677463,0.676238,0.677747
2232,0.677416,0.676192,0.677701
2233,0.677394,0.676169,0.677679
2234,0.67736,0.676134,0.677645
2235,0.677302,0.676076,0.677588
2236,0.67725,0.676024,0.677538
2237,0.677187,0.67596,0.677476
2238,0.677113,0.675885,0.677403
2239,0.677056,0.675828,0.677347
2240,0.676984,0.675755,0.677276
2241,0.676917,0.675687,0.677209
2242,0.676843,0.675612,0.677135
2243,0.676781,0.675549,0.677073
2244,0.676731,0.6755,0.677023
2245,0.676678,0.675445,0.67697
2246,0.676597,0.675364,0.676889
2247,0.676518,0.675284,0.676809
2248,0.676473,0.675239,0.676764
2249,0.676404,0.675169,0.676694
2250,0.67638,0.675145,0.67667
2251,0.676311,0.675075,0.676601
2252,0.676248,0.675011,0.676537
2253,0.676166,0.674928,0.676454
2254,0.676101,0.674863,0.676389
2255,0.676072,0.674834,0.676359
2256,0.676021,0.674782,0.676307
2257,0.675957,0.674718,0.676242
2258,0.67592,0.67468,0.676205
2259,0.675847,0.674606,0.676131
2260,0.675789,0.674548,0.676072
2261,0.675735,0.674493,0.676018
2262,0.675648,0.674406,0.67593
2263,0.6756,0.674357,0.67588
2264,0.675556,0.674313,0.675835
2265,0.675513,0.674269,0.675791
2266,0.675487,0.674243,0.675764
2267,0.675416,0.674171,0.675693
2268,0.675343,0.674098,0.675619
2269,0.675305,0.674059,0.67558
2270,0.67524,0.673994,0.675515
2271,0.67515,0.673903,0.675423
2272,0.675117,0.67387,0.675389
2273,0.675069,0.67382,0.675339
2274,0.67503,0.673781,0.675299
2275,0.674994,0.673745,0.675263
2276,0.674966,0.673716,0.675234
2277,0.674897,0.673647,0.675164
2278,0.674853,0.673603,0.67512
2279,0.674822,0.673571,0.675088
2280,0.674799,0.673548,0.675066
2281,0.674745,0.673493,0.675013
2282,0.674693,0.673441,0.674961
2283,0.674647,0.673395,0.674916
2284,0.674565,0.673312,0.674834
2285,0.674546,0.673293,0.674816
2286,0.6745,0.673246,0.67477
2287,0.674424,0.673169,0.674695
2288,0.674391,0.673136,0.674663
2289,0.674358,0.673103,0.674631
2290,0.674329,0.673073,0.674603
2291,0.674254,0.672997,0.67453
2292,0.674202,0.672945,0.674479
2293,0.674174,0.672916,0.674452
2294,0.674097,0.672839,0.674377
2295,0.674007,0.672748,0.674289
2296,0.673943,0.672684,0.674226
2297,0.673866,0.672606,0.674149
2298,0.673843,0.672583,0.674127
2299,0.673774,0.672513,0.674058
2300,0.673699,0.672437,0.673984
2301,0.673607,0.672344,0.673892
2302,0.673578,0.672315,0.673863
2303,0.673538,0.672275,0.673824
2304,0.673454,0.672189,0.673739
2305,0.673367,0.672101,0.673652
2306,0.673326,0.67206,0.673611
2307,0.673244,0.671978,0.673529
2308,0.673188,0.671921,0.673472
2309,0.673131,0.671863,0.673414
2310,0.673058,0.671789,0.67334
2311,0.672977,0.671707,0.673257
2312,0.672932,0.671663,0.673211
2313,0.672882,0.671612,0.673159
2314,0.672851,0.671581,0.673127
2315,0.67282,0.671549,0.673095
2316,0.672762,0.67149,0.673036
2317,0.672681,0.671408,0.672954
2318,0.672612,0.671339,0.672884
2319,0.672568,0.671295,0.672839
2320,0.672528,0.671255,0.672798
2321,0.672444,0.67117,0.672713
2322,0.672372,0.671097,0.672638
2323,0.672351,0.671075,0.672615
2324,0.6723,0.671024,0.672563
2325,0.672228,0.670951,0.672488
2326,0.672169,0.670892,0.672428
2327,0.672146,0.670868,0.672402
2328,0.672122,0.670845,0.672377
2329,0.672082,0.670803,0.672335
2330,0.672045,0.670766,0.672297
2331,0.672025,0.670746,0.672277
2332,0.672,0.670721,0.672252
2333,0.67198,0.6707,0.672232
2334,0.671943,0.670663,0.672196
2335,0.671924,0.670644,0.672179
2336,0.671862,0.670582,0.672119
2337,0.671831,0.67055,0.672089
2338,0.67177,0.670489,0.67203
2339,0.671706,0.670424,0.671967
2340,0.671679,0.670397,0.671942
2341,0.671653,0.67037,0.671917
2342,0.671618,0.670336,0.671886
2343,0.67153,0.670246,0.6718
2344,0.671476,0.670192,0.671748
2345,0.671397,0.670111,0.67167
2346,0.671332,0.670046,0.671607
2347,0.67128,0.669994,0.671557
2348,0.671248,0.669962,0.671527
2349,0.671172,0.669884,0.671452
2350,0.671151,0.669863,0.671433
2351,0.671064,0.669775,0.671348
2352,0.67098,0.66969,0.671265
2353,0.670912,0.669622,0.671199
2354,0.670822,0.669531,0.671109
2355,0.670767,0.669476,0.671055
2356,0.670696,0.669404,0.670985
2357,0.670642,0.669349,0.67093
2358,0.670577,0.669284,0.670866
2359,0.670504,0.66921,0.670793
2360,0.670469,0.669175,0.670759
2361,0.670441,0.669147,0.670731
2362,0.670396,0.669101,0.670687
2363,0.670304,0.669008,0.670596
2364,0.67027,0.668974,0.670563
2365,0.670183,0.668885,0.670476
2366,0.670118,0.66882,0.670412
2367,0.670042,0.668743,0.670336
2368,0.670017,0.668719,0.670313
2369,0.669946,0.668647,0.670242
2370,0.669855,0.668554,0.670151
2371,0.669773,0.668472,0.670069
2372,0.669693,0.66839,0.669988
2373,0.669635,0.668332,0.669929
2374,0.669612,0.668309,0.669906
2375,0.669591,0.668288,0.669885
2376,0.669504,0.6682,0.669799
2377,0.669412,0.668107,0.669707
2378,0.66932,0.668014,0.669614
2379,0.669233,0.667927,0.669526
2380,0.669182,0.667875,0.669473
2381,0.669121,0.667813,0.66941
2382,0.6691,0.667792,0.669388
2383,0.669041,0.667732,0.669328
2384,0.668979,0.66767,0.669265
2385,0.668951,0.667641,0.669236
2386,0.668927,0.667618,0.669212
2387,0.668858,0.667548,0.669143
2388,0.66882,0.667509,0.669105
2389,0.668739,0.667427,0.669024
2390,0.668707,0.667395,0.668991
2391,0.668616,0.667303,0.668901
2392,0.668568,0.667255,0.668852
2393,0.668488,0.667173,0.668771
2394,0.668413,0.667098,0.668696
2395,0.668368,0.667052,0.66865
2396,0.668307,0.666991,0.668588
2397,0.668265,0.666948,0.668544
2398,0.668203,0.666886,0.668482
2399,0.668117,0.666799,0.668395
2400,0.668076,0.666758,0.668352
2401,0.668056,0.666738,0.668332
2402,0.668002,0.666683,0.668277
2403,0.667946,0.666626,0.66822
2404,0.667902,0.666582,0.668176
2405,0.667835,0.666515,0.668109
2406,0.667807,0.666486,0.66808
2407,0.667766,0.666445,0.668039
2408,0.667677,0.666355,0.66795
2409,0.667638,0.666315,0.66791
2410,0.667603,0.66628,0.667875
2411,0.667558,0.666234,0.66783
2412,0.667526,0.666202,0.667799
2413,0.66745,0.666125,0.667723
2414,0.667422,0.666098,0.667696
2415,0.667392,0.666067,0.667667
2416,0.667372,0.666046,0.667648
2417,0.667314,0.665988,0.667593
2418,0.667248,0.665921,0.667528
2419,0.667187,0.66586,0.66747
2420,0.667095,0.665767,0.667379
2421,0.667012,0.665683,0.667297
2422,0.666922,0.665592,0.667207
2423,0.666843,0.665512,0.667127
2424,0.666786,0.665455,0.66707
2425,0.666697,0.665365,0.66698
2426,0.666643,0.665311,0.666925
2427,0.666558,0.665225,0.666839
2428,0.666521,0.665187,0.6668
2429,0.66649,0.665156,0.666768
2430,0.666434,0.665099,0.666711
2431,0.666396,0.665061,0.666672
2432,0.666366,0.665031,0.666642
2433,0.666292,0.664956,0.666568
2434,0.666201,0.664864,0.666476
2435,0.666146,0.664809,0.66642
2436,0.6661,0.664762,0.666372
2437,0.666033,0.664695,0.666304
2438,0.66601,0.664672,0.666281
2439,0.665945,0.664605,0.666214
2440,0.66589,0.66455,0.666159
2441,0.665838,0.664497,0.666105
2442,0.665772,0.66443,0.666038
2443,0.665722,0.66438,0.665987
2444,0.665635,0.664292,0.665898
2445,0.665606,0.664263,0.665867
2446,0.665585,0.664241,0.665845
2447,0.665541,0.664197,0.6658
2448,0.66551,0.664166,0.665768
2449,0.665433,0.664089,0.665691
2450,0.665405,0.66406,0.665663
2451,0.665367,0.664021,0.665624
2452,0.665318,0.663972,0.665575
2453,0.665274,0.663928,0.665531
2454,0.665189,0.663842,0.665445
2455,0.665141,0.663793,0.665396
2456,0.665083,0.663735,0.665337
2457,0.665042,0.663694,0.665296
2458,0.664992,0.663643,0.665245
2459,0.664942,0.663593,0.665195
2460,0.6649,0.66355,0.665152
2461,0.664866,0.663516,0.665117
2462,0.664806,0.663455,0.665057
2463,0.664777,0.663425,0.665027
2464,0.664729,0.663378,0.66498
2465,0.664678,0.663325,0.664928
2466,0.664635,0.663282,0.664885
2467,0.664589,0.663236,0.66484
2468,0.664509,0.663155,0.664759
2469,0.66444,0.663085,0.66469
2470,0.664408,0.663053,0.664657
2471,0.664386,0.663031,0.664635
2472,0.664364,0.663008,0.664613
2473,0.664323,0.662967,0.664572
2474,0.664293,0.662937,0.664543
2475,0.66425,0.662894,0.664502
2476,0.664181,0.662824,0.664434
2477,0.664097,0.662739,0.664351
2478,0.664014,0.662655,0.664267
2479,0.663981,0.662622,0.664234
2480,0.663914,0.662554,0.664166
2481,0.663885,0.662525,0.664138
2482,0.663862,0.662501,0.664115
2483,0.663829,0.662469,0.664083
2484,0.663759,0.662397,0.664013
2485,0.663705,0.662343,0.663961
2486,0.663676,0.662314,0.663932
2487,0.663637,0.662274,0.663894
2488,0.663549,0.662186,0.663808
2489,0.663466,0.662102,0.663725
2490,0.663394,0.662029,0.663652
2491,0.663347,0.661982,0.663605
2492,0.663267,0.661901,0.663524
2493,0.66322,0.661853,0.663477
2494,0.663167,0.6618,0.663423
2495,0.663138,0.66177,0.663393
2496,0.663116,0.661748,0.663371
2497,0.663059,0.661691,0.663314
2498,0.663015,0.661646,0.66327
2499,0.662985,0.661616,0.663241
2500,0.662903,0.661533,0.663159
2501,0.66288,0.661509,0.663135
2502,0.662813,0.661442,0.663069
2503,0.662776,0.661404,0.663032
2504,0.662727,0.661356,0.662985
2505,0.662651,0.661279,0.662909
2506,0.662559,0.661185,0.662817
2507,0.662532,0.661158,0.662789
2508,0.662504,0.66113,0.662762
2509,0.662424,0.661049,0.662682
2510,0.662374,0.660998,0.662631
2511,0.662337,0.660961,0.662594
2512,0.662318,0.660942,0.662576
2513,0.66224,0.660864,0.662499
2514,0.662218,0.660841,0.662477
2515,0.662192,0.660815,0.662452
2516,0.66211,0.660732,0.662372
2517,0.662056,0.660677,0.662319
2518,0.661964,0.660585,0.662228
2519,0.661919,0.660539,0.662182
2520,0.661875,0.660494,0.662139
2521,0.661794,0.660413,0.662058
2522,0.661742,0.660361,0.662007
2523,0.661696,0.660314,0.661961
2524,0.661652,0.660269,0.661917
2525,0.661626,0.660243,0.661892
2526,0.661585,0.660202,0.661852
2527,0.661549,0.660165,0.661818
2528,0.661457,0.660072,0.661727
2529,0.661384,0.659999,0.661655
2530,0.661343,0.659957,0.661614
2531,0.661294,0.659908,0.661566
2532,0.661234,0.659848,0.661508
2533,0.661161,0.659774,0.661436
2534,0.66112,0.659732,0.661395
2535,0.661083,0.659695,0.66136
2536,0.661003,0.659614,0.661281
2537,0.660947,0.659558,0.661226
2538,0.660866,0.659475,0.661145
2539,0.660796,0.659404,0.661075
2540,0.660738,0.659346,0.661018
2541,0.660685,0.659293,0.660966
2542,0.660606,0.659213,0.660887
2543,0.660543,0.659149,0.660823
2544,0.660451,0.659057,0.660731
2545,0.66041,0.659015,0.660689
2546,0.660325,0.658929,0.660604
2547,0.660303,0.658907,0.660581
2548,0.660257,0.65886,0.660534
2549,0.660231,0.658834,0.660508
2550,0.660209,0.658812,0.660487
2551,0.660149,0.658752,0.660429
2552,0.660062,0.658664,0.660343
2553,0.660002,0.658603,0.660283
2554,0.659916,0.658516,0.660197
2555,0.659834,0.658433,0.660115
2556,0.659787,0.658385,0.660067
2557,0.659761,0.658359,0.660041
2558,0.659672,0.658269,0.659952
2559,0.659621,0.658218,0.659901
2560,0.659557,0.658153,0.659837
2561,0.659471,0.658067,0.659751
2562,0.659413,0.658008,0.659691
2563,0.659333,0.657927,0.65961
2564,0.659309,0.657903,0.659585
2565,0.659266,0.65786,0.659542
2566,0.65923,0.657823,0.659505
2567,0.659174,0.657766,0.659449
2568,0.659127,0.657719,0.659402
2569,0.659053,0.657644,0.659328
2570,0.658989,0.65758,0.659265
2571,0.658957,0.657548,0.659232
2572,0.6589,0.65749,0.659176
2573,0.658812,0.657401,0.659087
2574,0.658792,0.657381,0.659067
2575,0.65873,0.657319,0.659005
2576,0.658643,0.657231,0.658918
2577,0.6586,0.657187,0.658874
2578,0.658541,0.657127,0.658815
2579,0.658467,0.657052,0.65874
2580,0.658439,0.657024,0.658712
2581,0.658415,0.657,0.658688
2582,0.658336,0.656921,0.65861
2583,0.658253,0.656836,0.658526
2584,0.658201,0.656784,0.658475
2585,0.65816,0.656742,0.658432
2586,0.65813,0.656712,0.658403
2587,0.658046,0.656627,0.658319
2588,0.657987,0.656568,0.65826
2589,0.657963,0.656544,0.658236
2590,0.657902,0.656482,0.658175
2591,0.657818,0.656397,0.658092
2592,0.657766,0.656345,0.65804
2593,0.657745,0.656323,0.658019
2594,0.657657,0.656235,0.657931
2595,0.657573,0.656149,0.657846
2596,0.657542,0.656119,0.657815
2597,0.65749,0.656066,0.657763
2598,0.657403,0.655978,0.657675
2599,0.657321,0.655895,0.657592
2600,0.657268,0.655841,0.657537
2601,0.65722,0.655793,0.657488
2602,0.657173,0.655746,0.657441
2603,0.657138,0.655711,0.657405
2604,0.657088,0.655659,0.657354
2605,0.657044,0.655615,0.657309
2606,0.656963,0.655534,0.657228
2607,0.656933,0.655503,0.657197
2608,0.656904,0.655474,0.657169
2609,0.656854,0.655423,0.657118
2610,0.656784,0.655353,0.657049
2611,0.656736,0.655305,0.657001
2612,0.656712,0.65528,0.656977
2613,0.656641,0.655209,0.656907
2614,0.65662,0.655187,0.656886
2615,0.656561,0.655128,0.656828
2616,0.65649,0.655056,0.656757
2617,0.656448,0.655013,0.656716
2618,0.656398,0.654963,0.656667
2619,0.656328,0.654892,0.656597
2620,0.656252,0.654816,0.656523
2621,0.656184,0.654747,0.656454
2622,0.656138,0.6547,0.656409
2623,0.656119,0.654681,0.65639
2624,0.656028,0.654589,0.6563
2625,0.655982,0.654543,0.656254
2626,0.655918,0.654479,0.656191
2627,0.655888,0.654448,0.656161
2628,0.655806,0.654365,0.656079
2629,0.655737,0.654295,0.65601
2630,0.65565,0.654207,0.655923
2631,0.655576,0.654133,0.655849
2632,0.655534,0.65409,0.655805
2633,0.655451,0.654006,0.655721
2634,0.655431,0.653987,0.655701
2635,0.655378,0.653932,0.655646
2636,0.655319,0.653873,0.655587
2637,0.655249,0.653802,0.655516
2638,0.655224,0.653777,0.655491
2639,0.655169,0.653721,0.655435
2640,0.655082,0.653634,0.655348
2641,0.655052,0.653604,0.655316
2642,0.655013,0.653564,0.655277
2643,0.654977,0.653528,0.655241
2644,0.654925,0.653476,0.655189
2645,0.654844,0.653394,0.655108
2646,0.654802,0.653351,0.655066
2647,0.654753,0.653301,0.655016
2648,0.654732,0.65328,0.654995
2649,0.654671,0.653218,0.654935
2650,0.654598,0.653145,0.654862
2651,0.654568,0.653114,0.654832
2652,0.654529,0.653075,0.654794
2653,0.654492,0.653038,0.654758
2654,0.654417,0.652962,0.654684
2655,0.654343,0.652888,0.654611
2656,0.65432,0.652864,0.654588
2657,0.654237,0.652781,0.654507
2658,0.654152,0.652695,0.654422
2659,0.654074,0.652616,0.654343
2660,0.654041,0.652582,0.65431
2661,0.653963,0.652504,0.654232
2662,0.65391,0.65245,0.654178
2663,0.653847,0.652387,0.654115
2664,0.653769,0.652307,0.654035
2665,0.653732,0.65227,0.653997
2666,0.653665,0.652203,0.65393
2667,0.653646,0.652183,0.65391
2668,0.653596,0.652133,0.65386
2669,0.653553,0.652089,0.653816
2670,0.653491,0.652027,0.653755
2671,0.653434,0.651969,0.653697
2672,0.653387,0.651922,0.65365
2673,0.653335,0.651869,0.653598
2674,0.653257,0.65179,0.653519
2675,0.653212,0.651745,0.653475
2676,0.653184,0.651717,0.653447
2677,0.653094,0.651626,0.653356
2678,0.65301,0.651541,0.653271
2679,0.652927,0.651457,0.653186
2680,0.652873,0.651403,0.653131
2681,0.652824,0.651353,0.653079
2682,0.652769,0.651298,0.653023
2683,0.652721,0.651249,0.652973
2684,0.652686,0.651214,0.652936
2685,0.652639,0.651166,0.652887
2686,0.652609,0.651137,0.652857
2687,0.652564,0.651091,0.65281
2688,0.652539,0.651065,0.652784
2689,0.652488,0.651014,0.652733
2690,0.652465,0.65099,0.652709
2691,0.652392,0.650917,0.652636
2692,0.652354,0.650879,0.652598
2693,0.652311,0.650836,0.652555
2694,0.652289,0.650813,0.652534
2695,0.652221,0.650744,0.652465
2696,0.652144,0.650666,0.652388
2697,0.652076,0.650598,0.65232
2698,0.652057,0.650578,0.6523
2699,0.652029,0.650551,0.652272
2700,0.651983,0.650504,0.652226
2701,0.651897,0.650417,0.652141
2702,0.651825,0.650344,0.652068
2703,0.651797,0.650316,0.652039
2704,0.651744,0.650262,0.651985
2705,0.65166,0.650177,0.6519
2706,0.6516,0.650117,0.651839
2707,0.651538,0.650054,0.651775
2708,0.651498,0.650014,0.651733
2709,0.651464,0.649979,0.651697
2710,0.651419,0.649934,0.651651
2711,0.651383,0.649898,0.651614
2712,0.651351,0.649865,0.65158
2713,0.651271,0.649785,0.651499
2714,0.651231,0.649745,0.651458
2715,0.651206,0.649719,0.651432
2716,0.65117,0.649682,0.651394
2717,0.651141,0.649654,0.651365
2718,0.651118,0.64963,0.651341
2719,0.651075,0.649587,0.651298
2720,0.651044,0.649556,0.651267
2721,0.651017,0.649528,0.65124
2722,0.650983,0.649493,0.651206
2723,0.650945,0.649456,0.65117
2724,0.650882,0.649392,0.651107
2725,0.650841,0.64935,0.651067
2726,0.650809,0.649318,0.651035
2727,0.650786,0.649295,0.651014
2728,0.650745,0.649253,0.650974
2729,0.65066,0.649167,0.65089
2730,0.650582,0.649088,0.650812
2731,0.650507,0.649013,0.650737
2732,0.650451,0.648956,0.650681
2733,0.650428,0.648933,0.650658
2734,0.650382,0.648887,0.650612
2735,0.650328,0.648832,0.650557
2736,0.650251,0.648754,0.65048
2737,0.65021,0.648713,0.650438
2738,0.650174,0.648676,0.650401
2739,0.650142,0.648644,0.650369
2740,0.650123,0.648625,0.65035
2741,0.65009,0.648592,0.650318
2742,0.650068,0.64857,0.650297
2743,0.650005,0.648506,0.650235
2744,0.64994,0.64844,0.65017
2745,0.649918,0.648418,0.65015
2746,0.649846,0.648345,0.650079
2747,0.649775,0.648273,0.650008
2748,0.649753,0.648252,0.649987
2749,0.649682,0.648179,0.649916
2750,0.649654,0.648151,0.649888
2751,0.649578,0.648075,0.649813
2752,0.649543,0.648039,0.649778
2753,0.649478,0.647974,0.649713
2754,0.649443,0.647938,0.649678
2755,0.649418,0.647913,0.649654
2756,0.649328,0.647822,0.649565
2757,0.649307,0.647801,0.649544
2758,0.649287,0.647781,0.649525
2759,0.649253,0.647746,0.649493
2760,0.649187,0.64768,0.649429
2761,0.649108,0.6476,0.64935
2762,0.64907,0.647562,0.649313
2763,0.649029,0.64752,0.649273
2764,0.648953,0.647444,0.649199
2765,0.64891,0.6474,0.649156
2766,0.648846,0.647336,0.649094
2767,0.648815,0.647304,0.649063
2768,0.648764,0.647252,0.649013
2769,0.648697,0.647185,0.648948
2770,0.648664,0.647151,0.648915
2771,0.64858,0.647067,0.648833
2772,0.648528,0.647014,0.648781
2773,0.648475,0.646961,0.648729
2774,0.648433,0.646918,0.648688
2775,0.648363,0.646848,0.64862
2776,0.648306,0.64679,0.648563
2777,0.64825,0.646733,0.648507
2778,0.648228,0.646711,0.648486
2779,0.648141,0.646623,0.648401
2780,0.648101,0.646583,0.648362
2781,0.648081,0.646562,0.648343
2782,0.648012,0.646494,0.648276
2783,0.647921,0.646401,0.648186
2784,0.64785,0.64633,0.648116
2785,0.647774,0.646253,0.64804
2786,0.647707,0.646185,0.647974
2787,0.647637,0.646114,0.647904
2788,0.647565,0.646041,0.647831
2789,0.647488,0.645964,0.647753
2790,0.647407,0.645882,0.647671
2791,0.647358,0.645832,0.64762
2792,0.647331,0.645806,0.647593
2793,0.647306,0.64578,0.647567
2794,0.647279,0.645753,0.64754
2795,0.647188,0.645661,0.647449
2796,0.647099,0.645571,0.647359
2797,0.647062,0.645533,0.647321
2798,0.64701,0.645481,0.647268
2799,0.646983,0.645453,0.64724
2800,0.646947,0.645417,0.647205
2801,0.646903,0.645373,0.647161
2802,0.646833,0.645302,0.647091
2803,0.646802,0.645271,0.647061
2804,0.646719,0.645187,0.646978
2805,0.646627,0.645094,0.646886
2806,0.646589,0.645056,0.646847
2807,0.646511,0.644978,0.646769
2808,0.64647,0.644935,0.646726
2809,0.64645,0.644915,0.646706
2810,0.646408,0.644874,0.646665
2811,0.646333,0.644797,0.646589
2812,0.646303,0.644767,0.646559
2813,0.646254,0.644718,0.646511
2814,0.646218,0.644681,0.646475
2815,0.646159,0.644622,0.646417
2816,0.646115,0.644577,0.646374
2817,0.646047,0.644508,0.646307
2818,0.645985,0.644446,0.646245
2819,0.645932,0.644392,0.646193
2820,0.645856,0.644316,0.646118
2821,0.645818,0.644277,0.64608
2822,0.645782,0.644241,0.646045
2823,0.645729,0.644187,0.645992
2824,0.64568,0.644137,0.645944
2825,0.645592,0.644049,0.645858
2826,0.645515,0.643971,0.64578
2827,0.645457,0.643912,0.645722
2828,0.64541,0.643865,0.645676
2829,0.645371,0.643825,0.645637
2830,0.645329,0.643784,0.645596
2831,0.645238,0.643691,0.645505
2832,0.645182,0.643635,0.64545
2833,0.64516,0.643613,0.645428
2834,0.645075,0.643527,0.645344
2835,0.644989,0.64344,0.645258
2836,0.644927,0.643377,0.645195
2837,0.644839,0.643289,0.645107
2838,0.644811,0.64326,0.645078
2839,0.644772,0.64322,0.645038
2840,0.644735,0.643183,0.645001
2841,0.644699,0.643147,0.644966
2842,0.644618,0.643065,0.644886
2843,0.644572,0.643018,0.644839
2844,0.644521,0.642967,0.644789
2845,0.644496,0.642942,0.644765
2846,0.644452,0.642898,0.644723
2847,0.644385,0.64283,0.644657
2848,0.644331,0.642775,0.644604
2849,0.644296,0.64274,0.64457
2850,0.644223,0.642666,0.6445
2851,0.644176,0.642619,0.644454
2852,0.644099,0.642541,0.644379
2853,0.644013,0.642454,0.644294
2854,0.643932,0.642372,0.644214
2855,0.643865,0.642304,0.644147
2856,0.643802,0.642241,0.644085
2857,0.64377,0.642208,0.644054
2858,0.643682,0.64212,0.643966
2859,0.643607,0.642044,0.643892
2860,0.643528,0.641965,0.643813
2861,0.643443,0.641878,0.643728
2862,0.643371,0.641805,0.643654
2863,0.643325,0.641759,0.643608
2864,0.643251,0.641684,0.643533
2865,0.643208,0.641641,0.643489
2866,0.643177,0.64161,0.643458
2867,0.643101,0.641533,0.643382
2868,0.643071,0.641503,0.643352
2869,0.643002,0.641433,0.643284
2870,0.642923,0.641353,0.643204
2871,0.642861,0.641291,0.643142
2872,0.642803,0.641232,0.643084
2873,0.64275,0.641178,0.64303
2874,0.6427,0.641128,0.64298
2875,0.642623,0.64105,0.642903
2876,0.64258,0.641007,0.64286
2877,0.642517,0.640943,0.642797
2878,0.64244,0.640866,0.64272
2879,0.642368,0.640793,0.642648
2880,0.642322,0.640746,0.642601
2881,0.642276,0.640699,0.642555
2882,0.642224,0.640647,0.642503
2883,0.642154,0.640577,0.642433
2884,0.642065,0.640486,0.642343
2885,0.641998,0.640419,0.642275
2886,0.641924,0.640345,0.642201
2887,0.641891,0.640311,0.642166
2888,0.641839,0.640258,0.642113
2889,0.641781,0.6402,0.642055
2890,0.641748,0.640166,0.642021
2891,0.641707,0.640125,0.64198
2892,0.641618,0.640035,0.641891
2893,0.641565,0.639982,0.641837
2894,0.641518,0.639934,0.64179
2895,0.641445,0.63986,0.641717
2896,0.64138,0.639794,0.641651
2897,0.641358,0.639772,0.641628
2898,0.64127,0.639684,0.641541
2899,0.641205,0.639618,0.641475
2900,0.641114,0.639526,0.641382
2901,0.641066,0.639477,0.641333
2902,0.641012,0.639424,0.641278
2903,0.640941,0.639351,0.641204
2904,0.640918,0.639328,0.64118
2905,0.640855,0.639265,0.641116
2906,0.640787,0.639196,0.641046
2907,0.640759,0.639167,0.641017
2908,0.640712,0.63912,0.640969
2909,0.64067,0.639078,0.640927
2910,0.640589,0.638996,0.640845
2911,0.640562,0.638969,0.640817
2912,0.640524,0.638931,0.640778
2913,0.64044,0.638845,0.640692
2914,0.64038,0.638785,0.640632
2915,0.640343,0.638748,0.640594
2916,0.640311,0.638715,0.64056
2917,0.640272,0.638676,0.640521
2918,0.640211,0.638614,0.64046
2919,0.640159,0.638562,0.640407
2920,0.640123,0.638525,0.640371
2921,0.640052,0.638454,0.640299
2922,0.639985,0.638386,0.640231
2923,0.639902,0.638302,0.640147
2924,0.63988,0.638279,0.640123
2925,0.639837,0.638237,0.640079
2926,0.639785,0.638184,0.640026
2927,0.639757,0.638155,0.639997
2928,0.639734,0.638132,0.639974
2929,0.639692,0.63809,0.639932
2930,0.639646,0.638044,0.639887
2931,0.639584,0.637981,0.639824
2932,0.639507,0.637903,0.639747
2933,0.63943,0.637825,0.639668
2934,0.639381,0.637776,0.639619
2935,0.639359,0.637754,0.639596
2936,0.639336,0.63773,0.639572
2937,0.639302,0.637696,0.639538
2938,0.639221,0.637615,0.639457
2939,0.639197,0.63759,0.639432
2940,0.639159,0.637551,0.639394
2941,0.639131,0.637523,0.639367
2942,0.639106,0.637498,0.639343
2943,0.639048,0.63744,0.639286
2944,0.638958,0.637349,0.639197
2945,0.638933,0.637323,0.639171
2946,0.638852,0.637241,0.639091
2947,0.638794,0.637182,0.639033
2948,0.63874,0.637128,0.638979
2949,0.638681,0.637069,0.63892
2950,0.638647,0.637035,0.638886
2951,0.638572,0.636959,0.63881
2952,0.638538,0.636925,0.638776
2953,0.638459,0.636845,0.638696
2954,0.638435,0.63682,0.638671
2955,0.638366,0.636751,0.638602
2956,0.638301,0.636685,0.638536
2957,0.638259,0.636643,0.638493
2958,0.638233,0.636616,0.638466
2959,0.638203,0.636586,0.638436
2960,0.638122,0.636505,0.638355
2961,0.638093,0.636475,0.638325
2962,0.638045,0.636426,0.638276
2963,0.638022,0.636403,0.638253
2964,0.637968,0.636349,0.638199
2965,0.637937,0.636317,0.638168
2966,0.637863,0.636242,0.638094
2967,0.637841,0.636221,0.638073
2968,0.637762,0.63614,0.637993
2969,0.637741,0.636119,0.637972
2970,0.63772,0.636098,0.637952
2971,0.637682,0.636059,0.637915
2972,0.63761,0.635987,0.637844
2973,0.637582,0.635959,0.637817
2974,0.637542,0.635918,0.637778
2975,0.637501,0.635877,0.637739
2976,0.637437,0.635812,0.637676
2977,0.6374,0.635775,0.63764
2978,0.637351,0.635725,0.637593
2979,0.637296,0.63567,0.63754
2980,0.637239,0.635612,0.637484
2981,0.637161,0.635533,0.637407
2982,0.637077,0.635448,0.637324
2983,0.637035,0.635406,0.637283
2984,0.637013,0.635384,0.637262
2985,0.636975,0.635345,0.637225
2986,0.636904,0.635274,0.637156
2987,0.636867,0.635237,0.637121
2988,0.636813,0.635182,0.637069
2989,0.636725,0.635093,0.636982
2990,0.636689,0.635057,0.636947
2991,0.636607,0.634974,0.636866
2992,0.636539,0.634906,0.6368
2993,0.636464,0.634829,0.636725
2994,0.636377,0.634742,0.636638
2995,0.636358,0.634723,0.636619
2996,0.636276,0.63464,0.636537
2997,0.636236,0.6346,0.636498
2998,0.636188,0.634551,0.63645
2999,0.636112,0.634474,0.636375
3000,0.636032,0.634394,0.636295
3001,0.635948,0.634308,0.636209
3002,0.635865,0.634225,0.636126
3003,0.635817,0.634176,0.636076
3004,0.635794,0.634153,0.636052
3005,0.635743,0.634101,0.636
3006,0.635692,0.63405,0.635949
3007,0.635608,0.633965,0.635864
3008,0.635532,0.633888,0.635786
3009,0.635473,0.633829,0.635726
3010,0.635448,0.633803,0.635699
3011,0.635372,0.633726,0.635622
3012,0.635313,0.633667,0.635561
3013,0.635276,0.63363,0.635523
3014,0.635197,0.63355,0.635442
3015,0.635173,0.633526,0.635417
3016,0.635111,0.633463,0.635353
3017,0.635065,0.633416,0.635305
3018,0.635029,0.63338,0.635267
3019,0.634969,0.633319,0.635206
3020,0.634949,0.633299,0.635185
3021,0.634877,0.633227,0.635112
3022,0.634844,0.633194,0.635078
3023,0.634811,0.63316,0.635043
3024,0.634782,0.63313,0.635014
3025,0.634731,0.633079,0.634963
3026,0.634701,0.633049,0.634933
3027,0.634682,0.63303,0.634914
3028,0.634617,0.632965,0.63485
3029,0.634538,0.632884,0.634771
3030,0.634484,0.63283,0.634717
3031,0.634431,0.632776,0.634663
3032,0.634384,0.632729,0.634616
3033,0.634346,0.632691,0.634578
3034,0.63429,0.632634,0.634521
3035,0.634269,0.632612,0.634499
3036,0.634196,0.632539,0.634427
3037,0.634177,0.63252,0.634408
3038,0.63415,0.632493,0.634381
3039,0.634119,0.632461,0.634351
3040,0.634064,0.632406,0.634297
3041,0.634024,0.632366,0.634259
3042,0.633968,0.632308,0.634203
3043,0.633919,0.632259,0.634156
3044,0.633849,0.632189,0.634087
3045,0.633796,0.632135,0.634035
3046,0.633751,0.63209,0.63399
3047,0.633672,0.632009,0.633912
3048,0.633615,0.631953,0.633856
3049,0.633543,0.631879,0.633783
3050,0.63348,0.631816,0.63372
3051,0.633409,0.631744,0.633648
3052,0.633364,0.631698,0.633602
3053,0.63332,0.631654,0.633557
3054,0.633294,0.631628,0.633531
3055,0.633217,0.63155,0.633453
3056,0.633188,0.631521,0.633424
3057,0.633165,0.631498,0.633401
3058,0.633104,0.631436,0.63334
3059,0.633078,0.63141,0.633314
3060,0.633029,0.63136,0.633266
3061,0.632995,0.631326,0.633233
3062,0.632956,0.631286,0.633195
3063,0.632909,0.631239,0.63315
3064,0.632875,0.631204,0.633116
3065,0.632813,0.631142,0.633056
3066,0.632762,0.631091,0.633008
3067,0.632673,0.631001,0.63292
3068,0.632626,0.630953,0.632873
3069,0.632553,0.630879,0.632801
3070,0.632495,0.630821,0.632745
3071,0.632454,0.630779,0.632704
3072,0.632409,0.630734,0.63266
3073,0.632332,0.630656,0.632584
3074,0.632286,0.630609,0.632539
3075,0.632235,0.630558,0.632489
3076,0.632203,0.630526,0.632458
3077,0.632139,0.630461,0.632395
3078,0.632071,0.630393,0.632329
3079,0.631979,0.6303,0.632238
3080,0.631953,0.630273,0.632212
3081,0.631929,0.630249,0.632189
3082,0.631859,0.630178,0.632121
3083,0.631814,0.630133,0.632078
3084,0.631737,0.630055,0.632002
3085,0.631679,0.629996,0.631945
3086,0.631589,0.629906,0.631857
3087,0.631503,0.629819,0.631771
3088,0.631418,0.629733,0.631686
3089,0.631355,0.62967,0.631623
3090,0.631307,0.629621,0.631574
3091,0.631268,0.629582,0.631535
3092,0.631225,0.629538,0.631493
3093,0.631159,0.629472,0.631427
3094,0.631067,0.629379,0.631335
3095,0.631043,0.629354,0.631311
3096,0.630965,0.629275,0.631233
3097,0.630888,0.629198,0.631156
3098,0.630809,0.629118,0.631076
3099,0.630787,0.629096,0.631054
3100,0.630711,0.629019,0.630977
3101,0.630623,0.62893,0.630888
3102,0.630542,0.628848,0.630805
3103,0.630516,0.628822,0.630778
3104,0.630492,0.628797,0.630753
3105,0.630427,0.628733,0.630688
3106,0.630376,0.628681,0.630636
3107,0.630338,0.628643,0.630598
3108,0.630316,0.62862,0.630576
3109,0.630254,0.628557,0.630514
3110,0.630234,0.628537,0.630495
3111,0.630214,0.628517,0.630477
3112,0.630145,0.628448,0.63041
3113,0.630066,0.628368,0.630333
3114,0.629974,0.628275,0.630242
3115,0.629902,0.628202,0.63017
3116,0.629824,0.628124,0.630093
3117,0.629779,0.628077,0.630048
3118,0.629754,0.628052,0.630024
3119,0.629697,0.627995,0.629968
3120,0.629618,0.627915,0.62989
3121,0.629533,0.627829,0.629805
3122,0.62947,0.627765,0.629742
3123,0.629407,0.627702,0.629679
3124,0.629332,0.627627,0.629605
3125,0.629251,0.627545,0.629523
3126,0.629188,0.627481,0.629459
3127,0.629153,0.627445,0.629423
3128,0.629066,0.627358,0.629336
3129,0.629031,0.627323,0.6293
3130,0.629002,0.627292,0.62927
3131,0.628933,0.627224,0.629202
3132,0.628858,0.627148,0.629126
3133,0.62877,0.627059,0.629038
3134,0.628684,0.626972,0.62895
3135,0.62866,0.626948,0.628925
3136,0.628617,0.626904,0.62888
3137,0.628561,0.626848,0.628824
3138,0.628501,0.626787,0.628763
3139,0.628473,0.626759,0.628734
3140,0.62845,0.626735,0.628711
3141,0.628373,0.626658,0.628634
3142,0.628297,0.62658,0.628558
3143,0.628225,0.626508,0.628485
3144,0.628151,0.626434,0.628411
3145,0.628126,0.626408,0.628385
3146,0.628072,0.626353,0.62833
3147,0.628032,0.626313,0.62829
3148,0.627946,0.626227,0.628204
3149,0.627877,0.626156,0.628133
3150,0.627849,0.626128,0.628105
3151,0.627756,0.626035,0.628011
3152,0.627728,0.626007,0.627982
3153,0.627707,0.625985,0.62796
3154,0.627624,0.625901,0.627877
3155,0.627561,0.625838,0.627814
3156,0.627508,0.625784,0.62776
3157,0.627465,0.625741,0.627716
3158,0.627395,0.62567,0.627645
3159,0.627368,0.625642,0.627617
3160,0.627344,0.625618,0.627593
3161,0.627313,0.625588,0.627563
3162,0.627263,0.625537,0.627514
3163,0.627219,0.625492,0.62747
3164,0.627135,0.625408,0.627387
3165,0.627097,0.625369,0.627349
3166,0.62706,0.625331,0.627313
3167,0.627017,0.625288,0.627271
3168,0.626977,0.625248,0.627233
3169,0.626896,0.625166,0.627153
3170,0.626838,0.625107,0.627096
3171,0.626747,0.625016,0.627006
3172,0.626658,0.624925,0.626917
3173,0.626576,0.624843,0.626835
3174,0.626533,0.624799,0.62679
3175,0.626476,0.624742,0.626733
3176,0.626444,0.624709,0.626701
3177,0.62638,0.624645,0.626636
3178,0.626308,0.624572,0.626565
3179,0.626285,0.624549,0.626541
3180,0.626245,0.624508,0.626501
3181,0.626155,0.624417,0.626411
3182,0.62613,0.624392,0.626386
3183,0.626074,0.624336,0.62633
3184,0.626006,0.624267,0.626262
3185,0.625951,0.624211,0.626207
3186,0.625905,0.624165,0.626161
3187,0.62586,0.624119,0.626117
3188,0.625789,0.624048,0.626046
3189,0.625747,0.624005,0.626004
3190,0.62571,0.623968,0.625967
3191,0.625667,0.623924,0.625926
3192,0.625585,0.623842,0.625844
3193,0.625525,0.623782,0.625786
3194,0.625454,0.62371,0.625715
3195,0.6254,0.623655,0.625661
3196,0.625308,0.623562,0.625569
3197,0.625275,0.623529,0.625536
3198,0.625218,0.623471,0.625478
3199,0.625142,0.623395,0.625403
3200,0.625098,0.62335,0.625359
3201,0.625047,0.623298,0.625307
3202,0.624968,0.623219,0.625228
3203,0.624928,0.623179,0.625188
3204,0.62487,0.62312,0.62513
3205,0.624835,0.623085,0.625095
3206,0.624784,0.623033,0.625045
3207,0.624736,0.622984,0.624997
3208,0.624674,0.622922,0.624936
3209,0.624587,0.622834,0.62485
3210,0.624531,0.622777,0.624793
3211,0.624454,0.6227,0.624716
3212,0.624392,0.622637,0.624654
3213,0.624322,0.622566,0.624583
3214,0.624276,0.62252,0.624537
3215,0.624199,0.622441,0.624458
3216,0.624162,0.622405,0.624421
3217,0.624098,0.62234,0.624356
3218,0.624034,0.622275,0.624291
3219,0.623945,0.622186,0.624202
3220,0.623911,0.622151,0.624166
3221,0.623823,0.622062,0.624077
3222,0.623778,0.622017,0.62403
3223,0.623738,0.621977,0.623989
3224,0.623697,0.621935,0.623946
3225,0.623662,0.621899,0.623909
3226,0.623609,0.621846,0.623856
3227,0.623587,0.621824,0.623834
3228,0.623555,0.621791,0.623801
3229,0.623484,0.62172,0.623731
3230,0.62344,0.621675,0.623687
3231,0.623385,0.62162,0.623633
3232,0.623346,0.621581,0.623594
3233,0.623316,0.62155,0.623564
3234,0.623251,0.621485,0.6235
3235,0.623209,0.621442,0.62346
3236,0.623134,0.621366,0.623385
3237,0.623055,0.621286,0.623306
3238,0.623028,0.62126,0.62328
3239,0.622959,0.621189,0.623211
3240,0.622915,0.621145,0.623168
3241,0.622837,0.621066,0.62309
3242,0.62278,0.621009,0.623033
3243,0.622705,0.620933,0.622958
3244,0.622637,0.620864,0.622889
3245,0.622615,0.620842,0.622867
3246,0.62253,0.620756,0.622782
3247,0.622468,0.620694,0.622719
3248,0.622411,0.620636,0.622661
3249,0.622346,0.62057,0.622596
3250,0.622322,0.620546,0.622571
3251,0.622257,0.62048,0.622505
3252,0.622199,0.620422,0.622447
3253,0.622121,0.620343,0.622368
3254,0.622051,0.620272,0.622296
3255,0.621994,0.620214,0.622237
3256,0.62197,0.620191,0.622213
3257,0.621917,0.620137,0.622158
3258,0.621892,0.620111,0.622132
3259,0.621843,0.620062,0.622083
3260,0.621766,0.619985,0.622005
3261,0.621706,0.619924,0.621944
3262,0.621666,0.619884,0.621903
3263,0.621636,0.619853,0.621872
3264,0.621598,0.619815,0.621833
3265,0.621524,0.61974,0.621759
3266,0.621446,0.619661,0.62168
3267,0.621427,0.619642,0.62166
3268,0.621402,0.619617,0.621635
3269,0.62135,0.619565,0.621583
3270,0.621313,0.619528,0.621546
3271,0.621249,0.619463,0.621481
3272,0.621185,0.619398,0.621417
3273,0.621149,0.619362,0.62138
3274,0.621091,0.619303,0.621322
3275,0.621044,0.619255,0.621274
3276,0.621013,0.619224,0.621243
3277,0.620993,0.619204,0.621224
3278,0.620946,0.619157,0.621178
3279,0.62091,0.61912,0.621142
3280,0.620874,0.619083,0.621107
3281,0.620843,0.619053,0.621078
3282,0.620777,0.618986,0.621013
3283,0.620698,0.618906,0.620936
3284,0.620606,0.618813,0.620844
3285,0.620516,0.618722,0.620754
3286,0.620428,0.618633,0.620664
3287,0.620408,0.618613,0.620643
3288,0.620378,0.618583,0.620612
3289,0.62035,0.618555,0.620584
3290,0.620279,0.618483,0.620513
3291,0.620222,0.618425,0.620455
3292,0.620155,0.618357,0.620388
3293,0.620087,0.618289,0.620318
3294,0.620066,0.618268,0.620297
3295,0.620044,0.618245,0.620274
3296,0.620006,0.618207,0.620237
3297,0.619962,0.618162,0.620192
3298,0.619911,0.618111,0.620142
3299,0.619884,0.618084,0.620116
3300,0.619806,0.618005,0.620038
3301,0.619773,0.617972,0.620006
3302,0.619736,0.617934,0.61997
3303,0.619691,0.617889,0.619925
3304,0.61966,0.617858,0.619896
3305,0.619615,0.617812,0.619853
3306,0.619536,0.617733,0.619776
3307,0.619449,0.617644,0.619689
3308,0.619372,0.617567,0.619613
3309,0.619338,0.617532,0.619579
3310,0.619267,0.617461,0.619508
3311,0.619248,0.617441,0.619489
3312,0.619188,0.617381,0.61943
3313,0.61912,0.617312,0.619362
3314,0.619095,0.617287,0.619338
3315,0.619034,0.617226,0.619277
3316,0.618986,0.617177,0.61923
3317,0.618901,0.617091,0.619146
3318,0.61885,0.617039,0.619095
3319,0.618763,0.616952,0.619008
3320,0.618685,0.616873,0.618929
3321,0.618639,0.616826,0.618882
3322,0.618604,0.616791,0.618847
3323,0.618527,0.616713,0.618769
3324,0.618491,0.616676,0.618731
3325,0.618462,0.616648,0.618703
3326,0.618443,0.616629,0.618684
3327,0.618407,0.616592,0.618649
3328,0.618346,0.61653,0.618588
3329,0.61832,0.616504,0.618564
3330,0.618231,0.616414,0.618476
3331,0.618211,0.616394,0.618457
3332,0.618163,0.616345,0.618411
3333,0.618109,0.616291,0.618359
3334,0.618028,0.616209,0.618279
3335,0.617987,0.616167,0.618239
3336,0.61791,0.61609,0.618164
3337,0.61788,0.61606,0.618136
3338,0.61779,0.615969,0.618046
3339,0.617728,0.615906,0.617986
3340,0.617673,0.615851,0.617932
3341,0.61763,0.615807,0.61789
3342,0.617607,0.615784,0.617869
3343,0.617525,0.615702,0.617789
3344,0.61744,0.615616,0.617705
3345,0.617403,0.615578,0.617669
3346,0.617339,0.615514,0.617607
3347,0.617277,0.615451,0.617546
3348,0.617258,0.615431,0.617529
3349,0.617178,0.61535,0.617451
3350,0.617089,0.61526,0.617364
3351,0.616997,0.615168,0.617274
3352,0.616913,0.615083,0.61719
3353,0.616841,0.61501,0.617119
3354,0.616758,0.614926,0.617036
3355,0.616686,0.614854,0.616964
3356,0.616595,0.614762,0.616872
3357,0.616574,0.614741,0.616851
3358,0.616489,0.614654,0.616765
3359,0.616437,0.614602,0.616713
3360,0.61635,0.614515,0.616625
3361,0.616275,0.614439,0.61655
3362,0.6162,0.614363,0.616473
3363,0.616147,0.614309,0.616418
3364,0.616115,0.614277,0.616385
3365,0.616081,0.614242,0.61635
3366,0.616011,0.614172,0.61628
3367,0.615933,0.614094,0.616202
3368,0.615857,0.614017,0.616125
3369,0.615799,0.613958,0.616066
3370,0.615768,0.613926,0.616033
3371,0.615731,0.61389,0.615996
3372,0.615686,0.613844,0.615951
3373,0.61563,0.613787,0.615895
3374,0.615604,0.613761,0.61587
3375,0.615521,0.613677,0.615787
3376,0.615436,0.613591,0.615703
3377,0.615397,0.613552,0.615664
3378,0.615368,0.613523,0.615635
3379,0.615348,0.613502,0.615617
3380,0.615267,0.613421,0.615538
3381,0.615183,0.613336,0.615455
3382,0.615118,0.61327,0.615391
3383,0.615073,0.613225,0.615347
3384,0.615024,0.613175,0.615299
3385,0.614951,0.613102,0.615228
3386,0.61488,0.61303,0.615158
3387,0.614805,0.612954,0.615084
3388,0.614713,0.612862,0.614993
3389,0.614629,0.612776,0.614908
3390,0.614547,0.612693,0.614826
3391,0.614493,0.612639,0.614771
3392,0.614419,0.612565,0.614697
3393,0.614335,0.612479,0.614611
3394,0.614297,0.612441,0.614573
3395,0.614257,0.6124,0.614532
3396,0.614169,0.612312,0.614444
3397,0.614087,0.612229,0.614361
3398,0.614026,0.612167,0.614297
3399,0.613973,0.612114,0.614244
3400,0.613924,0.612065,0.614194
3401,0.613881,0.612021,0.61415
3402,0.613831,0.61197,0.614099
3403,0.613743,0.611881,0.61401
3404,0.613693,0.611831,0.613959
3405,0.613609,0.611746,0.613875
3406,0.613579,0.611716,0.613843
3407,0.613555,0.611691,0.613818
3408,0.613476,0.611611,0.613739
3409,0.613407,0.611542,0.613669
3410,0.613374,0.611509,0.613636
3411,0.613315,0.611449,0.613577
3412,0.61326,0.611393,0.613521
3413,0.61324,0.611373,0.613501
3414,0.613158,0.61129,0.613419
3415,0.613089,0.611221,0.613351
3416,0.613056,0.611188,0.613318
3417,0.612983,0.611114,0.613244
3418,0.612916,0.611047,0.613178
3419,0.612846,0.610975,0.613107
3420,0.612784,0.610913,0.613045
3421,0.612738,0.610866,0.612998
3422,0.612657,0.610784,0.612916
3423,0.612594,0.61072,0.612852
3424,0.612573,0.6107,0.612831
3425,0.612537,0.610664,0.612795
3426,0.612472,0.610597,0.61273
3427,0.612419,0.610544,0.612677
3428,0.612371,0.610496,0.612629
3429,0.612291,0.610415,0.61255
3430,0.612248,0.610371,0.612506
3431,0.61221,0.610333,0.612469
3432,0.612165,0.610288,0.612425
3433,0.612138,0.610261,0.612399
3434,0.61209,0.610212,0.612352
3435,0.612008,0.610129,0.612271
3436,0.611918,0.610038,0.612182
3437,0.611837,0.609956,0.612102
3438,0.611756,0.609874,0.612021
3439,0.611719,0.609837,0.611983
3440,0.611639,0.609757,0.611904
3441,0.611566,0.609682,0.61183
3442,0.611507,0.609623,0.61177
3443,0.611435,0.60955,0.611697
3444,0.611369,0.609483,0.61163
3445,0.611323,0.609438,0.611583
3446,0.611249,0.609363,0.611508
3447,0.611207,0.60932,0.611464
3448,0.611184,0.609297,0.611441
3449,0.611151,0.609263,0.611407
3450,0.611131,0.609243,0.611388
3451,0.611042,0.609153,0.6113
3452,0.610986,0.609097,0.611244
3453,0.610921,0.609031,0.61118
3454,0.610885,0.608994,0.611144
3455,0.610799,0.608907,0.611058
3456,0.610712,0.60882,0.610971
3457,0.610657,0.608765,0.610916
3458,0.61058,0.608687,0.610838
3459,0.610512,0.608618,0.610769
3460,0.610492,0.608598,0.610748
3461,0.610427,0.608532,0.610682
3462,0.610398,0.608503,0.610653
3463,0.61037,0.608475,0.610625
3464,0.610319,0.608423,0.610574
3465,0.610241,0.608345,0.610497
3466,0.610202,0.608305,0.610458
3467,0.610118,0.60822,0.610374
3468,0.610027,0.608128,0.610283
3469,0.609989,0.60809,0.610245
3470,0.609936,0.608037,0.610191
3471,0.609864,0.607963,0.610118
3472,0.609812,0.607911,0.610066
3473,0.609751,0.60785,0.610005
3474,0.60972,0.607818,0.609973
3475,0.609673,0.60777,0.609926
3476,0.609591,0.607688,0.609844
3477,0.609529,0.607626,0.609782
3478,0.609453,0.607549,0.609704
3479,0.609405,0.6075,0.609655
3480,0.609356,0.607451,0.609605
3481,0.609288,0.607382,0.609536
3482,0.609266,0.607359,0.609513
3483,0.609245,0.607338,0.609492
3484,0.609221,0.607314,0.609469
3485,0.609148,0.60724,0.609396
3486,0.609116,0.607208,0.609365
3487,0.609051,0.607142,0.609301
3488,0.609025,0.607116,0.609277
3489,0.608983,0.607074,0.609237
3490,0.608901,0.606991,0.609156
3491,0.608828,0.606917,0.609084
3492,0.608794,0.606883,0.609052
3493,0.608713,0.606801,0.608972
3494,0.608684,0.606772,0.608944
3495,0.608595,0.606682,0.608857
3496,0.608521,0.606607,0.608783
3497,0.608465,0.606551,0.608728
3498,0.608413,0.606498,0.608676
3499,0.60832,0.606405,0.608585
3500,0.608251,0.606334,0.608515
3501,0.608223,0.606306,0.608488
3502,0.608136,0.606218,0.608401
3503,0.608107,0.606189,0.608373
3504,0.608085,0.606167,0.608352
3505,0.608,0.606081,0.608268
3506,0.607957,0.606038,0.608227
3507,0.607871,0.605951,0.608142
3508,0.607798,0.605877,0.60807
3509,0.607723,0.605801,0.607995
3510,0.607647,0.605724,0.607919
3511,0.607575,0.605652,0.607848
3512,0.607503,0.605579,0.607776
3513,0.607432,0.605507,0.607704
3514,0.607355,0.60543,0.607627
3515,0.607281,0.605354,0.607551
3516,0.607189,0.605262,0.607458
3517,0.607168,0.60524,0.607436
3518,0.607087,0.605159,0.607354
3519,0.607037,0.605108,0.607302
3520,0.60697,0.605041,0.607234
3521,0.606917,0.604987,0.60718
3522,0.606894,0.604964,0.607156
3523,0.606818,0.604887,0.607079
3524,0.606778,0.604846,0.607038
3525,0.606714,0.604782,0.606974
3526,0.606654,0.604722,0.606913
3527,0.606567,0.604633,0.606824
3528,0.606504,0.60457,0.60676
3529,0.60643,0.604495,0.606684
3530,0.606408,0.604473,0.606661
3531,0.606346,0.604411,0.606597
3532,0.606318,0.604382,0.606568
3533,0.606299,0.604363,0.606548
3534,0.606244,0.604307,0.606493
3535,0.606209,0.604272,0.606459
3536,0.606122,0.604184,0.606371
3537,0.60604,0.604102,0.606289
3538,0.606006,0.604067,0.606255
3539,0.605968,0.604028,0.606216
3540,0.605895,0.603955,0.606143
3541,0.605831,0.60389,0.606078
3542,0.605783,0.603842,0.60603
3543,0.605705,0.603763,0.605951
3544,0.605625,0.603682,0.60587
3545,0.60555,0.603607,0.605793
3546,0.605531,0.603587,0.605772
3547,0.605509,0.603565,0.605748
3548,0.605445,0.6035,0.605684
3549,0.605416,0.603471,0.605654
3550,0.605385,0.60344,0.605623
3551,0.605339,0.603393,0.605577
3552,0.605304,0.603358,0.605542
3553,0.605268,0.603321,0.605506
3554,0.6052,0.603253,0.605439
3555,0.605177,0.60323,0.605417
3556,0.605125,0.603178,0.605367
3557,0.605068,0.60312,0.605311
3558,0.605042,0.603093,0.605286
3559,0.604949,0.603,0.605195
3560,0.604906,0.602956,0.605153
3561,0.604826,0.602876,0.605074
3562,0.604789,0.602838,0.605038
3563,0.604704,0.602752,0.604953
3564,0.604636,0.602683,0.604886
3565,0.604598,0.602645,0.604848
3566,0.604522,0.602568,0.604773
3567,0.604482,0.602528,0.604734
3568,0.604402,0.602447,0.604654
3569,0.604324,0.602368,0.604575
3570,0.604245,0.602289,0.604496
3571,0.604205,0.602248,0.604455
3572,0.604183,0.602226,0.604433
3573,0.604106,0.602148,0.604356
3574,0.604025,0.602067,0.604275
3575,0.60397,0.60201,0.604218
3576,0.603922,0.601963,0.60417
3577,0.603897,0.601937,0.604145
3578,0.603848,0.601888,0.604096
3579,0.603818,0.601857,0.604066
3580,0.603741,0.60178,0.60399
3581,0.603662,0.6017,0.603911
3582,0.603586,0.601622,0.603834
3583,0.603517,0.601553,0.603765
3584,0.603443,0.601478,0.603689
3585,0.603366,0.601401,0.603611
3586,0.603337,0.601371,0.60358
3587,0.603291,0.601325,0.603533
3588,0.603267,0.601301,0.603508
3589,0.603234,0.601267,0.603474
3590,0.603185,0.601218,0.603426
3591,0.603122,0.601154,0.603363
3592,0.603094,0.601126,0.603335
3593,0.603037,0.601068,0.603278
3594,0.602995,0.601025,0.603236
3595,0.602921,0.600951,0.603163
3596,0.602845,0.600874,0.603087
3597,0.602787,0.600816,0.603029
3598,0.60275,0.600779,0.602992
3599,0.602664,0.600691,0.602905
3600,0.602586,0.600612,0.602826
3601,0.602534,0.60056,0.602773
3602,0.602469,0.600495,0.602707
3603,0.602448,0.600473,0.602684
3604,0.602426,0.600451,0.602662
3605,0.602386,0.600411,0.602622
3606,0.602358,0.600383,0.602594
3607,0.602326,0.60035,0.602562
3608,0.602238,0.600262,0.602476
3609,0.602219,0.600242,0.602457
3610,0.602185,0.600208,0.602425
3611,0.602117,0.600139,0.602358
3612,0.602085,0.600107,0.602327
3613,0.602012,0.600033,0.602256
3614,0.601926,0.599946,0.602171
3615,0.601887,0.599907,0.602133
3616,0.601821,0.599841,0.602069
3617,0.601768,0.599787,0.602017
3618,0.601706,0.599724,0.601956
3619,0.601616,0.599633,0.601866
3620,0.601557,0.599573,0.601806
3621,0.601498,0.599514,0.601748
3622,0.60146,0.599475,0.60171
3623,0.601403,0.599418,0.601653
3624,0.601343,0.599357,0.601594
3625,0.601255,0.599268,0.601506
3626,0.601176,0.599189,0.601426
3627,0.60114,0.599153,0.60139
3628,0.601091,0.599103,0.60134
3629,0.601058,0.599069,0.601307
3630,0.600999,0.59901,0.601249
3631,0.600923,0.598933,0.601173
3632,0.600868,0.598877,0.601117
3633,0.600814,0.598824,0.601064
3634,0.600743,0.598751,0.600992
3635,0.600652,0.59866,0.600901
3636,0.600562,0.598569,0.60081
3637,0.600498,0.598504,0.600743
3638,0.600471,0.598477,0.600714
3639,0.600393,0.598398,0.600634
3640,0.600371,0.598376,0.60061
3641,0.600331,0.598335,0.600569
3642,0.600278,0.598282,0.600515
3643,0.600238,0.598241,0.600474
3644,0.60021,0.598213,0.600445
3645,0.600182,0.598185,0.600417
3646,0.600108,0.59811,0.600343
3647,0.600056,0.598057,0.60029
3648,0.59999,0.597991,0.600224
3649,0.599902,0.597902,0.600135
3650,0.599833,0.597832,0.600065
3651,0.5998,0.597799,0.60003
3652,0.599732,0.597731,0.599961
3653,0.599709,0.597707,0.599936
3654,0.599688,0.597686,0.599915
3655,0.599643,0.59764,0.599869
3656,0.599598,0.597595,0.599823
3657,0.599518,0.597514,0.599743
3658,0.599486,0.597482,0.59971
3659,0.599463,0.597458,0.599687
3660,0.599441,0.597436,0.599665
3661,0.599418,0.597413,0.599642
3662,0.599341,0.597335,0.599566
3663,0.599294,0.597288,0.59952
3664,0.599203,0.597196,0.59943
3665,0.599181,0.597173,0.599407
3666,0.599141,0.597133,0.599368
3667,0.599111,0.597103,0.59934
3668,0.599062,0.597054,0.599292
3669,0.598983,0.596973,0.599213
3670,0.59894,0.596931,0.599172
3671,0.598858,0.596847,0.59909
3672,0.598815,0.596804,0.599047
3673,0.598756,0.596745,0.598988
3674,0.598729,0.596718,0.598962
3675,0.598694,0.596682,0.598927
3676,0.598623,0.59661,0.598858
3677,0.598544,0.59653,0.598779
3678,0.598522,0.596508,0.598758
3679,0.598457,0.596442,0.598694
3680,0.598433,0.596419,0.598671
3681,0.598362,0.596346,0.598601
3682,0.598284,0.596268,0.598524
3683,0.598194,0.596176,0.598434
3684,0.598158,0.596141,0.598399
3685,0.59814,0.596122,0.598381
3686,0.598101,0.596083,0.598343
3687,0.598075,0.596057,0.598319
3688,0.597987,0.595968,0.598232
3689,0.597904,0.595884,0.598151
3690,0.597838,0.595817,0.598085
3691,0.597792,0.59577,0.59804
3692,0.5977,0.595677,0.597948
3693,0.597643,0.595621,0.597892
3694,0.597557,0.595533,0.597805
3695,0.597514,0.59549,0.597762
3696,0.597452,0.595427,0.5977
3697,0.597391,0.595366,0.597638
3698,0.597364,0.595339,0.597611
3699,0.597293,0.595267,0.597541
3700,0.597242,0.595216,0.59749
3701,0.597163,0.595136,0.59741
3702,0.597087,0.595059,0.597334
3703,0.597056,0.595028,0.597302
3704,0.597022,0.594994,0.597268
3705,0.596975,0.594946,0.597221
3706,0.596946,0.594916,0.597192
3707,0.596859,0.594828,0.597106
3708,0.59678,0.594749,0.597027
3709,0.596738,0.594706,0.596985
3710,0.596692,0.59466,0.596939
3711,0.596671,0.594639,0.596919
3712,0.596602,0.594569,0.596851
3713,0.596514,0.59448,0.596763
3714,0.596454,0.594419,0.596703
3715,0.596412,0.594377,0.596661
3716,0.596386,0.594351,0.596636
3717,0.596345,0.594309,0.596596
3718,0.596279,0.594243,0.596532
3719,0.596189,0.594152,0.596443
3720,0.596106,0.594068,0.596361
3721,0.596059,0.594021,0.596314
3722,0.595969,0.59393,0.596224
3723,0.595912,0.593872,0.596166
3724,0.595849,0.593808,0.596103
3725,0.595792,0.593751,0.596045
3726,0.59572,0.593679,0.595973
3727,0.595632,0.593589,0.595884
3728,0.595589,0.593546,0.595839
3729,0.595544,0.5935,0.595793
3730,0.595456,0.593411,0.595704
3731,0.595436,0.593391,0.595682
3732,0.59541,0.593365,0.595655
3733,0.595323,0.593278,0.595569
3734,0.595289,0.593243,0.595534
3735,0.59524,0.593194,0.595485
3736,0.595214,0.593167,0.595458
3737,0.595175,0.593128,0.59542
3738,0.595119,0.593071,0.595365
3739,0.59506,0.593011,0.595306
3740,0.594969,0.592919,0.595216
3741,0.594945,0.592896,0.595193
3742,0.594904,0.592854,0.595152
3743,0.594822,0.592771,0.595071
3744,0.594783,0.592732,0.595033
3745,0.594711,0.592659,0.594962
3746,0.59463,0.592577,0.594881
3747,0.594598,0.592545,0.59485
3748,0.594514,0.59246,0.594766
3749,0.594462,0.592408,0.594714
3750,0.594376,0.592321,0.594628
3751,0.594348,0.592293,0.5946
3752,0.594286,0.59223,0.594538
3753,0.594226,0.592169,0.594478
3754,0.594154,0.592097,0.594406
3755,0.594107,0.592049,0.594359
3756,0.594052,0.591994,0.594304
3757,0.594018,0.591959,0.59427
3758,0.593937,0.591878,0.59419
3759,0.593909,0.591849,0.594162
3760,0.593829,0.591768,0.594082
3761,0.593749,0.591687,0.594002
3762,0.593701,0.591639,0.593954
3763,0.593641,0.591578,0.593894
3764,0.593617,0.591554,0.59387
3765,0.593542,0.591478,0.593796
3766,0.593515,0.591451,0.593769
3767,0.593439,0.591374,0.593694
3768,0.593358,0.591292,0.593614
3769,0.593306,0.59124,0.593562
3770,0.593221,0.591154,0.593477
3771,0.593158,0.59109,0.593414
3772,0.593114,0.591046,0.59337
3773,0.593041,0.590972,0.593296
3774,0.592995,0.590926,0.59325
3775,0.592911,0.590841,0.593166
3776,0.592851,0.59078,0.593105
3777,0.592807,0.590736,0.59306
3778,0.592781,0.59071,0.593034
3779,0.592711,0.590639,0.592965
3780,0.592658,0.590586,0.592912
3781,0.5926,0.590527,0.592854
3782,0.59253,0.590456,0.592785
3783,0.592443,0.590368,0.592697
3784,0.592406,0.590331,0.592659
3785,0.592343,0.590267,0.592596
3786,0.592255,0.590178,0.592507
3787,0.59218,0.590102,0.592431
3788,0.592145,0.590067,0.592395
3789,0.592109,0.590031,0.592359
3790,0.592029,0.58995,0.592278
3791,0.591989,0.58991,0.592237
3792,0.591918,0.589838,0.592165
3793,0.591891,0.589811,0.592137
3794,0.591837,0.589756,0.592083
3795,0.591782,0.589701,0.592028
3796,0.591739,0.589658,0.591985
3797,0.59168,0.589598,0.591926
3798,0.591606,0.589523,0.591852
3799,0.591523,0.589439,0.591768
3800,0.591472,0.589388,0.591716
3801,0.591422,0.589338,0.591665
3802,0.591403,0.589318,0.591645
3803,0.591353,0.589268,0.591595
3804,0.591291,0.589205,0.591533
3805,0.591218,0.589131,0.591459
3806,0.591174,0.589086,0.591414
3807,0.591132,0.589044,0.591372
3808,0.591095,0.589007,0.591336
3809,0.591049,0.58896,0.59129
3810,0.590984,0.588895,0.591225
3811,0.590959,0.588869,0.591201
3812,0.590889,0.588799,0.591132
3813,0.590865,0.588775,0.591109
3814,0.590776,0.588684,0.59102
3815,0.590756,0.588664,0.591002
3816,0.590678,0.588586,0.590925
3817,0.590605,0.588512,0.590853
3818,0.590563,0.588469,0.590811
3819,0.59047,0.588376,0.590719
3820,0.590394,0.588299,0.590643
3821,0.590312,0.588216,0.59056
3822,0.590238,0.588141,0.590485
3823,0.590186,0.588089,0.590432
3824,0.590123,0.588026,0.590368
3825,0.590096,0.587998,0.59034
3826,0.590061,0.587963,0.590304
3827,0.590019,0.587921,0.590262
3828,0.58998,0.587881,0.590222
3829,0.589939,0.587839,0.590182
3830,0.589871,0.587771,0.590115
3831,0.589805,0.587704,0.590049
3832,0.589713,0.587611,0.589957
3833,0.589655,0.587552,0.589897
3834,0.589584,0.587481,0.589826
3835,0.589559,0.587455,0.5898
3836,0.589512,0.587408,0.589753
3837,0.589467,0.587363,0.589708
3838,0.589423,0.587318,0.589664
3839,0.589391,0.587286,0.589632
3840,0.58937,0.587264,0.589612
3841,0.589319,0.587214,0.589564
3842,0.589231,0.587124,0.589477
3843,0.589157,0.587049,0.589403
3844,0.589123,0.587015,0.58937
3845,0.589067,0.586958,0.589315
3846,0.588978,0.586869,0.589227
3847,0.588936,0.586826,0.589186
3848,0.588857,0.586747,0.589108
3849,0.588779,0.586667,0.589029
3850,0.588742,0.586631,0.588993
3851,0.588653,0.58654,0.588903
3852,0.588581,0.586467,0.588831
3853,0.588552,0.586438,0.588801
3854,0.588521,0.586407,0.588771
3855,0.588496,0.586382,0.588746
3856,0.588438,0.586323,0.588689
3857,0.588348,0.586233,0.588601
3858,0.588292,0.586176,0.588545
3859,0.588203,0.586086,0.588456
3860,0.588142,0.586025,0.588395
3861,0.588113,0.585995,0.588366
3862,0.588035,0.585916,0.588289
3863,0.587964,0.585844,0.588217
3864,0.58792,0.5858,0.588173
3865,0.587851,0.585731,0.588105
3866,0.587801,0.58568,0.588055
3867,0.587719,0.585597,0.587973
3868,0.58766,0.585538,0.587913
3869,0.587591,0.585467,0.587843
3870,0.587501,0.585377,0.587752
3871,0.587423,0.585298,0.587672
3872,0.587377,0.585252,0.587625
3873,0.587312,0.585186,0.587558
3874,0.587255,0.585128,0.587499
3875,0.587221,0.585094,0.587463
3876,0.587176,0.585048,0.587416
3877,0.587126,0.584998,0.587365
3878,0.587107,0.584979,0.587345
3879,0.587033,0.584905,0.587271
3880,0.586997,0.584867,0.587233
3881,0.58691,0.58478,0.587146
3882,0.58688,0.584749,0.587115
3883,0.586854,0.584724,0.587088
3884,0.586793,0.584662,0.587027
3885,0.586722,0.58459,0.586956
3886,0.586655,0.584522,0.586888
3887,0.586601,0.584468,0.586833
3888,0.586551,0.584418,0.586782
3889,0.58647,0.584336,0.586699
3890,0.586431,0.584297,0.586659
3891,0.586397,0.584262,0.586623
3892,0.586364,0.584229,0.58659
3893,0.586335,0.5842,0.58656
3894,0.586245,0.584109,0.586469
3895,0.586221,0.584085,0.586444
3896,0.586183,0.584046,0.586405
3897,0.586154,0.584016,0.586376
3898,0.586119,0.583981,0.586341
3899,0.586043,0.583905,0.586266
3900,0.585985,0.583846,0.586208
3901,0.585911,0.583771,0.586133
3902,0.585878,0.583738,0.5861
3903,0.585823,0.583682,0.586044
3904,0.585793,0.583652,0.586014
3905,0.585769,0.583627,0.58599
3906,0.585693,0.583551,0.585914
3907,0.585657,0.583515,0.585878
3908,0.585593,0.58345,0.585815
3909,0.585567,0.583424,0.585789
3910,0.585515,0.583371,0.585737
3911,0.585449,0.583305,0.585672
3912,0.585414,0.583269,0.585637
3913,0.585348,0.583202,0.585571
3914,0.585283,0.583137,0.585506
3915,0.585256,0.58311,0.585479
3916,0.585216,0.583069,0.585439
3917,0.585193,0.583046,0.585418
3918,0.585148,0.583,0.585374
3919,0.585068,0.58292,0.585295
3920,0.585039,0.58289,0.585267
3921,0.584979,0.58283,0.585209
3922,0.584936,0.582786,0.585166
3923,0.584857,0.582706,0.585088
3924,0.584801,0.58265,0.585034
3925,0.584724,0.582572,0.584957
3926,0.584674,0.582522,0.584907
3927,0.584627,0.582474,0.584861
3928,0.584553,0.582399,0.584787
3929,0.584531,0.582378,0.584766
3930,0.584447,0.582293,0.584682
3931,0.58441,0.582255,0.584646
3932,0.584325,0.582169,0.584561
3933,0.584255,0.582099,0.584491
3934,0.58422,0.582063,0.584456
3935,0.584163,0.582005,0.584398
3936,0.58409,0.581932,0.584325
3937,0.584029,0.58187,0.584264
3938,0.583992,0.581833,0.584226
3939,0.58393,0.58177,0.584164
3940,0.583887,0.581726,0.58412
3941,0.583836,0.581675,0.584069
3942,0.583765,0.581603,0.583997
3943,0.583716,0.581554,0.583948
3944,0.583684,0.581522,0.583916
3945,0.583621,0.581458,0.583853
3946,0.583542,0.581379,0.583774
3947,0.583509,0.581345,0.58374
3948,0.583445,0.581281,0.583676
3949,0.583424,0.581259,0.583654
3950,0.583355,0.58119,0.583586
3951,0.583331,0.581165,0.583562
3952,0.583273,0.581107,0.583504
3953,0.583223,0.581057,0.583455
3954,0.583186,0.581018,0.583418
3955,0.5831,0.580932,0.583333
3956,0.583023,0.580854,0.583256
3957,0.582969,0.5808,0.583201
3958,0.582947,0.580777,0.583179
3959,0.582888,0.580718,0.583121
3960,0.582861,0.580691,0.583094
3961,0.582776,0.580605,0.583009
3962,0.582733,0.580561,0.582967
3963,0.582709,0.580537,0.582943
3964,0.582675,0.580502,0.58291
3965,0.58259,0.580416,0.582826
3966,0.582499,0.580325,0.582736
3967,0.582446,0.580272,0.582683
3968,0.582407,0.580232,0.582644
3969,0.582357,0.580181,0.582594
3970,0.582274,0.580097,0.582512
3971,0.582229,0.580053,0.582467
3972,0.582189,0.580012,0.582427
3973,0.582147,0.57997,0.582386
3974,0.582088,0.579909,0.582328
3975,0.582063,0.579885,0.582304
3976,0.581982,0.579803,0.582225
3977,0.581949,0.579769,0.582193
3978,0.581863,0.579683,0.582108
3979,0.581807,0.579626,0.582053
3980,0.581784,0.579603,0.582032
3981,0.581721,0.579539,0.58197
3982,0.581665,0.579483,0.581916
3983,0.581582,0.579399,0.581835
3984,0.58152,0.579336,0.581773
3985,0.581431,0.579247,0.581686
3986,0.5814,0.579215,0.581656
3987,0.581317,0.579131,0.581574
3988,0.581249,0.579062,0.581506
3989,0.581181,0.578994,0.581438
3990,0.5811,0.578912,0.581358
3991,0.581025,0.578837,0.581283
3992,0.580978,0.578788,0.581235
3993,0.580903,0.578713,0.58116
3994,0.58083,0.57864,0.581087
3995,0.58075,0.578558,0.581005
3996,0.580729,0.578537,0.580983
3997,0.580646,0.578454,0.5809
3998,0.580584,0.57839,0.580837
3999,0.580535,0.578342,0.580788
4000,0.580495,0.578301,0.580747
4001,0.580455,0.578261,0.580707
4002,0.580422,0.578227,0.580674
4003,0.580358,0.578163,0.580611
4004,0.580266,0.578069,0.580519
4005,0.580185,0.577988,0.580438
4006,0.580111,0.577913,0.580363
4007,0.580056,0.577857,0.580307
4008,0.580032,0.577833,0.580282
4009,0.579964,0.577764,0.580214
4010,0.579875,0.577674,0.580124
4011,0.57982,0.57762,0.580069
4012,0.579798,0.577597,0.580046
4013,0.579738,0.577537,0.579986
4014,0.579711,0.577509,0.579959
4015,0.579667,0.577465,0.579915
4016,0.579591,0.577387,0.57984
4017,0.57955,0.577346,0.579799
4018,0.579501,0.577297,0.579751
4019,0.579444,0.57724,0.579696
4020,0.579398,0.577193,0.579651
4021,0.579329,0.577123,0.579583
4022,0.579242,0.577035,0.579497
4023,0.579163,0.576956,0.579419
4024,0.579083,0.576875,0.579339
4025,0.579053,0.576844,0.579308
4026,0.578968,0.576758,0.579223
4027,0.578948,0.576738,0.579203
4028,0.578872,0.576662,0.579128
4029,0.578838,0.576628,0.579095
4030,0.578789,0.576577,0.579046
4031,0.578724,0.576513,0.578983
4032,0.578635,0.576422,0.578894
4033,0.578557,0.576343,0.578816
4034,0.578505,0.576291,0.578765
4035,0.578478,0.576263,0.578738
4036,0.578388,0.576173,0.578649
4037,0.578298,0.576082,0.57856
4038,0.57824,0.576024,0.578501
4039,0.578195,0.575978,0.578456
4040,0.578127,0.575909,0.578388
4041,0.578057,0.575838,0.578318
4042,0.57802,0.575801,0.578281
4043,0.577974,0.575754,0.578235
4044,0.577924,0.575705,0.578187
4045,0.577843,0.575623,0.578107
4046,0.577759,0.575538,0.578024
4047,0.577697,0.575475,0.577961
4048,0.577619,0.575397,0.577884
4049,0.577568,0.575345,0.577833
4050,0.577478,0.575254,0.577742
4051,0.577405,0.57518,0.577669
4052,0.57736,0.575134,0.577622
4053,0.577309,0.575083,0.577571
4054,0.57729,0.575064,0.577552
4055,0.577244,0.575017,0.577507
4056,0.577171,0.574943,0.577435
4057,0.577117,0.574889,0.577382
4058,0.577036,0.574807,0.577302
4059,0.576956,0.574726,0.577222
4060,0.576899,0.574669,0.577166
4061,0.57684,0.57461,0.577107
4062,0.576771,0.57454,0.577039
4063,0.576739,0.574507,0.577007
4064,0.576659,0.574427,0.576928
4065,0.576573,0.57434,0.576843
4066,0.57649,0.574256,0.576759
4067,0.57642,0.574185,0.576689
4068,0.576338,0.574103,0.576606
4069,0.576271,0.574034,0.576538
4070,0.576201,0.573964,0.576466
4071,0.576168,0.573931,0.576433
4072,0.576125,0.573887,0.576389
4073,0.576063,0.573825,0.576327
4074,0.575979,0.57374,0.576243
4075,0.575921,0.573681,0.576183
4076,0.575883,0.573642,0.576145
4077,0.575796,0.573555,0.576058
4078,0.575761,0.57352,0.576022
4079,0.575698,0.573456,0.57596
4080,0.575617,0.573374,0.575878
4081,0.575575,0.573332,0.575835
4082,0.575516,0.573272,0.575776
4083,0.575445,0.573201,0.575705
4084,0.57536,0.573114,0.575619
4085,0.575291,0.573045,0.575549
4086,0.575246,0.572999,0.575502
4087,0.575209,0.572962,0.575465
4088,0.575128,0.57288,0.575383
4089,0.575054,0.572805,0.575308
4090,0.574997,0.572748,0.57525
4091,0.574943,0.572693,0.575194
4092,0.574853,0.572602,0.575102
4093,0.5748,0.572549,0.575048
4094,0.574745,0.572493,0.57499
4095,0.574721,0.572469,0.574965
4096,0.57463,0.572378,0.574873
4097,0.574602,0.572348,0.574842
4098,0.574523,0.572269,0.574762
4099,0.574499,0.572244,0.574736
4100,0.574453,0.572198,0.574689
4101,0.574419,0.572164,0.574654
4102,0.574333,0.572077,0.574567
4103,0.574303,0.572047,0.574536
4104,0.574257,0.572,0.574489
4105,0.57423,0.571973,0.574461
4106,0.574153,0.571896,0.574384
4107,0.574088,0.57183,0.574318
4108,0.574036,0.571778,0.574265
4109,0.574008,0.571749,0.574236
4110,0.573974,0.571715,0.574201
4111,0.573921,0.571662,0.574149
4112,0.573891,0.571631,0.574119
4113,0.573853,0.571593,0.574081
4114,0.573801,0.57154,0.57403
4115,0.573734,0.571472,0.573963
4116,0.573679,0.571417,0.573908
4117,0.573642,0.571379,0.573871
4118,0.573567,0.571304,0.573797
4119,0.573541,0.571278,0.573771
4120,0.57351,0.571246,0.573741
4121,0.573418,0.571153,0.57365
4122,0.573333,0.571067,0.573565
4123,0.573267,0.571001,0.573498
4124,0.573244,0.570977,0.573475
4125,0.573156,0.570889,0.573386
4126,0.573137,0.570869,0.573367
4127,0.573116,0.570848,0.573346
4128,0.573065,0.570797,0.573296
4129,0.572987,0.570718,0.573218
4130,0.572939,0.57067,0.573171
4131,0.572854,0.570583,0.573085
4132,0.572822,0.570551,0.573052
4133,0.572729,0.570457,0.57296
4134,0.572675,0.570402,0.572904
4135,0.572647,0.570374,0.572876
4136,0.572594,0.570321,0.572823
4137,0.57256,0.570287,0.572789
4138,0.572509,0.570235,0.572737
4139,0.57246,0.570185,0.572689
4140,0.572414,0.570139,0.572643
4141,0.572332,0.570056,0.572561
4142,0.572306,0.57003,0.572534
4143,0.572225,0.569948,0.572453
4144,0.572206,0.569929,0.572434
4145,0.572178,0.569901,0.572408
4146,0.572147,0.569869,0.572377
4147,0.572105,0.569827,0.572338
4148,0.572054,0.569775,0.572288
4149,0.571985,0.569706,0.572221
4150,0.571895,0.569615,0.572133
4151,0.571844,0.569563,0.572082
4152,0.571768,0.569487,0.572007
4153,0.571694,0.569412,0.571934
4154,0.571649,0.569366,0.571888
4155,0.571621,0.569338,0.571861
4156,0.571595,0.569312,0.571836
4157,0.571513,0.569229,0.571756
4158,0.571427,0.569142,0.571671
4159,0.571377,0.569091,0.571621
4160,0.571307,0.569021,0.571553
4161,0.571227,0.56894,0.571472
4162,0.571165,0.568877,0.57141
4163,0.571087,0.568799,0.571332
4164,0.571065,0.568777,0.57131
4165,0.571027,0.568738,0.571272
4166,0.570986,0.568697,0.571232
4167,0.570896,0.568605,0.571142
4168,0.570811,0.56852,0.571058
4169,0.570723,0.568431,0.570969
4170,0.570631,0.568339,0.570876
4171,0.570588,0.568295,0.570831
4172,0.570566,0.568273,0.570808
4173,0.570483,0.568189,0.570724
4174,0.570424,0.568129,0.570664
4175,0.570393,0.568098,0.570632
4176,0.570318,0.568022,0.570556
4177,0.570291,0.567995,0.570528
4178,0.57025,0.567954,0.570487
4179,0.570184,0.567887,0.57042
4180,0.570144,0.567846,0.57038
4181,0.570102,0.567804,0.570337
4182,0.570013,0.567714,0.570249
4183,0.569953,0.567654,0.570188
4184,0.56993,0.56763,0.570164
4185,0.56989,0.56759,0.570124
4186,0.569824,0.567523,0.570058
4187,0.56977,0.567469,0.570005
4188,0.569693,0.567391,0.569927
4189,0.569659,0.567356,0.569892
4190,0.5696,0.567297,0.569833
4191,0.569508,0.567204,0.569741
4192,0.569445,0.567141,0.569676
4193,0.569408,0.567103,0.569639
4194,0.569325,0.567019,0.569553
4195,0.569261,0.566954,0.569488
4196,0.569236,0.566929,0.569461
4197,0.569211,0.566904,0.569435
4198,0.569149,0.566841,0.569372
4199,0.569091,0.566783,0.569313
4200,0.569053,0.566744,0.569273
4201,0.568997,0.566688,0.569217
4202,0.568971,0.566662,0.56919
4203,0.568936,0.566626,0.569154
4204,0.568913,0.566603,0.569132
4205,0.568873,0.566563,0.569092
4206,0.568824,0.566514,0.569044
4207,0.568753,0.566442,0.568974
4208,0.568728,0.566416,0.568949
4209,0.568694,0.566382,0.568916
4210,0.568675,0.566363,0.568899
4211,0.568594,0.566281,0.56882
4212,0.568541,0.566227,0.568768
4213,0.568468,0.566154,0.568697
4214,0.568429,0.566114,0.568658
4215,0.568338,0.566023,0.568569
4216,0.568264,0.565947,0.568494
4217,0.568224,0.565907,0.568455
4218,0.568142,0.565824,0.568373
4219,0.568108,0.56579,0.568339
4220,0.568088,0.56577,0.56832
4221,0.568043,0.565725,0.568276
4222,0.567997,0.565678,0.568231
4223,0.56792,0.5656,0.568155
4224,0.567841,0.56552,0.568077
4225,0.56779,0.565468,0.568026
4226,0.567759,0.565438,0.567997
4227,0.567674,0.565351,0.567912
4228,0.567598,0.565275,0.567836
4229,0.567521,0.565197,0.56776
4230,0.567501,0.565177,0.567739
4231,0.56744,0.565116,0.567679
4232,0.567368,0.565042,0.567607
4233,0.567326,0.565,0.567565
4234,0.567259,0.564933,0.567499
4235,0.56722,0.564893,0.567459
4236,0.567135,0.564808,0.567375
4237,0.567087,0.564759,0.567327
4238,0.567065,0.564737,0.567306
4239,0.567016,0.564688,0.567258
4240,0.566987,0.564658,0.56723
4241,0.566908,0.564578,0.567152
4242,0.566832,0.564501,0.567077
4243,0.566796,0.564465,0.567042
4244,0.566704,0.564372,0.566952
4245,0.566634,0.564301,0.566882
4246,0.56658,0.564246,0.566828
4247,0.566497,0.564163,0.566746
4248,0.566409,0.564074,0.566657
4249,0.566318,0.563982,0.566565
4250,0.566244,0.563908,0.56649
4251,0.566186,0.563849,0.56643
4252,0.566152,0.563814,0.566394
4253,0.566095,0.563757,0.566335
4254,0.566015,0.563676,0.566253
4255,0.565965,0.563626,0.566202
4256,0.565943,0.563604,0.566178
4257,0.565916,0.563576,0.56615
4258,0.565829,0.563488,0.566062
4259,0.565809,0.563468,0.566041
4260,0.565776,0.563435,0.566008
4261,0.565704,0.563362,0.565936
4262,0.565655,0.563312,0.565886
4263,0.565602,0.563259,0.565834
4264,0.565548,0.563204,0.565779
4265,0.565507,0.563163,0.565738
4266,0.565436,0.563091,0.565667
4267,0.565395,0.563049,0.565625
4268,0.565333,0.562987,0.565563
4269,0.565268,0.562921,0.565498
4270,0.565246,0.562899,0.565476
4271,0.565197,0.56285,0.565427
4272,0.565163,0.562816,0.565394
4273,0.565116,0.562768,0.565347
4274,0.565034,0.562685,0.565266
4275,0.565001,0.562652,0.565233
4276,0.564947,0.562597,0.56518
4277,0.564881,0.56253,0.565115
4278,0.564808,0.562457,0.565042
4279,0.564732,0.562381,0.564967
4280,0.564683,0.562331,0.564917
4281,0.56462,0.562267,0.564854
4282,0.56457,0.562217,0.564804
4283,0.564543,0.56219,0.564777
4284,0.56451,0.562157,0.564745
4285,0.564467,0.562113,0.564703
4286,0.564407,0.562052,0.564644
4287,0.564359,0.562004,0.564597
4288,0.564321,0.561965,0.56456
4289,0.564245,0.561888,0.564485
4290,0.564175,0.561818,0.564417
4291,0.564121,0.561763,0.564364
4292,0.564041,0.561682,0.564285
4293,0.564005,0.561646,0.56425
4294,0.563931,0.561571,0.564177
4295,0.563858,0.561498,0.564105
4296,0.563811,0.56145,0.564058
4297,0.563759,0.561398,0.564007
4298,0.563693,0.561331,0.563942
4299,0.563629,0.561266,0.563878
4300,0.563547,0.561183,0.563797
4301,0.563519,0.561155,0.563769
4302,0.56344,0.561075,0.563691
4303,0.563358,0.560993,0.563609
4304,0.56329,0.560924,0.563541
4305,0.563243,0.560876,0.563494
4306,0.563218,0.560851,0.563469
4307,0.563128,0.560761,0.56338
4308,0.563045,0.560677,0.563297
4309,0.562957,0.560588,0.563209
4310,0.56289,0.56052,0.56314
4311,0.562838,0.560467,0.563087
4312,0.562801,0.56043,0.56305
4313,0.562712,0.56034,0.56296
4314,0.56264,0.560267,0.562886
4315,0.562599,0.560226,0.562843
4316,0.562554,0.56018,0.562797
4317,0.562478,0.560104,0.562721
4318,0.562443,0.560069,0.562685
4319,0.562359,0.559983,0.562599
4320,0.562294,0.559917,0.562532
4321,0.562252,0.559875,0.562489
4322,0.562224,0.559847,0.56246
4323,0.56218,0.559803,0.562415
4324,0.562143,0.559766,0.562378
4325,0.56208,0.559702,0.562315
4326,0.561999,0.55962,0.562233
4327,0.561947,0.559568,0.562181
4328,0.561912,0.559533,0.562145
4329,0.561886,0.559505,0.562118
4330,0.561844,0.559463,0.562077
4331,0.561762,0.55938,0.561995
4332,0.561686,0.559304,0.561919
4333,0.561604,0.559221,0.561837
4334,0.561586,0.559202,0.561817
4335,0.561527,0.559143,0.561758
4336,0.561486,0.559102,0.561717
4337,0.561445,0.559061,0.561676
4338,0.561367,0.558982,0.561597
4339,0.561333,0.558948,0.561563
4340,0.561277,0.558891,0.561507
4341,0.561253,0.558866,0.561483
4342,0.561174,0.558786,0.561404
4343,0.561133,0.558745,0.561363
4344,0.561054,0.558665,0.561284
4345,0.560989,0.558599,0.561218
4346,0.560918,0.558528,0.561147
4347,0.560863,0.558473,0.561091
4348,0.560808,0.558417,0.561035
4349,0.560748,0.558357,0.560974
4350,0.560722,0.55833,0.560946
4351,0.560689,0.558297,0.560913
4352,0.560658,0.558265,0.560882
4353,0.560628,0.558235,0.560852
4354,0.560566,0.558172,0.560791
4355,0.56052,0.558126,0.560745
4356,0.560432,0.558037,0.560658
4357,0.56039,0.557995,0.560617
4358,0.560365,0.557969,0.560591
4359,0.560317,0.557921,0.560545
4360,0.560256,0.55786,0.560485
4361,0.560178,0.55778,0.560407
4362,0.560131,0.557733,0.56036
4363,0.560102,0.557704,0.560332
4364,0.560057,0.557658,0.560288
4365,0.560018,0.557619,0.56025
4366,0.559943,0.557543,0.560177
4367,0.559915,0.557515,0.560151
4368,0.559851,0.55745,0.560088
4369,0.559784,0.557383,0.560023
4370,0.559729,0.557328,0.559969
4371,0.55964,0.557237,0.559881
4372,0.559548,0.557144,0.559789
4373,0.559503,0.557099,0.559745
4374,0.559438,0.557033,0.55968
4375,0.559413,0.557008,0.559655
4376,0.559351,0.556946,0.559595
4377,0.559275,0.556869,0.559519
4378,0.559206,0.556799,0.559451
4379,0.559149,0.556741,0.559393
4380,0.559065,0.556656,0.559309
4381,0.559002,0.556593,0.559246
4382,0.558935,0.556525,0.559179
4383,0.558905,0.556495,0.559148
4384,0.558819,0.556408,0.559061
4385,0.558782,0.556371,0.559024
4386,0.558707,0.556295,0.558948
4387,0.558627,0.556215,0.558868
4388,0.558581,0.556168,0.558821
4389,0.558501,0.556087,0.558739
4390,0.558478,0.556063,0.558715
4391,0.558443,0.556028,0.558679
4392,0.55841,0.555995,0.558647
4393,0.558365,0.55595,0.558602
4394,0.558292,0.555876,0.558529
4395,0.558258,0.555842,0.558496
4396,0.558225,0.555809,0.558464
4397,0.558185,0.555768,0.558425
4398,0.558106,0.555688,0.558347
4399,0.558038,0.555619,0.55828
4400,0.557953,0.555533,0.558196
4401,0.55788,0.55546,0.558124
4402,0.557821,0.555401,0.558065
4403,0.557743,0.555321,0.557986
4404,0.557656,0.555233,0.557898
4405,0.557586,0.555162,0.557826
4406,0.557555,0.555132,0.557794
4407,0.557526,0.555102,0.557765
4408,0.557499,0.555075,0.557737
4409,0.557429,0.555004,0.557667
4410,0.557354,0.554929,0.557593
4411,0.557321,0.554895,0.557559
4412,0.55729,0.554864,0.557529
4413,0.55726,0.554833,0.557499
4414,0.55722,0.554793,0.557462
4415,0.557143,0.554715,0.557386
4416,0.557052,0.554624,0.557296
4417,0.556965,0.554535,0.557209
4418,0.556937,0.554507,0.557181
4419,0.556856,0.554426,0.557101
4420,0.55678,0.554349,0.557025
4421,0.556758,0.554327,0.557003
4422,0.556694,0.554262,0.556939
4423,0.556618,0.554186,0.556864
4424,0.556544,0.554111,0.55679
4425,0.556517,0.554083,0.556762
4426,0.556494,0.55406,0.55674
4427,0.556433,0.553999,0.556681
4428,0.556345,0.55391,0.556594
4429,0.556296,0.55386,0.556545
4430,0.556214,0.553777,0.556464
4431,0.556127,0.553689,0.556377
4432,0.55608,0.553642,0.55633
4433,0.556023,0.553584,0.556272
4434,0.555937,0.553498,0.556187
4435,0.555886,0.553446,0.556135
4436,0.5558,0.553359,0.556048
4437,0.555712,0.55327,0.555959
4438,0.555663,0.553221,0.555908
4439,0.555618,0.553175,0.555861
4440,0.55558,0.553137,0.555823
4441,0.55555,0.553107,0.555793
4442,0.5555,0.553056,0.555742
4443,0.555409,0.552965,0.555651
4444,0.555353,0.552907,0.555594
4445,0.55527,0.552823,0.55551
4446,0.555226,0.55278,0.555465
4447,0.555143,0.552696,0.555381
4448,0.555098,0.55265,0.555334
4449,0.555058,0.55261,0.555293
4450,0.555025,0.552577,0.555259
4451,0.554953,0.552503,0.555185
4452,0.554902,0.552452,0.555133
4453,0.554882,0.552432,0.555112
4454,0.554836,0.552385,0.555066
4455,0.55476,0.552309,0.55499
4456,0.554727,0.552276,0.554957
4457,0.554695,0.552243,0.554924
4458,0.55464,0.552188,0.55487
4459,0.554605,0.552152,0.554835
4460,0.554572,0.552119,0.554804
4461,0.554482,0.552027,0.554714
4462,0.55445,0.551995,0.554683
4463,0.554397,0.551941,0.554631
4464,0.554371,0.551915,0.554606
4465,0.554311,0.551855,0.554548
4466,0.554275,0.551819,0.554514
4467,0.554208,0.551751,0.554449
4468,0.554167,0.55171,0.554411
4469,0.554086,0.551628,0.554332
4470,0.553999,0.55154,0.554247
4471,0.553924,0.551464,0.554173
4472,0.553887,0.551427,0.554137
4473,0.553799,0.551338,0.554051
4474,0.553721,0.551259,0.553973
4475,0.553647,0.551185,0.5539
4476,0.553569,0.551106,0.553822
4477,0.553504,0.55104,0.553756
4478,0.553444,0.550979,0.553696
4479,0.553371,0.550906,0.553623
4480,0.553299,0.550833,0.55355
4481,0.553261,0.550795,0.553511
4482,0.553195,0.550728,0.553445
4483,0.553157,0.550689,0.553406
4484,0.553078,0.55061,0.553327
4485,0.553025,0.550556,0.553273
4486,0.552967,0.550498,0.553215
4487,0.552907,0.550437,0.553155
4488,0.552819,0.550348,0.553066
4489,0.55277,0.550299,0.553017
4490,0.552705,0.550233,0.552951
4491,0.552671,0.550198,0.552916
4492,0.552588,0.550115,0.552832
4493,0.552535,0.550061,0.552778
4494,0.55245,0.549976,0.552693
4495,0.552416,0.549941,0.552658
4496,0.552363,0.549887,0.552603
4497,0.5523,0.549824,0.552539
4498,0.552249,0.549773,0.552488
4499,0.552208,0.549731,0.552446
4500,0.55212,0.549642,0.552357
4501,0.55207,0.549592,0.552306
4502,0.552038,0.54956,0.552273
4503,0.552015,0.549536,0.552249
4504,0.551981,0.549501,0.552215
4505,0.551919,0.54944,0.552155
4506,0.551869,0.549389,0.552105
4507,0.551848,0.549368,0.552085
4508,0.551771,0.549289,0.552009
4509,0.551736,0.549254,0.551975
4510,0.551659,0.549177,0.5519
4511,0.551615,0.549132,0.551857
4512,0.551546,0.549063,0.551789
4513,0.5515,0.549016,0.551744
4514,0.551456,0.548972,0.551702
4515,0.551367,0.548881,0.551614
4516,0.551278,0.548792,0.551526
4517,0.551235,0.548748,0.551483
4518,0.551145,0.548658,0.551394
4519,0.551053,0.548564,0.551302
4520,0.55102,0.548531,0.551268
4521,0.55096,0.548471,0.551209
4522,0.550893,0.548402,0.551141
4523,0.550872,0.548382,0.55112
4524,0.550783,0.548292,0.551032
4525,0.550718,0.548226,0.550967
4526,0.550629,0.548136,0.550877
4527,0.550565,0.548072,0.550813
4528,0.550517,0.548024,0.550764
4529,0.550483,0.547989,0.550729
4530,0.550396,0.5479,0.550641
4531,0.550318,0.547822,0.550562
4532,0.550295,0.547799,0.550539
4533,0.550203,0.547706,0.550446
4534,0.550174,0.547676,0.550415
4535,0.550106,0.547608,0.550346
4536,0.550059,0.547561,0.550299
4537,0.550019,0.54752,0.550258
4538,0.54994,0.54744,0.550178
4539,0.54989,0.54739,0.550127
4540,0.549814,0.547313,0.550049
4541,0.549772,0.547271,0.550007
4542,0.549745,0.547243,0.549979
4543,0.549691,0.547189,0.549925
4544,0.549611,0.547108,0.549844
4545,0.54959,0.547087,0.549822
4546,0.549556,0.547053,0.549789
4547,0.549508,0.547004,0.54974
4548,0.549488,0.546984,0.549721
4549,0.549454,0.54695,0.549689
4550,0.549406,0.546901,0.549644
4551,0.549318,0.546812,0.549557
4552,0.549248,0.546741,0.549488
4553,0.549227,0.54672,0.549468
4554,0.549147,0.54664,0.549391
4555,0.549103,0.546595,0.549348
4556,0.549025,0.546516,0.549271
4557,0.548938,0.546428,0.549185
4558,0.548879,0.546368,0.549127
4559,0.548803,0.546292,0.549052
4560,0.548753,0.546242,0.549002
4561,0.548697,0.546185,0.548947
4562,0.548637,0.546124,0.548887
4563,0.548594,0.546081,0.548845
4564,0.548524,0.54601,0.548776
4565,0.548445,0.54593,0.548698
4566,0.548376,0.545861,0.54863
4567,0.548343,0.545827,0.548597
4568,0.548299,0.545783,0.548554
4569,0.548221,0.545704,0.548477
4570,0.54813,0.545613,0.548387
4571,0.548061,0.545543,0.548319
4572,0.547996,0.545477,0.548254
4573,0.547966,0.545447,0.548224
4574,0.5479,0.54538,0.548159
4575,0.547816,0.545295,0.548076
4576,0.547796,0.545275,0.548056
4577,0.547723,0.545201,0.547984
4578,0.547632,0.545109,0.547895
4579,0.547557,0.545033,0.54782
4580,0.547468,0.544943,0.547731
4581,0.547406,0.544881,0.547668
4582,0.547374,0.544849,0.547637
4583,0.547284,0.544758,0.547547
4584,0.547196,0.544669,0.547458
4585,0.547104,0.544576,0.547365
4586,0.547027,0.544498,0.547287
4587,0.546966,0.544437,0.547224
4588,0.546921,0.544391,0.547177
4589,0.546864,0.544333,0.547118
4590,0.546832,0.544302,0.547086
4591,0.54675,0.544218,0.547003
4592,0.546697,0.544165,0.546948
4593,0.546678,0.544146,0.546929
4594,0.546598,0.544065,0.546849
4595,0.546528,0.543994,0.546778
4596,0.546493,0.543959,0.546742
4597,0.546464,0.54393,0.546714
4598,0.546388,0.543853,0.546638
4599,0.546347,0.543811,0.546597
4600,0.54628,0.543744,0.54653
4601,0.546259,0.543722,0.54651
4602,0.546204,0.543667,0.546456
4603,0.546114,0.543576,0.546367
4604,0.546028,0.543489,0.546282
4605,0.546007,0.543468,0.546262
4606,0.545987,0.543448,0.546242
4607,0.545897,0.543357,0.546154
4608,0.545835,0.543295,0.546094
4609,0.545747,0.543205,0.546006
4610,0.545667,0.543125,0.545928
4611,0.545576,0.543033,0.545837
4612,0.545551,0.543007,0.545811
4613,0.545508,0.542964,0.545769
4614,0.545437,0.542892,0.545698
4615,0.545405,0.54286,0.545668
4616,0.545326,0.54278,0.54559
4617,0.545239,0.542692,0.545504
4618,0.545152,0.542605,0.545418
4619,0.545099,0.542551,0.545365
4620,0.545027,0.542478,0.545294
4621,0.544957,0.542408,0.545224
4622,0.54487,0.542319,0.545136
4623,0.544832,0.542281,0.545099
4624,0.544747,0.542195,0.545013
4625,0.544668,0.542116,0.544935
4626,0.544578,0.542025,0.544844
4627,0.544514,0.541961,0.544778
4628,0.544433,0.541879,0.544696
4629,0.544356,0.541801,0.544617
4630,0.544313,0.541757,0.544572
4631,0.544286,0.54173,0.544543
4632,0.544208,0.541651,0.544465
4633,0.544163,0.541606,0.544419
4634,0.544113,0.541555,0.544368
4635,0.544056,0.541497,0.54431
4636,0.543997,0.541438,0.54425
4637,0.543916,0.541356,0.544169
4638,0.543868,0.541308,0.54412
4639,0.543848,0.541288,0.5441
4640,0.543761,0.5412,0.544012
4641,0.54368,0.541117,0.54393
4642,0.5436,0.541037,0.543849
4643,0.54357,0.541007,0.543818
4644,0.543513,0.54095,0.543761
4645,0.543457,0.540893,0.543704
4646,0.543436,0.540871,0.543682
4647,0.543353,0.540788,0.543599
4648,0.543278,0.540712,0.543523
4649,0.543228,0.540661,0.543473
4650,0.543204,0.540637,0.543449
4651,0.543154,0.540586,0.543398
4652,0.543076,0.540508,0.543321
4653,0.543054,0.540485,0.543299
4654,0.542974,0.540405,0.543219
4655,0.542918,0.540348,0.543163
4656,0.542851,0.54028,0.543096
4657,0.542807,0.540236,0.543052
4658,0.542718,0.540146,0.542963
4659,0.542642,0.54007,0.542887
4660,0.542613,0.54004,0.542857
4661,0.542548,0.539974,0.542792
4662,0.542507,0.539933,0.542751
4663,0.542449,0.539875,0.542693
4664,0.542388,0.539813,0.542631
4665,0.542335,0.53976,0.542579
4666,0.542272,0.539695,0.542515
4667,0.542181,0.539603,0.542423
4668,0.542111,0.539533,0.542353
4669,0.542026,0.539447,0.542266
4670,0.541987,0.539408,0.542225
4671,0.541933,0.539353,0.54217
4672,0.5419,0.53932,0.542135
4673,0.541878,0.539297,0.542112
4674,0.541835,0.539254,0.542069
4675,0.541777,0.539196,0.542011
4676,0.541738,0.539156,0.541972
4677,0.541656,0.539073,0.541891
4678,0.541568,0.538984,0.541802
4679,0.541495,0.538911,0.541728
4680,0.541434,0.53885,0.541666
4681,0.541405,0.53882,0.541635
4682,0.541334,0.538748,0.541563
4683,0.541279,0.538693,0.541506
4684,0.541229,0.538643,0.541455
4685,0.541197,0.53861,0.541421
4686,0.541177,0.53859,0.541401
4687,0.541141,0.538553,0.541365
4688,0.541086,0.538497,0.541309
4689,0.541049,0.53846,0.541273
4690,0.540967,0.538378,0.541191
4691,0.54093,0.53834,0.541154
4692,0.540861,0.53827,0.541085
4693,0.540795,0.538204,0.541019
4694,0.54076,0.538169,0.540983
4695,0.540725,0.538133,0.540948
4696,0.540666,0.538074,0.540889
4697,0.540616,0.538023,0.540839
4698,0.540526,0.537932,0.540749
4699,0.54049,0.537896,0.540712
4700,0.540466,0.537872,0.540688
4701,0.540435,0.53784,0.540657
4702,0.540352,0.537756,0.540575
4703,0.540323,0.537728,0.540546
4704,0.540271,0.537675,0.540495
4705,0.540191,0.537594,0.540415
4706,0.540156,0.537559,0.54038
4707,0.540125,0.537527,0.540349
4708,0.540052,0.537454,0.540277
4709,0.540005,0.537406,0.54023
4710,0.539919,0.537319,0.540145
4711,0.539849,0.537248,0.540074
4712,0.539799,0.537198,0.540024
4713,0.53977,0.537169,0.539995
4714,0.539731,0.537129,0.539956
4715,0.539702,0.5371,0.539928
4716,0.539634,0.537031,0.53986
4717,0.539582,0.536979,0.539809
4718,0.539557,0.536953,0.539785
4719,0.539533,0.536929,0.539763
4720,0.539483,0.536879,0.539715
4721,0.53942,0.536815,0.539654
4722,0.539365,0.53676,0.539602
4723,0.53932,0.536714,0.539559
4724,0.539255,0.536649,0.539497
4725,0.539179,0.536571,0.539422
4726,0.539092,0.536484,0.539337
4727,0.539029,0.53642,0.539275
4728,0.538939,0.536329,0.539187
4729,0.53888,0.53627,0.539129
4730,0.538833,0.536222,0.539082
4731,0.538792,0.536181,0.539043
4732,0.5387,0.536088,0.538952
4733,0.538616,0.536003,0.538868
4734,0.538526,0.535912,0.538778
4735,0.538438,0.535824,0.53869
4736,0.538357,0.535741,0.538607
4737,0.538334,0.535718,0.538583
4738,0.538259,0.535643,0.538508
4739,0.538237,0.535621,0.538485
4740,0.538153,0.535535,0.538401
4741,0.538084,0.535465,0.538331
4742,0.538042,0.535423,0.538288
4743,0.538012,0.535393,0.538258
4744,0.537948,0.535328,0.538194
4745,0.537888,0.535268,0.538135
4746,0.537825,0.535205,0.538072
4747,0.537766,0.535145,0.538013
4748,0.537685,0.535062,0.537931
4749,0.537614,0.534991,0.53786
4750,0.537527,0.534903,0.537772
4751,0.537448,0.534823,0.537691
4752,0.537424,0.534799,0.537666
4753,0.537387,0.534762,0.537628
4754,0.537295,0.534669,0.537535
4755,0.537272,0.534646,0.537511
4756,0.537182,0.534555,0.53742
4757,0.537151,0.534524,0.537388
4758,0.537132,0.534504,0.537368
4759,0.5371,0.534472,0.537337
4760,0.537033,0.534404,0.53727
4761,0.536971,0.534342,0.537208
4762,0.536888,0.534258,0.537126
4763,0.536833,0.534202,0.53707
4764,0.536808,0.534177,0.537045
4765,0.536753,0.534121,0.53699
4766,0.536668,0.534036,0.536906
4767,0.536621,0.533988,0.536859
4768,0.536552,0.533918,0.536789
4769,0.536515,0.533881,0.536753
4770,0.536467,0.533832,0.536705
4771,0.536397,0.533762,0.536636
4772,0.536375,0.53374,0.536614
4773,0.536322,0.533686,0.536562
4774,0.536243,0.533606,0.536484
4775,0.536191,0.533554,0.536433
4776,0.536099,0.533461,0.536341
4777,0.536016,0.533377,0.536258
4778,0.535984,0.533345,0.536226
4779,0.535892,0.533252,0.536134
4780,0.53586,0.533219,0.5361
4781,0.535825,0.533184,0.536066
4782,0.535733,0.533091,0.535974
4783,0.535687,0.533045,0.535928
4784,0.535637,0.532994,0.535878
4785,0.535579,0.532936,0.53582
4786,0.535544,0.532901,0.535785
4787,0.535462,0.532818,0.535704
4788,0.5354,0.532755,0.535642
4789,0.53532,0.532674,0.535561
4790,0.535232,0.532585,0.535472
4791,0.535205,0.532558,0.535444
4792,0.535127,0.532479,0.535365
4793,0.535065,0.532417,0.535302
4794,0.534989,0.53234,0.535224
4795,0.534952,0.532302,0.535185
4796,0.534925,0.532275,0.535158
4797,0.534872,0.532221,0.535103
4798,0.534831,0.53218,0.535062
4799,0.534757,0.532106,0.534988
4800,0.534707,0.532055,0.534937
4801,0.53467,0.532017,0.534899
4802,0.534594,0.531941,0.534823
4803,0.534567,0.531914,0.534795
4804,0.534481,0.531827,0.534709
4805,0.53443,0.531776,0.534657
4806,0.534374,0.531718,0.5346
4807,0.534354,0.531699,0.534579
4808,0.534297,0.531641,0.534523
4809,0.534253,0.531596,0.534478
4810,0.534202,0.531544,0.534427
4811,0.534166,0.531509,0.534392
4812,0.534135,0.531477,0.534361
4813,0.534045,0.531386,0.534272
4814,0.534018,0.531359,0.534245
4815,0.533947,0.531287,0.534175
4816,0.533919,0.531259,0.534147
4817,0.533899,0.531239,0.534129
4818,0.533823,0.531162,0.534055
4819,0.533759,0.531098,0.533992
4820,0.533716,0.531054,0.533951
4821,0.533667,0.531005,0.533904
4822,0.533577,0.530914,0.533815
4823,0.533512,0.530849,0.533752
4824,0.533455,0.530791,0.533695
4825,0.533423,0.530758,0.533665
4826,0.533345,0.530679,0.533588
4827,0.533274,0.530608,0.533519
4828,0.533234,0.530567,0.533479
4829,0.533171,0.530503,0.533417
4830,0.533113,0.530445,0.533361
4831,0.533058,0.530389,0.533307
4832,0.532983,0.530314,0.533234
4833,0.5329,0.53023,0.533152
4834,0.532818,0.530147,0.533071
4835,0.532754,0.530082,0.533006
4836,0.532665,0.529992,0.532917
4837,0.532622,0.529949,0.532875
4838,0.532552,0.529879,0.532805
4839,0.53252,0.529846,0.532773
4840,0.532443,0.529769,0.532697
4841,0.532417,0.529742,0.53267
4842,0.532328,0.529652,0.532583
4843,0.532276,0.5296,0.532531
4844,0.532194,0.529516,0.532449
4845,0.532143,0.529466,0.532399
4846,0.532054,0.529375,0.53231
4847,0.531964,0.529284,0.532219
4848,0.531908,0.529228,0.532163
4849,0.53187,0.52919,0.532124
4850,0.531777,0.529096,0.532031
4851,0.531719,0.529037,0.531972
4852,0.531665,0.528983,0.531918
4853,0.531645,0.528963,0.531897
4854,0.531591,0.528908,0.531844
4855,0.531544,0.52886,0.531797
4856,0.531454,0.528769,0.531708
4857,0.531396,0.528711,0.53165
4858,0.531326,0.52864,0.53158
4859,0.531247,0.52856,0.531501
4860,0.531186,0.528498,0.53144
4861,0.531104,0.528416,0.531357
4862,0.53102,0.528331,0.531273
4863,0.530933,0.528243,0.531184
4864,0.53091,0.52822,0.531159
4865,0.530822,0.528131,0.531069
4866,0.530801,0.52811,0.531047
4867,0.530756,0.528064,0.531001
4868,0.530704,0.528012,0.530948
4869,0.530619,0.527926,0.530863
4870,0.530595,0.527902,0.530838
4871,0.530521,0.527827,0.530764
4872,0.53049,0.527795,0.530732
4873,0.530435,0.527741,0.530678
4874,0.530388,0.527693,0.530631
4875,0.530325,0.52763,0.530568
4876,0.530253,0.527556,0.530496
4877,0.530173,0.527476,0.530416
4878,0.530087,0.527389,0.530328
4879,0.53002,0.527321,0.530259
4880,0.53,0.527301,0.530238
4881,0.529946,0.527247,0.530184
4882,0.529868,0.527167,0.530105
4883,0.529816,0.527115,0.530052
4884,0.529773,0.527072,0.530008
4885,0.529751,0.52705,0.529985
4886,0.529688,0.526986,0.529922
4887,0.529648,0.526945,0.529882
4888,0.529602,0.526899,0.529836
4889,0.529521,0.526817,0.529756
4890,0.529492,0.526788,0.529727
4891,0.52941,0.526705,0.529645
4892,0.52938,0.526675,0.529614
4893,0.529331,0.526625,0.529566
4894,0.529257,0.526551,0.529493
4895,0.529176,0.526469,0.529412
4896,0.529111,0.526403,0.529346
4897,0.52904,0.526331,0.529274
4898,0.529001,0.526292,0.529235
4899,0.528956,0.526246,0.529189
4900,0.528867,0.526156,0.529099
4901,0.528819,0.526108,0.52905
4902,0.528799,0.526088,0.529029
4903,0.52873,0.526018,0.52896
4904,0.528709,0.525997,0.528939
4905,0.528655,0.525943,0.528885
4906,0.528588,0.525875,0.528819
4907,0.528569,0.525856,0.5288
4908,0.528489,0.525775,0.528721
4909,0.528432,0.525717,0.528663
4910,0.528356,0.525641,0.528588
4911,0.528337,0.525621,0.528568
4912,0.528279,0.525562,0.528511
4913,0.528193,0.525476,0.528426
4914,0.528103,0.525385,0.528335
4915,0.528078,0.52536,0.528309
4916,0.528029,0.525311,0.52826
4917,0.527939,0.52522,0.52817
4918,0.527901,0.525181,0.528131
4919,0.527862,0.525142,0.528091
4920,0.527842,0.525122,0.528071
4921,0.527809,0.525088,0.528039
4922,0.527719,0.524997,0.52795
4923,0.527669,0.524946,0.5279
4924,0.527635,0.524912,0.527867
4925,0.527545,0.524822,0.527778
4926,0.527479,0.524755,0.527712
4927,0.527395,0.52467,0.527627
4928,0.527316,0.52459,0.527547
4929,0.527284,0.524558,0.527514
4930,0.527259,0.524532,0.527488
4931,0.527213,0.524486,0.527442
4932,0.527144,0.524416,0.527373
4933,0.527119,0.524391,0.527348
4934,0.527091,0.524363,0.527321
4935,0.527026,0.524297,0.527256
4936,0.526956,0.524227,0.527187
4937,0.526902,0.524172,0.527134
4938,0.52682,0.52409,0.527052
4939,0.526763,0.524032,0.526995
4940,0.526689,0.523957,0.52692
4941,0.52664,0.523907,0.526871
4942,0.52657,0.523837,0.526801
4943,0.526518,0.523784,0.526747
4944,0.526463,0.523729,0.526692
4945,0.526411,0.523676,0.526639
4946,0.526377,0.523641,0.526604
4947,0.526354,0.523619,0.526582
4948,0.526271,0.523535,0.526499
4949,0.526194,0.523457,0.526421
4950,0.526165,0.523428,0.526392
4951,0.52612,0.523382,0.526346
4952,0.526101,0.523363,0.526328
4953,0.526037,0.523298,0.526265
4954,0.525952,0.523213,0.526181
4955,0.525893,0.523153,0.526121
4956,0.525848,0.523107,0.526076
4957,0.525772,0.52303,0.526
4958,0.525733,0.522992,0.525962
4959,0.525705,0.522963,0.525934
4960,0.525647,0.522904,0.525876
4961,0.525588,0.522845,0.525818
4962,0.525546,0.522802,0.525776
4963,0.525456,0.522711,0.525687
4964,0.525412,0.522667,0.525643
4965,0.525337,0.522591,0.525569
4966,0.525258,0.522511,0.525489
4967,0.525213,0.522466,0.525444
4968,0.525121,0.522373,0.525351
4969,0.525092,0.522344,0.525321
4970,0.52506,0.522311,0.525288
4971,0.524982,0.522233,0.525211
4972,0.52491,0.52216,0.525137
4973,0.524873,0.522123,0.525099
4974,0.52479,0.522039,0.525015
4975,0.524734,0.521982,0.524958
4976,0.524661,0.521909,0.524884
4977,0.524583,0.52183,0.524803
4978,0.52454,0.521787,0.524758
4979,0.524508,0.521754,0.524723
4980,0.524471,0.521717,0.524684
4981,0.52444,0.521685,0.524651
4982,0.524383,0.521627,0.524593
4983,0.524359,0.521603,0.524568
4984,0.524274,0.521518,0.524482
4985,0.524231,0.521474,0.524436
4986,0.524212,0.521455,0.524416
4987,0.524191,0.521433,0.524394
4988,0.524121,0.521363,0.524324
4989,0.524096,0.521338,0.524298
4990,0.524062,0.521304,0.524264
4991,0.524041,0.521282,0.524243
4992,0.524012,0.521253,0.524215
4993,0.523926,0.521166,0.524129
4994,0.52389,0.52113,0.524094
4995,0.523863,0.521103,0.524067
4996,0.523833,0.521072,0.524038
4997,0.523805,0.521044,0.524011
4998,0.523762,0.521001,0.523971
4999,0.5237,0.520938,0.523911
5000,0.523632,0.520869,0.523844
5001,0.523566,0.520803,0.52378
5002,0.523521,0.520758,0.523736
5003,0.523499,0.520735,0.523715
5004,0.523407,0.520642,0.523624
5005,0.523338,0.520572,0.523556
5006,0.523305,0.520539,0.523524
5007,0.523264,0.520498,0.523484
5008,0.523216,0.520449,0.523438
5009,0.523176,0.520409,0.5234
5010,0.523125,0.520358,0.523351
5011,0.52305,0.520281,0.523277
5012,0.522959,0.52019,0.523187
5013,0.522909,0.520139,0.523138
5014,0.522843,0.520072,0.523072
5015,0.522756,0.519985,0.522986
5016,0.522707,0.519935,0.522937
5017,0.522676,0.519904,0.522906
5018,0.522601,0.519828,0.522831
5019,0.522534,0.51976,0.522764
5020,0.522473,0.519699,0.522703
5021,0.52245,0.519676,0.52268
5022,0.522377,0.519602,0.522607
5023,0.522318,0.519542,0.522548
5024,0.522279,0.519503,0.52251
5025,0.522224,0.519447,0.522455
5026,0.522176,0.519398,0.522407
5027,0.522083,0.519305,0.522315
5028,0.522027,0.519248,0.522259
5029,0.521986,0.519207,0.522218
5030,0.521914,0.519135,0.522147
5031,0.521855,0.519074,0.522087
5032,0.521822,0.519041,0.522054
5033,0.521792,0.519011,0.522025
5034,0.521716,0.518934,0.521949
5035,0.521642,0.518859,0.521876
5036,0.521575,0.518792,0.521809
5037,0.521544,0.51876,0.521778
5038,0.521495,0.518711,0.52173
5039,0.521463,0.518679,0.521699
5040,0.521403,0.518618,0.52164
5041,0.521348,0.518562,0.521586
5042,0.521291,0.518505,0.521531
5043,0.521199,0.518412,0.52144
5044,0.521155,0.518368,0.521398
5045,0.521064,0.518276,0.521308
5046,0.520989,0.5182,0.521232
5047,0.520899,0.518109,0.521143
5048,0.520823,0.518032,0.521066
5049,0.520775,0.517984,0.521017
5050,0.520741,0.51795,0.520982
5051,0.520666,0.517873,0.520906
5052,0.520582,0.517788,0.520821
5053,0.520534,0.51774,0.520772
5054,0.520461,0.517666,0.520698
5055,0.52043,0.517635,0.520666
5056,0.520396,0.517601,0.520631
5057,0.520314,0.517518,0.520549
5058,0.520266,0.51747,0.5205
5059,0.520237,0.51744,0.52047
5060,0.520196,0.517398,0.520429
5061,0.52013,0.517332,0.520364
5062,0.520098,0.5173,0.520332
5063,0.520049,0.51725,0.520283
5064,0.519999,0.5172,0.520234
5065,0.519907,0.517107,0.520144
5066,0.51987,0.51707,0.520107
5067,0.51982,0.517019,0.520058
5068,0.519741,0.516939,0.519979
5069,0.519692,0.51689,0.519931
5070,0.519638,0.516835,0.519877
5071,0.519602,0.516799,0.519843
5072,0.519521,0.516717,0.519762
5073,0.519454,0.51665,0.519696
5074,0.519416,0.516612,0.519659
5075,0.519351,0.516545,0.519595
5076,0.519258,0.516452,0.519503
5077,0.519176,0.516369,0.51942
5078,0.519103,0.516295,0.519347
5079,0.519058,0.516249,0.519301
5080,0.51897,0.516161,0.519213
5081,0.518924,0.516114,0.519166
5082,0.518872,0.516062,0.519114
5083,0.518786,0.515975,0.519027
5084,0.518744,0.515932,0.518983
5085,0.518665,0.515852,0.518903
5086,0.518595,0.515782,0.518832
5087,0.518537,0.515723,0.518772
5088,0.518482,0.515668,0.518715
5089,0.518426,0.515611,0.518657
5090,0.518396,0.515581,0.518625
5091,0.518366,0.51555,0.518594
5092,0.518275,0.515459,0.518502
5093,0.518244,0.515427,0.51847
5094,0.518222,0.515405,0.518447
5095,0.518151,0.515334,0.518376
5096,0.518129,0.515311,0.518354
5097,0.518091,0.515273,0.518316
5098,0.518023,0.515204,0.518248
5099,0.517968,0.515148,0.518193
5100,0.517928,0.515108,0.518154
5101,0.517875,0.515054,0.518101
5102,0.517848,0.515028,0.518075
5103,0.517778,0.514957,0.518006
5104,0.517705,0.514883,0.517933
5105,0.517658,0.514836,0.517888
5106,0.517624,0.514801,0.517854
5107,0.517556,0.514732,0.517787
5108,0.517483,0.514659,0.517715
5109,0.517421,0.514596,0.517653
5110,0.51733,0.514505,0.517562
5111,0.517256,0.51443,0.517487
5112,0.517222,0.514395,0.517452
5113,0.517151,0.514324,0.517381
5114,0.517073,0.514244,0.517301
5115,0.517041,0.514212,0.517268
5116,0.516994,0.514165,0.51722
5117,0.516956,0.514127,0.517182
5118,0.516936,0.514106,0.517161
5119,0.516877,0.514047,0.517102
5120,0.516799,0.513968,0.517024
5121,0.516765,0.513934,0.516991
5122,0.516729,0.513898,0.516955
5123,0.516643,0.51381,0.516869
5124,0.516621,0.513788,0.516847
5125,0.516592,0.513759,0.51682
5126,0.516512,0.513679,0.516741
5127,0.51647,0.513636,0.516699
5128,0.51641,0.513575,0.51664
5129,0.516358,0.513523,0.51659
5130,0.516303,0.513467,0.516536
5131,0.516232,0.513396,0.516466
5132,0.516164,0.513327,0.516398
5133,0.516098,0.51326,0.516333
5134,0.51602,0.513182,0.516255
5135,0.515943,0.513103,0.516177
5136,0.515853,0.513012,0.516086
5137,0.515829,0.512988,0.516061
5138,0.515774,0.512932,0.516005
5139,0.51569,0.512848,0.51592
5140,0.515654,0.512812,0.515883
5141,0.515572,0.512729,0.5158
5142,0.515485,0.512641,0.515711
5143,0.515439,0.512594,0.515661
5144,0.515416,0.512572,0.515637
5145,0.515392,0.512547,0.515611
5146,0.51536,0.512515,0.515578
5147,0.51532,0.512474,0.515538
5148,0.51529,0.512444,0.515508
5149,0.515264,0.512418,0.515483
5150,0.515212,0.512365,0.515431
5151,0.515172,0.512325,0.515393
5152,0.515136,0.512288,0.515358
5153,0.515089,0.51224,0.515312
5154,0.515005,0.512156,0.51523
5155,0.514959,0.512109,0.515185
5156,0.514904,0.512054,0.515132
5157,0.514818,0.511967,0.515046
5158,0.514738,0.511887,0.514968
5159,0.514679,0.511826,0.514908
5160,0.514639,0.511786,0.514868
5161,0.514552,0.511698,0.514781
5162,0.514509,0.511655,0.514738
5163,0.514434,0.511579,0.514662
5164,0.514379,0.511524,0.514607
5165,0.514325,0.511469,0.514552
5166,0.514284,0.511428,0.514511
5167,0.514223,0.511366,0.514449
5168,0.514204,0.511347,0.51443
5169,0.514162,0.511304,0.514388
5170,0.514112,0.511254,0.514339
5171,0.51407,0.511211,0.514298
5172,0.514027,0.511168,0.514257
5173,0.514007,0.511148,0.514238
5174,0.513955,0.511096,0.514189
5175,0.513869,0.511008,0.514105
5176,0.513827,0.510966,0.514065
5177,0.513739,0.510877,0.513979
5178,0.513652,0.51079,0.513893
5179,0.513577,0.510714,0.513819
5180,0.513488,0.510624,0.51373
5181,0.513406,0.510541,0.513648
5182,0.513344,0.510478,0.513585
5183,0.513262,0.510396,0.513502
5184,0.513198,0.510331,0.513436
5185,0.51313,0.510262,0.513366
5186,0.513084,0.510216,0.513319
5187,0.513048,0.510179,0.513281
5188,0.512996,0.510127,0.513228
5189,0.512968,0.510099,0.5132
5190,0.512931,0.510061,0.513162
5191,0.512849,0.509979,0.513081
5192,0.512771,0.5099,0.513002
5193,0.512747,0.509876,0.512977
5194,0.512696,0.509824,0.512925
5195,0.512613,0.509741,0.512842
5196,0.512576,0.509702,0.512804
5197,0.51252,0.509646,0.512748
5198,0.51245,0.509576,0.512677
5199,0.512372,0.509496,0.512598
5200,0.512351,0.509476,0.512576
5201,0.512285,0.509409,0.512509
5202,0.512198,0.509321,0.512421
5203,0.512176,0.509299,0.512397
5204,0.512156,0.509279,0.512377
5205,0.512132,0.509255,0.512353
5206,0.512085,0.509207,0.512306
5207,0.512031,0.509152,0.512252
5208,0.511961,0.509082,0.512183
5209,0.511915,0.509035,0.512137
5210,0.511836,0.508955,0.512058
5211,0.511804,0.508923,0.512026
5212,0.511733,0.508851,0.511955
5213,0.511696,0.508814,0.511918
5214,0.511609,0.508726,0.511831
5215,0.511554,0.50867,0.511775
5216,0.511478,0.508594,0.511698
5217,0.511456,0.508572,0.511675
5218,0.511397,0.508512,0.511615
5219,0.511346,0.50846,0.511564
5220,0.511321,0.508435,0.511538
5221,0.511274,0.508387,0.511491
5222,0.511242,0.508355,0.511459
5223,0.511157,0.508269,0.511374
5224,0.511105,0.508217,0.511322
5225,0.511054,0.508165,0.51127
5226,0.511024,0.508135,0.511241
5227,0.510997,0.508108,0.511214
5228,0.510958,0.508069,0.511176
5229,0.510931,0.508041,0.511151
5230,0.51086,0.50797,0.511081
5231,0.51084,0.507949,0.511063
5232,0.510778,0.507887,0.511003
5233,0.510689,0.507797,0.510915
5234,0.510626,0.507733,0.510853
5235,0.510569,0.507675,0.510797
5236,0.510522,0.507628,0.510751
5237,0.510429,0.507535,0.51066
5238,0.510389,0.507493,0.510619
5239,0.510329,0.507433,0.510561
5240,0.51026,0.507363,0.510491
5241,0.510207,0.50731,0.510439
5242,0.510141,0.507244,0.510374
5243,0.510057,0.507158,0.510289
5244,0.510028,0.507129,0.51026
5245,0.509973,0.507074,0.510205
5246,0.509895,0.506994,0.510127
5247,0.509855,0.506954,0.510086
5248,0.509791,0.50689,0.510023
5249,0.509755,0.506853,0.509986
5250,0.509687,0.506785,0.509919
5251,0.509626,0.506723,0.509858
5252,0.509594,0.506691,0.509826
5253,0.509528,0.506624,0.509761
5254,0.509448,0.506543,0.509681
5255,0.509378,0.506473,0.509611
5256,0.509344,0.506439,0.509577
5257,0.509259,0.506353,0.509491
5258,0.509241,0.506334,0.509472
5259,0.509161,0.506254,0.509392
5260,0.509099,0.506191,0.50933
5261,0.509044,0.506136,0.509275
5262,0.509008,0.506099,0.509238
5263,0.508948,0.506038,0.509178
5264,0.50886,0.505949,0.509089
5265,0.508799,0.505888,0.509028
5266,0.508751,0.505839,0.508978
5267,0.508694,0.505782,0.508921
5268,0.508628,0.505715,0.508853
5269,0.508579,0.505666,0.508804
5270,0.508553,0.50564,0.508777
5271,0.508466,0.505551,0.508688
5272,0.508437,0.505523,0.508659
5273,0.508414,0.505499,0.508635
5274,0.508371,0.505456,0.508592
5275,0.508297,0.505381,0.508519
5276,0.508272,0.505356,0.508494
5277,0.508207,0.50529,0.508429
5278,0.508169,0.505252,0.508391
5279,0.5081,0.505182,0.508322
5280,0.508057,0.505139,0.50828
5281,0.508028,0.505109,0.508251
5282,0.507971,0.505051,0.508194
5283,0.507917,0.504997,0.508142
5284,0.507856,0.504936,0.508082
5285,0.50782,0.504899,0.508047
5286,0.507761,0.50484,0.507989
5287,0.507671,0.504749,0.5079
5288,0.507619,0.504697,0.507848
5289,0.507562,0.504639,0.507792
5290,0.507524,0.5046,0.507754
5291,0.507433,0.504509,0.507664
5292,0.507357,0.504432,0.507588
5293,0.507338,0.504412,0.507568
5294,0.507265,0.504338,0.507495
5295,0.507206,0.50428,0.507437
5296,0.507176,0.504249,0.507407
5297,0.5071,0.504172,0.507331
5298,0.507031,0.504102,0.507262
5299,0.506966,0.504037,0.507197
5300,0.506907,0.503977,0.507137
5301,0.506884,0.503954,0.507114
5302,0.506823,0.503892,0.507053
5303,0.506784,0.503853,0.507015
5304,0.506733,0.503801,0.506964
5305,0.506696,0.503764,0.506928
5306,0.506631,0.503698,0.506863
5307,0.506544,0.50361,0.506778
5308,0.50648,0.503545,0.506713
5309,0.506449,0.503514,0.506683
5310,0.506398,0.503463,0.506633
5311,0.506311,0.503375,0.506546
5312,0.506286,0.50335,0.506522
5313,0.506225,0.503289,0.506462
5314,0.506152,0.503215,0.506389
5315,0.506066,0.503128,0.506304
5316,0.506002,0.503063,0.506239
5317,0.505932,0.502993,0.506169
5318,0.505841,0.5029,0.506076
5319,0.505818,0.502877,0.506052
5320,0.505725,0.502783,0.505958
5321,0.505702,0.50276,0.505934
5322,0.505656,0.502714,0.505887
5323,0.505603,0.50266,0.505833
5324,0.505544,0.502601,0.505774
5325,0.505473,0.502529,0.505702
5326,0.505445,0.5025,0.505674
5327,0.505382,0.502437,0.50561
5328,0.505308,0.502362,0.505535
5329,0.505243,0.502297,0.505469
5330,0.505179,0.502232,0.505404
5331,0.505159,0.502211,0.505383
5332,0.505113,0.502165,0.505336
5333,0.505089,0.50214,0.505311
5334,0.50501,0.502061,0.505232
5335,0.504974,0.502024,0.505196
5336,0.504888,0.501938,0.505111
5337,0.504856,0.501906,0.505078
5338,0.504772,0.501821,0.504993
5339,0.504738,0.501787,0.504959
5340,0.504688,0.501736,0.504908
5341,0.504669,0.501716,0.504888
5342,0.504643,0.501691,0.504864
5343,0.504552,0.501599,0.504773
5344,0.504508,0.501554,0.504729
5345,0.504471,0.501517,0.504692
5346,0.504398,0.501443,0.50462
5347,0.504322,0.501366,0.504544
5348,0.504303,0.501347,0.504524
5349,0.504227,0.50127,0.504449
5350,0.504166,0.501209,0.504388
5351,0.504112,0.501154,0.504334
5352,0.504088,0.50113,0.504309
5353,0.50406,0.501101,0.504282
5354,0.503983,0.501024,0.504206
5355,0.503907,0.500947,0.50413
5356,0.503871,0.500911,0.504094
5357,0.503842,0.500881,0.504066
5358,0.503804,0.500843,0.504029
5359,0.503729,0.500767,0.503955
5360,0.503677,0.500714,0.503904
5361,0.503653,0.50069,0.503882
5362,0.503576,0.500613,0.503807
5363,0.503531,0.500567,0.503763
5364,0.503476,0.500512,0.50371
5365,0.50339,0.500425,0.503625
5366,0.503322,0.500356,0.503558
5367,0.503261,0.500294,0.503497
5368,0.503175,0.500207,0.503412
5369,0.503091,0.500123,0.503328
5370,0.503031,0.500063,0.503268
5371,0.502947,0.499977,0.503182
5372,0.502879,0.499909,0.503113
5373,0.502816,0.499845,0.503049
5374,0.502775,0.499804,0.503006
5375,0.502729,0.499757,0.502958
5376,0.502697,0.499725,0.502926
5377,0.502606,0.499633,0.502833
5378,0.50257,0.499597,0.502796
5379,0.502515,0.499541,0.50274
5380,0.502471,0.499497,0.502695
5381,0.502432,0.499457,0.502655
5382,0.502382,0.499406,0.502604
5383,0.502328,0.499352,0.50255
5384,0.502284,0.499308,0.502506
5385,0.502242,0.499266,0.502464
5386,0.502199,0.499222,0.502421
5387,0.502146,0.499169,0.502369
5388,0.502085,0.499107,0.502308
5389,0.502032,0.499054,0.502255
5390,0.501976,0.498997,0.502199
5391,0.501911,0.498931,0.502134
5392,0.501852,0.498872,0.502075
5393,0.501797,0.498816,0.502019
5394,0.501768,0.498786,0.50199
5395,0.501692,0.49871,0.501915
5396,0.501655,0.498672,0.501877
5397,0.501608,0.498625,0.50183
5398,0.501547,0.498563,0.501769
5399,0.501509,0.498525,0.501731
5400,0.50144,0.498455,0.501663
5401,0.501367,0.498381,0.501589
5402,0.501341,0.498355,0.501563
5403,0.501303,0.498317,0.501526
5404,0.501213,0.498226,0.501436
5405,0.501163,0.498175,0.501386
5406,0.501094,0.498106,0.501317
5407,0.50101,0.498021,0.501231
5408,0.500967,0.497978,0.501187
5409,0.50091,0.497921,0.50113
5410,0.500882,0.497892,0.501101
5411,0.500827,0.497836,0.501044
5412,0.50075,0.497759,0.500967
5413,0.500667,0.497674,0.500882
5414,0.500623,0.49763,0.500836
5415,0.500592,0.497599,0.500803
5416,0.500555,0.497562,0.500765
5417,0.500482,0.497487,0.50069
5418,0.500459,0.497464,0.500666
5419,0.500407,0.497412,0.500613
5420,0.500384,0.497389,0.500589
5421,0.500349,0.497353,0.500554
5422,0.50026,0.497263,0.500464
5423,0.500227,0.49723,0.50043
5424,0.500205,0.497208,0.500407
5425,0.500179,0.497182,0.500382
5426,0.500125,0.497127,0.500328
5427,0.500083,0.497084,0.500285
5428,0.500043,0.497044,0.500246
5429,0.499959,0.49696,0.500163
5430,0.499932,0.496932,0.500135
5431,0.499863,0.496862,0.500066
5432,0.49984,0.496839,0.500043
5433,0.499795,0.496794,0.499999
5434,0.499744,0.496743,0.499948
5435,0.499671,0.496669,0.499875
5436,0.499637,0.496634,0.49984
5437,0.499609,0.496606,0.499813
5438,0.49959,0.496587,0.499795
5439,0.499521,0.496518,0.499727
5440,0.499475,0.496471,0.499681
5441,0.499432,0.496428,0.49964
5442,0.499372,0.496366,0.49958
5443,0.499325,0.496319,0.499534
5444,0.499243,0.496236,0.499453
5445,0.499224,0.496217,0.499434
5446,0.499198,0.496191,0.49941
5447,0.499135,0.496127,0.499347
5448,0.499102,0.496094,0.499316
5449,0.499037,0.496029,0.499253
5450,0.498952,0.495942,0.499169
5451,0.498866,0.495856,0.499083
5452,0.498818,0.495807,0.499035
5453,0.498727,0.495716,0.498944
5454,0.498693,0.495681,0.498909
5455,0.49865,0.495637,0.498865
5456,0.498593,0.49558,0.498808
5457,0.498569,0.495556,0.498784
5458,0.498478,0.495464,0.498693
5459,0.498441,0.495427,0.498656
5460,0.49842,0.495405,0.498634
5461,0.498399,0.495384,0.498614
5462,0.498371,0.495355,0.498587
5463,0.498291,0.495275,0.498509
5464,0.498201,0.495184,0.49842
5465,0.498169,0.495151,0.498388
5466,0.498127,0.495109,0.498347
5467,0.498041,0.495022,0.498262
5468,0.497984,0.494965,0.498205
5469,0.497928,0.494908,0.49815
5470,0.497864,0.494844,0.498086
5471,0.497784,0.494763,0.498006
5472,0.497701,0.494679,0.497922
5473,0.497674,0.494652,0.497894
5474,0.497598,0.494575,0.497817
5475,0.497569,0.494546,0.497787
5476,0.497499,0.494475,0.497717
5477,0.497472,0.494447,0.497688
5478,0.497395,0.49437,0.497611
5479,0.497363,0.494338,0.497578
5480,0.497338,0.494312,0.497552
5481,0.497284,0.494258,0.497498
5482,0.497192,0.494165,0.497406
5483,0.497172,0.494145,0.497385
5484,0.497139,0.494111,0.497352
5485,0.497108,0.49408,0.497322
5486,0.497023,0.493994,0.497237
5487,0.496969,0.493939,0.497182
5488,0.496945,0.493915,0.497159
5489,0.496862,0.493832,0.497077
5490,0.496833,0.493802,0.497047
5491,0.496791,0.493759,0.497005
5492,0.496754,0.493723,0.49697
5493,0.496664,0.493632,0.49688
5494,0.496623,0.49359,0.496839
5495,0.496534,0.493501,0.49675
5496,0.496465,0.49343,0.49668
5497,0.496424,0.493389,0.496638
5498,0.496351,0.493315,0.496564
5499,0.496281,0.493245,0.496493
5500,0.496229,0.493192,0.496438
5501,0.496193,0.493156,0.496401
5502,0.496167,0.49313,0.496374
5503,0.496107,0.493069,0.496313
5504,0.496043,0.493004,0.496247
5505,0.496023,0.492984,0.496226
5506,0.496,0.492961,0.496202
5507,0.495981,0.492942,0.496183
5508,0.495912,0.492872,0.496114
5509,0.495866,0.492826,0.496068
5510,0.49584,0.4928,0.496042
5511,0.495806,0.492765,0.496008
5512,0.49573,0.492688,0.495932
5513,0.495698,0.492656,0.495901
5514,0.495643,0.492601,0.495847
5515,0.495607,0.492564,0.495811
5516,0.495572,0.492529,0.495777
5517,0.495528,0.492484,0.495734
5518,0.495504,0.49246,0.495711
5519,0.495441,0.492396,0.49565
5520,0.495405,0.49236,0.495616
5521,0.495339,0.492294,0.495552
5522,0.495251,0.492204,0.495465
5523,0.495187,0.49214,0.495401
5524,0.495147,0.4921,0.495362
5525,0.495125,0.492077,0.49534
5526,0.49506,0.492011,0.495277
5527,0.495015,0.491966,0.495233
5528,0.49495,0.4919,0.49517
5529,0.494868,0.491818,0.495089
5530,0.494843,0.491792,0.495064
5531,0.494807,0.491756,0.495029
5532,0.494759,0.491708,0.494984
5533,0.494708,0.491656,0.494934
5534,0.494634,0.491581,0.494862
5535,0.494572,0.491519,0.494802
5536,0.494484,0.49143,0.494714
5537,0.494438,0.491383,0.494669
5538,0.494362,0.491307,0.494594
5539,0.494334,0.491278,0.494566
5540,0.494272,0.491216,0.494506
5541,0.494214,0.491157,0.494449
5542,0.494151,0.491093,0.494387
5543,0.494131,0.491073,0.494368
5544,0.494059,0.491001,0.494298
5545,0.493989,0.49093,0.49423
5546,0.493908,0.490848,0.49415
5547,0.493824,0.490763,0.494067
5548,0.493744,0.490683,0.493987
5549,0.493689,0.490627,0.493932
5550,0.493631,0.490568,0.493874
5551,0.493554,0.490491,0.493797
5552,0.493471,0.490406,0.493713
5553,0.493422,0.490357,0.493663
5554,0.493363,0.490298,0.493604
5555,0.493271,0.490205,0.493511
5556,0.493241,0.490175,0.493479
5557,0.493182,0.490115,0.493419
5558,0.493091,0.490022,0.493327
5559,0.493027,0.489958,0.493261
5560,0.492976,0.489907,0.493209
5561,0.492944,0.489874,0.493175
5562,0.492898,0.489828,0.493129
5563,0.492856,0.489786,0.493086
5564,0.492766,0.489695,0.492994
5565,0.492725,0.489653,0.492952
5566,0.492649,0.489577,0.492875
5567,0.492587,0.489514,0.492811
5568,0.492567,0.489494,0.49279
5569,0.49251,0.489436,0.492731
5570,0.492456,0.489382,0.492677
5571,0.4924,0.489324,0.492619
5572,0.49236,0.489284,0.492578
5573,0.492341,0.489265,0.492558
5574,0.492322,0.489246,0.49254
5575,0.492237,0.48916,0.492455
5576,0.49217,0.489092,0.492387
5577,0.492109,0.489031,0.492326
5578,0.492047,0.488969,0.492263
5579,0.491984,0.488905,0.492199
5580,0.491919,0.488839,0.492133
5581,0.491855,0.488774,0.492066
5582,0.491813,0.488732,0.492022
5583,0.49178,0.488699,0.491988
5584,0.491741,0.488659,0.491948
5585,0.491717,0.488635,0.491922
5586,0.491663,0.48858,0.491867
5587,0.491643,0.48856,0.491847
5588,0.491622,0.488539,0.491826
5589,0.491596,0.488513,0.491801
5590,0.491576,0.488493,0.491783
5591,0.491524,0.48844,0.491733
5592,0.491504,0.48842,0.491715
5593,0.491473,0.488389,0.491686
5594,0.491402,0.488317,0.491618
5595,0.491317,0.488232,0.491536
5596,0.491261,0.488175,0.491481
5597,0.491224,0.488137,0.491446
5598,0.491165,0.488078,0.49139
5599,0.49113,0.488042,0.491357
5600,0.491056,0.487967,0.491285
5601,0.490965,0.487875,0.491196
5602,0.490884,0.487794,0.491116
5603,0.490838,0.487747,0.491071
5604,0.490772,0.487681,0.491007
5605,0.490699,0.487607,0.490934
5606,0.490627,0.487534,0.490862
5607,0.490563,0.48747,0.490798
5608,0.490483,0.487389,0.490719
5609,0.490441,0.487346,0.490676
5610,0.490382,0.487286,0.490617
5611,0.49034,0.487244,0.490575
5612,0.490312,0.487216,0.490547
5613,0.490248,0.487152,0.490485
5614,0.490213,0.487116,0.490451
5615,0.490141,0.487043,0.49038
5616,0.490048,0.48695,0.490288
5617,0.489991,0.486892,0.490231
5618,0.489944,0.486844,0.490185
5619,0.489903,0.486803,0.490145
5620,0.489821,0.48672,0.490064
5621,0.489741,0.486639,0.489984
5622,0.489702,0.4866,0.489945
5623,0.489634,0.486532,0.489878
5624,0.489566,0.486463,0.48981
5625,0.489491,0.486387,0.489736
5626,0.489424,0.486319,0.489668
5627,0.489342,0.486236,0.489585
5628,0.489288,0.486182,0.489531
5629,0.489211,0.486104,0.489453
5630,0.489132,0.486025,0.489373
5631,0.489073,0.485965,0.489312
5632,0.489,0.485891,0.489238
5633,0.488953,0.485843,0.489188
5634,0.488909,0.485799,0.489142
5635,0.48882,0.485709,0.489051
5636,0.488764,0.485652,0.488993
5637,0.488735,0.485623,0.488962
5638,0.488707,0.485595,0.488933
5639,0.488664,0.485552,0.488889
5640,0.488602,0.485489,0.488825
5641,0.488582,0.485469,0.488805
5642,0.488559,0.485446,0.488782
5643,0.488508,0.485394,0.488731
5644,0.488476,0.485362,0.4887
5645,0.488407,0.485292,0.488632
5646,0.488351,0.485236,0.488577
5647,0.488268,0.485151,0.488493
5648,0.488216,0.485099,0.488441
5649,0.488142,0.485024,0.488367
5650,0.488113,0.484995,0.488338
5651,0.48806,0.484942,0.488285
5652,0.487979,0.48486,0.488203
5653,0.487908,0.484788,0.488131
5654,0.487868,0.484747,0.48809
5655,0.487831,0.484711,0.488053
5656,0.487765,0.484644,0.487986
5657,0.487736,0.484614,0.487956
5658,0.487697,0.484575,0.487918
5659,0.487671,0.484549,0.487892
5660,0.487628,0.484506,0.48785
5661,0.487549,0.484425,0.487772
5662,0.4875,0.484376,0.487723
5663,0.487447,0.484323,0.487671
5664,0.487407,0.484282,0.487632
5665,0.487327,0.484202,0.487553
5666,0.487286,0.484159,0.487511
5667,0.487258,0.484132,0.487485
5668,0.487167,0.484039,0.487394
5669,0.487083,0.483955,0.487311
5670,0.487011,0.483882,0.487239
5671,0.48694,0.48381,0.487167
5672,0.486905,0.483775,0.487131
5673,0.486861,0.483731,0.487086
5674,0.486825,0.483694,0.48705
5675,0.486803,0.483672,0.487029
5676,0.486726,0.483594,0.486952
5677,0.486669,0.483537,0.486896
5678,0.4866,0.483467,0.486827
5679,0.486523,0.483389,0.486749
5680,0.486502,0.483368,0.486728
5681,0.486479,0.483345,0.486705
5682,0.486448,0.483313,0.486675
5683,0.486413,0.483278,0.486643
5684,0.486329,0.483194,0.48656
5685,0.486269,0.483132,0.486501
5686,0.486178,0.48304,0.486411
5687,0.486134,0.482997,0.486369
5688,0.486095,0.482957,0.48633
5689,0.486012,0.482873,0.486249
5690,0.485929,0.482789,0.486166
5691,0.485879,0.482739,0.486116
5692,0.485805,0.482664,0.486042
5693,0.485751,0.48261,0.485988
5694,0.485707,0.482565,0.485945
5695,0.485643,0.4825,0.485881
5696,0.485563,0.482419,0.4858
5697,0.485491,0.482347,0.485729
5698,0.485442,0.482297,0.485678
5699,0.48537,0.482225,0.485606
5700,0.48533,0.482185,0.485565
5701,0.485264,0.482118,0.485499
5702,0.485188,0.482041,0.485422
5703,0.485138,0.481991,0.485371
5704,0.48512,0.481972,0.485352
5705,0.485037,0.481888,0.485268
5706,0.484995,0.481845,0.485226
5707,0.484916,0.481766,0.485146
5708,0.48484,0.481689,0.485069
5709,0.484796,0.481645,0.485024
5710,0.484751,0.481599,0.484977
5711,0.484726,0.481574,0.484952
5712,0.484655,0.481503,0.484881
5713,0.484598,0.481445,0.484823
5714,0.484578,0.481425,0.484802
5715,0.484512,0.481358,0.484737
5716,0.484452,0.481297,0.484676
5717,0.4844,0.481245,0.484624
5718,0.484356,0.481201,0.48458
5719,0.484294,0.481137,0.484517
5720,0.484241,0.481085,0.484464
5721,0.484209,0.481052,0.484432
5722,0.484178,0.481021,0.484401
5723,0.484096,0.480938,0.484319
5724,0.484019,0.48086,0.484242
5725,0.483992,0.480833,0.484215
5726,0.483919,0.48076,0.484142
5727,0.483867,0.480707,0.48409
5728,0.483844,0.480683,0.484066
5729,0.483779,0.480618,0.484002
5730,0.483758,0.480596,0.48398
5731,0.483729,0.480567,0.483953
5732,0.483656,0.480493,0.483881
5733,0.483611,0.480448,0.483837
5734,0.483549,0.480385,0.483776
5735,0.483487,0.480323,0.483716
5736,0.483419,0.480254,0.483648
5737,0.48335,0.480185,0.48358
5738,0.483281,0.480115,0.483511
5739,0.483223,0.480056,0.483452
5740,0.483134,0.479966,0.483363
5741,0.483115,0.479947,0.483344
5742,0.483034,0.479866,0.483263
5743,0.482982,0.479813,0.48321
5744,0.482953,0.479784,0.483181
5745,0.482889,0.479718,0.483116
5746,0.482849,0.479678,0.483076
5747,0.482827,0.479656,0.483055
5748,0.482795,0.479623,0.483024
5749,0.482715,0.479543,0.482946
5750,0.482667,0.479495,0.482899
5751,0.482604,0.479431,0.482838
5752,0.482541,0.479367,0.482776
5753,0.48245,0.479275,0.482686
5754,0.482394,0.479219,0.48263
5755,0.482329,0.479153,0.482565
5756,0.482241,0.479065,0.482477
5757,0.48219,0.479013,0.482425
5758,0.482169,0.478992,0.482404
5759,0.482149,0.478972,0.482385
5760,0.48208,0.478902,0.482318
5761,0.482021,0.478842,0.482259
5762,0.481994,0.478815,0.482234
5763,0.481928,0.478748,0.482169
5764,0.481842,0.478662,0.482085
5765,0.481751,0.47857,0.481995
5766,0.481717,0.478536,0.481961
5767,0.481626,0.478443,0.48187
5768,0.481574,0.478391,0.481819
5769,0.481508,0.478324,0.481753
5770,0.481418,0.478233,0.481663
5771,0.481371,0.478185,0.481615
5772,0.481311,0.478125,0.481555
5773,0.481234,0.478047,0.481478
5774,0.481173,0.477985,0.481416
5775,0.48111,0.477922,0.481352
5776,0.481075,0.477886,0.481316
5777,0.480995,0.477806,0.481236
5778,0.48094,0.47775,0.48118
5779,0.480854,0.477663,0.481093
5780,0.480833,0.477642,0.481071
5781,0.4808,0.477609,0.481038
5782,0.480729,0.477538,0.480967
5783,0.480673,0.477481,0.480911
5784,0.480632,0.477439,0.480869
5785,0.480609,0.477416,0.480848
5786,0.480552,0.477358,0.480791
5787,0.480503,0.477309,0.480743
5788,0.480457,0.477263,0.480699
5789,0.480422,0.477227,0.480665
5790,0.480364,0.477168,0.48061
5791,0.480276,0.47708,0.480524
5792,0.480186,0.476989,0.480436
5793,0.480097,0.476899,0.480347
5794,0.480017,0.476818,0.480266
5795,0.479933,0.476733,0.480183
5796,0.47986,0.47666,0.480109
5797,0.479839,0.476638,0.480086
5798,0.479773,0.476572,0.480021
5799,0.479724,0.476522,0.479971
5800,0.47965,0.476447,0.479897
5801,0.479603,0.4764,0.47985
5802,0.479514,0.47631,0.479761
5803,0.479437,0.476232,0.479683
5804,0.479371,0.476166,0.479616
5805,0.479297,0.47609,0.47954
5806,0.479267,0.476061,0.479509
5807,0.479191,0.475984,0.479432
5808,0.479109,0.475901,0.479348
5809,0.479051,0.475843,0.479288
5810,0.479017,0.475808,0.479251
5811,0.478996,0.475787,0.479229
5812,0.478966,0.475756,0.479199
5813,0.478901,0.475691,0.479134
5814,0.478865,0.475654,0.479097
5815,0.478782,0.475571,0.479015
5816,0.478763,0.475551,0.478995
5817,0.478703,0.475491,0.478935
5818,0.478665,0.475453,0.478898
5819,0.478614,0.475401,0.478848
5820,0.478557,0.475343,0.478791
5821,0.478501,0.475287,0.478736
5822,0.478465,0.47525,0.4787
5823,0.478372,0.475157,0.478609
5824,0.478286,0.47507,0.478523
5825,0.478212,0.474995,0.478448
5826,0.478161,0.474944,0.478396
5827,0.478104,0.474886,0.478339
5828,0.478062,0.474843,0.478296
5829,0.478014,0.474795,0.478248
5830,0.477926,0.474706,0.478159
5831,0.477859,0.474639,0.478092
5832,0.477787,0.474566,0.478018
5833,0.477741,0.47452,0.477971
5834,0.477696,0.474474,0.477924
5835,0.477654,0.474432,0.477881
5836,0.477588,0.474365,0.477815
5837,0.477517,0.474294,0.477742
5838,0.477481,0.474257,0.477705
5839,0.477441,0.474217,0.477663
5840,0.47741,0.474185,0.477631
5841,0.477359,0.474134,0.47758
5842,0.477276,0.47405,0.477496
5843,0.477246,0.474019,0.477465
5844,0.477196,0.473969,0.477415
5845,0.477141,0.473913,0.477359
5846,0.47709,0.473862,0.477307
5847,0.477049,0.473821,0.477266
5848,0.477018,0.47379,0.477235
5849,0.476973,0.473743,0.477189
5850,0.476922,0.473692,0.477138
5851,0.476891,0.473661,0.477108
5852,0.476846,0.473616,0.477064
5853,0.476771,0.473539,0.476989
5854,0.476751,0.47352,0.47697
5855,0.476668,0.473436,0.476887
5856,0.476626,0.473393,0.476846
5857,0.476585,0.473352,0.476805
5858,0.476519,0.473285,0.47674
5859,0.476434,0.473199,0.476655
5860,0.476359,0.473123,0.476579
5861,0.476308,0.473072,0.476528
5862,0.476251,0.473015,0.476471
5863,0.476221,0.472984,0.476439
5864,0.476174,0.472936,0.476392
5865,0.476128,0.47289,0.476346
5866,0.476073,0.472835,0.476291
5867,0.476021,0.472782,0.476239
5868,0.476001,0.472762,0.476219
5869,0.475953,0.472714,0.476171
5870,0.475915,0.472675,0.476135
5871,0.475881,0.472641,0.476102
5872,0.475813,0.472573,0.476035
5873,0.475739,0.472497,0.475962
5874,0.47569,0.472447,0.475913
5875,0.475625,0.472383,0.47585
5876,0.475535,0.472292,0.47576
5877,0.475491,0.472247,0.475715
5878,0.475406,0.472161,0.47563
5879,0.475381,0.472135,0.475604
5880,0.475359,0.472113,0.475582
5881,0.475339,0.472093,0.475562
5882,0.475248,0.472002,0.475473
5883,0.47522,0.471973,0.475445
5884,0.475176,0.471929,0.475403
5885,0.475109,0.471861,0.475337
5886,0.475024,0.471776,0.475253
5887,0.474995,0.471746,0.475225
5888,0.474967,0.471718,0.475198
5889,0.474884,0.471633,0.475116
5890,0.474808,0.471557,0.475042
5891,0.474764,0.471512,0.474998
5892,0.474678,0.471426,0.474913
5893,0.474625,0.471373,0.47486
5894,0.474537,0.471283,0.474772
5895,0.4745,0.471246,0.474735
5896,0.474432,0.471177,0.474667
5897,0.474382,0.471127,0.474617
5898,0.474323,0.471067,0.474558
5899,0.474233,0.470976,0.474467
5900,0.474202,0.470945,0.474436
5901,0.474173,0.470916,0.474406
5902,0.474083,0.470825,0.474317
5903,0.473998,0.470739,0.474232
5904,0.473947,0.470687,0.474179
5905,0.473895,0.470635,0.474126
5906,0.473874,0.470613,0.474104
5907,0.473802,0.470541,0.474033
5908,0.47374,0.470478,0.47397
5909,0.473662,0.470399,0.47389
5910,0.473623,0.470361,0.473851
5911,0.473585,0.470322,0.473812
5912,0.473566,0.470302,0.473793
5913,0.473521,0.470257,0.473749
5914,0.473466,0.470202,0.473695
5915,0.473398,0.470133,0.473627
5916,0.473327,0.470061,0.473556
5917,0.473304,0.470038,0.473534
5918,0.473226,0.469959,0.473456
5919,0.473157,0.469889,0.473387
5920,0.473116,0.469848,0.473346
5921,0.47303,0.469761,0.47326
5922,0.472985,0.469716,0.473215
5923,0.472916,0.469646,0.473146
5924,0.472872,0.469602,0.473101
5925,0.472849,0.469579,0.473078
5926,0.472815,0.469544,0.473045
5927,0.472733,0.469461,0.472963
5928,0.472667,0.469394,0.472898
5929,0.472582,0.469309,0.472813
5930,0.472535,0.469261,0.472765
5931,0.472503,0.469229,0.472733
5932,0.472413,0.469139,0.472643
5933,0.47238,0.469104,0.472609
5934,0.472332,0.469057,0.472562
5935,0.47228,0.469003,0.472509
5936,0.472229,0.468952,0.472459
5937,0.472183,0.468906,0.472413
5938,0.472132,0.468854,0.472363
5939,0.472104,0.468826,0.472336
5940,0.472028,0.468749,0.47226
5941,0.471945,0.468665,0.472178
5942,0.471897,0.468617,0.472131
5943,0.471843,0.468563,0.472078
5944,0.471773,0.468491,0.472007
5945,0.471684,0.468402,0.471918
5946,0.471649,0.468366,0.471883
5947,0.471621,0.468338,0.471855
5948,0.471536,0.468252,0.47177
5949,0.47146,0.468176,0.471694
5950,0.471433,0.468148,0.471667
5951,0.471384,0.468099,0.471618
5952,0.471297,0.468011,0.471531
5953,0.471235,0.467948,0.471468
5954,0.471212,0.467925,0.471445
5955,0.471147,0.46786,0.47138
5956,0.471098,0.46781,0.471331
5957,0.471006,0.467717,0.471239
5958,0.470927,0.467637,0.471158
5959,0.470874,0.467584,0.471105
5960,0.470802,0.467511,0.471031
5961,0.470776,0.467485,0.471004
5962,0.470712,0.46742,0.470938
5963,0.470651,0.467359,0.470876
5964,0.470614,0.467321,0.470838
5965,0.470553,0.46726,0.470776
5966,0.470502,0.467208,0.470723
5967,0.470478,0.467184,0.470699
5968,0.470436,0.467141,0.470656
5969,0.470415,0.46712,0.470635
5970,0.470369,0.467074,0.470589
5971,0.470327,0.467032,0.470548
5972,0.470298,0.467002,0.47052
5973,0.470221,0.466924,0.470445
5974,0.470172,0.466875,0.470396
5975,0.470081,0.466782,0.470305
5976,0.470025,0.466726,0.470249
5977,0.469947,0.466647,0.470171
5978,0.469914,0.466614,0.470138
5979,0.469882,0.466581,0.470106
5980,0.46983,0.46653,0.470055
5981,0.469753,0.466451,0.469978
5982,0.469716,0.466414,0.469941
5983,0.469643,0.466341,0.469869
5984,0.469593,0.46629,0.469818
5985,0.46954,0.466237,0.469765
5986,0.469509,0.466205,0.469734
5987,0.469426,0.466121,0.469652
5988,0.469389,0.466084,0.469615
5989,0.469307,0.466001,0.469533
5990,0.469274,0.465968,0.469499
5991,0.469255,0.465948,0.469481
5992,0.469163,0.465856,0.46939
5993,0.469077,0.465768,0.469303
5994,0.469044,0.465736,0.46927
5995,0.469011,0.465702,0.469237
5996,0.468921,0.465611,0.469147
5997,0.46886,0.465549,0.469085
5998,0.468823,0.465512,0.469047
5999,0.468737,0.465426,0.468961
6000,0.468718,0.465406,0.468941
6001,0.468681,0.465369,0.468904
6002,0.468625,0.465312,0.468848
6003,0.468561,0.465248,0.468784
6004,0.468511,0.465197,0.468734
6005,0.468453,0.465138,0.468675
6006,0.468425,0.46511,0.468647
6007,0.468376,0.465061,0.468599
6008,0.468342,0.465027,0.468566
6009,0.468287,0.464971,0.468511
6010,0.468203,0.464886,0.468427
6011,0.468153,0.464835,0.468378
6012,0.468116,0.464798,0.468341
6013,0.468038,0.464719,0.468264
6014,0.46801,0.464691,0.468237
6015,0.467953,0.464634,0.46818
6016,0.467887,0.464567,0.468114
6017,0.467817,0.464497,0.468045
6018,0.467745,0.464423,0.467973
6019,0.467711,0.464389,0.467938
6020,0.467632,0.464309,0.467859
6021,0.467589,0.464266,0.467816
6022,0.467561,0.464237,0.467788
6023,0.467477,0.464153,0.467704
6024,0.467414,0.464089,0.46764
6025,0.467327,0.464002,0.467553
6026,0.467309,0.463983,0.467534
6027,0.467277,0.463951,0.467502
6028,0.467239,0.463912,0.467464
6029,0.46717,0.463842,0.467395
6030,0.467124,0.463796,0.467349
6031,0.467062,0.463734,0.467288
6032,0.466988,0.463658,0.467213
6033,0.466922,0.463592,0.467148
6034,0.466888,0.463558,0.467113
6035,0.46687,0.463539,0.467095
6036,0.466837,0.463506,0.467063
6037,0.466744,0.463412,0.466971
6038,0.466705,0.463373,0.466933
6039,0.466625,0.463292,0.466853
6040,0.466573,0.46324,0.466801
6041,0.466495,0.463161,0.466723
6042,0.466459,0.463125,0.466688
6043,0.466377,0.463042,0.466605
6044,0.466329,0.462993,0.466557
6045,0.466285,0.462949,0.466512
6046,0.466232,0.462896,0.466459
6047,0.466185,0.462848,0.466412
6048,0.46611,0.462772,0.466337
6049,0.466039,0.4627,0.466265
6050,0.466018,0.462679,0.466243
6051,0.465944,0.462604,0.466169
6052,0.465904,0.462564,0.466129
6053,0.465833,0.462492,0.466058
6054,0.465777,0.462436,0.466001
6055,0.465737,0.462396,0.465961
6056,0.465694,0.462352,0.465917
6057,0.465643,0.4623,0.465866
6058,0.465599,0.462256,0.465822
6059,0.465564,0.462221,0.465788
6060,0.465525,0.462181,0.465749
6061,0.4655,0.462156,0.465725
6062,0.465428,0.462084,0.465655
6063,0.465367,0.462022,0.465596
6064,0.465302,0.461956,0.465531
6065,0.465211,0.461864,0.465441
6066,0.465167,0.461819,0.465397
6067,0.465123,0.461775,0.465353
6068,0.465055,0.461706,0.465286
6069,0.465013,0.461664,0.465244
6070,0.46496,0.46161,0.465192
6071,0.464922,0.461572,0.465155
6072,0.464842,0.461491,0.465076
6073,0.464775,0.461424,0.46501
6074,0.464714,0.461362,0.464949
6075,0.46465,0.461298,0.464886
6076,0.464628,0.461275,0.464864
6077,0.46456,0.461207,0.464797
6078,0.464526,0.461173,0.464764
6079,0.464435,0.46108,0.464674
6080,0.464372,0.461017,0.464612
6081,0.464317,0.460961,0.464557
6082,0.46429,0.460933,0.46453
6083,0.464197,0.46084,0.464439
6084,0.464128,0.46077,0.46437
6085,0.464059,0.4607,0.464301
6086,0.463979,0.46062,0.464221
6087,0.463909,0.460549,0.46415
6088,0.46383,0.460469,0.46407
6089,0.463754,0.460393,0.463993
6090,0.463735,0.460373,0.463973
6091,0.463694,0.460332,0.463931
6092,0.463646,0.460284,0.463883
6093,0.463582,0.460219,0.463818
6094,0.463561,0.460198,0.463797
6095,0.463512,0.460148,0.463748
6096,0.463447,0.460083,0.463685
6097,0.463381,0.460016,0.463618
6098,0.463301,0.459935,0.463538
6099,0.463254,0.459888,0.463492
6100,0.463182,0.459815,0.463419
6101,0.463119,0.459751,0.463356
6102,0.463097,0.459729,0.463334
6103,0.463051,0.459682,0.463288
6104,0.46297,0.459601,0.463208
6105,0.462915,0.459545,0.463152
6106,0.462871,0.459501,0.463109
6107,0.462831,0.45946,0.463069
6108,0.46279,0.459419,0.46303
6109,0.4627,0.459328,0.46294
6110,0.462652,0.45928,0.462893
6111,0.462603,0.45923,0.462845
6112,0.462532,0.459158,0.462774
6113,0.46247,0.459096,0.462714
6114,0.462438,0.459063,0.462682
6115,0.462384,0.459009,0.46263
6116,0.462316,0.45894,0.462562
6117,0.462278,0.458902,0.462526
6118,0.462191,0.458814,0.462441
6119,0.462123,0.458745,0.462374
6120,0.462094,0.458715,0.462346
6121,0.462018,0.458639,0.462271
6122,0.461968,0.458589,0.462223
6123,0.461904,0.458524,0.462161
6124,0.461826,0.458445,0.462084
6125,0.461764,0.458383,0.462024
6126,0.461676,0.458294,0.461937
6127,0.461594,0.458211,0.461856
6128,0.461518,0.458134,0.46178
6129,0.461438,0.458053,0.4617
6130,0.461367,0.457981,0.461628
6131,0.461296,0.45791,0.461557
6132,0.461264,0.457877,0.461524
6133,0.461177,0.45779,0.461437
6134,0.461098,0.45771,0.461358
6135,0.461047,0.457659,0.461306
6136,0.460994,0.457604,0.461252
6137,0.460956,0.457567,0.461215
6138,0.460904,0.457514,0.461163
6139,0.460817,0.457426,0.461076
6140,0.460761,0.457369,0.46102
6141,0.460686,0.457294,0.460945
6142,0.46064,0.457247,0.4609
6143,0.460574,0.45718,0.460834
6144,0.460482,0.457088,0.460742
6145,0.460406,0.457011,0.460665
6146,0.460343,0.456947,0.460601
6147,0.460255,0.456858,0.460512
6148,0.460189,0.456791,0.460444
6149,0.460154,0.456757,0.460409
6150,0.460083,0.456685,0.460337
6151,0.460039,0.45664,0.460291
6152,0.459964,0.456565,0.460216
6153,0.459923,0.456523,0.460174
6154,0.459896,0.456496,0.460146
6155,0.459823,0.456423,0.460074
6156,0.459731,0.45633,0.459981
6157,0.459695,0.456293,0.459944
6158,0.459631,0.456228,0.459879
6159,0.459564,0.45616,0.459812
6160,0.459502,0.456097,0.459749
6161,0.459438,0.456033,0.459684
6162,0.459413,0.456008,0.459658
6163,0.459362,0.455957,0.459608
6164,0.459285,0.455879,0.45953
6165,0.459208,0.455801,0.459453
6166,0.459133,0.455725,0.459376
6167,0.459082,0.455674,0.459324
6168,0.459031,0.455623,0.459273
6169,0.45895,0.455541,0.45919
6170,0.45888,0.455469,0.459118
6171,0.458856,0.455446,0.459093
6172,0.458809,0.455398,0.459044
6173,0.458735,0.455324,0.458969
6174,0.458712,0.4553,0.458945
6175,0.458655,0.455243,0.458887
6176,0.458623,0.45521,0.458854
6177,0.458585,0.455172,0.458816
6178,0.458527,0.455114,0.458759
6179,0.458457,0.455043,0.458688
6180,0.458436,0.455022,0.458667
6181,0.45835,0.454935,0.458581
6182,0.458283,0.454866,0.458513
6183,0.458247,0.45483,0.458477
6184,0.458215,0.454798,0.458445
6185,0.458179,0.454762,0.458409
6186,0.458127,0.454709,0.458359
6187,0.458036,0.454618,0.458268
6188,0.457985,0.454566,0.458217
6189,0.457963,0.454544,0.458195
6190,0.45788,0.45446,0.458113
6191,0.457792,0.45437,0.458024
6192,0.457766,0.454344,0.457998
6193,0.457698,0.454276,0.457931
6194,0.457678,0.454256,0.45791
6195,0.457628,0.454205,0.45786
6196,0.457561,0.454138,0.457795
6197,0.457508,0.454084,0.457741
6198,0.457432,0.454007,0.457666
6199,0.457346,0.45392,0.45758
6200,0.457326,0.4539,0.457559
6201,0.45724,0.453814,0.457474
6202,0.457183,0.453756,0.457416
6203,0.457096,0.453668,0.457328
6204,0.457037,0.453608,0.457267
6205,0.457001,0.453572,0.457229
6206,0.456934,0.453504,0.457161
6207,0.456891,0.453461,0.457118
6208,0.456859,0.453428,0.457084
6209,0.456786,0.453355,0.457011
6210,0.456737,0.453305,0.45696
6211,0.456708,0.453276,0.45693
6212,0.45666,0.453227,0.456881
6213,0.456596,0.453163,0.456816
6214,0.456515,0.453081,0.456734
6215,0.456484,0.45305,0.456703
6216,0.456433,0.452998,0.45665
6217,0.45641,0.452975,0.456626
6218,0.456383,0.452948,0.456599
6219,0.456302,0.452866,0.456517
6220,0.456248,0.452811,0.456463
6221,0.456219,0.452782,0.456434
6222,0.456137,0.4527,0.456351
6223,0.456099,0.452661,0.456312
6224,0.456068,0.452629,0.45628
6225,0.456047,0.452608,0.456259
6226,0.455986,0.452547,0.456199
6227,0.455961,0.452521,0.456174
6228,0.45589,0.45245,0.456104
6229,0.455835,0.452394,0.456049
6230,0.455751,0.45231,0.455965
6231,0.455732,0.452291,0.455946
6232,0.455682,0.45224,0.455895
6233,0.455618,0.452175,0.455831
6234,0.455582,0.452139,0.455795
6235,0.455558,0.452114,0.455771
6236,0.455509,0.452065,0.455723
6237,0.455469,0.452024,0.455683
6238,0.455449,0.452004,0.455665
6239,0.455385,0.45194,0.455603
6240,0.455343,0.451897,0.455562
6241,0.455284,0.451838,0.455505
6242,0.455224,0.451777,0.455446
6243,0.45514,0.451692,0.455363
6244,0.455097,0.451649,0.455321
6245,0.455057,0.451608,0.455282
6246,0.455001,0.451552,0.455227
6247,0.454913,0.451463,0.45514
6248,0.454879,0.451429,0.455107
6249,0.454815,0.451364,0.455044
6250,0.454781,0.45133,0.45501
6251,0.454695,0.451243,0.454925
6252,0.454634,0.451181,0.454864
6253,0.454544,0.451091,0.454775
6254,0.45452,0.451066,0.45475
6255,0.454468,0.451013,0.454698
6256,0.454392,0.450937,0.454623
6257,0.454339,0.450883,0.454569
6258,0.454273,0.450817,0.454503
6259,0.454231,0.450774,0.45446
6260,0.454187,0.450729,0.454416
6261,0.454105,0.450647,0.454335
6262,0.454068,0.45061,0.454298
6263,0.454018,0.45056,0.454248
6264,0.453936,0.450476,0.454165
6265,0.453897,0.450437,0.454126
6266,0.453861,0.450401,0.45409
6267,0.453821,0.45036,0.454051
6268,0.453753,0.450292,0.453983
6269,0.453681,0.450218,0.453911
6270,0.453659,0.450196,0.453889
6271,0.453598,0.450135,0.45383
6272,0.45351,0.450046,0.453742
6273,0.45343,0.449965,0.453661
6274,0.453354,0.449888,0.453584
6275,0.453317,0.449851,0.453547
6276,0.453296,0.44983,0.453525
6277,0.453263,0.449796,0.453492
6278,0.453202,0.449735,0.453431
6279,0.453143,0.449676,0.453373
6280,0.453063,0.449594,0.453293
6281,0.453022,0.449553,0.453252
6282,0.452988,0.449519,0.453218
6283,0.452914,0.449444,0.453145
6284,0.452882,0.449412,0.453113
6285,0.452808,0.449337,0.453039
6286,0.452724,0.449252,0.452955
6287,0.452657,0.449185,0.452888
6288,0.452635,0.449162,0.452865
6289,0.452554,0.44908,0.452784
6290,0.452509,0.449035,0.452738
6291,0.452479,0.449005,0.452709
6292,0.452441,0.448967,0.452671
6293,0.452385,0.44891,0.452615
6294,0.452339,0.448863,0.45257
6295,0.452261,0.448785,0.452492
6296,0.452179,0.448701,0.45241
6297,0.452148,0.44867,0.452379
6298,0.452088,0.44861,0.452319
6299,0.452011,0.448532,0.452242
6300,0.451918,0.448439,0.452149
6301,0.451879,0.448399,0.452108
6302,0.451817,0.448336,0.452045
6303,0.451769,0.448288,0.451996
6304,0.451745,0.448264,0.451971
6305,0.451717,0.448235,0.451943
6306,0.451659,0.448177,0.451885
6307,0.451612,0.448129,0.451838
6308,0.451583,0.4481,0.45181
6309,0.451562,0.448079,0.45179
6310,0.451499,0.448014,0.451728
6311,0.451439,0.447954,0.45167
6312,0.451355,0.44787,0.451588
6313,0.451277,0.44779,0.45151
6314,0.451193,0.447706,0.451427
6315,0.451171,0.447684,0.451404
6316,0.451084,0.447596,0.451317
6317,0.451059,0.44757,0.451292
6318,0.450998,0.447508,0.451231
6319,0.45095,0.44746,0.451184
6320,0.450916,0.447426,0.45115
6321,0.450839,0.447348,0.451073
6322,0.450801,0.44731,0.451037
6323,0.450717,0.447225,0.450953
6324,0.450631,0.447139,0.450867
6325,0.450558,0.447064,0.450793
6326,0.450506,0.447012,0.45074
6327,0.450465,0.44697,0.450699
6328,0.450427,0.446932,0.450661
6329,0.450346,0.44685,0.450579
6330,0.4503,0.446804,0.450533
6331,0.450252,0.446755,0.450484
6332,0.450214,0.446717,0.450446
6333,0.450171,0.446673,0.450403
6334,0.450104,0.446606,0.450336
6335,0.450044,0.446546,0.450277
6336,0.449998,0.446499,0.450231
6337,0.449973,0.446474,0.450207
6338,0.449934,0.446434,0.450169
6339,0.449842,0.446341,0.450078
6340,0.449789,0.446288,0.450026
6341,0.449722,0.44622,0.449959
6342,0.449665,0.446163,0.449903
6343,0.449617,0.446114,0.449856
6344,0.449538,0.446034,0.449777
6345,0.449466,0.445962,0.449705
6346,0.449416,0.445912,0.449655
6347,0.449348,0.445843,0.449587
6348,0.449278,0.445772,0.449516
6349,0.44921,0.445703,0.449447
6350,0.449177,0.44567,0.449414
6351,0.44913,0.445622,0.449367
6352,0.449095,0.445587,0.449332
6353,0.449019,0.44551,0.449256
6354,0.448945,0.445435,0.449182
6355,0.448881,0.445371,0.449118
6356,0.448844,0.445333,0.449081
6357,0.448807,0.445296,0.449043
6358,0.448727,0.445215,0.448963
6359,0.448702,0.44519,0.448939
6360,0.448623,0.44511,0.44886
6361,0.448531,0.445018,0.448768
6362,0.448453,0.444939,0.448689
6363,0.448394,0.444879,0.448629
6364,0.448356,0.444841,0.448589
6365,0.448311,0.444795,0.448543
6366,0.448271,0.444754,0.448502
6367,0.448219,0.444702,0.44845
6368,0.448196,0.444679,0.448427
6369,0.448104,0.444586,0.448335
6370,0.448075,0.444556,0.448305
6371,0.44799,0.444471,0.44822
6372,0.447931,0.444412,0.448161
6373,0.447895,0.444375,0.448124
6374,0.447855,0.444335,0.448084
6375,0.447814,0.444293,0.448043
6376,0.447755,0.444234,0.447984
6377,0.447727,0.444206,0.447956
6378,0.447636,0.444114,0.447866
6379,0.447595,0.444072,0.447825
6380,0.447528,0.444004,0.447757
6381,0.447484,0.44396,0.447713
6382,0.447424,0.443899,0.447653
6383,0.447336,0.44381,0.447565
6384,0.447285,0.443759,0.447513
6385,0.447238,0.443712,0.447465
6386,0.447204,0.443677,0.447431
6387,0.447175,0.443648,0.447402
6388,0.447094,0.443566,0.447321
6389,0.447062,0.443534,0.447289
6390,0.446977,0.443447,0.447203
6391,0.446897,0.443367,0.447123
6392,0.446858,0.443327,0.447083
6393,0.446821,0.44329,0.447045
6394,0.446773,0.443241,0.446996
6395,0.446744,0.443212,0.446968
6396,0.446699,0.443167,0.446923
6397,0.446637,0.443104,0.446861
6398,0.446613,0.44308,0.446838
6399,0.446582,0.443049,0.446808
6400,0.446513,0.442979,0.446741
6401,0.446475,0.442941,0.446704
6402,0.446387,0.442851,0.446617
6403,0.446334,0.442798,0.446565
6404,0.446287,0.442751,0.446519
6405,0.446234,0.442697,0.446467
6406,0.446158,0.442621,0.446392
6407,0.446101,0.442563,0.446336
6408,0.446025,0.442487,0.44626
6409,0.445981,0.442442,0.446216
6410,0.445895,0.442355,0.44613
6411,0.445813,0.442272,0.446047
6412,0.44573,0.442189,0.445963
6413,0.445707,0.442165,0.445939
6414,0.445658,0.442116,0.445889
6415,0.445624,0.442081,0.445855
6416,0.445552,0.442008,0.445782
6417,0.445528,0.441984,0.445757
6418,0.445494,0.44195,0.445724
6419,0.445418,0.441873,0.445648
6420,0.445339,0.441794,0.445569
6421,0.445272,0.441726,0.445502
6422,0.445219,0.441672,0.445447
6423,0.445185,0.441638,0.445413
6424,0.445129,0.441581,0.445356
6425,0.44507,0.441522,0.445297
6426,0.445028,0.441479,0.445254
6427,0.444986,0.441437,0.445212
6428,0.444948,0.441398,0.445174
6429,0.444915,0.441365,0.445142
6430,0.444884,0.441334,0.445112
6431,0.444822,0.441271,0.445051
6432,0.444746,0.441194,0.444976
6433,0.44468,0.441128,0.444911
6434,0.44461,0.441057,0.444841
6435,0.444526,0.440972,0.444757
6436,0.4445,0.440946,0.44473
6437,0.444442,0.440887,0.444672
6438,0.444365,0.44081,0.444595
6439,0.444312,0.440756,0.444542
6440,0.444231,0.440674,0.444459
6441,0.444143,0.440585,0.44437
6442,0.444098,0.44054,0.444323
6443,0.444064,0.440506,0.444287
6444,0.444044,0.440485,0.444266
6445,0.444026,0.440467,0.444247
6446,0.443979,0.44042,0.444201
6447,0.443946,0.440386,0.444168
6448,0.443901,0.440341,0.444124
6449,0.443821,0.440261,0.444045
6450,0.443785,0.440224,0.444009
6451,0.443718,0.440156,0.443942
6452,0.443655,0.440093,0.44388
6453,0.443632,0.440069,0.443857
6454,0.443565,0.440002,0.443791
6455,0.443502,0.439938,0.443728
6456,0.443467,0.439903,0.443694
6457,0.443427,0.439862,0.443655
6458,0.443339,0.439774,0.443568
6459,0.443294,0.439728,0.443523
6460,0.443273,0.439707,0.443502
6461,0.443244,0.439677,0.443474
6462,0.443158,0.439591,0.44339
6463,0.443074,0.439506,0.443307
6464,0.442992,0.439423,0.443225
6465,0.442967,0.439397,0.4432
6466,0.442897,0.439327,0.443131
6467,0.442857,0.439287,0.443092
6468,0.442818,0.439247,0.443053
6469,0.442749,0.439177,0.442985
6470,0.442712,0.43914,0.442949
6471,0.442687,0.439114,0.442925
6472,0.442621,0.439048,0.442861
6473,0.442536,0.438962,0.442777
6474,0.442444,0.43887,0.442687
6475,0.44237,0.438795,0.442613
6476,0.442327,0.438751,0.44257
6477,0.442261,0.438684,0.442504
6478,0.442211,0.438634,0.442454
6479,0.442169,0.438592,0.442414
6480,0.442105,0.438527,0.44235
6481,0.442013,0.438434,0.442259
6482,0.441953,0.438373,0.442198
6483,0.441925,0.438345,0.44217
6484,0.441841,0.43826,0.442087
6485,0.441765,0.438184,0.442011
6486,0.441696,0.438114,0.441941
6487,0.441632,0.43805,0.441877
6488,0.441605,0.438022,0.441849
6489,0.441534,0.43795,0.441778
6490,0.441475,0.43789,0.441718
6491,0.441401,0.437816,0.441644
6492,0.441321,0.437736,0.441564
6493,0.441289,0.437703,0.44153
6494,0.441268,0.437682,0.441509
6495,0.441182,0.437595,0.441423
6496,0.441146,0.437559,0.441387
6497,0.441089,0.437501,0.44133
6498,0.441015,0.437426,0.441255
6499,0.440971,0.437382,0.441211
6500,0.440922,0.437332,0.441162
6501,0.440889,0.437299,0.441129
6502,0.440839,0.437249,0.44108
6503,0.440767,0.437176,0.441009
6504,0.440734,0.437142,0.440976
6505,0.440667,0.437074,0.44091
6506,0.440611,0.437018,0.440855
6507,0.440542,0.436948,0.440786
6508,0.440479,0.436885,0.440724
6509,0.440443,0.436848,0.440689
6510,0.440399,0.436804,0.440646
6511,0.440323,0.436728,0.440572
6512,0.440241,0.436645,0.440491
6513,0.440173,0.436575,0.440423
6514,0.44011,0.436513,0.440361
6515,0.440064,0.436466,0.440315
6516,0.440021,0.436422,0.440272
6517,0.439973,0.436374,0.440226
6518,0.439883,0.436283,0.440137
6519,0.43981,0.436209,0.440064
6520,0.439733,0.436131,0.439987
6521,0.439657,0.436055,0.439911
6522,0.439577,0.435974,0.439831
6523,0.439521,0.435917,0.439774
6524,0.439487,0.435883,0.43974
6525,0.439395,0.43579,0.439647
6526,0.439362,0.435756,0.439613
6527,0.439284,0.435678,0.439535
6528,0.43923,0.435623,0.43948
6529,0.43919,0.435582,0.439439
6530,0.439099,0.435491,0.439348
6531,0.439029,0.43542,0.439277
6532,0.438968,0.435358,0.439214
6533,0.43894,0.435331,0.439186
6534,0.438915,0.435305,0.43916
6535,0.438865,0.435254,0.43911
6536,0.438798,0.435187,0.439043
6537,0.438744,0.435133,0.43899
6538,0.438723,0.435111,0.438969
6539,0.438674,0.435062,0.438922
6540,0.438631,0.435019,0.43888
6541,0.438561,0.434947,0.438811
6542,0.438473,0.434859,0.438724
6543,0.438433,0.434818,0.438685
6544,0.438354,0.434738,0.438607
6545,0.43829,0.434674,0.438544
6546,0.438224,0.434608,0.438479
6547,0.438139,0.434522,0.438395
6548,0.438081,0.434463,0.438337
6549,0.437988,0.434369,0.438244
6550,0.437935,0.434316,0.43819
6551,0.437882,0.434262,0.438136
6552,0.437811,0.43419,0.438065
6553,0.437742,0.434121,0.437995
6554,0.43765,0.434027,0.437902
6555,0.437603,0.43398,0.437853
6556,0.437518,0.433894,0.437766
6557,0.437457,0.433832,0.437704
6558,0.437436,0.433811,0.43768
6559,0.43739,0.433765,0.437634
6560,0.437368,0.433743,0.437612
6561,0.437313,0.433687,0.437556
6562,0.43723,0.433603,0.437473
6563,0.437183,0.433556,0.437425
6564,0.437123,0.433496,0.437365
6565,0.437097,0.433469,0.437339
6566,0.437041,0.433413,0.437283
6567,0.437016,0.433387,0.437258
6568,0.436972,0.433342,0.437215
6569,0.436881,0.433251,0.437124
6570,0.436811,0.43318,0.437055
6571,0.436761,0.43313,0.437005
6572,0.436736,0.433104,0.436981
6573,0.436675,0.433043,0.436921
6574,0.4366,0.432967,0.436846
6575,0.436521,0.432888,0.436768
6576,0.436453,0.432818,0.4367
6577,0.436383,0.432748,0.43663
6578,0.436353,0.432718,0.4366
6579,0.436266,0.432629,0.436512
6580,0.436174,0.432537,0.43642
6581,0.43614,0.432503,0.436385
6582,0.436071,0.432433,0.436315
6583,0.436,0.432361,0.436242
6584,0.435959,0.43232,0.4362
6585,0.435926,0.432286,0.436166
6586,0.435871,0.43223,0.436111
6587,0.435799,0.432158,0.436039
6588,0.435723,0.432081,0.435961
6589,0.4357,0.432058,0.435937
6590,0.43564,0.431997,0.435876
6591,0.435552,0.431909,0.435787
6592,0.435503,0.431859,0.435737
6593,0.435484,0.431839,0.435716
6594,0.435446,0.431801,0.435678
6595,0.435419,0.431774,0.435651
6596,0.435337,0.431692,0.43557
6597,0.435313,0.431667,0.435545
6598,0.435232,0.431585,0.435465
6599,0.435208,0.431562,0.435442
6600,0.435169,0.431522,0.435403
6601,0.435085,0.431437,0.43532
6602,0.435001,0.431352,0.435235
6603,0.434932,0.431283,0.435166
6604,0.434906,0.431256,0.435139
6605,0.434861,0.431211,0.435095
6606,0.434833,0.431182,0.435066
6607,0.434753,0.431102,0.434987
6608,0.434692,0.43104,0.434927
6609,0.434673,0.43102,0.434907
6610,0.434622,0.430969,0.434857
6611,0.434541,0.430888,0.434777
6612,0.434449,0.430794,0.434685
6613,0.434399,0.430744,0.434634
6614,0.434371,0.430715,0.434606
6615,0.434331,0.430675,0.434566
6616,0.434239,0.430582,0.434475
6617,0.434171,0.430514,0.434406
6618,0.434144,0.430486,0.434379
6619,0.434087,0.430429,0.434321
6620,0.434068,0.430409,0.434303
6621,0.433989,0.43033,0.434224
6622,0.433955,0.430295,0.434191
6623,0.433872,0.430212,0.434109
6624,0.433813,0.430152,0.43405
6625,0.433769,0.430108,0.434006
6626,0.433719,0.430057,0.433956
6627,0.433658,0.429995,0.433895
6628,0.43363,0.429968,0.433868
6629,0.433575,0.429912,0.433814
6630,0.433539,0.429876,0.433779
6631,0.433487,0.429822,0.433728
6632,0.433442,0.429778,0.433685
6633,0.433372,0.429707,0.433617
6634,0.433316,0.42965,0.433562
6635,0.43324,0.429574,0.433488
6636,0.433191,0.429523,0.43344
6637,0.433118,0.42945,0.433369
6638,0.433038,0.42937,0.43329
6639,0.432965,0.429296,0.433217
6640,0.432898,0.429228,0.433151
6641,0.432819,0.429148,0.433072
6642,0.432745,0.429074,0.432998
6643,0.432673,0.429001,0.432925
6644,0.432592,0.428919,0.432843
6645,0.432569,0.428896,0.432819
6646,0.432477,0.428803,0.432726
6647,0.432401,0.428726,0.432649
6648,0.432318,0.428642,0.432563
6649,0.432299,0.428623,0.432543
6650,0.432252,0.428576,0.432495
6651,0.43219,0.428513,0.432431
6652,0.432143,0.428466,0.432383
6653,0.432077,0.428399,0.432316
6654,0.432058,0.428379,0.432295
6655,0.431992,0.428313,0.432229
6656,0.431944,0.428264,0.43218
6657,0.431881,0.428201,0.432117
6658,0.43186,0.42818,0.432096
6659,0.43178,0.428099,0.432015
6660,0.431748,0.428066,0.431982
6661,0.431714,0.428033,0.431949
6662,0.431684,0.428002,0.431919
6663,0.431626,0.427944,0.431863
6664,0.431546,0.427863,0.431784
6665,0.431522,0.427838,0.43176
6666,0.431448,0.427764,0.431687
6667,0.43139,0.427705,0.43163
6668,0.431324,0.427638,0.431564
6669,0.431234,0.427547,0.431474
6670,0.431191,0.427504,0.431431
6671,0.431161,0.427473,0.431401
6672,0.431121,0.427433,0.431362
6673,0.431065,0.427377,0.431307
6674,0.43101,0.427321,0.431253
6675,0.430958,0.427269,0.431202
6676,0.430872,0.427182,0.431117
6677,0.4308,0.427109,0.431045
6678,0.430749,0.427057,0.430994
6679,0.43069,0.426998,0.430936
6680,0.430616,0.426924,0.430862
6681,0.430593,0.4269,0.43084
6682,0.430544,0.426851,0.430791
6683,0.430511,0.426817,0.430759
6684,0.430437,0.426742,0.430687
6685,0.430359,0.426664,0.43061
6686,0.430297,0.426601,0.430548
6687,0.430216,0.426519,0.430468
6688,0.430141,0.426443,0.430393
6689,0.430049,0.42635,0.4303
6690,0.429974,0.426274,0.430224
6691,0.429955,0.426255,0.430205
6692,0.429874,0.426174,0.430124
6693,0.429825,0.426124,0.430074
6694,0.4298,0.426099,0.430048
6695,0.429743,0.426041,0.429991
6696,0.429651,0.425948,0.429899
6697,0.429585,0.425882,0.429833
6698,0.429528,0.425824,0.429775
6699,0.429452,0.425747,0.429698
6700,0.429432,0.425728,0.429677
6701,0.429369,0.425663,0.429613
6702,0.429315,0.425609,0.429559
6703,0.429229,0.425522,0.429472
6704,0.429168,0.425461,0.42941
6705,0.429109,0.425401,0.42935
6706,0.429038,0.425329,0.429277
6707,0.42901,0.425301,0.429248
6708,0.42897,0.425261,0.429207
6709,0.42893,0.42522,0.429165
6710,0.428847,0.425137,0.429083
6711,0.428782,0.425071,0.429016
6712,0.428762,0.42505,0.428995
6713,0.428714,0.425002,0.428946
6714,0.428655,0.424943,0.428887
6715,0.428596,0.424883,0.428827
6716,0.428578,0.424864,0.428808
6717,0.428556,0.424843,0.428786
6718,0.428498,0.424784,0.428729
6719,0.428413,0.424698,0.428644
6720,0.428384,0.424668,0.428615
6721,0.42835,0.424635,0.428582
6722,0.428304,0.424588,0.428537
6723,0.428281,0.424565,0.428515
6724,0.428207,0.42449,0.428444
6725,0.428185,0.424468,0.428423
6726,0.428139,0.424421,0.428379
6727,0.428059,0.424341,0.428302
6728,0.42797,0.424251,0.428215
6729,0.427893,0.424173,0.428138
6730,0.427809,0.424088,0.428055
6731,0.427724,0.424002,0.42797
6732,0.427672,0.423949,0.427917
6733,0.427615,0.423892,0.42786
6734,0.427579,0.423856,0.427824
6735,0.427506,0.423782,0.427751
6736,0.42746,0.423735,0.427705
6737,0.427377,0.423652,0.427622
6738,0.427315,0.423589,0.427559
6739,0.427243,0.423517,0.427487
6740,0.427184,0.423456,0.427426
6741,0.427145,0.423417,0.427386
6742,0.427062,0.423334,0.427303
6743,0.427031,0.423303,0.427271
6744,0.427003,0.423274,0.427242
6745,0.426913,0.423183,0.427151
6746,0.426846,0.423116,0.427084
6747,0.426789,0.423058,0.427025
6748,0.42673,0.422999,0.426966
6749,0.426706,0.422974,0.42694
6750,0.426673,0.42294,0.426906
6751,0.426584,0.422851,0.426817
6752,0.426505,0.422771,0.426737
6753,0.426471,0.422736,0.426701
6754,0.426444,0.42271,0.426673
6755,0.426412,0.422677,0.42664
6756,0.426388,0.422652,0.426616
6757,0.426314,0.422578,0.426543
6758,0.426233,0.422497,0.426462
6759,0.426184,0.422447,0.426412
6760,0.426136,0.422398,0.426363
6761,0.426112,0.422375,0.42634
6762,0.426067,0.422328,0.426294
6763,0.426013,0.422274,0.426241
6764,0.425968,0.422228,0.426196
6765,0.425889,0.422149,0.426118
6766,0.425804,0.422063,0.426032
6767,0.425745,0.422003,0.425972
6768,0.425719,0.421977,0.425945
6769,0.425659,0.421917,0.425885
6770,0.425636,0.421894,0.425862
6771,0.42561,0.421867,0.425835
6772,0.425584,0.421841,0.42581
6773,0.425558,0.421815,0.425786
6774,0.425527,0.421783,0.425757
6775,0.42544,0.421696,0.425672
6776,0.425368,0.421623,0.425601
6777,0.425345,0.4216,0.42558
6778,0.425264,0.421517,0.4255
6779,0.425183,0.421436,0.425421
6780,0.425132,0.421385,0.425371
6781,0.425088,0.42134,0.425328
6782,0.425029,0.42128,0.425269
6783,0.424961,0.421211,0.425203
6784,0.424922,0.421172,0.425165
6785,0.424838,0.421088,0.425083
6786,0.424762,0.421011,0.425007
6787,0.42471,0.420959,0.424956
6788,0.424667,0.420915,0.424913
6789,0.424582,0.420828,0.424828
6790,0.424544,0.420791,0.424791
6791,0.42448,0.420725,0.424727
6792,0.424411,0.420656,0.424659
6793,0.424375,0.42062,0.424624
6794,0.424317,0.420561,0.424567
6795,0.424234,0.420477,0.424484
6796,0.42415,0.420393,0.424401
6797,0.42407,0.420312,0.42432
6798,0.424006,0.420247,0.424255
6799,0.423928,0.420168,0.424176
6800,0.423852,0.420092,0.424099
6801,0.423832,0.420072,0.424077
6802,0.423784,0.420023,0.424028
6803,0.423729,0.419967,0.423972
6804,0.423678,0.419916,0.423921
6805,0.423636,0.419874,0.423878
6806,0.42361,0.419847,0.423852
6807,0.423548,0.419785,0.423791
6808,0.423491,0.419727,0.423733
6809,0.423401,0.419636,0.423643
6810,0.423365,0.419599,0.423607
6811,0.42328,0.419514,0.423522
6812,0.423262,0.419495,0.423503
6813,0.423185,0.419418,0.423426
6814,0.42316,0.419392,0.423401
6815,0.423101,0.419333,0.423342
6816,0.423012,0.419243,0.423253
6817,0.42298,0.419211,0.423221
6818,0.422893,0.419123,0.423134
6819,0.422837,0.419066,0.423078
6820,0.422798,0.419026,0.423038
6821,0.422777,0.419006,0.423018
6822,0.422743,0.418972,0.422985
6823,0.422651,0.418879,0.422893
6824,0.422613,0.41884,0.422855
6825,0.422538,0.418764,0.422781
6826,0.422491,0.418717,0.422734
6827,0.422407,0.418632,0.422651
6828,0.422316,0.41854,0.42256
6829,0.422232,0.418455,0.422474
6830,0.422168,0.418391,0.422409
6831,0.422121,0.418344,0.42236
6832,0.422072,0.418294,0.422309
6833,0.422017,0.418238,0.422253
6834,0.421945,0.418165,0.422179
6835,0.421911,0.418131,0.422143
6836,0.421869,0.418089,0.4221
6837,0.421807,0.418026,0.422036
6838,0.421765,0.417983,0.421992
6839,0.42174,0.417959,0.421967
6840,0.4217,0.417918,0.421926
6841,0.421661,0.417878,0.421886
6842,0.421587,0.417804,0.421812
6843,0.421565,0.417781,0.421789
6844,0.421495,0.417711,0.421719
6845,0.421416,0.417631,0.42164
6846,0.421356,0.417571,0.421578
6847,0.421326,0.417541,0.421548
6848,0.421303,0.417517,0.421524
6849,0.421283,0.417496,0.421503
6850,0.42123,0.417443,0.421451
6851,0.421168,0.417381,0.42139
6852,0.421141,0.417353,0.421362
6853,0.421116,0.417329,0.421339
6854,0.421038,0.417249,0.421262
6855,0.420987,0.417198,0.421211
6856,0.420938,0.417148,0.421163
6857,0.420876,0.417086,0.421102
6858,0.420787,0.416996,0.421013
6859,0.420753,0.416962,0.420979
6860,0.420682,0.416889,0.420907
6861,0.420624,0.416832,0.420849
6862,0.420602,0.416809,0.420827
6863,0.420543,0.416749,0.420768
6864,0.420523,0.416729,0.420748
6865,0.420433,0.416638,0.420658
6866,0.420396,0.416601,0.420622
6867,0.420333,0.416537,0.420558
6868,0.420314,0.416518,0.42054
6869,0.420256,0.416459,0.420482
6870,0.420173,0.416376,0.4204
6871,0.42012,0.416322,0.420346
6872,0.420043,0.416245,0.420269
6873,0.420003,0.416204,0.420229
6874,0.419982,0.416182,0.420207
6875,0.419893,0.416092,0.420118
6876,0.419866,0.416066,0.420091
6877,0.419803,0.416002,0.420027
6878,0.419752,0.41595,0.419976
6879,0.4197,0.415898,0.419924
6880,0.419663,0.41586,0.419886
6881,0.419613,0.41581,0.419837
6882,0.419577,0.415774,0.419801
6883,0.419489,0.415685,0.419713
6884,0.419464,0.41566,0.419688
6885,0.419407,0.415602,0.41963
6886,0.419329,0.415523,0.419552
6887,0.419283,0.415477,0.419506
6888,0.419208,0.415401,0.41943
6889,0.419164,0.415357,0.419385
6890,0.419123,0.415315,0.419343
6891,0.419078,0.41527,0.419297
6892,0.41901,0.415201,0.419228
6893,0.41895,0.415141,0.419168
6894,0.418911,0.415101,0.419127
6895,0.418856,0.415046,0.419071
6896,0.418832,0.415021,0.419046
6897,0.418811,0.415,0.419025
6898,0.418764,0.414953,0.418978
6899,0.418732,0.414921,0.418947
6900,0.418688,0.414876,0.418903
6901,0.418639,0.414826,0.418854
6902,0.418611,0.414798,0.418828
6903,0.418574,0.414761,0.418792
6904,0.418519,0.414705,0.418738
6905,0.418499,0.414685,0.41872
6906,0.418424,0.414609,0.418647
6907,0.418344,0.414529,0.418568
6908,0.418297,0.414481,0.418522
6909,0.418236,0.41442,0.418462
6910,0.418217,0.4144,0.418444
6911,0.418174,0.414357,0.418403
6912,0.418123,0.414305,0.418354
6913,0.418078,0.41426,0.418311
6914,0.418032,0.414213,0.418267
6915,0.417964,0.414145,0.418203
6916,0.417891,0.414071,0.418131
6917,0.417865,0.414044,0.418107
6918,0.417772,0.413951,0.418017
6919,0.417686,0.413864,0.417932
6920,0.417607,0.413784,0.417854
6921,0.417522,0.413698,0.417769
6922,0.417436,0.413612,0.417684
6923,0.41737,0.413545,0.417617
6924,0.417297,0.413471,0.417544
6925,0.417235,0.413408,0.41748
6926,0.417211,0.413384,0.417456
6927,0.417139,0.413311,0.417382
6928,0.417064,0.413236,0.417307
6929,0.417009,0.41318,0.417251
6930,0.416984,0.413155,0.417225
6931,0.416961,0.413132,0.417202
6932,0.416911,0.413081,0.417152
6933,0.416844,0.413013,0.417085
6934,0.416766,0.412935,0.417008
6935,0.416727,0.412895,0.416969
6936,0.416667,0.412834,0.416908
6937,0.416604,0.412771,0.416845
6938,0.416524,0.41269,0.416765
6939,0.416443,0.412608,0.416683
6940,0.416416,0.412581,0.416655
6941,0.416394,0.412559,0.416633
6942,0.416323,0.412487,0.416561
6943,0.416236,0.412399,0.416474
6944,0.416204,0.412367,0.416441
6945,0.416153,0.412315,0.41639
6946,0.416117,0.412279,0.416354
6947,0.41607,0.412232,0.416307
6948,0.416012,0.412173,0.416249
6949,0.415985,0.412146,0.416223
6950,0.415896,0.412056,0.416134
6951,0.415862,0.412022,0.416101
6952,0.415777,0.411936,0.416016
6953,0.415699,0.411857,0.415937
6954,0.415619,0.411776,0.415856
6955,0.415595,0.411752,0.415831
6956,0.415539,0.411695,0.415774
6957,0.41551,0.411666,0.415745
6958,0.415482,0.411637,0.415717
6959,0.415426,0.411581,0.415662
6960,0.415361,0.411515,0.415597
6961,0.415304,0.411458,0.41554
6962,0.415239,0.411393,0.415476
6963,0.415166,0.411318,0.415402
6964,0.415146,0.411298,0.415382
6965,0.415102,0.411254,0.415339
6966,0.41503,0.411182,0.415267
6967,0.414954,0.411104,0.415191
6968,0.414863,0.411012,0.415099
6969,0.414827,0.410976,0.415062
6970,0.41477,0.410919,0.415005
6971,0.414709,0.410857,0.414942
6972,0.414675,0.410823,0.414908
6973,0.414627,0.410774,0.414859
6974,0.414608,0.410755,0.41484
6975,0.414565,0.410712,0.414798
6976,0.414494,0.41064,0.414727
6977,0.414472,0.410617,0.414705
6978,0.414397,0.410542,0.414631
6979,0.414325,0.41047,0.41456
6980,0.414241,0.410385,0.414475
6981,0.414207,0.41035,0.414441
6982,0.414153,0.410296,0.414387
6983,0.414109,0.410251,0.414342
6984,0.414055,0.410197,0.414288
6985,0.413999,0.41014,0.414232
6986,0.413962,0.410102,0.414195
6987,0.413871,0.41001,0.414103
6988,0.413825,0.409964,0.414057
6989,0.413797,0.409936,0.414029
6990,0.413715,0.409853,0.413947
6991,0.413644,0.409782,0.413875
6992,0.413565,0.409701,0.413795
6993,0.413514,0.40965,0.413742
6994,0.413491,0.409627,0.413718
6995,0.413463,0.409599,0.413689
6996,0.413426,0.409561,0.413652
6997,0.413368,0.409503,0.413594
6998,0.413331,0.409466,0.413557
6999,0.413257,0.40939,0.413482
7000,0.413199,0.409332,0.413424
7001,0.413113,0.409245,0.413337
7002,0.413067,0.409199,0.413289
7003,0.413037,0.409169,0.413259
7004,0.413018,0.409149,0.413239
7005,0.412952,0.409083,0.413173
7006,0.412925,0.409056,0.413146
7007,0.412881,0.409011,0.413101
7008,0.412835,0.408964,0.413055
7009,0.412809,0.408938,0.413029
7010,0.412742,0.40887,0.412963
7011,0.412706,0.408834,0.412927
7012,0.412659,0.408787,0.412882
7013,0.41262,0.408747,0.412844
7014,0.412576,0.408703,0.412801
7015,0.41254,0.408666,0.412766
7016,0.41249,0.408616,0.412717
7017,0.412441,0.408567,0.412671
7018,0.412355,0.40848,0.412586
7019,0.412304,0.408428,0.412536
7020,0.412265,0.408389,0.412499
7021,0.412192,0.408315,0.412427
7022,0.412132,0.408254,0.412368
7023,0.412073,0.408195,0.41231
7024,0.412046,0.408167,0.412284
7025,0.412001,0.408122,0.412241
7026,0.41192,0.40804,0.412162
7027,0.411849,0.407968,0.412091
7028,0.411772,0.40789,0.412015
7029,0.411711,0.407829,0.411955
7030,0.411622,0.407739,0.411866
7031,0.411561,0.407678,0.411805
7032,0.411488,0.407604,0.411731
7033,0.4114,0.407515,0.411642
7034,0.411311,0.407425,0.411551
7035,0.41129,0.407404,0.411528
7036,0.411231,0.407345,0.411468
7037,0.411199,0.407312,0.411434
7038,0.411155,0.407267,0.411388
7039,0.41113,0.407243,0.411363
7040,0.411073,0.407184,0.411305
7041,0.41105,0.407161,0.411282
7042,0.410969,0.40708,0.411201
7043,0.410885,0.406995,0.411117
7044,0.410838,0.406947,0.411068
7045,0.410782,0.406891,0.411012
7046,0.410759,0.406868,0.410988
7047,0.410734,0.406842,0.410963
7048,0.410691,0.406799,0.41092
7049,0.41062,0.406728,0.41085
7050,0.41059,0.406697,0.41082
7051,0.410534,0.40664,0.410764
7052,0.410483,0.406588,0.410713
7053,0.410421,0.406526,0.410652
7054,0.41036,0.406464,0.41059
7055,0.410332,0.406436,0.410562
7056,0.410279,0.406382,0.41051
7057,0.410209,0.406312,0.410441
7058,0.410118,0.40622,0.41035
7059,0.410057,0.406158,0.410287
7060,0.410031,0.406132,0.410261
7061,0.409999,0.4061,0.410228
7062,0.409947,0.406047,0.410177
7063,0.409918,0.406018,0.410148
7064,0.409896,0.405996,0.410128
7065,0.409833,0.405932,0.410066
7066,0.409785,0.405884,0.410019
7067,0.409707,0.405805,0.409942
7068,0.409615,0.405712,0.40985
7069,0.40954,0.405636,0.409775
7070,0.409457,0.405553,0.409692
7071,0.409439,0.405534,0.409672
7072,0.40942,0.405515,0.409653
7073,0.409385,0.40548,0.409619
7074,0.409294,0.405388,0.409528
7075,0.409258,0.405352,0.409493
7076,0.409186,0.405279,0.409421
7077,0.409148,0.405241,0.409383
7078,0.40912,0.405212,0.409356
7079,0.409046,0.405138,0.409283
7080,0.408992,0.405083,0.409229
7081,0.408969,0.405059,0.409206
7082,0.40893,0.405021,0.409169
7083,0.408887,0.404977,0.409128
7084,0.408815,0.404904,0.409057
7085,0.408743,0.404832,0.408987
7086,0.408699,0.404787,0.408944
7087,0.408636,0.404723,0.408882
7088,0.408555,0.404642,0.408803
7089,0.408482,0.404567,0.40873
7090,0.408401,0.404486,0.408649
7091,0.408375,0.404459,0.408623
7092,0.408283,0.404366,0.408532
7093,0.408226,0.404309,0.408475
7094,0.408169,0.404251,0.408418
7095,0.408093,0.404175,0.408342
7096,0.408038,0.40412,0.408286
7097,0.407978,0.404058,0.408225
7098,0.407931,0.404011,0.408178
7099,0.407892,0.403972,0.408139
7100,0.407827,0.403906,0.408074
7101,0.407751,0.403829,0.407997
7102,0.407721,0.403799,0.407968
7103,0.407648,0.403725,0.407894
7104,0.407582,0.403658,0.407828
7105,0.407513,0.403589,0.407758
7106,0.407452,0.403527,0.407696
7107,0.407407,0.403482,0.407651
7108,0.407326,0.4034,0.407569
7109,0.407304,0.403378,0.407546
7110,0.407271,0.403345,0.407513
7111,0.407202,0.403275,0.407444
7112,0.407141,0.403213,0.407382
7113,0.407068,0.403139,0.407309
7114,0.407001,0.403072,0.407241
7115,0.40697,0.403041,0.407209
7116,0.406945,0.403015,0.407184
7117,0.406863,0.402933,0.407102
7118,0.406794,0.402863,0.407032
7119,0.406757,0.402826,0.406994
7120,0.40672,0.402788,0.406957
7121,0.406686,0.402754,0.406923
7122,0.406615,0.402682,0.406852
7123,0.406571,0.402637,0.406808
7124,0.406548,0.402615,0.406786
7125,0.406491,0.402557,0.40673
7126,0.406443,0.402508,0.406682
7127,0.406407,0.402472,0.406647
7128,0.406378,0.402442,0.40662
7129,0.406286,0.40235,0.40653
7130,0.406201,0.402264,0.406446
7131,0.406122,0.402184,0.406367
7132,0.406086,0.402148,0.406331
7133,0.406025,0.402087,0.406271
7134,0.405979,0.40204,0.406225
7135,0.405908,0.401968,0.406154
7136,0.405845,0.401905,0.406092
7137,0.405777,0.401836,0.406024
7138,0.405735,0.401793,0.405982
7139,0.405693,0.401751,0.40594
7140,0.405613,0.40167,0.405861
7141,0.405566,0.401623,0.405814
7142,0.405526,0.401582,0.405774
7143,0.405466,0.401522,0.405715
7144,0.405384,0.401439,0.405633
7145,0.405317,0.401371,0.405566
7146,0.405237,0.40129,0.405485
7147,0.405188,0.401241,0.405435
7148,0.405163,0.401216,0.40541
7149,0.405125,0.401177,0.405373
7150,0.405051,0.401102,0.405299
7151,0.404976,0.401026,0.405223
7152,0.40495,0.401,0.405198
7153,0.404891,0.400941,0.405139
7154,0.404843,0.400892,0.405091
7155,0.404799,0.400848,0.405048
7156,0.404737,0.400785,0.404987
7157,0.404686,0.400734,0.404937
7158,0.404605,0.400652,0.404856
7159,0.404528,0.400575,0.40478
7160,0.404481,0.400527,0.404732
7161,0.404456,0.400502,0.404708
7162,0.404364,0.400409,0.404617
7163,0.404285,0.400329,0.404537
7164,0.404231,0.400274,0.404483
7165,0.404168,0.400211,0.40442
7166,0.404107,0.400149,0.404358
7167,0.404065,0.400107,0.404316
7168,0.403986,0.400026,0.404236
7169,0.403923,0.399963,0.404172
7170,0.403858,0.399897,0.404106
7171,0.403778,0.399817,0.404025
7172,0.403752,0.39979,0.403997
7173,0.40373,0.399768,0.403975
7174,0.403687,0.399725,0.403932
7175,0.403619,0.399656,0.403864
7176,0.40356,0.399597,0.403805
7177,0.403477,0.399513,0.403721
7178,0.403441,0.399476,0.403684
7179,0.403356,0.39939,0.403598
7180,0.403297,0.399331,0.403538
7181,0.403248,0.399282,0.403488
7182,0.403218,0.399251,0.403457
7183,0.403158,0.39919,0.403396
7184,0.403072,0.399104,0.403309
7185,0.403038,0.399069,0.403274
7186,0.403009,0.39904,0.403244
7187,0.402923,0.398953,0.403157
7188,0.402895,0.398925,0.403128
7189,0.402864,0.398894,0.403096
7190,0.402838,0.398868,0.40307
7191,0.402758,0.398787,0.40299
7192,0.402714,0.398742,0.402945
7193,0.402643,0.39867,0.402874
7194,0.402558,0.398585,0.402788
7195,0.402527,0.398553,0.402755
7196,0.402457,0.398482,0.402683
7197,0.402421,0.398446,0.402646
7198,0.402379,0.398404,0.402603
7199,0.402349,0.398373,0.402572
7200,0.402324,0.398348,0.402546
7201,0.402262,0.398285,0.402484
7202,0.402239,0.398263,0.402462
7203,0.402157,0.39818,0.40238
7204,0.402116,0.398138,0.402338
7205,0.402046,0.398068,0.402268
7206,0.402018,0.398039,0.402239
7207,0.401994,0.398015,0.402215
7208,0.401951,0.397972,0.402172
7209,0.401873,0.397892,0.402094
7210,0.401836,0.397855,0.402056
7211,0.40181,0.397829,0.402031
7212,0.40177,0.397789,0.401992
7213,0.401735,0.397753,0.401958
7214,0.401682,0.3977,0.401905
7215,0.401631,0.397648,0.401856
7216,0.401591,0.397608,0.401817
7217,0.401572,0.397589,0.401799
7218,0.401494,0.39751,0.401723
7219,0.401454,0.39747,0.401685
7220,0.401375,0.397389,0.401606
7221,0.401317,0.397332,0.40155
7222,0.40124,0.397253,0.401473
7223,0.40121,0.397223,0.401444
7224,0.401155,0.397168,0.40139
7225,0.401085,0.397097,0.401321
7226,0.401039,0.39705,0.401275
7227,0.401004,0.397015,0.401241
7228,0.400924,0.396934,0.401162
7229,0.400873,0.396883,0.401112
7230,0.400826,0.396835,0.401066
7231,0.400804,0.396813,0.401045
7232,0.400744,0.396752,0.400986
7233,0.400663,0.39667,0.400907
7234,0.400615,0.396622,0.40086
7235,0.400529,0.396536,0.400775
7236,0.400457,0.396462,0.400703
7237,0.400372,0.396376,0.400618
7238,0.400299,0.396303,0.400545
7239,0.400253,0.396257,0.400498
7240,0.400225,0.396228,0.400469
7241,0.400172,0.396175,0.400417
7242,0.400101,0.396103,0.400346
7243,0.400026,0.396027,0.400271
7244,0.39998,0.395981,0.400224
7245,0.399959,0.395959,0.400202
7246,0.399936,0.395936,0.40018
7247,0.399877,0.395877,0.400123
7248,0.399806,0.395805,0.400052
7249,0.399748,0.395746,0.399995
7250,0.399682,0.39568,0.399929
7251,0.399602,0.395599,0.399849
7252,0.399568,0.395565,0.399816
7253,0.39952,0.395516,0.399768
7254,0.399432,0.395427,0.39968
7255,0.399353,0.395347,0.399601
7256,0.399329,0.395323,0.399577
7257,0.399241,0.395235,0.399489
7258,0.399202,0.395194,0.399449
7259,0.399162,0.395155,0.39941
7260,0.399142,0.395135,0.39939
7261,0.399058,0.395049,0.399307
7262,0.398988,0.394979,0.399237
7263,0.398903,0.394893,0.399152
7264,0.398831,0.39482,0.399079
7265,0.398798,0.394787,0.399045
7266,0.398706,0.394694,0.398953
7267,0.398646,0.394634,0.398892
7268,0.398598,0.394585,0.398842
7269,0.398567,0.394553,0.39881
7270,0.398522,0.394508,0.398764
7271,0.398441,0.394426,0.398682
7272,0.398415,0.3944,0.398656
7273,0.398385,0.39437,0.398626
7274,0.398343,0.394327,0.398584
7275,0.398304,0.394288,0.398545
7276,0.398275,0.394259,0.398517
7277,0.398216,0.394199,0.39846
7278,0.39817,0.394153,0.398415
7279,0.398079,0.394061,0.398325
7280,0.397989,0.39397,0.398235
7281,0.397964,0.393945,0.398211
7282,0.397895,0.393875,0.398143
7283,0.397808,0.393787,0.398056
7284,0.397762,0.393741,0.398009
7285,0.397673,0.393651,0.39792
7286,0.397613,0.39359,0.397859
7287,0.39756,0.393536,0.397804
7288,0.397476,0.393452,0.397719
7289,0.397441,0.393416,0.397683
7290,0.39737,0.393345,0.397611
7291,0.397333,0.393307,0.397572
7292,0.39729,0.393264,0.397528
7293,0.397265,0.393239,0.397502
7294,0.397207,0.39318,0.397443
7295,0.397183,0.393156,0.39742
7296,0.397137,0.393109,0.397374
7297,0.397116,0.393088,0.397354
7298,0.397054,0.393025,0.397292
7299,0.39699,0.392961,0.397229
7300,0.396915,0.392885,0.397155
7301,0.396833,0.392803,0.397073
7302,0.396751,0.392719,0.39699
7303,0.396725,0.392693,0.396963
7304,0.396678,0.392645,0.396915
7305,0.396634,0.392601,0.396871
7306,0.39656,0.392526,0.396796
7307,0.396525,0.392491,0.396761
7308,0.396491,0.392457,0.396727
7309,0.396471,0.392436,0.396707
7310,0.396426,0.392391,0.396663
7311,0.396384,0.392348,0.396622
7312,0.396326,0.39229,0.396566
7313,0.396243,0.392206,0.396483
7314,0.396195,0.392158,0.396437
7315,0.396175,0.392138,0.396418
7316,0.396083,0.392044,0.396326
7317,0.395996,0.391957,0.39624
7318,0.395948,0.391908,0.396192
7319,0.395924,0.391884,0.396168
7320,0.39587,0.39183,0.396116
7321,0.395803,0.391762,0.396049
7322,0.395712,0.39167,0.395958
7323,0.39569,0.391648,0.395936
7324,0.39561,0.391567,0.395857
7325,0.395591,0.391548,0.395838
7326,0.395533,0.391489,0.395781
7327,0.395498,0.391454,0.395747
7328,0.395407,0.391362,0.395657
7329,0.395374,0.391328,0.395624
7330,0.395296,0.39125,0.395548
7331,0.395226,0.391179,0.395478
7332,0.395185,0.391138,0.395437
7333,0.395096,0.391047,0.395348
7334,0.395026,0.390977,0.395278
7335,0.394992,0.390943,0.395245
7336,0.394953,0.390904,0.395206
7337,0.394907,0.390857,0.39516
7338,0.39484,0.390789,0.395094
7339,0.394801,0.39075,0.395056
7340,0.394725,0.390673,0.394981
7341,0.394682,0.39063,0.394939
7342,0.394645,0.390593,0.394903
7343,0.394553,0.390499,0.394812
7344,0.394499,0.390445,0.394759
7345,0.394423,0.390369,0.394685
7346,0.394382,0.390327,0.394644
7347,0.39429,0.390234,0.394553
7348,0.394245,0.390188,0.394508
7349,0.394157,0.3901,0.394421
7350,0.394097,0.390039,0.394361
7351,0.394039,0.38998,0.394302
7352,0.393954,0.389895,0.394218
7353,0.39389,0.38983,0.394153
7354,0.393858,0.389798,0.394121
7355,0.393799,0.389738,0.394062
7356,0.393778,0.389716,0.394041
7357,0.393735,0.389674,0.393999
7358,0.393656,0.389593,0.393921
7359,0.393608,0.389545,0.393874
7360,0.393524,0.38946,0.393791
7361,0.393438,0.389373,0.393705
7362,0.393361,0.389296,0.393628
7363,0.393269,0.389203,0.393536
7364,0.393246,0.389179,0.393511
7365,0.393207,0.38914,0.393472
7366,0.393128,0.38906,0.393394
7367,0.393048,0.38898,0.393314
7368,0.393028,0.388959,0.393293
7369,0.39297,0.388901,0.393236
7370,0.392948,0.388879,0.393214
7371,0.392882,0.388811,0.393149
7372,0.392852,0.388781,0.393121
7373,0.392777,0.388705,0.393047
7374,0.392695,0.388623,0.392967
7375,0.392615,0.388542,0.392887
7376,0.392553,0.388479,0.392826
7377,0.392524,0.38845,0.392798
7378,0.392433,0.388359,0.392709
7379,0.392376,0.388301,0.392653
7380,0.392339,0.388263,0.392616
7381,0.392248,0.388171,0.392527
7382,0.39216,0.388082,0.39244
7383,0.392088,0.38801,0.392368
7384,0.391996,0.387916,0.392276
7385,0.391945,0.387865,0.392225
7386,0.391869,0.387788,0.392149
7387,0.39182,0.387739,0.392099
7388,0.391744,0.387662,0.392023
7389,0.391672,0.38759,0.391951
7390,0.391609,0.387526,0.391887
7391,0.391543,0.38746,0.391821
7392,0.391476,0.387392,0.391753
7393,0.391389,0.387304,0.391665
7394,0.391337,0.387252,0.391612
7395,0.391305,0.387219,0.391579
7396,0.39125,0.387164,0.391524
7397,0.391165,0.387078,0.391439
7398,0.391105,0.387017,0.391378
7399,0.391082,0.386994,0.391355
7400,0.391025,0.386936,0.391297
7401,0.390968,0.386879,0.391241
7402,0.390881,0.386791,0.391153
7403,0.390809,0.386718,0.391081
7404,0.390765,0.386673,0.391036
7405,0.390677,0.386585,0.390948
7406,0.390608,0.386515,0.390878
7407,0.39056,0.386467,0.390829
7408,0.390474,0.38638,0.390742
7409,0.390422,0.386327,0.390689
7410,0.390335,0.386239,0.3906
7411,0.390271,0.386175,0.390534
7412,0.390251,0.386155,0.390512
7413,0.390192,0.386095,0.390452
7414,0.390132,0.386035,0.390391
7415,0.390057,0.385958,0.390314
7416,0.389998,0.385898,0.390253
7417,0.389964,0.385865,0.390218
7418,0.389904,0.385804,0.390157
7419,0.389838,0.385738,0.390089
7420,0.389814,0.385714,0.390064
7421,0.389761,0.38566,0.390009
7422,0.38969,0.385588,0.389937
7423,0.389647,0.385544,0.389892
7424,0.389619,0.385517,0.389864
7425,0.389528,0.385425,0.389772
7426,0.389505,0.385401,0.389747
7427,0.389439,0.385334,0.38968
7428,0.389416,0.385311,0.389656
7429,0.389387,0.385282,0.389627
7430,0.38933,0.385224,0.38957
7431,0.389263,0.385157,0.389502
7432,0.389224,0.385117,0.389462
7433,0.389135,0.385027,0.389373
7434,0.389091,0.384983,0.389328
7435,0.389063,0.384955,0.3893
7436,0.389035,0.384927,0.389271
7437,0.389005,0.384896,0.389241
7438,0.388961,0.384852,0.389198
7439,0.388915,0.384805,0.389153
7440,0.388895,0.384785,0.389134
7441,0.388832,0.384721,0.389073
7442,0.388754,0.384642,0.388996
7443,0.3887,0.384588,0.388942
7444,0.38867,0.384558,0.388914
7445,0.38861,0.384497,0.388855
7446,0.388549,0.384436,0.388795
7447,0.388479,0.384365,0.388726
7448,0.388424,0.38431,0.388672
7449,0.388376,0.384261,0.388625
7450,0.388297,0.384181,0.388547
7451,0.388227,0.384111,0.388477
7452,0.388147,0.384029,0.388396
7453,0.388078,0.383959,0.388327
7454,0.388059,0.383941,0.388307
7455,0.38803,0.383911,0.388279
7456,0.38795,0.383831,0.388199
7457,0.387887,0.383767,0.388136
7458,0.387807,0.383686,0.388056
7459,0.387779,0.383658,0.388027
7460,0.387715,0.383593,0.387962
7461,0.387677,0.383554,0.387924
7462,0.3876,0.383477,0.387847
7463,0.387572,0.383448,0.387818
7464,0.387514,0.38339,0.387761
7465,0.387487,0.383363,0.387735
7466,0.387438,0.383313,0.387685
7467,0.387352,0.383227,0.387601
7468,0.387277,0.383151,0.387526
7469,0.387208,0.383081,0.387455
7470,0.387158,0.38303,0.387405
7471,0.387137,0.383009,0.387384
7472,0.387099,0.382971,0.387346
7473,0.38702,0.382891,0.387267
7474,0.386957,0.382827,0.387204
7475,0.386914,0.382784,0.387162
7476,0.386886,0.382756,0.387134
7477,0.386847,0.382717,0.387096
7478,0.386817,0.382687,0.387067
7479,0.386734,0.382602,0.386985
7480,0.386667,0.382535,0.386919
7481,0.386605,0.382472,0.386858
7482,0.386512,0.382378,0.386765
7483,0.38646,0.382325,0.386713
7484,0.386404,0.382269,0.386658
7485,0.386329,0.382193,0.386582
7486,0.386271,0.382134,0.386523
7487,0.38623,0.382093,0.386482
7488,0.386187,0.38205,0.386439
7489,0.386135,0.381998,0.386388
7490,0.386048,0.38191,0.386301
7491,0.386011,0.381872,0.386263
7492,0.385947,0.381807,0.386199
7493,0.385893,0.381753,0.386145
7494,0.385853,0.381713,0.386105
7495,0.385811,0.38167,0.386063
7496,0.385752,0.38161,0.386004
7497,0.385685,0.381542,0.385937
7498,0.385623,0.381481,0.385876
7499,0.385576,0.381432,0.385829
7500,0.385499,0.381355,0.385752
7501,0.385412,0.381267,0.385665
7502,0.385352,0.381207,0.385604
7503,0.385281,0.381134,0.385531
7504,0.385221,0.381074,0.38547
7505,0.385143,0.380996,0.385391
7506,0.385097,0.380949,0.385343
7507,0.385068,0.380919,0.385312
7508,0.385036,0.380887,0.38528
7509,0.385017,0.380868,0.38526
7510,0.384978,0.380829,0.385221
7511,0.384926,0.380776,0.385169
7512,0.384888,0.380738,0.385132
7513,0.384851,0.380701,0.385096
7514,0.384798,0.380647,0.385044
7515,0.384768,0.380616,0.385015
7516,0.384741,0.38059,0.384991
7517,0.384683,0.380531,0.384935
7518,0.384605,0.380452,0.384859
7519,0.384517,0.380363,0.384773
7520,0.384428,0.380273,0.384684
7521,0.384396,0.38024,0.384653
7522,0.384311,0.380155,0.384569
7523,0.384222,0.380065,0.384479
7524,0.384189,0.380031,0.384446
7525,0.384101,0.379943,0.384358
7526,0.38406,0.379902,0.384317
7527,0.383993,0.379834,0.38425
7528,0.383938,0.379778,0.384195
7529,0.383852,0.379692,0.384108
7530,0.383805,0.379644,0.38406
7531,0.383761,0.379599,0.384015
7532,0.383727,0.379566,0.383982
7533,0.383685,0.379523,0.38394
7534,0.383614,0.379451,0.383869
7535,0.383571,0.379407,0.383825
7536,0.383494,0.37933,0.383749
7537,0.383467,0.379303,0.383722
7538,0.383412,0.379247,0.383667
7539,0.383326,0.37916,0.383582
7540,0.383268,0.379101,0.383523
7541,0.383249,0.379082,0.383504
7542,0.383157,0.378989,0.383412
7543,0.383133,0.378965,0.383389
7544,0.383066,0.378898,0.383323
7545,0.382999,0.378829,0.383255
7546,0.382926,0.378756,0.383182
7547,0.382872,0.378702,0.383129
7548,0.382805,0.378634,0.383061
7549,0.382785,0.378614,0.383041
7550,0.382728,0.378556,0.382984
7551,0.382639,0.378466,0.382895
7552,0.382554,0.378381,0.38281
7553,0.382521,0.378347,0.382776
7554,0.382483,0.378309,0.382737
7555,0.382463,0.378288,0.382717
7556,0.382421,0.378246,0.382677
7557,0.382337,0.378162,0.382594
7558,0.382246,0.37807,0.382503
7559,0.382167,0.37799,0.382423
7560,0.382076,0.377898,0.38233
7561,0.382027,0.377849,0.38228
7562,0.382005,0.377826,0.382257
7563,0.381938,0.377759,0.382189
7564,0.381888,0.377708,0.382138
7565,0.381856,0.377675,0.382105
7566,0.381788,0.377606,0.382036
7567,0.381761,0.37758,0.382009
7568,0.381719,0.377537,0.381967
7569,0.381635,0.377453,0.381883
7570,0.381589,0.377406,0.381836
7571,0.381569,0.377386,0.381816
7572,0.381543,0.377359,0.38179
7573,0.381496,0.377312,0.381745
7574,0.381419,0.377234,0.381669
7575,0.381341,0.377155,0.38159
7576,0.381286,0.3771,0.381536
7577,0.381258,0.377072,0.381508
7578,0.381195,0.377008,0.381446
7579,0.381159,0.376972,0.381411
7580,0.381134,0.376946,0.381386
7581,0.381053,0.376865,0.381308
7582,0.380984,0.376795,0.38124
7583,0.380947,0.376757,0.381203
7584,0.38087,0.376679,0.381127
7585,0.380804,0.376613,0.381062
7586,0.380712,0.37652,0.380971
7587,0.380633,0.37644,0.380891
7588,0.380546,0.376352,0.380803
7589,0.38051,0.376316,0.380766
7590,0.380432,0.376237,0.380687
7591,0.380408,0.376213,0.380662
7592,0.380316,0.37612,0.380569
7593,0.380288,0.376092,0.38054
7594,0.380259,0.376063,0.380511
7595,0.380215,0.376018,0.380466
7596,0.380185,0.375988,0.380437
7597,0.380148,0.37595,0.3804
7598,0.380066,0.375868,0.380319
7599,0.379975,0.375776,0.380228
7600,0.379909,0.375709,0.380161
7601,0.379855,0.375654,0.380107
7602,0.379808,0.375607,0.380059
7603,0.379778,0.375577,0.380029
7604,0.37971,0.375508,0.379961
7605,0.379625,0.375422,0.379875
7606,0.379605,0.375402,0.379855
7607,0.37958,0.375376,0.37983
7608,0.379559,0.375356,0.37981
7609,0.379486,0.375282,0.379738
7610,0.379439,0.375235,0.379693
7611,0.379379,0.375174,0.379634
7612,0.379301,0.375095,0.379556
7613,0.379244,0.375037,0.379499
7614,0.379153,0.374945,0.379409
7615,0.37907,0.374862,0.379325
7616,0.379008,0.374799,0.379262
7617,0.37894,0.37473,0.379193
7618,0.3789,0.37469,0.379152
7619,0.37881,0.374599,0.379061
7620,0.378758,0.374547,0.379007
7621,0.378703,0.374491,0.378949
7622,0.378664,0.374452,0.378909
7623,0.378582,0.374369,0.378825
7624,0.378562,0.374349,0.378804
7625,0.378531,0.374317,0.378771
7626,0.378467,0.374252,0.378706
7627,0.378434,0.37422,0.378672
7628,0.378412,0.374197,0.378649
7629,0.378328,0.374112,0.378564
7630,0.378293,0.374077,0.378528
7631,0.378273,0.374057,0.378508
7632,0.378249,0.374032,0.378485
7633,0.378184,0.373967,0.37842
7634,0.378112,0.373894,0.378348
7635,0.378072,0.373854,0.378308
7636,0.378051,0.373833,0.378288
7637,0.377992,0.373773,0.378229
7638,0.377963,0.373744,0.378201
7639,0.377871,0.373651,0.37811
7640,0.377807,0.373586,0.378046
7641,0.377765,0.373544,0.378004
7642,0.377714,0.373492,0.377953
7643,0.377666,0.373444,0.377905
7644,0.377642,0.373419,0.377881
7645,0.377605,0.373382,0.377845
7646,0.377529,0.373305,0.37777
7647,0.377451,0.373227,0.377693
7648,0.377376,0.373151,0.377618
7649,0.377319,0.373093,0.377559
7650,0.377288,0.373062,0.377529
7651,0.377226,0.372999,0.377467
7652,0.377202,0.372975,0.377442
7653,0.377154,0.372927,0.377395
7654,0.377127,0.3729,0.377369
7655,0.377102,0.372874,0.377345
7656,0.377046,0.372817,0.37729
7657,0.376968,0.372739,0.377214
7658,0.376898,0.372667,0.377144
7659,0.376861,0.37263,0.377108
7660,0.3768,0.372569,0.377049
7661,0.376741,0.372509,0.376991
7662,0.376681,0.372449,0.376932
7663,0.376597,0.372364,0.376848
7664,0.376552,0.372318,0.376803
7665,0.37648,0.372246,0.376732
7666,0.376401,0.372166,0.376652
7667,0.376339,0.372103,0.37659
7668,0.376303,0.372067,0.376554
7669,0.376256,0.372019,0.376506
7670,0.376223,0.371986,0.376473
7671,0.376135,0.371897,0.376386
7672,0.376112,0.371874,0.376363
7673,0.376049,0.37181,0.3763
7674,0.376017,0.371778,0.376268
7675,0.375947,0.371708,0.3762
7676,0.375883,0.371643,0.376136
7677,0.375831,0.371591,0.376084
7678,0.375796,0.371555,0.37605
7679,0.375713,0.371472,0.375968
7680,0.375654,0.371411,0.375908
7681,0.375631,0.371389,0.375886
7682,0.375567,0.371324,0.375823
7683,0.375493,0.371249,0.375749
7684,0.375453,0.371209,0.37571
7685,0.375364,0.371118,0.375621
7686,0.375315,0.371069,0.375573
7687,0.375245,0.370998,0.375503
7688,0.375178,0.37093,0.375435
7689,0.375117,0.370869,0.375374
7690,0.375053,0.370804,0.375309
7691,0.375015,0.370766,0.375271
7692,0.374971,0.370721,0.375227
7693,0.374881,0.370631,0.375137
7694,0.37484,0.370589,0.375095
7695,0.37477,0.370518,0.375024
7696,0.374737,0.370485,0.374991
7697,0.37468,0.370428,0.374934
7698,0.374624,0.370371,0.374877
7699,0.37456,0.370307,0.374814
7700,0.374505,0.370251,0.374758
7701,0.374445,0.37019,0.374697
7702,0.374395,0.37014,0.374646
7703,0.374362,0.370107,0.374614
7704,0.37431,0.370054,0.374561
7705,0.374281,0.370025,0.374533
7706,0.374258,0.370001,0.37451
7707,0.374178,0.369921,0.374431
7708,0.374104,0.369846,0.374357
7709,0.374073,0.369814,0.374327
7710,0.373999,0.36974,0.374254
7711,0.373954,0.369694,0.374209
7712,0.373904,0.369644,0.37416
7713,0.373833,0.369572,0.37409
7714,0.373754,0.369493,0.374011
7715,0.373682,0.36942,0.373939
7716,0.373614,0.369351,0.373871
7717,0.37358,0.369317,0.373837
7718,0.373511,0.369247,0.373768
7719,0.373446,0.369182,0.373702
7720,0.37342,0.369155,0.373675
7721,0.373391,0.369126,0.373647
7722,0.373323,0.369057,0.373579
7723,0.37325,0.368983,0.373506
7724,0.373222,0.368955,0.373478
7725,0.373183,0.368916,0.37344
7726,0.373098,0.36883,0.373356
7727,0.373048,0.36878,0.373306
7728,0.37298,0.368711,0.373238
7729,0.372907,0.368637,0.373166
7730,0.372836,0.368566,0.373095
7731,0.372807,0.368536,0.373065
7732,0.372761,0.36849,0.373019
7733,0.372694,0.368422,0.372952
7734,0.372607,0.368334,0.372865
7735,0.372576,0.368303,0.372834
7736,0.372525,0.368251,0.372783
7737,0.372435,0.36816,0.372692
7738,0.372397,0.368122,0.372654
7739,0.372327,0.368051,0.372584
7740,0.37227,0.367993,0.372525
7741,0.372251,0.367974,0.372506
7742,0.372162,0.367884,0.372417
7743,0.372107,0.367829,0.372362
7744,0.372038,0.36776,0.372292
7745,0.372014,0.367735,0.372267
7746,0.371946,0.367666,0.372199
7747,0.371875,0.367594,0.372127
7748,0.371823,0.367542,0.372074
7749,0.371772,0.367491,0.372023
7750,0.37174,0.367458,0.37199
7751,0.371667,0.367385,0.371917
7752,0.371632,0.367349,0.371881
7753,0.371545,0.367262,0.371794
7754,0.371523,0.367239,0.371771
7755,0.371504,0.36722,0.371752
7756,0.371446,0.367162,0.371694
7757,0.371426,0.367142,0.371675
7758,0.371362,0.367077,0.371612
7759,0.371304,0.367018,0.371554
7760,0.371214,0.366927,0.371464
7761,0.371186,0.366899,0.371436
7762,0.371138,0.36685,0.371388
7763,0.371118,0.36683,0.37137
7764,0.371033,0.366744,0.371286
7765,0.370957,0.366668,0.37121
7766,0.370872,0.366582,0.371125
7767,0.370844,0.366554,0.371097
7768,0.370807,0.366516,0.37106
7769,0.370725,0.366434,0.370978
7770,0.370664,0.366372,0.370917
7771,0.370609,0.366316,0.370862
7772,0.37058,0.366287,0.370832
7773,0.370545,0.366252,0.370798
7774,0.370485,0.366191,0.370738
7775,0.370452,0.366158,0.370706
7776,0.370419,0.366124,0.370674
7777,0.370373,0.366077,0.370629
7778,0.370285,0.365989,0.370543
7779,0.370235,0.365938,0.370494
7780,0.370163,0.365866,0.370423
7781,0.370112,0.365814,0.370373
7782,0.370032,0.365733,0.370293
7783,0.369948,0.365649,0.37021
7784,0.369924,0.365625,0.370186
7785,0.369876,0.365576,0.370138
7786,0.369813,0.365512,0.370075
7787,0.369721,0.365419,0.369984
7788,0.369656,0.365353,0.369919
7789,0.369585,0.365281,0.369847
7790,0.369519,0.365215,0.369781
7791,0.369486,0.365182,0.369747
7792,0.36945,0.365146,0.369711
7793,0.369364,0.365059,0.369625
7794,0.36933,0.365024,0.36959
7795,0.369246,0.364939,0.369506
7796,0.369199,0.364892,0.369459
7797,0.369166,0.364858,0.369425
7798,0.369102,0.364794,0.369361
7799,0.369061,0.364753,0.369321
7800,0.369017,0.364708,0.369276
7801,0.368976,0.364667,0.369237
7802,0.368924,0.364614,0.369185
7803,0.368853,0.364543,0.369115
7804,0.36883,0.364519,0.369093
7805,0.368751,0.36444,0.369016
7806,0.368731,0.364419,0.368997
7807,0.368646,0.364333,0.368913
7808,0.368569,0.364256,0.368838
7809,0.368539,0.364225,0.368808
7810,0.368463,0.364149,0.368734
7811,0.368412,0.364097,0.368684
7812,0.368336,0.36402,0.368609
7813,0.368287,0.363971,0.368561
7814,0.368201,0.363884,0.368476
7815,0.368138,0.36382,0.368413
7816,0.368079,0.363761,0.368355
7817,0.368033,0.363714,0.368309
7818,0.367957,0.363638,0.368235
7819,0.367883,0.363563,0.368161
7820,0.367826,0.363505,0.368104
7821,0.367759,0.363437,0.368037
7822,0.367729,0.363407,0.368008
7823,0.367679,0.363356,0.367959
7824,0.367654,0.363331,0.367935
7825,0.367561,0.363238,0.367844
7826,0.3675,0.363176,0.367785
7827,0.367423,0.363098,0.367709
7828,0.367353,0.363027,0.36764
7829,0.367263,0.362936,0.36755
7830,0.3672,0.362872,0.367487
7831,0.367156,0.362829,0.367444
7832,0.36709,0.362761,0.367378
7833,0.367069,0.362741,0.367359
7834,0.366977,0.362648,0.367268
7835,0.366899,0.362569,0.367191
7836,0.366826,0.362495,0.367118
7837,0.366748,0.362416,0.367041
7838,0.36668,0.362348,0.366973
7839,0.366602,0.362269,0.366895
7840,0.36652,0.362186,0.366812
7841,0.366443,0.362109,0.366735
7842,0.366355,0.362019,0.366646
7843,0.366306,0.36197,0.366596
7844,0.366227,0.36189,0.366515
7845,0.36616,0.361823,0.366447
7846,0.366108,0.36177,0.366393
7847,0.366057,0.361718,0.366341
7848,0.365969,0.36163,0.366251
7849,0.365939,0.3616,0.36622
7850,0.365916,0.361576,0.366196
7851,0.365833,0.361493,0.366112
7852,0.365771,0.36143,0.366049
7853,0.3657,0.361358,0.365977
7854,0.365649,0.361306,0.365925
7855,0.365601,0.361258,0.365876
7856,0.365519,0.361175,0.365793
7857,0.365447,0.361102,0.365719
7858,0.365411,0.361066,0.365681
7859,0.36534,0.360995,0.365609
7860,0.365301,0.360955,0.365569
7861,0.365245,0.360898,0.365511
7862,0.365204,0.360857,0.365469
7863,0.365123,0.360775,0.365387
7864,0.365056,0.360708,0.365319
7865,0.365019,0.36067,0.36528
7866,0.365,0.36065,0.365259
7867,0.364933,0.360583,0.365192
7868,0.364882,0.360532,0.36514
7869,0.364815,0.360464,0.365072
7870,0.364781,0.360429,0.365037
7871,0.364696,0.360344,0.364951
7872,0.364659,0.360306,0.364913
7873,0.36464,0.360287,0.364893
7874,0.36459,0.360237,0.364843
7875,0.364509,0.360155,0.364761
7876,0.364488,0.360134,0.36474
7877,0.36447,0.360115,0.364721
7878,0.364445,0.360091,0.364697
7879,0.364378,0.360023,0.364631
7880,0.364349,0.359993,0.364603
7881,0.364284,0.359928,0.364539
7882,0.36421,0.359853,0.364466
7883,0.364187,0.35983,0.364444
7884,0.364119,0.359761,0.364378
7885,0.364054,0.359696,0.364313
7886,0.364002,0.359643,0.364262
7887,0.363912,0.359552,0.364173
7888,0.363882,0.359522,0.364143
7889,0.363818,0.359457,0.364079
7890,0.363772,0.359411,0.364034
7891,0.363728,0.359366,0.363992
7892,0.363645,0.359282,0.363909
7893,0.36356,0.359197,0.363824
7894,0.363523,0.359159,0.363787
7895,0.363462,0.359098,0.363727
7896,0.363377,0.359012,0.363642
7897,0.363285,0.358919,0.363549
7898,0.363205,0.358838,0.363467
7899,0.363136,0.358769,0.363397
7900,0.363117,0.358749,0.363376
7901,0.363078,0.358709,0.363335
7902,0.363018,0.358649,0.363274
7903,0.362995,0.358625,0.36325
7904,0.362943,0.358574,0.363198
7905,0.362875,0.358505,0.363129
7906,0.36285,0.358479,0.363103
7907,0.36278,0.358409,0.363033
7908,0.362717,0.358345,0.36297
7909,0.362667,0.358294,0.362918
7910,0.362636,0.358263,0.362887
7911,0.362553,0.358179,0.362803
7912,0.362528,0.358154,0.362778
7913,0.362495,0.358121,0.362745
7914,0.362403,0.358028,0.362653
7915,0.36233,0.357954,0.362578
7916,0.362257,0.357881,0.362504
7917,0.362235,0.357858,0.36248
7918,0.362209,0.357832,0.362454
7919,0.362172,0.357795,0.362417
7920,0.362132,0.357755,0.362376
7921,0.362111,0.357734,0.362356
7922,0.362087,0.357709,0.362332
7923,0.362017,0.357638,0.362263
7924,0.361973,0.357594,0.36222
7925,0.36195,0.357571,0.362199
7926,0.361864,0.357484,0.362114
7927,0.361799,0.357418,0.362049
7928,0.361721,0.35734,0.361972
7929,0.361691,0.357308,0.361942
7930,0.361628,0.357245,0.36188
7931,0.361551,0.357167,0.361802
7932,0.361523,0.35714,0.361775
7933,0.361482,0.357098,0.361735
7934,0.361435,0.35705,0.361688
7935,0.36141,0.357025,0.361664
7936,0.361321,0.356936,0.361577
7937,0.361272,0.356886,0.361528
7938,0.361192,0.356805,0.361449
7939,0.361118,0.35673,0.361374
7940,0.361049,0.35666,0.361305
7941,0.361011,0.356622,0.361267
7942,0.36094,0.356551,0.361196
7943,0.360868,0.356478,0.361123
7944,0.360798,0.356406,0.361052
7945,0.360747,0.356355,0.361
7946,0.360698,0.356306,0.36095
7947,0.36063,0.356237,0.36088
7948,0.360571,0.356178,0.360821
7949,0.360525,0.356131,0.360773
7950,0.360455,0.35606,0.360701
7951,0.360428,0.356034,0.360673
7952,0.360394,0.355999,0.360637
7953,0.360364,0.355968,0.360607
7954,0.360313,0.355917,0.360555
7955,0.360276,0.355879,0.360517
7956,0.36023,0.355833,0.360471
7957,0.360177,0.35578,0.360419
7958,0.360155,0.355758,0.360397
7959,0.360129,0.355731,0.360371
7960,0.360045,0.355647,0.360288
7961,0.360019,0.35562,0.360262
7962,0.359998,0.355599,0.360242
7963,0.359948,0.355548,0.360194
7964,0.359896,0.355496,0.360143
7965,0.359816,0.355415,0.360065
7966,0.359757,0.355356,0.360007
7967,0.359705,0.355303,0.359955
7968,0.359633,0.35523,0.359884
7969,0.359555,0.355151,0.359807
7970,0.359495,0.35509,0.359746
7971,0.359456,0.355052,0.359708
7972,0.359433,0.355028,0.359685
7973,0.359398,0.354993,0.359651
7974,0.359329,0.354923,0.359583
7975,0.359237,0.35483,0.359491
7976,0.359145,0.354737,0.359399
7977,0.359113,0.354705,0.359367
7978,0.359094,0.354686,0.359348
7979,0.359036,0.354628,0.359291
7980,0.358965,0.354556,0.359219
7981,0.358923,0.354513,0.359178
7982,0.358836,0.354426,0.359091
7983,0.358787,0.354376,0.359041
7984,0.358763,0.354352,0.359017
7985,0.358711,0.354299,0.358966
7986,0.358644,0.354231,0.358898
7987,0.358562,0.354149,0.358817
7988,0.358536,0.354123,0.35879
7989,0.358457,0.354043,0.358711
7990,0.358417,0.354002,0.358671
7991,0.358345,0.35393,0.358598
7992,0.358306,0.35389,0.358558
7993,0.358277,0.35386,0.358529
7994,0.358195,0.353778,0.358448
7995,0.35813,0.353712,0.358382
7996,0.358102,0.353684,0.358354
7997,0.358043,0.353624,0.358294
7998,0.357961,0.353541,0.358212
7999,0.357932,0.353512,0.358182
8000,0.357894,0.353474,0.358144
8001,0.357848,0.353428,0.358098
8002,0.357796,0.353374,0.358046
8003,0.357748,0.353327,0.357999
8004,0.357702,0.35328,0.357952
8005,0.357631,0.353208,0.357882
8006,0.3576,0.353177,0.357851
8007,0.357572,0.353149,0.357824
8008,0.357531,0.353108,0.357784
8009,0.357509,0.353085,0.357763
8010,0.357437,0.353013,0.357693
8011,0.357389,0.352964,0.357646
8012,0.357347,0.352921,0.357606
8013,0.357257,0.35283,0.357518
8014,0.357168,0.35274,0.35743
8015,0.357127,0.352699,0.35739
8016,0.35704,0.352612,0.357303
8017,0.357,0.352571,0.357263
8018,0.356923,0.352494,0.357187
8019,0.356862,0.352431,0.357125
8020,0.356797,0.352366,0.357061
8021,0.356728,0.352296,0.356991
8022,0.356639,0.352206,0.356902
8023,0.356615,0.352182,0.356877
8024,0.356589,0.352156,0.35685
8025,0.356551,0.352117,0.356812
8026,0.356463,0.352028,0.356725
8027,0.356376,0.35194,0.356637
8028,0.356322,0.351887,0.356583
8029,0.356241,0.351804,0.3565
8030,0.356182,0.351744,0.356439
8031,0.356152,0.351714,0.356408
8032,0.35613,0.351692,0.356385
8033,0.356087,0.351649,0.356342
8034,0.356023,0.351585,0.356278
8035,0.355951,0.351512,0.356206
8036,0.355895,0.351455,0.356148
8037,0.355864,0.351423,0.356116
8038,0.355822,0.351381,0.356074
8039,0.35578,0.351338,0.356032
8040,0.355733,0.351292,0.355986
8041,0.355676,0.351234,0.355928
8042,0.355638,0.351196,0.355891
8043,0.355573,0.35113,0.355826
8044,0.355513,0.351069,0.355766
8045,0.355462,0.351017,0.355714
8046,0.355441,0.350997,0.355694
8047,0.355376,0.350931,0.355629
8048,0.355319,0.350873,0.355572
8049,0.355251,0.350805,0.355505
8050,0.355162,0.350714,0.355415
8051,0.355138,0.350691,0.355391
8052,0.355083,0.350635,0.355336
8053,0.355002,0.350552,0.355254
8054,0.354942,0.350493,0.355194
8055,0.354887,0.350437,0.355137
8056,0.354829,0.350378,0.355079
8057,0.354737,0.350285,0.354984
8058,0.354662,0.350209,0.354907
8059,0.354625,0.350172,0.354868
8060,0.354607,0.350154,0.354847
8061,0.354573,0.35012,0.354812
8062,0.354548,0.350094,0.354786
8063,0.35449,0.350035,0.354727
8064,0.35446,0.350005,0.354696
8065,0.354423,0.349968,0.354658
8066,0.354394,0.349939,0.354629
8067,0.35434,0.349885,0.354575
8068,0.354304,0.349848,0.354539
8069,0.354279,0.349822,0.354514
8070,0.354211,0.349754,0.354446
8071,0.354178,0.349721,0.354414
8072,0.354088,0.34963,0.354324
8073,0.354056,0.349597,0.354291
8074,0.354012,0.349553,0.354248
8075,0.353972,0.349513,0.354208
8076,0.353903,0.349443,0.354139
8077,0.353837,0.349377,0.354073
8078,0.353817,0.349356,0.354052
8079,0.35376,0.349299,0.353996
8080,0.353707,0.349245,0.353942
8081,0.353673,0.34921,0.353908
8082,0.353636,0.349174,0.353871
8083,0.353583,0.34912,0.353818
8084,0.353557,0.349094,0.353793
8085,0.353498,0.349034,0.353735
8086,0.35341,0.348945,0.353647
8087,0.353376,0.348911,0.353613
8088,0.353323,0.348857,0.35356
8089,0.3533,0.348834,0.353537
8090,0.353262,0.348795,0.353499
8091,0.353216,0.348749,0.353454
8092,0.353171,0.348704,0.35341
8093,0.353117,0.348649,0.353357
8094,0.353085,0.348617,0.353326
8095,0.353015,0.348546,0.353257
8096,0.352953,0.348483,0.353195
8097,0.352934,0.348464,0.353177
8098,0.352864,0.348394,0.353108
8099,0.35282,0.348349,0.353065
8100,0.352739,0.348268,0.352985
8101,0.352679,0.348206,0.352925
8102,0.352626,0.348153,0.352873
8103,0.352537,0.348063,0.352783
8104,0.352482,0.348008,0.352728
8105,0.352447,0.347972,0.352692
8106,0.352369,0.347894,0.352614
8107,0.352344,0.347868,0.352588
8108,0.352313,0.347837,0.352557
8109,0.352282,0.347805,0.352526
8110,0.352241,0.347765,0.352487
8111,0.352178,0.347701,0.352424
8112,0.352125,0.347647,0.352371
8113,0.352096,0.347618,0.352343
8114,0.352036,0.347558,0.352285
8115,0.351983,0.347504,0.352232
8116,0.35196,0.34748,0.35221
8117,0.351885,0.347405,0.352137
8118,0.351817,0.347336,0.352069
8119,0.351797,0.347315,0.35205
8120,0.351714,0.347232,0.351968
8121,0.351642,0.347159,0.351897
8122,0.351558,0.347075,0.351813
8123,0.3515,0.347016,0.351755
8124,0.351448,0.346964,0.351703
8125,0.351402,0.346917,0.351656
8126,0.351372,0.346886,0.351626
8127,0.35131,0.346824,0.351565
8128,0.351259,0.346773,0.351514
8129,0.351224,0.346737,0.351479
8130,0.351135,0.346648,0.351391
8131,0.351112,0.346624,0.351367
8132,0.351044,0.346555,0.351299
8133,0.350961,0.346472,0.351217
8134,0.350918,0.346428,0.351173
8135,0.350857,0.346367,0.351112
8136,0.350823,0.346332,0.351078
8137,0.350783,0.346291,0.351038
8138,0.350713,0.346221,0.350968
8139,0.350677,0.346185,0.350933
8140,0.350637,0.346144,0.350893
8141,0.350571,0.346077,0.350827
8142,0.350534,0.346041,0.350791
8143,0.350468,0.345973,0.350725
8144,0.350423,0.345928,0.350681
8145,0.350404,0.345909,0.350663
8146,0.350342,0.345846,0.350602
8147,0.350298,0.345802,0.35056
8148,0.350211,0.345714,0.350474
8149,0.350131,0.345634,0.350395
8150,0.350056,0.345557,0.35032
8151,0.349993,0.345494,0.350257
8152,0.349921,0.345422,0.350185
8153,0.349884,0.345384,0.350148
8154,0.349816,0.345315,0.350079
8155,0.349755,0.345253,0.350017
8156,0.349675,0.345172,0.349936
8157,0.349646,0.345143,0.349907
8158,0.34958,0.345077,0.34984
8159,0.349491,0.344987,0.34975
8160,0.349443,0.344938,0.3497
8161,0.349411,0.344906,0.349668
8162,0.349373,0.344868,0.349629
8163,0.349298,0.344792,0.349553
8164,0.349214,0.344707,0.349467
8165,0.349156,0.344648,0.349407
8166,0.349121,0.344613,0.34937
8167,0.349072,0.344564,0.34932
8168,0.349005,0.344496,0.349251
8169,0.348982,0.344473,0.349226
8170,0.34896,0.344451,0.349204
8171,0.348919,0.344409,0.349162
8172,0.348896,0.344386,0.349138
8173,0.348877,0.344367,0.349119
8174,0.348839,0.344329,0.349082
8175,0.348811,0.3443,0.349055
8176,0.348786,0.344275,0.349031
8177,0.348708,0.344196,0.348955
8178,0.348637,0.344125,0.348885
8179,0.348554,0.34404,0.348802
8180,0.348534,0.34402,0.348782
8181,0.348442,0.343927,0.34869
8182,0.348393,0.343878,0.348642
8183,0.348324,0.343808,0.348573
8184,0.348279,0.343762,0.348527
8185,0.348259,0.343742,0.348507
8186,0.348215,0.343698,0.348464
8187,0.348138,0.343621,0.348387
8188,0.3481,0.343582,0.348348
8189,0.348043,0.343524,0.348292
8190,0.347997,0.343478,0.348246
8191,0.347924,0.343404,0.348173
8192,0.347904,0.343384,0.348153
8193,0.347819,0.343298,0.348068
8194,0.347748,0.343226,0.347997
8195,0.347716,0.343194,0.347965
8196,0.347672,0.34315,0.347921
8197,0.347628,0.343105,0.347876
8198,0.347604,0.343081,0.347853
8199,0.347536,0.343012,0.347785
8200,0.347458,0.342933,0.347707
8201,0.347411,0.342886,0.34766
8202,0.347344,0.342818,0.347592
8203,0.347316,0.34279,0.347564
8204,0.347255,0.342729,0.347503
8205,0.347208,0.342681,0.347455
8206,0.347176,0.342649,0.347424
8207,0.34715,0.342623,0.347398
8208,0.347066,0.342538,0.347314
8209,0.347046,0.342517,0.347294
8210,0.347012,0.342484,0.347262
8211,0.34698,0.342451,0.347231
8212,0.34692,0.34239,0.347172
8213,0.346837,0.342307,0.34709
8214,0.346747,0.342216,0.347
8215,0.346703,0.342171,0.346956
8216,0.346659,0.342127,0.346912
8217,0.346633,0.3421,0.346887
8218,0.346598,0.342065,0.346852
8219,0.346568,0.342035,0.346824
8220,0.346533,0.342,0.346791
8221,0.346488,0.341954,0.346748
8222,0.34641,0.341875,0.346672
8223,0.346338,0.341802,0.346601
8224,0.346282,0.341746,0.346547
8225,0.346191,0.341654,0.346457
8226,0.346152,0.341615,0.346419
8227,0.34609,0.341552,0.346358
8228,0.346001,0.341462,0.346269
8229,0.345942,0.341403,0.346211
8230,0.345889,0.341349,0.346157
8231,0.345812,0.341271,0.34608
8232,0.345788,0.341246,0.346056
8233,0.345699,0.341157,0.345967
8234,0.345647,0.341104,0.345915
8235,0.345594,0.341051,0.345863
8236,0.345529,0.340985,0.345797
8237,0.345496,0.340951,0.345764
8238,0.345445,0.3409,0.345713
8239,0.345426,0.340881,0.345695
8240,0.345349,0.340803,0.345619
8241,0.345304,0.340758,0.345574
8242,0.345211,0.340665,0.345483
8243,0.345127,0.340579,0.345398
8244,0.345087,0.340539,0.345358
8245,0.345007,0.340459,0.345278
8246,0.344951,0.340401,0.345221
8247,0.344909,0.340359,0.345178
8248,0.344888,0.340338,0.345158
8249,0.344814,0.340263,0.345083
8250,0.344759,0.340207,0.345028
8251,0.344712,0.34016,0.344982
8252,0.344622,0.340069,0.344892
8253,0.344593,0.34004,0.344863
8254,0.344511,0.339957,0.34478
8255,0.344483,0.339929,0.344752
8256,0.344412,0.339857,0.344681
8257,0.344344,0.339788,0.344613
8258,0.344304,0.339748,0.344573
8259,0.344244,0.339687,0.344512
8260,0.344201,0.339644,0.344469
8261,0.344178,0.339621,0.344447
8262,0.344142,0.339584,0.344411
8263,0.344058,0.339499,0.344328
8264,0.343995,0.339436,0.344266
8265,0.343952,0.339392,0.344223
8266,0.343869,0.339309,0.344141
8267,0.343789,0.339227,0.344061
8268,0.343743,0.339182,0.344015
8269,0.343684,0.339121,0.343955
8270,0.343604,0.339041,0.343875
8271,0.343536,0.338972,0.343806
8272,0.34346,0.338895,0.343729
8273,0.343413,0.338848,0.34368
8274,0.343375,0.33881,0.343642
8275,0.343297,0.338731,0.343562
8276,0.343223,0.338656,0.343486
8277,0.343204,0.338637,0.343466
8278,0.343144,0.338576,0.343405
8279,0.343077,0.338508,0.343336
8280,0.343045,0.338476,0.343303
8281,0.343011,0.338442,0.343268
8282,0.342983,0.338413,0.343239
8283,0.34295,0.338381,0.343206
8284,0.342925,0.338355,0.343181
8285,0.342894,0.338324,0.343151
8286,0.342829,0.338258,0.343087
8287,0.342758,0.338187,0.343017
8288,0.342729,0.338158,0.342989
8289,0.342673,0.338101,0.342933
8290,0.342606,0.338033,0.342866
8291,0.342525,0.337951,0.342786
8292,0.342465,0.33789,0.342726
8293,0.342418,0.337843,0.342679
8294,0.342376,0.337801,0.342637
8295,0.342311,0.337735,0.342572
8296,0.342253,0.337676,0.342514
8297,0.342209,0.337632,0.342469
8298,0.342147,0.337569,0.342408
8299,0.342066,0.337488,0.342327
8300,0.342039,0.33746,0.342298
8301,0.34201,0.337431,0.34227
8302,0.341966,0.337387,0.342226
8303,0.341893,0.337313,0.342154
8304,0.341851,0.337271,0.342112
8305,0.341807,0.337226,0.342068
8306,0.341775,0.337194,0.342037
8307,0.341725,0.337143,0.341988
8308,0.341661,0.337078,0.341924
8309,0.341624,0.337041,0.341888
8310,0.341585,0.337002,0.341851
8311,0.341506,0.336922,0.341773
8312,0.341454,0.336869,0.341722
8313,0.34138,0.336795,0.341649
8314,0.341305,0.336719,0.341574
8315,0.341223,0.336636,0.341492
8316,0.341189,0.336602,0.341458
8317,0.341151,0.336564,0.34142
8318,0.341068,0.336479,0.341337
8319,0.341034,0.336445,0.341303
8320,0.34097,0.336381,0.34124
8321,0.340927,0.336337,0.341196
8322,0.340847,0.336257,0.341117
8323,0.340814,0.336223,0.341084
8324,0.340781,0.33619,0.341052
8325,0.340696,0.336104,0.340968
8326,0.340655,0.336062,0.340926
8327,0.340565,0.335972,0.340837
8328,0.340479,0.335884,0.34075
8329,0.340446,0.335851,0.340717
8330,0.340374,0.335779,0.340644
8331,0.34029,0.335694,0.340559
8332,0.34026,0.335664,0.340528
8333,0.340182,0.335585,0.340449
8334,0.340137,0.335539,0.340403
8335,0.34005,0.335452,0.340315
8336,0.340021,0.335422,0.340284
8337,0.339972,0.335373,0.340233
8338,0.339954,0.335354,0.340214
8339,0.339907,0.335307,0.340167
8340,0.33987,0.33527,0.34013
8341,0.339836,0.335235,0.340096
8342,0.339786,0.335185,0.340046
8343,0.339722,0.33512,0.339982
8344,0.339634,0.335031,0.339893
8345,0.339565,0.334962,0.339823
8346,0.339528,0.334925,0.339786
8347,0.339486,0.334881,0.339742
8348,0.339424,0.334819,0.33968
8349,0.339375,0.334769,0.33963
8350,0.339287,0.334681,0.339541
8351,0.33926,0.334654,0.339513
8352,0.339238,0.334631,0.339489
8353,0.339213,0.334606,0.339465
8354,0.339195,0.334587,0.339446
8355,0.339145,0.334538,0.339397
8356,0.339111,0.334503,0.339364
8357,0.339064,0.334456,0.339318
8358,0.339002,0.334393,0.339257
8359,0.338922,0.334312,0.339178
8360,0.338849,0.334238,0.339104
8361,0.338789,0.334178,0.339045
8362,0.338767,0.334155,0.339022
8363,0.33874,0.334129,0.338996
8364,0.338701,0.334089,0.338958
8365,0.33866,0.334048,0.338918
8366,0.338605,0.333992,0.338864
8367,0.338562,0.333949,0.338823
8368,0.338487,0.333873,0.338749
8369,0.338417,0.333802,0.338679
8370,0.338328,0.333712,0.338591
8371,0.338259,0.333642,0.338522
8372,0.338232,0.333615,0.338495
8373,0.338186,0.333569,0.338449
8374,0.338114,0.333496,0.338377
8375,0.338033,0.333415,0.338296
8376,0.338001,0.333382,0.338264
8377,0.337959,0.33334,0.338221
8378,0.33789,0.33327,0.338152
8379,0.337848,0.333228,0.33811
8380,0.337818,0.333197,0.33808
8381,0.337795,0.333174,0.338058
8382,0.337729,0.333107,0.337993
8383,0.337666,0.333044,0.337931
8384,0.337613,0.33299,0.337879
8385,0.337525,0.332901,0.337791
8386,0.337498,0.332874,0.337764
8387,0.337407,0.332782,0.337672
8388,0.337386,0.33276,0.337652
8389,0.33736,0.332735,0.337627
8390,0.337269,0.332642,0.337536
8391,0.337203,0.332576,0.337471
8392,0.337146,0.332519,0.337414
8393,0.337098,0.33247,0.337366
8394,0.337073,0.332444,0.337341
8395,0.336985,0.332356,0.337254
8396,0.336943,0.332314,0.337212
8397,0.336861,0.332231,0.33713
8398,0.336815,0.332184,0.337083
8399,0.336771,0.33214,0.33704
8400,0.336688,0.332055,0.336956
8401,0.336642,0.33201,0.33691
8402,0.336561,0.331928,0.336829
8403,0.336482,0.331847,0.336748
8404,0.336408,0.331773,0.336673
8405,0.336345,0.33171,0.336609
8406,0.336298,0.331661,0.336559
8407,0.336234,0.331597,0.336493
8408,0.33621,0.331573,0.336467
8409,0.336178,0.33154,0.336433
8410,0.336155,0.331518,0.33641
8411,0.336091,0.331453,0.336345
8412,0.336027,0.331388,0.336279
8413,0.336,0.331361,0.336252
8414,0.335977,0.331338,0.336228
8415,0.335956,0.331316,0.336207
8416,0.335883,0.331243,0.336135
8417,0.335845,0.331204,0.336096
8418,0.335753,0.331111,0.336004
8419,0.335703,0.331061,0.335953
8420,0.335638,0.330996,0.335888
8421,0.335585,0.330941,0.335833
8422,0.33554,0.330897,0.335788
8423,0.335521,0.330877,0.335767
8424,0.335492,0.330848,0.335738
8425,0.335468,0.330823,0.335714
8426,0.335425,0.33078,0.335672
8427,0.335384,0.330739,0.335632
8428,0.335357,0.330711,0.335606
8429,0.335321,0.330676,0.335572
8430,0.335243,0.330597,0.335495
8431,0.335185,0.330538,0.335438
8432,0.335121,0.330473,0.335374
8433,0.335087,0.330439,0.335341
8434,0.335055,0.330407,0.33531
8435,0.334991,0.330342,0.335247
8436,0.334953,0.330304,0.335211
8437,0.334873,0.330223,0.335132
8438,0.334807,0.330156,0.335067
8439,0.33478,0.330129,0.33504
8440,0.334708,0.330056,0.334969
8441,0.334642,0.32999,0.334904
8442,0.334575,0.329921,0.334837
8443,0.334503,0.329849,0.334764
8444,0.334473,0.329818,0.334734
8445,0.334436,0.329782,0.334698
8446,0.334349,0.329694,0.334611
8447,0.334325,0.329669,0.334587
8448,0.334286,0.329629,0.334548
8449,0.334255,0.329599,0.334519
8450,0.334188,0.329531,0.334453
8451,0.334105,0.329447,0.33437
8452,0.334051,0.329393,0.334317
8453,0.334017,0.329358,0.334283
8454,0.333929,0.329269,0.334195
8455,0.333873,0.329213,0.33414
8456,0.333784,0.329123,0.33405
8457,0.333744,0.329083,0.33401
8458,0.333697,0.329034,0.333961
8459,0.333633,0.328971,0.333898
8460,0.333544,0.32888,0.333807
8461,0.33352,0.328856,0.333782
8462,0.333499,0.328835,0.333761
8463,0.333445,0.32878,0.333707
8464,0.333375,0.32871,0.333636
8465,0.333333,0.328667,0.333593
8466,0.333306,0.32864,0.333567
8467,0.33328,0.328614,0.333542
8468,0.333243,0.328576,0.333505
8469,0.333218,0.328551,0.333481
8470,0.333131,0.328463,0.333395
8471,0.333091,0.328423,0.333357
8472,0.333046,0.328377,0.333312
8473,0.332983,0.328314,0.333252
8474,0.332953,0.328283,0.333222
8475,0.33291,0.32824,0.333181
8476,0.332842,0.328171,0.333115
8477,0.332785,0.328113,0.333059
8478,0.332692,0.32802,0.332968
8479,0.332671,0.327998,0.332948
8480,0.332633,0.327961,0.332913
8481,0.332548,0.327874,0.332829
8482,0.33251,0.327836,0.332793
8483,0.332423,0.327749,0.332708
8484,0.33236,0.327685,0.332646
8485,0.332272,0.327596,0.332559
8486,0.332181,0.327503,0.332467
8487,0.3321,0.327422,0.332387
8488,0.33206,0.327382,0.332346
8489,0.332027,0.327348,0.332313
8490,0.331993,0.327314,0.33228
8491,0.33191,0.32723,0.332197
8492,0.331846,0.327165,0.332133
8493,0.3318,0.327119,0.332088
8494,0.331711,0.327029,0.331999
8495,0.331666,0.326984,0.331954
8496,0.331592,0.326909,0.33188
8497,0.331517,0.326833,0.331805
8498,0.331449,0.326764,0.331736
8499,0.331423,0.326738,0.33171
8500,0.331397,0.326712,0.331684
8501,0.331342,0.326656,0.33163
8502,0.331254,0.326568,0.331542
8503,0.331171,0.326484,0.331459
8504,0.331138,0.326451,0.331426
8505,0.331077,0.326389,0.331365
8506,0.331013,0.326324,0.331301
8507,0.330954,0.326265,0.331242
8508,0.330905,0.326214,0.331192
8509,0.330851,0.326161,0.331139
8510,0.330778,0.326087,0.331066
8511,0.330757,0.326065,0.331045
8512,0.330711,0.326019,0.330999
8513,0.330624,0.325931,0.330913
8514,0.330592,0.325899,0.330881
8515,0.33054,0.325847,0.330831
8516,0.330488,0.325793,0.330779
8517,0.33045,0.325755,0.330742
8518,0.330377,0.325682,0.330671
8519,0.330302,0.325606,0.330597
8520,0.330244,0.325547,0.330539
8521,0.330181,0.325483,0.330477
8522,0.330135,0.325438,0.330433
8523,0.330061,0.325363,0.33036
8524,0.330002,0.325303,0.330301
8525,0.329934,0.325234,0.330234
8526,0.329841,0.325141,0.330142
8527,0.329751,0.325049,0.330052
8528,0.32966,0.324957,0.32996
8529,0.329634,0.324931,0.329933
8530,0.329557,0.324853,0.329856
8531,0.329485,0.324781,0.329783
8532,0.329455,0.324751,0.329752
8533,0.329393,0.324688,0.32969
8534,0.329361,0.324655,0.329657
8535,0.329317,0.324611,0.329613
8536,0.329229,0.324523,0.329526
8537,0.329151,0.324443,0.329447
8538,0.329104,0.324396,0.3294
8539,0.329041,0.324333,0.329337
8540,0.328958,0.324249,0.329253
8541,0.328901,0.324191,0.329195
8542,0.328877,0.324167,0.32917
8543,0.328815,0.324104,0.329108
8544,0.328759,0.324048,0.329051
8545,0.328698,0.323986,0.328991
8546,0.328622,0.323909,0.328914
8547,0.328601,0.323888,0.328892
8548,0.328557,0.323843,0.328848
8549,0.328472,0.323758,0.328763
8550,0.328432,0.323717,0.328723
8551,0.328393,0.323678,0.328684
8552,0.328331,0.323615,0.328623
8553,0.328283,0.323567,0.328576
8554,0.328255,0.323538,0.328548
8555,0.328179,0.323462,0.328473
8556,0.328087,0.323369,0.328382
8557,0.328013,0.323294,0.328308
8558,0.327982,0.323263,0.328277
8559,0.327954,0.323234,0.328249
8560,0.327872,0.323151,0.328168
8561,0.327784,0.323063,0.32808
8562,0.327696,0.322974,0.327992
8563,0.32763,0.322907,0.327925
8564,0.327557,0.322834,0.327851
8565,0.327533,0.322809,0.327826
8566,0.327463,0.322739,0.327755
8567,0.327427,0.322702,0.327719
8568,0.327361,0.322635,0.327652
8569,0.327298,0.322571,0.327588
8570,0.32722,0.322494,0.32751
8571,0.327182,0.322454,0.327471
8572,0.327128,0.322401,0.327417
8573,0.327074,0.322346,0.327362
8574,0.326999,0.32227,0.327286
8575,0.326944,0.322214,0.32723
8576,0.326869,0.322138,0.327154
8577,0.326846,0.322116,0.32713
8578,0.326816,0.322085,0.327099
8579,0.326783,0.322051,0.327066
8580,0.326755,0.322024,0.327039
8581,0.326734,0.322002,0.327019
8582,0.326654,0.321921,0.32694
8583,0.326575,0.321842,0.326862
8584,0.32651,0.321776,0.326798
8585,0.326448,0.321713,0.326735
8586,0.32639,0.321654,0.326678
8587,0.326303,0.321567,0.326592
8588,0.326233,0.321496,0.326521
8589,0.32618,0.321443,0.326467
8590,0.326123,0.321385,0.326409
8591,0.326084,0.321346,0.326371
8592,0.325992,0.321253,0.326278
8593,0.325949,0.32121,0.326234
8594,0.325875,0.321134,0.326159
8595,0.325851,0.32111,0.326134
8596,0.325783,0.321042,0.326066
8597,0.325699,0.320956,0.32598
8598,0.325648,0.320905,0.325928
8599,0.325613,0.32087,0.325893
8600,0.325593,0.32085,0.325872
8601,0.325513,0.320769,0.325792
8602,0.325445,0.3207,0.325723
8603,0.325384,0.320638,0.325661
8604,0.325345,0.320599,0.325621
8605,0.325265,0.320519,0.32554
8606,0.325227,0.32048,0.325501
8607,0.325206,0.320459,0.325479
8608,0.325179,0.320432,0.325452
8609,0.325099,0.320351,0.325372
8610,0.325045,0.320296,0.325317
8611,0.325018,0.320269,0.32529
8612,0.324983,0.320234,0.325256
8613,0.324953,0.320204,0.325226
8614,0.324935,0.320185,0.325209
8615,0.324888,0.320138,0.325164
8616,0.324845,0.320095,0.325123
8617,0.324753,0.320001,0.325032
8618,0.324723,0.319971,0.325003
8619,0.324648,0.319896,0.32493
8620,0.32457,0.319817,0.324853
8621,0.324515,0.319761,0.324799
8622,0.324447,0.319692,0.324732
8623,0.324364,0.319609,0.324649
8624,0.324328,0.319572,0.324613
8625,0.324263,0.319507,0.324549
8626,0.324221,0.319464,0.324508
8627,0.32414,0.319383,0.324427
8628,0.3241,0.319342,0.324387
8629,0.324058,0.319299,0.324345
8630,0.323987,0.319228,0.324275
8631,0.323935,0.319176,0.324224
8632,0.323868,0.319108,0.324158
8633,0.323807,0.319046,0.324097
8634,0.323749,0.318988,0.32404
8635,0.323706,0.318944,0.323997
8636,0.323671,0.318908,0.323962
8637,0.323584,0.318821,0.323877
8638,0.323548,0.318784,0.323841
8639,0.323465,0.318701,0.323759
8640,0.32342,0.318655,0.323715
8641,0.32334,0.318574,0.323635
8642,0.323267,0.318501,0.323562
8643,0.323176,0.318409,0.323471
8644,0.323111,0.318343,0.323406
8645,0.323071,0.318303,0.323365
8646,0.323001,0.318232,0.323294
8647,0.322928,0.318158,0.32322
8648,0.3229,0.31813,0.323191
8649,0.322856,0.318085,0.323147
8650,0.322798,0.318026,0.323089
8651,0.322768,0.317997,0.323059
8652,0.322739,0.317968,0.323031
8653,0.322703,0.317931,0.322996
8654,0.322623,0.317851,0.322918
8655,0.322557,0.317783,0.322851
8656,0.322483,0.317709,0.322779
8657,0.322414,0.317639,0.32271
8658,0.322342,0.317566,0.322638
8659,0.322274,0.317498,0.32257
8660,0.3222,0.317423,0.322496
8661,0.32216,0.317383,0.322455
8662,0.322134,0.317357,0.32243
8663,0.322068,0.31729,0.322364
8664,0.322024,0.317245,0.32232
8665,0.321954,0.317175,0.322251
8666,0.321881,0.317101,0.322178
8667,0.321856,0.317076,0.322153
8668,0.321786,0.317005,0.322083
8669,0.321713,0.316931,0.322011
8670,0.321631,0.316848,0.321928
8671,0.321603,0.31682,0.321901
8672,0.321538,0.316754,0.321836
8673,0.321461,0.316676,0.321759
8674,0.321403,0.316617,0.3217
8675,0.32134,0.316554,0.321637
8676,0.32126,0.316474,0.321557
8677,0.321169,0.316381,0.321464
8678,0.32114,0.316353,0.321435
8679,0.321119,0.316331,0.321413
8680,0.321048,0.316259,0.321342
8681,0.321023,0.316234,0.321316
8682,0.320997,0.316208,0.321291
8683,0.32092,0.31613,0.321215
8684,0.320868,0.316078,0.321163
8685,0.32079,0.315999,0.321086
8686,0.320711,0.315919,0.321006
8687,0.320653,0.31586,0.320948
8688,0.320573,0.31578,0.320868
8689,0.320506,0.315712,0.320799
8690,0.320473,0.315678,0.320766
8691,0.320425,0.31563,0.320718
8692,0.320395,0.3156,0.320688
8693,0.320357,0.315562,0.32065
8694,0.320313,0.315517,0.320607
8695,0.320261,0.315464,0.320555
8696,0.320221,0.315424,0.320516
8697,0.320174,0.315377,0.320471
8698,0.320103,0.315305,0.320402
8699,0.32005,0.315251,0.32035
8700,0.319962,0.315163,0.320263
8701,0.319911,0.315111,0.320213
8702,0.319847,0.315047,0.32015
8703,0.319765,0.314963,0.320068
8704,0.3197,0.314898,0.320004
8705,0.319638,0.314835,0.319942
8706,0.319551,0.314748,0.319855
8707,0.319464,0.314659,0.319767
8708,0.319427,0.314622,0.31973
8709,0.319381,0.314576,0.319683
8710,0.31935,0.314544,0.319652
8711,0.319278,0.314472,0.319581
8712,0.319232,0.314425,0.319535
8713,0.319157,0.314349,0.31946
8714,0.319101,0.314293,0.319404
8715,0.319041,0.314232,0.319345
8716,0.318977,0.314167,0.31928
8717,0.318941,0.314132,0.319245
8718,0.318861,0.314051,0.319166
8719,0.318784,0.313973,0.319088
8720,0.318753,0.313941,0.319057
8721,0.318689,0.313877,0.318994
8722,0.318629,0.313816,0.318934
8723,0.318547,0.313733,0.318852
8724,0.318506,0.313692,0.318811
8725,0.318482,0.313668,0.318787
8726,0.31842,0.313605,0.318726
8727,0.318381,0.313565,0.318688
8728,0.318296,0.31348,0.318604
8729,0.318207,0.31339,0.318515
8730,0.318124,0.313307,0.318433
8731,0.318071,0.313253,0.318379
8732,0.317984,0.313164,0.318291
8733,0.317959,0.31314,0.318266
8734,0.317895,0.313075,0.318202
8735,0.317837,0.313017,0.318144
8736,0.317764,0.312943,0.318071
8737,0.317679,0.312857,0.317985
8738,0.317616,0.312793,0.317921
8739,0.317569,0.312746,0.317873
8740,0.31755,0.312727,0.317854
8741,0.317488,0.312664,0.317791
8742,0.317402,0.312577,0.317704
8743,0.317337,0.312511,0.317639
8744,0.317292,0.312466,0.317593
8745,0.317246,0.312419,0.317547
8746,0.317173,0.312346,0.317474
8747,0.317131,0.312303,0.317431
8748,0.317091,0.312263,0.317391
8749,0.317043,0.312215,0.317343
8750,0.316957,0.312128,0.317257
8751,0.316925,0.312095,0.317225
8752,0.316879,0.312049,0.317179
8753,0.316832,0.312001,0.317132
8754,0.316778,0.311947,0.317079
8755,0.316688,0.311856,0.31699
8756,0.31663,0.311797,0.316932
8757,0.316559,0.311726,0.316861
8758,0.316515,0.311681,0.316816
8759,0.316468,0.311633,0.31677
8760,0.316383,0.311548,0.316685
8761,0.316344,0.311509,0.316646
8762,0.316276,0.31144,0.316578
8763,0.316222,0.311385,0.316524
8764,0.316168,0.311331,0.31647
8765,0.316095,0.311257,0.316397
8766,0.316059,0.31122,0.316361
8767,0.315967,0.311128,0.316269
8768,0.315938,0.311098,0.31624
8769,0.315892,0.311052,0.316194
8770,0.315802,0.310961,0.316104
8771,0.315746,0.310905,0.316049
8772,0.315723,0.310881,0.316026
8773,0.315631,0.310788,0.315934
8774,0.315544,0.3107,0.315846
8775,0.315523,0.310679,0.315825
8776,0.315495,0.310651,0.315797
8777,0.315459,0.310615,0.315762
8778,0.315371,0.310526,0.315675
8779,0.315282,0.310436,0.315586
8780,0.315206,0.310359,0.31551
8781,0.315122,0.310274,0.315425
8782,0.31507,0.310222,0.315372
8783,0.314983,0.310133,0.315283
8784,0.314953,0.310103,0.315253
8785,0.314897,0.310047,0.315196
8786,0.314855,0.310004,0.315153
8787,0.314802,0.309951,0.315099
8788,0.31475,0.309898,0.315047
8789,0.314722,0.30987,0.315018
8790,0.314683,0.309831,0.31498
8791,0.314608,0.309755,0.314905
8792,0.314519,0.309665,0.314815
8793,0.314429,0.309574,0.314725
8794,0.314351,0.309495,0.314645
8795,0.31431,0.309454,0.314602
8796,0.314273,0.309417,0.314565
8797,0.314236,0.30938,0.314527
8798,0.31415,0.309292,0.314439
8799,0.314088,0.30923,0.314376
8800,0.314042,0.309183,0.314329
8801,0.314018,0.309159,0.314303
8802,0.313984,0.309124,0.314268
8803,0.313953,0.309094,0.314238
8804,0.31387,0.30901,0.314154
8805,0.31385,0.308989,0.314134
8806,0.313762,0.3089,0.314045
8807,0.313705,0.308843,0.313988
8808,0.313645,0.308782,0.313927
8809,0.313606,0.308743,0.313888
8810,0.31358,0.308716,0.313861
8811,0.313561,0.308697,0.313842
8812,0.313499,0.308635,0.313781
8813,0.313447,0.308582,0.313729
8814,0.313396,0.308531,0.313679
8815,0.313364,0.308499,0.313648
8816,0.313306,0.30844,0.313591
8817,0.313216,0.308349,0.313501
8818,0.313143,0.308275,0.313428
8819,0.313095,0.308227,0.31338
8820,0.313056,0.308187,0.313341
8821,0.312977,0.308108,0.313262
8822,0.312887,0.308017,0.313171
8823,0.312867,0.307997,0.313151
8824,0.312823,0.307952,0.313107
8825,0.312796,0.307925,0.31308
8826,0.312708,0.307836,0.312992
8827,0.312675,0.307803,0.312958
8828,0.312616,0.307743,0.3129
8829,0.312532,0.307658,0.312815
8830,0.312507,0.307633,0.31279
8831,0.312457,0.307583,0.31274
8832,0.31237,0.307495,0.312652
8833,0.312294,0.307418,0.312576
8834,0.312262,0.307385,0.312542
8835,0.312224,0.307347,0.312504
8836,0.312169,0.307291,0.312448
8837,0.312134,0.307256,0.312413
8838,0.312106,0.307228,0.312385
8839,0.31208,0.307201,0.312359
8840,0.311991,0.307112,0.312271
8841,0.311915,0.307035,0.312195
8842,0.311871,0.30699,0.312151
8843,0.311792,0.306911,0.312071
8844,0.311757,0.306875,0.312035
8845,0.311714,0.306832,0.311992
8846,0.311685,0.306803,0.311964
8847,0.311606,0.306723,0.311884
8848,0.311576,0.306692,0.311854
8849,0.31155,0.306666,0.311829
8850,0.311465,0.306581,0.311745
8851,0.311374,0.306488,0.311653
8852,0.311325,0.306439,0.311604
8853,0.311276,0.30639,0.311554
8854,0.311247,0.30636,0.311525
8855,0.311185,0.306298,0.311463
8856,0.311151,0.306264,0.311429
8857,0.311131,0.306243,0.311409
8858,0.311097,0.306209,0.311376
8859,0.311053,0.306165,0.311333
8860,0.310967,0.306078,0.311248
8861,0.31094,0.30605,0.311222
8862,0.310913,0.306023,0.311197
8863,0.310857,0.305966,0.311142
8864,0.310767,0.305876,0.311053
8865,0.310692,0.3058,0.310979
8866,0.31062,0.305727,0.310908
8867,0.310598,0.305705,0.310886
8868,0.310527,0.305633,0.310815
8869,0.310486,0.305592,0.310776
8870,0.310436,0.305542,0.310726
8871,0.31036,0.305465,0.310651
8872,0.310301,0.305405,0.310593
8873,0.310275,0.305379,0.310567
8874,0.310201,0.305304,0.310494
8875,0.310124,0.305227,0.310418
8876,0.310064,0.305165,0.310358
8877,0.30998,0.30508,0.310274
8878,0.309928,0.305029,0.310222
8879,0.309845,0.304944,0.310138
8880,0.309788,0.304886,0.31008
8881,0.309757,0.304855,0.310049
8882,0.309713,0.304811,0.310005
8883,0.30963,0.304727,0.309922
8884,0.309554,0.304651,0.309845
8885,0.309522,0.304619,0.309813
8886,0.309476,0.304572,0.309766
8887,0.309457,0.304552,0.309746
8888,0.309426,0.304521,0.309716
8889,0.309336,0.30443,0.309626
8890,0.309284,0.304378,0.309575
8891,0.309195,0.304288,0.309486
8892,0.309151,0.304243,0.309441
8893,0.30911,0.304202,0.3094
8894,0.309058,0.30415,0.309348
8895,0.308973,0.304063,0.309263
8896,0.308939,0.30403,0.309229
8897,0.308913,0.304003,0.309203
8898,0.30888,0.30397,0.30917
8899,0.308794,0.303883,0.309085
8900,0.308758,0.303847,0.30905
8901,0.308707,0.303795,0.308999
8902,0.308645,0.303732,0.308937
8903,0.308602,0.303689,0.308895
8904,0.308533,0.303619,0.308827
8905,0.308442,0.303528,0.308736
8906,0.308367,0.303451,0.30866
8907,0.308337,0.303421,0.30863
8908,0.308271,0.303355,0.308565
8909,0.308251,0.303334,0.308545
8910,0.308224,0.303307,0.308518
8911,0.308147,0.30323,0.308443
8912,0.30807,0.303152,0.308366
8913,0.307981,0.303062,0.308277
8914,0.30791,0.30299,0.308206
8915,0.307852,0.302931,0.308147
8916,0.307814,0.302894,0.308109
8917,0.30776,0.302838,0.308054
8918,0.307699,0.302777,0.307993
8919,0.307609,0.302686,0.307902
8920,0.307557,0.302634,0.307849
8921,0.307482,0.302558,0.307773
8922,0.307461,0.302536,0.307751
8923,0.307371,0.302446,0.30766
8924,0.307335,0.302409,0.307622
8925,0.307282,0.302356,0.307568
8926,0.307259,0.302333,0.307544
8927,0.307229,0.302302,0.307513
8928,0.307187,0.30226,0.307472
8929,0.307122,0.302194,0.307406
8930,0.307069,0.302141,0.307354
8931,0.307051,0.302122,0.307335
8932,0.307006,0.302077,0.307291
8933,0.306934,0.302004,0.307219
8934,0.306907,0.301977,0.307193
8935,0.306851,0.30192,0.307137
8936,0.306811,0.30188,0.307098
8937,0.306746,0.301815,0.307034
8938,0.306705,0.301773,0.306994
8939,0.306679,0.301747,0.30697
8940,0.306631,0.301698,0.306923
8941,0.306583,0.30165,0.306877
8942,0.306508,0.301575,0.306804
8943,0.306424,0.30149,0.306721
8944,0.306402,0.301466,0.306699
8945,0.30636,0.301424,0.30666
8946,0.306272,0.301336,0.306574
8947,0.306241,0.301304,0.306544
8948,0.306185,0.301247,0.30649
8949,0.306113,0.301175,0.30642
8950,0.306021,0.301082,0.30633
8951,0.305937,0.300997,0.306246
8952,0.305911,0.300971,0.306221
8953,0.305856,0.300915,0.306168
8954,0.305774,0.300832,0.306086
8955,0.305688,0.300745,0.306001
8956,0.305609,0.300666,0.305923
8957,0.305577,0.300633,0.305891
8958,0.305484,0.30054,0.305799
8959,0.305403,0.300458,0.305717
8960,0.305376,0.300431,0.30569
8961,0.305304,0.300358,0.305618
8962,0.305272,0.300325,0.305586
8963,0.305202,0.300255,0.305517
8964,0.305119,0.300171,0.305434
8965,0.305028,0.30008,0.305343
8966,0.304968,0.300019,0.305282
8967,0.304882,0.299932,0.305195
8968,0.304798,0.299847,0.305109
8969,0.304758,0.299807,0.305068
8970,0.304734,0.299782,0.305043
8971,0.304706,0.299754,0.305014
8972,0.304634,0.299681,0.304942
8973,0.304598,0.299645,0.304906
8974,0.304514,0.29956,0.304821
8975,0.304481,0.299527,0.304787
8976,0.304426,0.299471,0.304732
8977,0.304377,0.299422,0.304684
8978,0.304327,0.299371,0.304633
8979,0.304239,0.299283,0.304545
8980,0.304221,0.299264,0.304527
8981,0.304128,0.29917,0.304434
8982,0.304062,0.299104,0.304368
8983,0.303998,0.299039,0.304303
8984,0.303916,0.298956,0.30422
8985,0.303893,0.298933,0.304196
8986,0.303829,0.298868,0.304131
8987,0.303775,0.298814,0.304077
8988,0.303698,0.298735,0.303998
8989,0.30362,0.298657,0.303919
8990,0.30358,0.298616,0.303877
8991,0.303541,0.298578,0.303838
8992,0.303499,0.298535,0.303794
8993,0.303449,0.298485,0.303744
8994,0.303403,0.298438,0.303697
8995,0.303333,0.298368,0.303627
8996,0.303295,0.298329,0.303588
8997,0.303227,0.29826,0.303519
8998,0.303202,0.298235,0.303494
8999,0.303184,0.298216,0.303476
9000,0.303135,0.298167,0.303428
9001,0.303069,0.2981,0.303362
9002,0.303018,0.298049,0.303311
9003,0.302939,0.297969,0.303232
9004,0.302866,0.297896,0.303159
9005,0.302826,0.297856,0.303119
9006,0.302782,0.297811,0.303075
9007,0.302755,0.297783,0.303048
9008,0.302685,0.297713,0.302978
9009,0.302638,0.297666,0.302932
9010,0.302564,0.297591,0.302858
9011,0.302536,0.297563,0.30283
9012,0.302517,0.297544,0.302812
9013,0.302426,0.297451,0.302721
9014,0.302348,0.297372,0.302643
9015,0.302264,0.297287,0.302559
9016,0.302244,0.297267,0.302538
9017,0.302181,0.297204,0.302476
9018,0.302143,0.297165,0.302437
9019,0.302053,0.297074,0.302347
9020,0.302021,0.297042,0.302315
9021,0.301984,0.297005,0.302279
9022,0.301893,0.296913,0.302188
9023,0.301838,0.296857,0.302132
9024,0.301782,0.296801,0.302076
9025,0.301738,0.296756,0.302031
9026,0.301705,0.296723,0.301998
9027,0.301622,0.29664,0.301915
9028,0.301596,0.296613,0.301889
9029,0.301567,0.296583,0.30186
9030,0.301487,0.296502,0.30178
9031,0.301408,0.296423,0.301701
9032,0.301375,0.296389,0.301668
9033,0.301328,0.296343,0.301622
9034,0.301298,0.296312,0.301592
9035,0.301262,0.296275,0.301556
9036,0.301189,0.296202,0.301484
9037,0.301131,0.296144,0.301427
9038,0.301111,0.296123,0.301408
9039,0.301024,0.296035,0.301322
9040,0.300932,0.295942,0.30123
9041,0.300868,0.295877,0.301165
9042,0.300847,0.295856,0.301145
9043,0.300776,0.295785,0.301074
9044,0.30072,0.295728,0.301018
9045,0.300699,0.295707,0.300997
9046,0.300622,0.295629,0.300921
9047,0.300564,0.295571,0.300863
9048,0.300512,0.295519,0.300812
9049,0.300422,0.295427,0.300722
9050,0.300361,0.295365,0.30066
9051,0.300327,0.295331,0.300626
9052,0.300234,0.295238,0.300533
9053,0.300189,0.295192,0.300487
9054,0.300125,0.295127,0.300422
9055,0.300098,0.2951,0.300395
9056,0.300056,0.295057,0.300353
9057,0.30002,0.295021,0.300317
9058,0.299948,0.294948,0.300245
9059,0.299894,0.294894,0.300191
9060,0.299846,0.294846,0.300144
9061,0.299755,0.294754,0.300052
9062,0.299672,0.29467,0.299969
9063,0.299633,0.29463,0.299929
9064,0.299573,0.29457,0.299868
9065,0.299551,0.294547,0.299845
9066,0.299503,0.294499,0.299798
9067,0.299442,0.294437,0.299736
9068,0.299421,0.294417,0.299716
9069,0.299392,0.294386,0.299687
9070,0.299364,0.294358,0.29966
9071,0.299272,0.294266,0.299569
9072,0.299209,0.294202,0.299506
9073,0.299149,0.294141,0.299447
9074,0.299106,0.294098,0.299405
9075,0.299015,0.294006,0.299314
9076,0.298983,0.293974,0.299282
9077,0.298901,0.293891,0.2992
9078,0.29886,0.29385,0.29916
9079,0.298779,0.293767,0.299078
9080,0.298756,0.293744,0.299056
9081,0.29868,0.293668,0.29898
9082,0.298596,0.293583,0.298896
9083,0.298576,0.293562,0.298875
9084,0.298552,0.293538,0.298851
9085,0.298482,0.293468,0.298782
9086,0.298438,0.293424,0.298739
9087,0.298401,0.293386,0.298702
9088,0.29833,0.293314,0.298632
9089,0.298241,0.293225,0.298543
9090,0.298167,0.29315,0.298469
9091,0.298079,0.29306,0.29838
9092,0.298048,0.293029,0.298348
9093,0.298018,0.292999,0.298318
9094,0.297982,0.292962,0.298282
9095,0.297929,0.29291,0.29823
9096,0.297904,0.292884,0.298205
9097,0.297836,0.292815,0.298138
9098,0.297813,0.292793,0.298117
9099,0.297763,0.292741,0.298067
9100,0.297682,0.29266,0.297988
9101,0.297643,0.292621,0.29795
9102,0.29757,0.292547,0.297878
9103,0.297519,0.292495,0.297828
9104,0.297485,0.29246,0.297795
9105,0.297399,0.292374,0.297711
9106,0.297338,0.292312,0.297651
9107,0.297258,0.292231,0.297571
9108,0.297174,0.292147,0.297488
9109,0.297097,0.292069,0.297411
9110,0.297022,0.291993,0.297335
9111,0.296942,0.291913,0.297255
9112,0.296873,0.291843,0.297185
9113,0.296816,0.291785,0.297127
9114,0.296746,0.291714,0.297055
9115,0.296683,0.29165,0.29699
9116,0.296593,0.29156,0.296898
9117,0.296555,0.291521,0.296858
9118,0.296511,0.291477,0.296813
9119,0.296482,0.291447,0.296782
9120,0.296445,0.29141,0.296744
9121,0.296424,0.291389,0.296722
9122,0.2964,0.291364,0.296698
9123,0.29638,0.291345,0.296679
9124,0.296305,0.291269,0.296604
9125,0.296266,0.29123,0.296566
9126,0.29623,0.291194,0.296531
9127,0.296144,0.291107,0.296446
9128,0.296094,0.291056,0.296397
9129,0.296011,0.290972,0.296313
9130,0.295955,0.290916,0.296258
9131,0.295895,0.290854,0.296197
9132,0.295852,0.290811,0.296155
9133,0.295782,0.290741,0.296085
9134,0.295752,0.29071,0.296054
9135,0.295693,0.290651,0.295997
9136,0.295657,0.290614,0.295961
9137,0.295573,0.290529,0.295877
9138,0.29552,0.290476,0.295824
9139,0.295463,0.290418,0.295767
9140,0.295437,0.290392,0.295742
9141,0.295346,0.2903,0.295651
9142,0.295302,0.290256,0.295607
9143,0.295273,0.290227,0.29558
9144,0.295233,0.290186,0.29554
9145,0.29515,0.290103,0.295458
9146,0.295059,0.290011,0.295367
9147,0.295016,0.289967,0.295324
9148,0.294974,0.289925,0.295283
9149,0.294937,0.289887,0.295246
9150,0.294895,0.289845,0.295205
9151,0.294825,0.289774,0.295137
9152,0.294734,0.289682,0.295046
9153,0.294665,0.289612,0.294977
9154,0.294608,0.289555,0.29492
9155,0.294532,0.289479,0.294845
9156,0.294494,0.289439,0.294806
9157,0.294418,0.289363,0.29473
9158,0.294376,0.289321,0.294688
9159,0.294332,0.289276,0.294644
9160,0.294255,0.289198,0.294566
9161,0.294234,0.289178,0.294547
9162,0.294159,0.289102,0.294472
9163,0.294079,0.289021,0.294391
9164,0.294038,0.288979,0.29435
9165,0.294006,0.288947,0.294318
9166,0.293963,0.288903,0.294276
9167,0.293875,0.288814,0.294188
9168,0.293793,0.288732,0.294106
9169,0.29374,0.288678,0.294053
9170,0.293689,0.288627,0.294002
9171,0.293598,0.288535,0.293911
9172,0.29356,0.288496,0.293872
9173,0.293502,0.288438,0.293813
9174,0.293423,0.288358,0.293734
9175,0.293354,0.288288,0.293664
9176,0.293296,0.28823,0.293605
9177,0.293242,0.288175,0.29355
9178,0.293201,0.288134,0.293508
9179,0.293118,0.288051,0.293424
9180,0.2931,0.288032,0.293405
9181,0.293069,0.288,0.293373
9182,0.293037,0.287969,0.293342
9183,0.293002,0.287933,0.293307
9184,0.292924,0.287854,0.293229
9185,0.292866,0.287795,0.293171
9186,0.292809,0.287738,0.293114
9187,0.292719,0.287647,0.293024
9188,0.292669,0.287597,0.292974
9189,0.292609,0.287536,0.292913
9190,0.29253,0.287457,0.292834
9191,0.292505,0.287431,0.292808
9192,0.292483,0.287408,0.292786
9193,0.292421,0.287347,0.292725
9194,0.292353,0.287277,0.292656
9195,0.292318,0.287242,0.292621
9196,0.29225,0.287173,0.292553
9197,0.292159,0.287082,0.292462
9198,0.292119,0.287041,0.292421
9199,0.292067,0.286988,0.292368
9200,0.291978,0.286899,0.292278
9201,0.291945,0.286866,0.292245
9202,0.291882,0.286802,0.29218
9203,0.291847,0.286766,0.292144
9204,0.291788,0.286707,0.292085
9205,0.291747,0.286665,0.292043
9206,0.291669,0.286586,0.291964
9207,0.291646,0.286563,0.291941
9208,0.291587,0.286504,0.291881
9209,0.291546,0.286463,0.29184
9210,0.291471,0.286386,0.291764
9211,0.291438,0.286353,0.291731
9212,0.291397,0.286312,0.291689
9213,0.291327,0.286241,0.291618
9214,0.291293,0.286206,0.291584
9215,0.291214,0.286127,0.291505
9216,0.291188,0.286101,0.291478
9217,0.291108,0.28602,0.291397
9218,0.291041,0.285953,0.29133
9219,0.29102,0.285931,0.291308
9220,0.29096,0.285871,0.291247
9221,0.290923,0.285833,0.291209
9222,0.290888,0.285798,0.291174
9223,0.290848,0.285757,0.291133
9224,0.290813,0.285722,0.291099
9225,0.290741,0.28565,0.291027
9226,0.290691,0.285599,0.290976
9227,0.290661,0.285568,0.290946
9228,0.290609,0.285516,0.290894
9229,0.290531,0.285438,0.290816
9230,0.290498,0.285404,0.290783
9231,0.29047,0.285376,0.290755
9232,0.290389,0.285294,0.290674
9233,0.290354,0.285259,0.290639
9234,0.290288,0.285191,0.290572
9235,0.290231,0.285134,0.290515
9236,0.290147,0.28505,0.290431
9237,0.290118,0.285021,0.290401
9238,0.290064,0.284966,0.290346
9239,0.29001,0.284911,0.290292
9240,0.28997,0.284871,0.290251
9241,0.28995,0.28485,0.29023
9242,0.289916,0.284816,0.290197
9243,0.289873,0.284773,0.290154
9244,0.289796,0.284695,0.290077
9245,0.289776,0.284674,0.290057
9246,0.289726,0.284625,0.290008
9247,0.289696,0.284594,0.289978
9248,0.289641,0.284539,0.289924
9249,0.289579,0.284476,0.289862
9250,0.289539,0.284435,0.289822
9251,0.289466,0.284361,0.289749
9252,0.289402,0.284297,0.289686
9253,0.289335,0.284229,0.289618
9254,0.28926,0.284153,0.289543
9255,0.289241,0.284134,0.289523
9256,0.289217,0.28411,0.289499
9257,0.289187,0.28408,0.28947
9258,0.289109,0.284001,0.289392
9259,0.289042,0.283934,0.289326
9260,0.289023,0.283914,0.289306
9261,0.289001,0.283892,0.289285
9262,0.288961,0.283852,0.289247
9263,0.288937,0.283827,0.289223
9264,0.288884,0.283774,0.289172
9265,0.288794,0.283683,0.289083
9266,0.288761,0.283649,0.289051
9267,0.288707,0.283595,0.288999
9268,0.288642,0.283529,0.288935
9269,0.288569,0.283456,0.288863
9270,0.28849,0.283376,0.288784
9271,0.288466,0.283352,0.288761
9272,0.288377,0.283261,0.288672
9273,0.288322,0.283206,0.288617
9274,0.288293,0.283177,0.288589
9275,0.288243,0.283126,0.288539
9276,0.288208,0.283091,0.288504
9277,0.288127,0.28301,0.288425
9278,0.288082,0.282964,0.28838
9279,0.28804,0.282922,0.288339
9280,0.287963,0.282843,0.288262
9281,0.287927,0.282807,0.288227
9282,0.287873,0.282753,0.288173
9283,0.28784,0.282719,0.288141
9284,0.287811,0.28269,0.288113
9285,0.287757,0.282635,0.288061
9286,0.287708,0.282586,0.288014
9287,0.287647,0.282525,0.287954
9288,0.287569,0.282446,0.287878
9289,0.287492,0.282368,0.287802
9290,0.287424,0.282299,0.287735
9291,0.287353,0.282228,0.287664
9292,0.287269,0.282143,0.28758
9293,0.287189,0.282062,0.287499
9294,0.287165,0.282037,0.287475
9295,0.287118,0.28199,0.287428
9296,0.287075,0.281947,0.287386
9297,0.287032,0.281903,0.287343
9298,0.286949,0.28182,0.287261
9299,0.2869,0.28177,0.287211
9300,0.286829,0.281698,0.287141
9301,0.286764,0.281632,0.287075
9302,0.286733,0.281602,0.287045
9303,0.286714,0.281582,0.287026
9304,0.28666,0.281527,0.286973
9305,0.286609,0.281476,0.286923
9306,0.286588,0.281455,0.286904
9307,0.286518,0.281384,0.286835
9308,0.286432,0.281297,0.28675
9309,0.286369,0.281234,0.286689
9310,0.28633,0.281194,0.28665
9311,0.286249,0.281112,0.28657
9312,0.286205,0.281068,0.286527
9313,0.286165,0.281028,0.286489
9314,0.286092,0.280954,0.286417
9315,0.286021,0.280882,0.286347
9316,0.285979,0.28084,0.286306
9317,0.285903,0.280763,0.286231
9318,0.28585,0.280709,0.286179
9319,0.285784,0.280643,0.286114
9320,0.285726,0.280584,0.286057
9321,0.285646,0.280503,0.285977
9322,0.285553,0.28041,0.285885
9323,0.285495,0.280351,0.285828
9324,0.285423,0.280279,0.285756
9325,0.285346,0.2802,0.285678
9326,0.285262,0.280116,0.285594
9327,0.285182,0.280035,0.285512
9328,0.285158,0.280011,0.285488
9329,0.285119,0.279972,0.285448
9330,0.285053,0.279905,0.285382
9331,0.284965,0.279816,0.285293
9332,0.28492,0.27977,0.285247
9333,0.284855,0.279705,0.285182
9334,0.284806,0.279655,0.285132
9335,0.284747,0.279596,0.285072
9336,0.284696,0.279544,0.28502
9337,0.284659,0.279507,0.284983
9338,0.284616,0.279463,0.284939
9339,0.284568,0.279415,0.284892
9340,0.284483,0.279329,0.284807
9341,0.284453,0.279298,0.284776
9342,0.284361,0.279206,0.284685
9343,0.28428,0.279123,0.284602
9344,0.284217,0.27906,0.284539
9345,0.284141,0.278984,0.284462
9346,0.284106,0.278948,0.284426
9347,0.284065,0.278907,0.284384
9348,0.28404,0.278881,0.284358
9349,0.284019,0.27886,0.284338
9350,0.283934,0.278775,0.284253
9351,0.283879,0.278719,0.284197
9352,0.283797,0.278636,0.284115
9353,0.283753,0.278592,0.284071
9354,0.283729,0.278567,0.284046
9355,0.283689,0.278527,0.284007
9356,0.283655,0.278492,0.283974
9357,0.283576,0.278413,0.283896
9358,0.283502,0.278338,0.283822
9359,0.283447,0.278282,0.283767
9360,0.283373,0.278207,0.283693
9361,0.283319,0.278153,0.283639
9362,0.283247,0.27808,0.283567
9363,0.283207,0.27804,0.283528
9364,0.283158,0.277991,0.283478
9365,0.283126,0.277958,0.283446
9366,0.283035,0.277866,0.283356
9367,0.283013,0.277844,0.283334
9368,0.282922,0.277753,0.283244
9369,0.282876,0.277706,0.283197
9370,0.282797,0.277626,0.283118
9371,0.28272,0.277548,0.28304
9372,0.282643,0.27747,0.282963
9373,0.282612,0.277439,0.282931
9374,0.282524,0.27735,0.282842
9375,0.28249,0.277315,0.282807
9376,0.282447,0.277273,0.282764
9377,0.282358,0.277182,0.282673
9378,0.282328,0.277152,0.282643
9379,0.282308,0.277132,0.282623
9380,0.282268,0.277092,0.282582
9381,0.282233,0.277056,0.282548
9382,0.282172,0.276994,0.282487
9383,0.282092,0.276913,0.282407
9384,0.282072,0.276894,0.282388
9385,0.281999,0.27682,0.282315
9386,0.281951,0.276771,0.282267
9387,0.281893,0.276713,0.282209
9388,0.281837,0.276657,0.282154
9389,0.281764,0.276582,0.28208
9390,0.281716,0.276534,0.282032
9391,0.281674,0.276491,0.28199
9392,0.281593,0.27641,0.28191
9393,0.281502,0.276318,0.281818
9394,0.281451,0.276266,0.281766
9395,0.281368,0.276182,0.281682
9396,0.28128,0.276094,0.281593
9397,0.281246,0.27606,0.281558
9398,0.28121,0.276023,0.28152
9399,0.281187,0.276,0.281496
9400,0.281146,0.275958,0.281454
9401,0.281123,0.275935,0.281431
9402,0.281031,0.275843,0.281339
9403,0.28101,0.275821,0.281317
9404,0.280943,0.275753,0.28125
9405,0.280892,0.275702,0.281199
9406,0.280811,0.27562,0.281118
9407,0.280756,0.275565,0.281062
9408,0.280696,0.275504,0.281001
9409,0.280604,0.275411,0.280908
9410,0.280576,0.275382,0.280878
9411,0.280511,0.275317,0.280811
9412,0.280458,0.275264,0.280757
9413,0.280401,0.275206,0.280699
9414,0.280375,0.275179,0.280671
9415,0.280344,0.275149,0.28064
9416,0.280297,0.275101,0.280591
9417,0.28026,0.275064,0.280554
9418,0.280233,0.275037,0.280527
9419,0.280172,0.274975,0.280466
9420,0.280153,0.274955,0.280446
9421,0.280085,0.274886,0.280378
9422,0.280037,0.274838,0.28033
9423,0.279986,0.274786,0.280279
9424,0.279958,0.274758,0.280251
9425,0.279921,0.274721,0.280215
9426,0.279847,0.274647,0.280142
9427,0.279801,0.2746,0.280096
9428,0.279714,0.274512,0.280009
9429,0.279669,0.274466,0.279963
9430,0.279626,0.274423,0.27992
9431,0.279607,0.274404,0.279902
9432,0.279519,0.274315,0.279813
9433,0.279433,0.274228,0.279726
9434,0.279349,0.274144,0.279642
9435,0.279318,0.274112,0.279609
9436,0.279281,0.274075,0.279571
9437,0.279211,0.274004,0.2795
9438,0.27916,0.273952,0.279448
9439,0.279137,0.27393,0.279424
9440,0.279114,0.273906,0.2794
9441,0.279059,0.273851,0.279345
9442,0.279005,0.273796,0.27929
9443,0.278982,0.273773,0.279266
9444,0.278924,0.273715,0.279209
9445,0.278904,0.273694,0.279188
9446,0.278818,0.273608,0.279102
9447,0.278782,0.273571,0.279066
9448,0.278759,0.273548,0.279043
9449,0.278739,0.273528,0.279023
9450,0.278685,0.273472,0.278969
9451,0.278646,0.273434,0.278932
9452,0.278597,0.273384,0.278883
9453,0.278524,0.27331,0.27881
9454,0.278451,0.273237,0.278738
9455,0.278432,0.273217,0.278719
9456,0.278369,0.273153,0.278656
9457,0.278331,0.273115,0.278619
9458,0.278283,0.273066,0.278571
9459,0.278208,0.272991,0.278497
9460,0.278118,0.2729,0.278406
9461,0.278069,0.27285,0.278356
9462,0.278022,0.272803,0.278308
9463,0.277984,0.272764,0.27827
9464,0.277964,0.272745,0.27825
9465,0.277885,0.272665,0.278171
9466,0.277828,0.272607,0.278113
9467,0.277804,0.272583,0.278088
9468,0.277729,0.272508,0.278014
9469,0.277707,0.272485,0.277991
9470,0.277672,0.272449,0.277956
9471,0.277614,0.272392,0.277899
9472,0.27759,0.272367,0.277875
9473,0.277553,0.272329,0.277838
9474,0.277521,0.272297,0.277806
9475,0.277477,0.272253,0.277764
9476,0.277437,0.272212,0.277724
9477,0.277379,0.272154,0.277668
9478,0.277341,0.272115,0.277631
9479,0.277261,0.272034,0.277552
9480,0.277194,0.271967,0.277486
9481,0.277169,0.271942,0.277462
9482,0.277121,0.271893,0.277415
9483,0.277033,0.271804,0.277326
9484,0.276954,0.271725,0.277248
9485,0.276896,0.271666,0.27719
9486,0.276875,0.271645,0.277169
9487,0.276803,0.271572,0.277097
9488,0.276763,0.271532,0.277057
9489,0.276691,0.271459,0.276985
9490,0.276637,0.271404,0.27693
9491,0.276592,0.271359,0.276885
9492,0.276572,0.271339,0.276865
9493,0.276539,0.271306,0.276832
9494,0.276501,0.271267,0.276794
9495,0.276436,0.271201,0.27673
9496,0.276385,0.27115,0.27668
9497,0.276344,0.271109,0.27664
9498,0.276301,0.271065,0.276598
9499,0.276223,0.270986,0.27652
9500,0.2762,0.270963,0.276498
9501,0.27614,0.270903,0.276439
9502,0.276112,0.270874,0.276411
9503,0.276037,0.270798,0.276338
9504,0.275986,0.270747,0.276288
9505,0.275955,0.270716,0.276258
9506,0.275885,0.270645,0.276189
9507,0.275798,0.270557,0.276102
9508,0.275732,0.27049,0.276036
9509,0.275666,0.270423,0.27597
9510,0.275598,0.270355,0.275902
9511,0.275579,0.270336,0.275883
9512,0.275513,0.270269,0.275818
9513,0.275489,0.270244,0.275793
9514,0.275405,0.27016,0.27571
9515,0.275342,0.270097,0.275647
9516,0.275291,0.270045,0.275595
9517,0.275234,0.269987,0.275538
9518,0.275157,0.269909,0.27546
9519,0.275108,0.26986,0.275411
9520,0.27507,0.269822,0.275373
9521,0.275045,0.269796,0.275347
9522,0.275002,0.269753,0.275304
9523,0.274927,0.269678,0.27523
9524,0.274861,0.26961,0.275163
9525,0.274822,0.269571,0.275123
9526,0.274751,0.269499,0.275052
9527,0.274707,0.269455,0.275008
9528,0.274672,0.26942,0.274973
9529,0.274609,0.269356,0.274909
9530,0.274586,0.269333,0.274886
9531,0.27455,0.269296,0.274851
9532,0.274491,0.269237,0.274792
9533,0.274457,0.269203,0.274758
9534,0.274414,0.269159,0.274716
9535,0.27438,0.269124,0.274683
9536,0.274321,0.269065,0.274625
9537,0.274286,0.26903,0.274591
9538,0.274236,0.268979,0.274543
9539,0.274162,0.268905,0.27447
9540,0.274093,0.268835,0.274402
9541,0.274007,0.268748,0.274316
9542,0.273973,0.268714,0.274283
9543,0.273915,0.268655,0.274225
9544,0.273829,0.268568,0.274138
9545,0.273783,0.268521,0.274092
9546,0.273761,0.2685,0.274071
9547,0.273676,0.268413,0.273986
9548,0.273624,0.268361,0.273934
9549,0.273557,0.268293,0.273867
9550,0.273506,0.268242,0.273816
9551,0.273447,0.268182,0.273756
9552,0.273411,0.268146,0.273721
9553,0.273344,0.268078,0.273653
9554,0.273298,0.268032,0.273608
9555,0.273225,0.267958,0.273534
9556,0.273183,0.267916,0.273492
9557,0.273115,0.267848,0.273424
9558,0.273096,0.267828,0.273404
9559,0.273052,0.267784,0.27336
9560,0.273002,0.267733,0.27331
9561,0.27293,0.26766,0.273238
9562,0.272851,0.267581,0.273159
9563,0.27282,0.267549,0.273127
9564,0.272745,0.267473,0.273052
9565,0.272689,0.267417,0.272995
9566,0.27262,0.267347,0.272925
9567,0.2726,0.267327,0.272905
9568,0.272569,0.267296,0.272874
9569,0.272547,0.267273,0.272852
9570,0.272523,0.267249,0.272828
9571,0.27247,0.267195,0.272776
9572,0.272417,0.267142,0.272725
9573,0.272326,0.267051,0.272634
9574,0.272294,0.267017,0.272602
9575,0.272275,0.266999,0.272584
9576,0.272241,0.266965,0.272552
9577,0.272194,0.266917,0.272506
9578,0.272126,0.266848,0.272439
9579,0.272063,0.266785,0.272379
9580,0.27204,0.266762,0.272357
9581,0.271967,0.266688,0.272285
9582,0.271902,0.266622,0.272222
9583,0.271846,0.266565,0.272167
9584,0.27177,0.266489,0.272092
9585,0.271702,0.26642,0.272025
9586,0.271666,0.266384,0.27199
9587,0.271578,0.266294,0.271903
9588,0.271514,0.26623,0.27184
9589,0.271449,0.266164,0.271775
9590,0.271383,0.266098,0.271709
9591,0.271325,0.266039,0.271651
9592,0.271238,0.265952,0.271564
9593,0.271192,0.265905,0.271518
9594,0.271144,0.265856,0.271469
9595,0.271109,0.265821,0.271434
9596,0.271043,0.265754,0.271368
9597,0.270955,0.265665,0.27128
9598,0.270936,0.265646,0.27126
9599,0.270885,0.265595,0.27121
9600,0.270796,0.265504,0.27112
9601,0.27076,0.265469,0.271084
9602,0.270723,0.265431,0.271048
9603,0.270674,0.265381,0.270999
9604,0.270618,0.265325,0.270943
9605,0.270563,0.26527,0.270889
9606,0.270522,0.265228,0.270848
9607,0.270481,0.265186,0.270807
9608,0.270455,0.265161,0.270783
9609,0.270363,0.265068,0.270692
9610,0.270275,0.264978,0.270604
9611,0.270209,0.264912,0.270539
9612,0.270158,0.264861,0.270488
9613,0.270072,0.264774,0.270402
9614,0.270013,0.264714,0.270342
9615,0.269947,0.264647,0.270275
9616,0.269924,0.264624,0.270252
9617,0.269894,0.264594,0.270222
9618,0.269865,0.264564,0.270194
9619,0.269793,0.264492,0.270122
9620,0.269739,0.264437,0.270069
9621,0.269691,0.264389,0.270022
9622,0.269661,0.264358,0.269993
9623,0.269579,0.264275,0.269912
9624,0.269514,0.26421,0.269847
9625,0.26943,0.264125,0.269764
9626,0.269383,0.264078,0.269718
9627,0.269342,0.264037,0.269677
9628,0.269269,0.263962,0.269604
9629,0.269218,0.263911,0.269554
9630,0.269126,0.263819,0.269462
9631,0.269035,0.263726,0.26937
9632,0.268949,0.263639,0.269283
9633,0.268919,0.263609,0.269252
9634,0.268859,0.263548,0.269191
9635,0.268824,0.263513,0.269156
9636,0.268799,0.263488,0.269131
9637,0.268731,0.26342,0.269063
9638,0.268672,0.263359,0.269003
9639,0.268606,0.263293,0.268936
9640,0.268563,0.263249,0.268893
9641,0.268534,0.26322,0.268864
9642,0.268444,0.26313,0.268775
9643,0.268422,0.263107,0.268752
9644,0.268361,0.263045,0.268691
9645,0.268313,0.262997,0.268644
9646,0.268226,0.262909,0.268557
9647,0.26819,0.262873,0.268521
9648,0.268132,0.262814,0.268463
9649,0.268113,0.262795,0.268444
9650,0.268057,0.262739,0.268389
9651,0.268006,0.262687,0.268338
9652,0.267928,0.262608,0.268261
9653,0.267848,0.262527,0.268181
9654,0.26779,0.262469,0.268123
9655,0.267736,0.262414,0.268069
9656,0.267686,0.262364,0.268019
9657,0.267611,0.262288,0.267944
9658,0.26754,0.262216,0.267873
9659,0.267488,0.262163,0.26782
9660,0.267418,0.262093,0.26775
9661,0.267393,0.262068,0.267724
9662,0.267339,0.262014,0.26767
9663,0.267248,0.261922,0.267579
9664,0.267218,0.261891,0.267548
9665,0.267167,0.26184,0.267497
9666,0.267113,0.261785,0.267443
9667,0.267034,0.261706,0.267363
9668,0.266982,0.261653,0.26731
9669,0.266953,0.261623,0.26728
9670,0.266921,0.261592,0.267249
9671,0.266831,0.261501,0.267159
9672,0.266801,0.26147,0.267129
9673,0.266775,0.261444,0.267103
9674,0.266723,0.261391,0.267051
9675,0.266631,0.261298,0.26696
9676,0.266576,0.261242,0.266904
9677,0.266544,0.261211,0.266873
9678,0.266475,0.26114,0.266804
9679,0.266437,0.261103,0.266767
9680,0.266412,0.261077,0.266742
9681,0.266384,0.261049,0.266715
9682,0.26636,0.261025,0.266693
9683,0.266279,0.260943,0.266614
9684,0.266251,0.260915,0.266588
9685,0.266169,0.260832,0.266508
9686,0.266108,0.26077,0.266448
9687,0.266052,0.260713,0.266393
9688,0.265975,0.260636,0.266318
9689,0.265891,0.260551,0.266235
9690,0.265831,0.26049,0.266176
9691,0.265745,0.260404,0.266091
9692,0.265685,0.260343,0.266031
9693,0.265628,0.260286,0.265974
9694,0.265596,0.260253,0.265943
9695,0.26552,0.260177,0.265868
9696,0.265468,0.260124,0.265816
9697,0.265377,0.260032,0.265725
9698,0.265292,0.259946,0.26564
9699,0.265249,0.259903,0.265597
9700,0.265208,0.259861,0.265556
9701,0.265121,0.259773,0.265468
9702,0.265086,0.259738,0.265434
9703,0.265021,0.259672,0.265368
9704,0.264983,0.259634,0.265331
9705,0.264953,0.259604,0.265301
9706,0.264893,0.259543,0.265242
9707,0.264811,0.25946,0.265161
9708,0.26475,0.259399,0.2651
9709,0.264682,0.25933,0.265032
9710,0.264631,0.259278,0.264981
9711,0.264543,0.25919,0.264893
9712,0.264454,0.259099,0.264803
9713,0.264369,0.259014,0.264718
9714,0.264314,0.258958,0.264661
9715,0.264236,0.25888,0.264582
9716,0.264195,0.258838,0.26454
9717,0.264162,0.258804,0.264505
9718,0.264142,0.258784,0.264485
9719,0.264078,0.258719,0.26442
9720,0.264009,0.25865,0.264352
9721,0.263948,0.258588,0.26429
9722,0.263898,0.258538,0.264239
9723,0.263835,0.258475,0.264176
9724,0.263772,0.258411,0.264112
9725,0.263703,0.258341,0.264041
9726,0.263652,0.258289,0.26399
9727,0.263619,0.258256,0.263956
9728,0.263595,0.258232,0.263932
9729,0.263569,0.258206,0.263906
9730,0.263524,0.258161,0.263862
9731,0.263439,0.258074,0.263777
9732,0.263351,0.257985,0.263689
9733,0.263297,0.257931,0.263634
9734,0.26322,0.257853,0.263557
9735,0.263178,0.257811,0.263514
9736,0.263142,0.257775,0.263478
9737,0.263103,0.257735,0.263438
9738,0.263031,0.257662,0.263367
9739,0.262982,0.257613,0.263318
9740,0.26292,0.25755,0.263256
9741,0.262865,0.257495,0.2632
9742,0.262827,0.257456,0.263162
9743,0.262749,0.257377,0.263084
9744,0.262693,0.257321,0.263028
9745,0.262649,0.257276,0.262983
9746,0.262621,0.257248,0.262955
9747,0.262546,0.257173,0.262881
9748,0.262515,0.257142,0.26285
9749,0.262469,0.257095,0.262805
9750,0.26244,0.257066,0.262776
9751,0.262376,0.257001,0.262713
9752,0.262355,0.256979,0.262693
9753,0.262272,0.256895,0.262611
9754,0.262232,0.256856,0.262573
9755,0.262146,0.256768,0.262488
9756,0.262083,0.256705,0.262426
9757,0.262026,0.256647,0.262369
9758,0.261949,0.256569,0.262293
9759,0.261863,0.256483,0.262208
9760,0.261776,0.256394,0.26212
9761,0.261698,0.256316,0.262041
9762,0.261666,0.256284,0.262009
9763,0.261613,0.25623,0.261955
9764,0.261557,0.256174,0.261899
9765,0.26152,0.256136,0.261861
9766,0.261494,0.25611,0.261835
9767,0.261437,0.256053,0.261779
9768,0.261359,0.255974,0.261701
9769,0.261305,0.255919,0.261647
9770,0.261284,0.255898,0.261627
9771,0.26126,0.255873,0.261603
9772,0.26119,0.255802,0.261534
9773,0.261137,0.25575,0.261483
9774,0.261061,0.255673,0.261407
9775,0.260992,0.255603,0.261338
9776,0.26094,0.25555,0.261287
9777,0.260891,0.255501,0.261239
9778,0.260849,0.255458,0.261198
9779,0.260768,0.255377,0.261118
9780,0.260686,0.255294,0.261036
9781,0.260611,0.255218,0.260961
9782,0.260592,0.255199,0.260942
9783,0.260509,0.255115,0.26086
9784,0.260446,0.255051,0.260796
9785,0.260383,0.254987,0.260734
9786,0.260308,0.254912,0.260659
9787,0.260256,0.25486,0.260607
9788,0.260177,0.25478,0.260527
9789,0.260111,0.254713,0.260461
9790,0.260063,0.254664,0.260411
9791,0.260003,0.254604,0.260351
9792,0.259923,0.254523,0.26027
9793,0.259886,0.254486,0.260233
9794,0.259835,0.254434,0.260181
9795,0.259784,0.254383,0.260129
9796,0.259761,0.25436,0.260107
9797,0.259707,0.254305,0.260053
9798,0.259627,0.254224,0.259972
9799,0.259578,0.254174,0.259923
9800,0.259554,0.25415,0.259899
9801,0.259473,0.254068,0.259818
9802,0.259452,0.254047,0.259797
9803,0.259418,0.254013,0.259764
9804,0.259332,0.253926,0.259679
9805,0.259256,0.253849,0.259603
9806,0.25918,0.253773,0.259527
9807,0.259123,0.253716,0.25947
9808,0.259041,0.253633,0.259388
9809,0.259002,0.253593,0.259348
9810,0.258933,0.253523,0.259278
9811,0.258855,0.253445,0.2592
9812,0.25881,0.253399,0.259154
9813,0.258778,0.253367,0.259121
9814,0.258744,0.253333,0.259087
9815,0.258681,0.253269,0.259025
9816,0.258596,0.253183,0.258939
9817,0.258513,0.253099,0.258855
9818,0.25846,0.253046,0.258801
9819,0.258403,0.252988,0.258743
9820,0.258361,0.252945,0.258699
9821,0.258311,0.252895,0.258649
9822,0.258235,0.252818,0.258572
9823,0.258163,0.252745,0.258499
9824,0.258109,0.252691,0.258444
9825,0.258069,0.252651,0.258403
9826,0.258035,0.252616,0.258367
9827,0.257953,0.252533,0.258284
9828,0.257916,0.252496,0.258246
9829,0.257889,0.252469,0.258218
9830,0.257835,0.252415,0.258164
9831,0.257791,0.25237,0.258118
9832,0.257754,0.252333,0.258081
9833,0.257733,0.252311,0.25806
9834,0.257644,0.252222,0.257971
9835,0.257599,0.252175,0.257925
9836,0.257511,0.252087,0.257837
9837,0.257421,0.251996,0.257746
9838,0.257389,0.251964,0.257712
9839,0.257347,0.251921,0.257669
9840,0.257315,0.251889,0.257636
9841,0.257287,0.251861,0.257608
9842,0.257241,0.251814,0.257561
9843,0.257164,0.251736,0.257484
9844,0.257128,0.2517,0.257448
9845,0.257085,0.251657,0.257404
9846,0.257054,0.251626,0.257373
9847,0.256995,0.251566,0.257314
9848,0.256956,0.251527,0.257275
9849,0.256906,0.251476,0.257226
9850,0.256843,0.251412,0.257162
9851,0.256779,0.251348,0.257098
9852,0.256726,0.251295,0.257045
9853,0.256689,0.251257,0.257008
9854,0.256669,0.251237,0.256988
9855,0.256614,0.251181,0.256933
9856,0.256543,0.25111,0.256863
9857,0.256521,0.251087,0.256841
9858,0.256494,0.25106,0.256814
9859,0.256418,0.250983,0.25674
9860,0.256363,0.250927,0.256685
9861,0.256304,0.250868,0.256626
9862,0.25627,0.250833,0.256593
9863,0.256215,0.250778,0.256539
9864,0.256183,0.250745,0.256507
9865,0.256094,0.250656,0.256419
9866,0.256058,0.25062,0.256384
9867,0.256002,0.250563,0.256329
9868,0.255957,0.250517,0.256284
9869,0.255924,0.250484,0.256252
9870,0.255833,0.250392,0.256162
9871,0.255749,0.250308,0.256078
9872,0.255666,0.250224,0.255995
9873,0.255635,0.250192,0.255963
9874,0.255591,0.250148,0.25592
9875,0.255514,0.25007,0.255842
9876,0.255433,0.249988,0.25576
9877,0.255348,0.249903,0.255674
9878,0.255328,0.249883,0.255654
9879,0.255302,0.249856,0.255627
9880,0.255269,0.249823,0.255594
9881,0.25525,0.249803,0.255574
9882,0.255186,0.249739,0.255511
9883,0.25513,0.249682,0.255455
9884,0.255072,0.249624,0.255397
9885,0.255011,0.249562,0.255336
9886,0.254962,0.249512,0.255287
9887,0.254902,0.249452,0.255227
9888,0.254827,0.249377,0.255152
9889,0.254808,0.249357,0.255133
9890,0.254772,0.24932,0.255096
9891,0.254753,0.249301,0.255078
9892,0.254684,0.249232,0.255009
9893,0.254614,0.249161,0.25494
9894,0.254587,0.249134,0.254914
9895,0.254534,0.24908,0.254861
9896,0.254497,0.249043,0.254825
9897,0.254461,0.249006,0.25479
9898,0.254398,0.248943,0.254728
9899,0.254353,0.248898,0.254685
9900,0.254312,0.248856,0.254645
9901,0.254287,0.248831,0.254622
9902,0.254257,0.248801,0.254594
9903,0.254172,0.248715,0.254511
9904,0.254101,0.248643,0.254442
9905,0.254064,0.248606,0.254407
9906,0.253976,0.248517,0.254321
9907,0.253889,0.248429,0.254234
9908,0.2538,0.248339,0.254146
9909,0.253742,0.24828,0.254088
9910,0.253653,0.248191,0.254
9911,0.253612,0.248149,0.253958
9912,0.253582,0.248119,0.25393
9913,0.25351,0.248046,0.253857
9914,0.25343,0.247965,0.253778
9915,0.253381,0.247915,0.253728
9916,0.253346,0.24788,0.253694
9917,0.253254,0.247787,0.253602
9918,0.253184,0.247717,0.253532
9919,0.253149,0.247681,0.253496
9920,0.253125,0.247657,0.253472
9921,0.253074,0.247606,0.253423
9922,0.252998,0.247528,0.253346
9923,0.252926,0.247456,0.253275
9924,0.252877,0.247406,0.253226
9925,0.252856,0.247385,0.253205
9926,0.25278,0.247309,0.25313
9927,0.252723,0.247251,0.253074
9928,0.252693,0.247221,0.253044
9929,0.252618,0.247146,0.25297
9930,0.252534,0.24706,0.252886
9931,0.252455,0.24698,0.252807
9932,0.252429,0.246954,0.252781
9933,0.252366,0.24689,0.252718
9934,0.252278,0.246802,0.25263
9935,0.252239,0.246762,0.252591
9936,0.252216,0.246739,0.252568
9937,0.252187,0.246709,0.25254
9938,0.252133,0.246655,0.252487
9939,0.252052,0.246574,0.252407
9940,0.251996,0.246517,0.252351
9941,0.251973,0.246494,0.252329
9942,0.251922,0.246442,0.25228
9943,0.251846,0.246366,0.252205
9944,0.251754,0.246272,0.252114
9945,0.25171,0.246228,0.252071
9946,0.251671,0.246189,0.252033
9947,0.251619,0.246136,0.251982
9948,0.251568,0.246084,0.251932
9949,0.251498,0.246014,0.251863
9950,0.251419,0.245934,0.251785
9951,0.251327,0.245841,0.251693
9952,0.251237,0.24575,0.251604
9953,0.251213,0.245726,0.25158
9954,0.251171,0.245683,0.251538
9955,0.251112,0.245624,0.25148
9956,0.25103,0.245542,0.251399
9957,0.250939,0.24545,0.251308
9958,0.25086,0.24537,0.251228
9959,0.250774,0.245282,0.251141
9960,0.250692,0.2452,0.251058
9961,0.25064,0.245148,0.251005
9962,0.250588,0.245095,0.250952
9963,0.250561,0.245068,0.250924
9964,0.250535,0.245042,0.250897
9965,0.250473,0.244978,0.250834
9966,0.250402,0.244907,0.250764
9967,0.250312,0.244816,0.250672
9968,0.250281,0.244785,0.250641
9969,0.250224,0.244727,0.250583
9970,0.250201,0.244704,0.250561
9971,0.250144,0.244647,0.250503
9972,0.250056,0.244558,0.250415
9973,0.250017,0.244518,0.250375
9974,0.249953,0.244453,0.250311
9975,0.249917,0.244417,0.250275
9976,0.249865,0.244364,0.250222
9977,0.249797,0.244296,0.250155
9978,0.249708,0.244206,0.250066
9979,0.249617,0.244114,0.249974
9980,0.249547,0.244043,0.249902
9981,0.249527,0.244023,0.249881
9982,0.249468,0.243964,0.249821
9983,0.249402,0.243897,0.249754
9984,0.249367,0.243862,0.249718
9985,0.249324,0.243818,0.249675
9986,0.24925,0.243743,0.2496
9987,0.249212,0.243705,0.249561
9988,0.249133,0.243625,0.249481
9989,0.249092,0.243583,0.249439
9990,0.249,0.243491,0.249346
9991,0.248966,0.243457,0.249311
9992,0.248943,0.243433,0.249286
9993,0.248903,0.243393,0.249247
9994,0.248828,0.243317,0.249171
9995,0.248807,0.243296,0.249149
9996,0.248787,0.243276,0.249129
9997,0.248768,0.243256,0.249111
9998,0.248743,0.243232,0.249087
9999,0.248669,0.243157,0.249014
10000,0.248635,0.243122,0.248981
10001,0.248566,0.243053,0.248914
10002,0.248504,0.24299,0.248853
10003,0.248454,0.24294,0.248804
10004,0.248417,0.242902,0.248768
10005,0.248324,0.242808,0.248676
10006,0.248238,0.242721,0.248591
10007,0.248152,0.242634,0.248504
10008,0.248082,0.242564,0.248434
10009,0.248042,0.242524,0.248394
10010,0.248006,0.242487,0.248358
10011,0.247932,0.242412,0.248284
10012,0.247911,0.242391,0.248263
10013,0.247828,0.242307,0.248181
10014,0.247797,0.242276,0.24815
10015,0.247716,0.242194,0.248069
10016,0.247676,0.242154,0.248029
10017,0.247611,0.242088,0.247964
10018,0.247553,0.24203,0.247906
10019,0.247504,0.24198,0.247857
10020,0.247432,0.241907,0.247785
10021,0.247372,0.241846,0.247725
10022,0.247333,0.241808,0.247686
10023,0.24726,0.241734,0.247613
10024,0.247185,0.241658,0.247537
10025,0.247096,0.241568,0.247448
10026,0.24704,0.241512,0.247391
10027,0.246997,0.241468,0.247346
10028,0.246923,0.241393,0.247271
10029,0.246861,0.241331,0.247208
10030,0.246837,0.241306,0.247182
10031,0.246773,0.241242,0.247118
10032,0.246722,0.24119,0.247065
10033,0.246702,0.24117,0.247045
10034,0.246647,0.241115,0.246989
10035,0.246621,0.241088,0.246962
10036,0.246562,0.241029,0.246904
10037,0.246506,0.240972,0.246847
10038,0.246466,0.240932,0.246807
10039,0.246419,0.240884,0.24676
10040,0.246385,0.24085,0.246726
10041,0.246362,0.240826,0.246703
10042,0.246269,0.240733,0.246611
10043,0.246249,0.240712,0.246591
10044,0.246194,0.240657,0.246537
10045,0.246124,0.240586,0.246467
10046,0.246079,0.24054,0.246423
10047,0.246048,0.24051,0.246393
10048,0.245958,0.240418,0.246303
10049,0.245931,0.240391,0.246277
10050,0.245859,0.240318,0.246205
10051,0.245777,0.240236,0.246124
10052,0.245757,0.240215,0.246104
10053,0.245679,0.240137,0.246026
10054,0.245639,0.240096,0.245987
10055,0.2456,0.240057,0.245949
10056,0.245559,0.240016,0.245908
10057,0.245508,0.239964,0.245858
10058,0.24548,0.239936,0.245831
10059,0.245416,0.239872,0.245769
10060,0.245333,0.239788,0.245687
10061,0.245261,0.239714,0.245615
10062,0.24518,0.239633,0.245535
10063,0.245123,0.239575,0.245478
10064,0.24506,0.239511,0.245414
10065,0.244974,0.239424,0.245328
10066,0.244951,0.239402,0.245305
10067,0.244923,0.239373,0.245278
10068,0.244838,0.239287,0.245193
10069,0.244775,0.239224,0.24513
10070,0.244713,0.239161,0.245068
10071,0.244656,0.239104,0.245011
10072,0.244611,0.239058,0.244965
10073,0.244524,0.238971,0.244878
10074,0.244473,0.238918,0.244826
10075,0.244454,0.2389,0.244807
10076,0.244432,0.238878,0.244786
10077,0.244396,0.238841,0.24475
10078,0.244345,0.238789,0.2447
10079,0.244304,0.238748,0.24466
10080,0.244223,0.238667,0.24458
10081,0.244183,0.238626,0.244541
10082,0.244159,0.238602,0.244519
10083,0.244106,0.238548,0.244466
10084,0.244017,0.238458,0.244379
10085,0.243945,0.238385,0.244308
10086,0.243854,0.238294,0.244218
10087,0.243794,0.238233,0.244158
10088,0.243716,0.238154,0.24408
10089,0.243661,0.238099,0.244026
10090,0.243618,0.238055,0.243983
10091,0.24354,0.237976,0.243905
10092,0.243489,0.237925,0.243854
10093,0.243439,0.237874,0.243803
10094,0.243416,0.237851,0.243781
10095,0.24333,0.237764,0.243695
10096,0.243256,0.237689,0.243621
10097,0.243207,0.23764,0.243573
10098,0.243139,0.237572,0.243505
10099,0.243093,0.237525,0.243459
10100,0.243035,0.237466,0.243401
10101,0.242972,0.237403,0.243338
10102,0.242913,0.237343,0.243279
10103,0.242882,0.237311,0.243248
10104,0.242801,0.23723,0.243167
10105,0.242718,0.237146,0.243084
10106,0.242653,0.237081,0.243019
10107,0.242588,0.237015,0.242953
10108,0.2425,0.236926,0.242864
10109,0.242476,0.236902,0.242839
10110,0.242417,0.236842,0.242779
10111,0.242382,0.236807,0.242744
10112,0.242326,0.23675,0.242687
10113,0.242301,0.236725,0.242662
10114,0.242261,0.236684,0.242622
10115,0.24223,0.236653,0.242592
10116,0.242149,0.236572,0.242512
10117,0.24211,0.236532,0.242472
10118,0.24208,0.236502,0.242444
10119,0.242027,0.236448,0.242391
10120,0.241946,0.236367,0.242312
10121,0.241889,0.236309,0.242255
10122,0.241799,0.236218,0.242166
10123,0.241768,0.236187,0.242135
10124,0.241725,0.236143,0.242093
10125,0.24164,0.236057,0.242008
10126,0.24155,0.235966,0.241918
10127,0.241503,0.235919,0.241871
10128,0.241453,0.235868,0.241821
10129,0.241406,0.235821,0.241775
10130,0.241324,0.235738,0.241693
10131,0.241252,0.235666,0.24162
10132,0.241232,0.235645,0.2416
10133,0.241148,0.23556,0.241516
10134,0.241109,0.235521,0.241478
10135,0.24106,0.235472,0.241429
10136,0.241005,0.235416,0.241374
10137,0.240921,0.235331,0.24129
10138,0.240857,0.235267,0.241226
10139,0.240825,0.235234,0.241194
10140,0.240798,0.235207,0.241168
10141,0.240741,0.23515,0.241111
10142,0.240664,0.235072,0.241035
10143,0.240608,0.235015,0.240978
10144,0.240557,0.234964,0.240928
10145,0.240482,0.234888,0.240853
10146,0.240408,0.234813,0.240779
10147,0.240328,0.234732,0.240699
10148,0.240265,0.234669,0.240635
10149,0.240206,0.234609,0.240576
10150,0.240127,0.234529,0.240496
10151,0.240074,0.234476,0.240442
10152,0.240039,0.234441,0.240407
10153,0.240017,0.234418,0.240384
10154,0.23998,0.234381,0.240348
10155,0.239914,0.234314,0.240282
10156,0.239878,0.234278,0.240246
10157,0.239816,0.234216,0.240185
10158,0.239738,0.234136,0.240107
10159,0.239659,0.234056,0.240027
10160,0.239637,0.234035,0.240006
10161,0.239598,0.233995,0.239967
10162,0.239546,0.233942,0.239915
10163,0.239458,0.233854,0.239828
10164,0.239394,0.233789,0.239764
10165,0.239347,0.233742,0.239717
10166,0.239307,0.233701,0.239678
10167,0.239242,0.233636,0.239613
10168,0.239208,0.233601,0.239579
10169,0.239122,0.233515,0.239494
10170,0.239075,0.233467,0.239447
10171,0.238987,0.233377,0.239359
10172,0.238907,0.233297,0.239279
10173,0.238879,0.233269,0.239251
10174,0.238811,0.2332,0.239182
10175,0.238724,0.233112,0.239095
10176,0.238649,0.233037,0.23902
10177,0.238619,0.233006,0.238988
10178,0.238597,0.232984,0.238967
10179,0.238532,0.232918,0.238901
10180,0.238485,0.232871,0.238854
10181,0.238427,0.232812,0.238796
10182,0.238378,0.232763,0.238748
10183,0.238288,0.232672,0.238657
10184,0.23826,0.232643,0.238629
10185,0.238181,0.232564,0.23855
10186,0.23812,0.232502,0.238488
10187,0.238044,0.232425,0.238412
10188,0.237965,0.232346,0.238332
10189,0.237919,0.232299,0.238285
10190,0.237885,0.232264,0.23825
10191,0.237864,0.232244,0.23823
10192,0.237816,0.232195,0.238181
10193,0.237734,0.232113,0.238099
10194,0.237707,0.232085,0.238072
10195,0.237682,0.23206,0.238047
10196,0.237621,0.231998,0.237987
10197,0.237601,0.231978,0.237968
10198,0.237514,0.23189,0.237882
10199,0.237463,0.231839,0.237832
10200,0.237374,0.231748,0.237743
10201,0.237293,0.231667,0.237661
10202,0.237247,0.23162,0.237615
10203,0.237165,0.231537,0.237533
10204,0.237085,0.231456,0.237452
10205,0.236999,0.23137,0.237366
10206,0.236975,0.231345,0.23734
10207,0.236955,0.231326,0.23732
10208,0.236889,0.231259,0.237254
10209,0.236867,0.231237,0.237231
10210,0.236844,0.231213,0.237208
10211,0.236807,0.231176,0.237172
10212,0.236759,0.231127,0.237125
10213,0.236689,0.231057,0.237056
10214,0.236628,0.230995,0.236995
10215,0.236558,0.230924,0.236926
10216,0.236531,0.230897,0.2369
10217,0.236488,0.230854,0.236858
10218,0.23643,0.230795,0.236801
10219,0.23635,0.230715,0.236722
10220,0.236284,0.230648,0.236656
10221,0.236203,0.230566,0.236576
10222,0.23613,0.230493,0.236503
10223,0.236098,0.23046,0.236471
10224,0.236056,0.230417,0.236429
10225,0.235987,0.230348,0.236361
10226,0.235938,0.230298,0.236312
10227,0.235872,0.230231,0.236247
10228,0.235781,0.23014,0.236156
10229,0.235729,0.230087,0.236104
10230,0.235649,0.230007,0.236024
10231,0.235584,0.22994,0.235958
10232,0.235501,0.229857,0.235874
10233,0.235458,0.229813,0.23583
10234,0.235429,0.229784,0.235801
10235,0.235379,0.229733,0.23575
10236,0.235339,0.229694,0.235711
10237,0.235312,0.229667,0.235684
10238,0.235229,0.229582,0.235601
10239,0.235199,0.229552,0.235571
10240,0.235179,0.229532,0.235553
10241,0.235087,0.229439,0.235461
10242,0.235014,0.229365,0.235388
10243,0.234931,0.229281,0.235305
10244,0.23489,0.22924,0.235265
10245,0.234816,0.229165,0.23519
10246,0.234737,0.229086,0.235111
10247,0.234698,0.229045,0.235071
10248,0.234634,0.228981,0.235006
10249,0.234599,0.228946,0.234972
10250,0.234519,0.228865,0.234891
10251,0.23443,0.228776,0.234802
10252,0.234406,0.228751,0.234777
10253,0.234349,0.228693,0.234719
10254,0.234259,0.228603,0.234629
10255,0.234229,0.228572,0.234597
10256,0.234155,0.228497,0.234522
10257,0.234109,0.228451,0.234475
10258,0.234073,0.228415,0.234439
10259,0.233996,0.228337,0.234362
10260,0.233937,0.228277,0.234301
10261,0.2339,0.22824,0.234263
10262,0.233823,0.228162,0.234185
10263,0.233799,0.228138,0.23416
10264,0.233738,0.228076,0.234099
10265,0.233668,0.228005,0.234027
10266,0.233649,0.227986,0.234008
10267,0.233579,0.227915,0.233937
10268,0.233496,0.227832,0.233854
10269,0.233434,0.227769,0.23379
10270,0.233405,0.22774,0.23376
10271,0.233375,0.22771,0.233729
10272,0.233337,0.227671,0.233691
10273,0.23331,0.227644,0.233663
10274,0.233267,0.227601,0.233621
10275,0.233228,0.227561,0.233581
10276,0.23318,0.227513,0.233534
10277,0.23314,0.227472,0.233494
10278,0.233047,0.227379,0.233401
10279,0.233025,0.227357,0.23338
10280,0.232942,0.227273,0.233297
10281,0.232915,0.227245,0.233269
10282,0.23283,0.227159,0.233185
10283,0.232792,0.227121,0.233147
10284,0.232752,0.22708,0.233106
10285,0.232693,0.227021,0.233048
10286,0.232675,0.227002,0.23303
10287,0.232589,0.226916,0.232945
10288,0.232518,0.226844,0.232874
10289,0.232492,0.226818,0.232848
10290,0.232471,0.226797,0.232828
10291,0.232439,0.226764,0.232797
10292,0.232393,0.226718,0.232752
10293,0.232326,0.22665,0.232686
10294,0.232271,0.226595,0.232632
10295,0.23223,0.226553,0.232592
10296,0.232165,0.226487,0.232528
10297,0.232092,0.226414,0.232457
10298,0.232054,0.226376,0.232419
10299,0.232029,0.226351,0.232396
10300,0.231945,0.226265,0.232313
10301,0.231894,0.226214,0.232263
10302,0.23187,0.22619,0.232241
10303,0.231778,0.226096,0.23215
10304,0.231697,0.226015,0.23207
10305,0.231648,0.225966,0.232022
10306,0.231573,0.225889,0.231947
10307,0.231503,0.225819,0.231878
10308,0.231484,0.225799,0.231859
10309,0.231418,0.225734,0.231795
10310,0.231339,0.225653,0.231716
10311,0.231281,0.225595,0.231658
10312,0.2312,0.225513,0.231577
10313,0.231157,0.225469,0.231534
10314,0.231109,0.225421,0.231488
10315,0.231038,0.22535,0.231417
10316,0.230947,0.225258,0.231326
10317,0.230884,0.225194,0.231262
10318,0.230815,0.225124,0.231193
10319,0.230759,0.225067,0.231136
10320,0.23072,0.225028,0.231096
10321,0.230689,0.224997,0.231065
10322,0.230618,0.224925,0.230994
10323,0.230561,0.224868,0.230937
10324,0.230471,0.224777,0.230846
10325,0.230433,0.224739,0.230808
10326,0.230399,0.224704,0.230774
10327,0.230369,0.224674,0.230743
10328,0.230322,0.224626,0.230697
10329,0.230281,0.224585,0.230656
10330,0.230222,0.224525,0.230598
10331,0.23013,0.224432,0.230506
10332,0.230044,0.224345,0.230419
10333,0.22998,0.224281,0.230355
10334,0.229895,0.224195,0.230269
10335,0.229807,0.224106,0.230179
10336,0.229723,0.224021,0.230094
10337,0.229636,0.223933,0.230005
10338,0.229611,0.223908,0.229977
10339,0.229569,0.223866,0.229933
10340,0.229543,0.223839,0.229905
10341,0.229512,0.223808,0.229873
10342,0.229489,0.223785,0.229849
10343,0.229466,0.223762,0.229826
10344,0.229423,0.223719,0.229783
10345,0.229373,0.223667,0.229732
10346,0.229283,0.223577,0.229642
10347,0.229232,0.223525,0.22959
10348,0.229206,0.223499,0.229564
10349,0.229147,0.223439,0.229504
10350,0.229127,0.223419,0.229484
10351,0.229059,0.223351,0.229417
10352,0.229003,0.223293,0.22936
10353,0.228959,0.223249,0.229316
10354,0.228893,0.223183,0.22925
10355,0.228862,0.223151,0.229219
10356,0.228798,0.223087,0.229155
10357,0.228741,0.22303,0.229098
10358,0.228695,0.222983,0.229052
10359,0.228656,0.222944,0.229013
10360,0.228637,0.222924,0.228994
10361,0.228558,0.222845,0.228916
10362,0.228522,0.222809,0.22888
10363,0.228498,0.222784,0.228857
10364,0.228476,0.222762,0.228836
10365,0.228434,0.222719,0.228795
10366,0.228356,0.222641,0.228719
10367,0.228294,0.222578,0.228658
10368,0.228259,0.222543,0.228624
10369,0.228183,0.222466,0.22855
10370,0.22811,0.222392,0.228477
10371,0.22802,0.222301,0.228387
10372,0.22797,0.222251,0.228338
10373,0.227893,0.222173,0.228261
10374,0.227865,0.222145,0.228233
10375,0.227825,0.222104,0.228194
10376,0.227794,0.222073,0.228164
10377,0.227712,0.22199,0.228082
10378,0.227646,0.221923,0.228016
10379,0.227614,0.221891,0.227985
10380,0.22759,0.221866,0.227961
10381,0.227509,0.221785,0.227882
10382,0.227458,0.221733,0.227831
10383,0.227373,0.221648,0.227747
10384,0.227316,0.22159,0.227691
10385,0.227239,0.221513,0.227614
10386,0.227148,0.221421,0.227523
10387,0.227085,0.221357,0.227458
10388,0.227041,0.221312,0.227414
10389,0.226978,0.221249,0.22735
10390,0.226951,0.221222,0.227323
10391,0.226867,0.221137,0.227239
10392,0.226812,0.221081,0.227182
10393,0.226769,0.221038,0.227139
10394,0.226738,0.221006,0.227108
10395,0.226649,0.220916,0.227018
10396,0.226596,0.220863,0.226965
10397,0.226567,0.220833,0.226935
10398,0.226535,0.220802,0.226904
10399,0.226505,0.220771,0.226873
10400,0.22645,0.220715,0.226819
10401,0.226403,0.220668,0.226772
10402,0.226347,0.220611,0.226717
10403,0.226314,0.220578,0.226684
10404,0.226245,0.220508,0.226615
10405,0.226158,0.220421,0.226529
10406,0.226094,0.220355,0.226465
10407,0.226021,0.220282,0.226392
10408,0.225999,0.22026,0.22637
10409,0.225926,0.220186,0.226296
10410,0.225879,0.220138,0.226249
10411,0.225854,0.220113,0.226224
10412,0.225786,0.220045,0.226157
10413,0.225719,0.219977,0.22609
10414,0.225654,0.219911,0.226024
10415,0.225604,0.219861,0.225974
10416,0.225549,0.219806,0.225919
10417,0.225491,0.219747,0.225861
10418,0.22545,0.219705,0.225819
10419,0.225395,0.21965,0.225764
10420,0.225322,0.219576,0.225691
10421,0.225272,0.219526,0.225641
10422,0.225244,0.219497,0.225613
10423,0.225161,0.219414,0.22553
10424,0.225081,0.219333,0.225449
10425,0.225021,0.219272,0.225388
10426,0.224993,0.219244,0.225359
10427,0.224927,0.219177,0.225293
10428,0.224872,0.219122,0.225237
10429,0.224823,0.219072,0.225187
10430,0.224778,0.219026,0.225141
10431,0.224734,0.218982,0.225097
10432,0.22471,0.218958,0.225073
10433,0.224644,0.218891,0.225006
10434,0.224594,0.218841,0.224956
10435,0.224551,0.218798,0.224913
10436,0.224528,0.218774,0.22489
10437,0.224478,0.218723,0.22484
10438,0.22444,0.218685,0.224803
10439,0.224349,0.218594,0.224712
10440,0.224261,0.218504,0.224623
10441,0.224206,0.218449,0.224569
10442,0.224176,0.218418,0.224538
10443,0.224155,0.218397,0.224517
10444,0.224102,0.218344,0.224464
10445,0.224034,0.218275,0.224396
10446,0.224015,0.218256,0.224378
10447,0.223939,0.218179,0.224302
10448,0.223877,0.218117,0.22424
10449,0.223805,0.218044,0.224168
10450,0.223745,0.217984,0.224108
10451,0.223668,0.217906,0.22403
10452,0.223636,0.217873,0.223997
10453,0.223609,0.217846,0.223971
10454,0.223537,0.217773,0.223898
10455,0.223506,0.217742,0.223867
10456,0.223486,0.217722,0.223847
10457,0.22344,0.217676,0.223802
10458,0.223415,0.217651,0.223778
10459,0.223375,0.21761,0.223738
10460,0.223338,0.217573,0.223703
10461,0.223315,0.217549,0.223681
10462,0.223236,0.217469,0.223604
10463,0.223209,0.217442,0.223578
10464,0.223133,0.217365,0.223504
10465,0.223114,0.217346,0.223487
10466,0.223039,0.217271,0.223414
10467,0.222963,0.217194,0.22334
10468,0.222892,0.217122,0.22327
10469,0.222819,0.217048,0.223198
10470,0.222751,0.21698,0.223131
10471,0.222692,0.21692,0.223072
10472,0.222649,0.216877,0.223031
10473,0.222585,0.216812,0.222968
10474,0.222499,0.216725,0.222882
10475,0.222439,0.216664,0.222822
10476,0.222388,0.216613,0.222772
10477,0.222313,0.216537,0.222697
10478,0.222293,0.216517,0.222678
10479,0.222211,0.216434,0.222596
10480,0.222138,0.216361,0.222523
10481,0.2221,0.216322,0.222485
10482,0.222032,0.216253,0.222418
10483,0.22197,0.21619,0.222355
10484,0.221941,0.216161,0.222327
10485,0.221866,0.216086,0.222252
10486,0.221778,0.215997,0.222164
10487,0.221689,0.215907,0.222074
10488,0.221654,0.215871,0.222039
10489,0.221574,0.21579,0.221958
10490,0.221542,0.215758,0.221925
10491,0.221495,0.215711,0.221878
10492,0.221416,0.215631,0.221798
10493,0.221366,0.21558,0.221747
10494,0.221298,0.215512,0.221679
10495,0.221275,0.215489,0.221655
10496,0.221186,0.215399,0.221565
10497,0.221165,0.215377,0.221543
10498,0.22113,0.215342,0.221508
10499,0.221047,0.215259,0.221425
10500,0.220991,0.215202,0.221369
10501,0.220972,0.215183,0.221349
10502,0.220897,0.215107,0.221274
10503,0.220843,0.215052,0.221219
10504,0.220803,0.215012,0.221179
10505,0.220752,0.214961,0.221128
10506,0.220682,0.21489,0.221057
10507,0.220595,0.214802,0.220969
10508,0.22055,0.214756,0.220923
10509,0.220492,0.214698,0.220865
10510,0.220448,0.214654,0.22082
10511,0.220385,0.21459,0.220756
10512,0.220361,0.214566,0.220731
10513,0.2203,0.214504,0.22067
10514,0.220228,0.214431,0.220597
10515,0.220201,0.214403,0.220569
10516,0.220163,0.214365,0.22053
10517,0.220077,0.214278,0.220443
10518,0.220047,0.214248,0.220413
10519,0.219996,0.214197,0.220362
10520,0.219929,0.21413,0.220294
10521,0.219859,0.214059,0.220223
10522,0.219774,0.213973,0.220137
10523,0.219741,0.21394,0.220103
10524,0.219707,0.213905,0.220067
10525,0.219679,0.213877,0.220038
10526,0.219652,0.213849,0.22001
10527,0.219627,0.213824,0.219986
10528,0.219601,0.213798,0.21996
10529,0.219532,0.213728,0.219891
10530,0.219454,0.21365,0.219813
10531,0.219393,0.213588,0.219751
10532,0.219358,0.213552,0.219715
10533,0.219324,0.213518,0.219682
10534,0.219298,0.213492,0.219656
10535,0.219273,0.213467,0.219632
10536,0.219195,0.213388,0.219555
10537,0.219171,0.213363,0.219531
10538,0.219123,0.213315,0.219483
10539,0.219031,0.213222,0.219392
10540,0.218998,0.213189,0.21936
10541,0.218941,0.213132,0.219303
10542,0.218853,0.213043,0.219215
10543,0.218831,0.21302,0.219193
10544,0.218784,0.212973,0.219147
10545,0.218704,0.212892,0.219066
10546,0.218628,0.212815,0.21899
10547,0.218586,0.212773,0.218948
10548,0.218547,0.212733,0.218908
10549,0.218502,0.212688,0.218864
10550,0.218446,0.212631,0.218807
10551,0.218357,0.212541,0.218718
10552,0.218327,0.212511,0.218687
10553,0.218269,0.212453,0.218629
10554,0.21825,0.212433,0.21861
10555,0.218205,0.212388,0.218565
10556,0.218128,0.21231,0.218488
10557,0.218086,0.212268,0.218445
10558,0.218065,0.212246,0.218424
10559,0.218033,0.212214,0.218393
10560,0.217984,0.212165,0.218345
10561,0.217952,0.212132,0.218313
10562,0.217923,0.212103,0.218285
10563,0.217895,0.212075,0.218259
10564,0.217821,0.212,0.218186
10565,0.217752,0.211931,0.218118
10566,0.217664,0.211842,0.218031
10567,0.217637,0.211814,0.218005
10568,0.217556,0.211732,0.217924
10569,0.21748,0.211656,0.217848
10570,0.217453,0.211628,0.217821
10571,0.217414,0.211589,0.217783
10572,0.21736,0.211534,0.21773
10573,0.217311,0.211485,0.217681
10574,0.217247,0.211421,0.217618
10575,0.217223,0.211396,0.217595
10576,0.21719,0.211363,0.217563
10577,0.217171,0.211344,0.217546
10578,0.217096,0.211268,0.217472
10579,0.217067,0.211239,0.217445
10580,0.217034,0.211205,0.217413
10581,0.216987,0.211158,0.217369
10582,0.216903,0.211073,0.217287
10583,0.216812,0.210981,0.217198
10584,0.21674,0.210908,0.217126
10585,0.216652,0.210819,0.217039
10586,0.216605,0.210772,0.216993
10587,0.216514,0.21068,0.216903
10588,0.216485,0.21065,0.216874
10589,0.216444,0.21061,0.216834
10590,0.21639,0.210555,0.216781
10591,0.216352,0.210516,0.216744
10592,0.216262,0.210426,0.216655
10593,0.216198,0.210361,0.216591
10594,0.216136,0.210298,0.21653
10595,0.216058,0.21022,0.216453
10596,0.216011,0.210172,0.216406
10597,0.215963,0.210124,0.216358
10598,0.215922,0.210082,0.216318
10599,0.215852,0.210011,0.216248
10600,0.215811,0.20997,0.216208
10601,0.21574,0.209898,0.216137
10602,0.21568,0.209838,0.216079
10603,0.21559,0.209746,0.215988
10604,0.215569,0.209725,0.215967
10605,0.215493,0.209649,0.215892
10606,0.215406,0.209561,0.215805
10607,0.215351,0.209505,0.21575
10608,0.215312,0.209466,0.215711
10609,0.215263,0.209416,0.215662
10610,0.215194,0.209347,0.215593
10611,0.215141,0.209293,0.21554
10612,0.215059,0.209211,0.215458
10613,0.21502,0.209171,0.215419
10614,0.214949,0.209099,0.215348
10615,0.214878,0.209027,0.215276
10616,0.21482,0.208969,0.215218
10617,0.2148,0.208949,0.215198
10618,0.214748,0.208897,0.215146
10619,0.214717,0.208865,0.215116
10620,0.214645,0.208792,0.215044
10621,0.214599,0.208746,0.214998
10622,0.214525,0.208671,0.214924
10623,0.214505,0.208651,0.214905
10624,0.214443,0.208588,0.214843
10625,0.214406,0.208551,0.214807
10626,0.214336,0.20848,0.214737
10627,0.214285,0.208429,0.214687
10628,0.214247,0.20839,0.21465
10629,0.214204,0.208347,0.214609
10630,0.214115,0.208257,0.21452
10631,0.214024,0.208165,0.21443
10632,0.213942,0.208082,0.214348
10633,0.213877,0.208016,0.214283
10634,0.213835,0.207975,0.214241
10635,0.213756,0.207895,0.214162
10636,0.213715,0.207853,0.214121
10637,0.213695,0.207833,0.214102
10638,0.213635,0.207772,0.214042
10639,0.213611,0.207748,0.214019
10640,0.213521,0.207657,0.213929
10641,0.21346,0.207595,0.213869
10642,0.213405,0.20754,0.213814
10643,0.213359,0.207494,0.213769
10644,0.213291,0.207425,0.213702
10645,0.213207,0.20734,0.213618
10646,0.213118,0.20725,0.213529
10647,0.213077,0.207209,0.213488
10648,0.212987,0.207117,0.213397
10649,0.212948,0.207078,0.213358
10650,0.212862,0.206991,0.213272
10651,0.212803,0.206932,0.213212
10652,0.212751,0.206879,0.213159
10653,0.212699,0.206827,0.213107
10654,0.212634,0.206761,0.213041
10655,0.212603,0.20673,0.21301
10656,0.21255,0.206677,0.212957
10657,0.212522,0.206649,0.21293
10658,0.21243,0.206556,0.212837
10659,0.212348,0.206473,0.212755
10660,0.21226,0.206383,0.212665
10661,0.212186,0.206309,0.21259
10662,0.21215,0.206273,0.212553
10663,0.212122,0.206245,0.212524
10664,0.212039,0.20616,0.21244
10665,0.211981,0.206102,0.212381
10666,0.211896,0.206015,0.212294
10667,0.21183,0.205949,0.212227
10668,0.211787,0.205906,0.212182
10669,0.211759,0.205878,0.212153
10670,0.211718,0.205836,0.21211
10671,0.211673,0.205791,0.212065
10672,0.21162,0.205737,0.21201
10673,0.211537,0.205653,0.211926
10674,0.211498,0.205614,0.211886
10675,0.211459,0.205574,0.211846
10676,0.211397,0.205512,0.211783
10677,0.211354,0.205469,0.211739
10678,0.211307,0.205421,0.211691
10679,0.21127,0.205383,0.211653
10680,0.211244,0.205357,0.211626
10681,0.211197,0.20531,0.21158
10682,0.211131,0.205244,0.211513
10683,0.211057,0.205168,0.211438
10684,0.210982,0.205093,0.211362
10685,0.210941,0.205051,0.21132
10686,0.210902,0.205012,0.21128
10687,0.210835,0.204944,0.211212
10688,0.210766,0.204875,0.211142
10689,0.210746,0.204855,0.211122
10690,0.210692,0.2048,0.211067
10691,0.21067,0.204778,0.211044
10692,0.210593,0.2047,0.210966
10693,0.210574,0.204681,0.210947
10694,0.210506,0.204612,0.210878
10695,0.210454,0.20456,0.210826
10696,0.21043,0.204535,0.210801
10697,0.210389,0.204494,0.21076
10698,0.210328,0.204432,0.210699
10699,0.210268,0.204371,0.210638
10700,0.210235,0.204338,0.210605
10701,0.210169,0.204272,0.210539
10702,0.210135,0.204237,0.210504
10703,0.210066,0.204168,0.210435
10704,0.210038,0.204139,0.210406
10705,0.209988,0.204089,0.210356
10706,0.209964,0.204064,0.210332
10707,0.209932,0.204033,0.210301
10708,0.209873,0.203973,0.210243
10709,0.209785,0.203884,0.210155
10710,0.209751,0.20385,0.210121
10711,0.209663,0.20376,0.210032
10712,0.209643,0.20374,0.210012
10713,0.209583,0.203679,0.209952
10714,0.209521,0.203618,0.20989
10715,0.209499,0.203595,0.209868
10716,0.209434,0.203529,0.209803
10717,0.209394,0.203489,0.209762
10718,0.209341,0.203435,0.209709
10719,0.209292,0.203386,0.209661
10720,0.209231,0.203325,0.2096
10721,0.209154,0.203247,0.209522
10722,0.209113,0.203205,0.209481
10723,0.20908,0.203171,0.209447
10724,0.209034,0.203125,0.209401
10725,0.208959,0.20305,0.209326
10726,0.208917,0.203007,0.209284
10727,0.208866,0.202956,0.209233
10728,0.208801,0.20289,0.209167
10729,0.20877,0.202859,0.209136
10730,0.208747,0.202835,0.209113
10731,0.208668,0.202756,0.209034
10732,0.208639,0.202727,0.209005
10733,0.208609,0.202696,0.208975
10734,0.20857,0.202657,0.208936
10735,0.208521,0.202607,0.208887
10736,0.208431,0.202516,0.208797
10737,0.208409,0.202494,0.208775
10738,0.208382,0.202467,0.20875
10739,0.208356,0.202441,0.208724
10740,0.208319,0.202404,0.208688
10741,0.208255,0.202339,0.208625
10742,0.208178,0.202261,0.208549
10743,0.208152,0.202234,0.208524
10744,0.208102,0.202184,0.208474
10745,0.208018,0.202099,0.208391
10746,0.207993,0.202074,0.208367
10747,0.207923,0.202004,0.208298
10748,0.207852,0.201931,0.208227
10749,0.207831,0.20191,0.208206
10750,0.207795,0.201874,0.208172
10751,0.207726,0.201804,0.208103
10752,0.207678,0.201756,0.208056
10753,0.207606,0.201683,0.207986
10754,0.207578,0.201655,0.207958
10755,0.207526,0.201603,0.207907
10756,0.207436,0.201511,0.207817
10757,0.207349,0.201424,0.207731
10758,0.207272,0.201346,0.207653
10759,0.20723,0.201303,0.207611
10760,0.207201,0.201274,0.207582
10761,0.207168,0.20124,0.207549
10762,0.207132,0.201204,0.207514
10763,0.20709,0.201162,0.207473
10764,0.207026,0.201097,0.207409
10765,0.206953,0.201023,0.207336
10766,0.206926,0.200997,0.20731
10767,0.206903,0.200973,0.207288
10768,0.206852,0.200922,0.207238
10769,0.206785,0.200854,0.207172
10770,0.206726,0.200794,0.207114
10771,0.206703,0.200771,0.207092
10772,0.206667,0.200734,0.207057
10773,0.206579,0.200645,0.20697
10774,0.206492,0.200558,0.206885
10775,0.206422,0.200488,0.206815
10776,0.20633,0.200395,0.206723
10777,0.206299,0.200363,0.206692
10778,0.206247,0.200311,0.20664
10779,0.206214,0.200277,0.206608
10780,0.206138,0.2002,0.206532
10781,0.206055,0.200117,0.206449
10782,0.205988,0.200049,0.206382
10783,0.205935,0.199995,0.206328
10784,0.205882,0.199942,0.206275
10785,0.205815,0.199874,0.206207
10786,0.205737,0.199795,0.206128
10787,0.205718,0.199776,0.206108
10788,0.205642,0.199699,0.206032
10789,0.20557,0.199627,0.20596
10790,0.205519,0.199575,0.205907
10791,0.205433,0.199489,0.20582
10792,0.205392,0.199447,0.205778
10793,0.205368,0.199423,0.205752
10794,0.205316,0.19937,0.2057
10795,0.205245,0.199298,0.205627
10796,0.205223,0.199276,0.205604
10797,0.205168,0.199221,0.205549
10798,0.205082,0.199134,0.205462
10799,0.205058,0.199109,0.205436
10800,0.204993,0.199044,0.20537
10801,0.204943,0.198994,0.205319
10802,0.204894,0.198943,0.205268
10803,0.204851,0.198901,0.205224
10804,0.204821,0.19887,0.205193
10805,0.204755,0.198804,0.205126
10806,0.204727,0.198775,0.205097
10807,0.204706,0.198754,0.205076
10808,0.204681,0.198729,0.20505
10809,0.204656,0.198704,0.205026
10810,0.204628,0.198676,0.204998
10811,0.204606,0.198653,0.204977
10812,0.20455,0.198597,0.204922
10813,0.204486,0.198532,0.204858
10814,0.204425,0.19847,0.204798
10815,0.204337,0.198381,0.20471
10816,0.204305,0.198349,0.204679
10817,0.204266,0.198309,0.204639
10818,0.204228,0.198271,0.204602
10819,0.204165,0.198208,0.20454
10820,0.204075,0.198117,0.204449
10821,0.204048,0.198089,0.204422
10822,0.204024,0.198065,0.204399
10823,0.203932,0.197972,0.204307
10824,0.203853,0.197892,0.204228
10825,0.203823,0.197863,0.204198
10826,0.203774,0.197813,0.204149
10827,0.203754,0.197793,0.204129
10828,0.203695,0.197733,0.20407
10829,0.203664,0.197702,0.204039
10830,0.20364,0.197677,0.204015
10831,0.203562,0.197599,0.203938
10832,0.203542,0.197578,0.203918
10833,0.203501,0.197537,0.203879
10834,0.203409,0.197444,0.203787
10835,0.203385,0.19742,0.203764
10836,0.203335,0.197369,0.203715
10837,0.203262,0.197296,0.203642
10838,0.203198,0.197231,0.203579
10839,0.203176,0.197208,0.203557
10840,0.203091,0.197123,0.203473
10841,0.203062,0.197093,0.203444
10842,0.202995,0.197026,0.203378
10843,0.20296,0.196991,0.203343
10844,0.202896,0.196926,0.20328
10845,0.202872,0.196902,0.203257
10846,0.202784,0.196813,0.203169
10847,0.20272,0.196748,0.203106
10848,0.202667,0.196695,0.203053
10849,0.202621,0.196648,0.203006
10850,0.202532,0.196558,0.202918
10851,0.202472,0.196498,0.202857
10852,0.202427,0.196452,0.202811
10853,0.202393,0.196418,0.202778
10854,0.202346,0.19637,0.202731
10855,0.202294,0.196318,0.202679
10856,0.202275,0.196298,0.20266
10857,0.202214,0.196237,0.2026
10858,0.202195,0.196218,0.202581
10859,0.202148,0.19617,0.202535
10860,0.202071,0.196093,0.202459
10861,0.202017,0.196039,0.202405
10862,0.201933,0.195954,0.202322
10863,0.201893,0.195913,0.202282
10864,0.201865,0.195885,0.202254
10865,0.201839,0.195858,0.202228
10866,0.201787,0.195805,0.202177
10867,0.201699,0.195717,0.20209
10868,0.201631,0.195648,0.202022
10869,0.201578,0.195594,0.201969
10870,0.201553,0.195569,0.201945
10871,0.201485,0.195501,0.201878
10872,0.201427,0.195442,0.20182
10873,0.201401,0.195416,0.201795
10874,0.20132,0.195335,0.201714
10875,0.201269,0.195283,0.201664
10876,0.201242,0.195255,0.201637
10877,0.201181,0.195194,0.201576
10878,0.201157,0.19517,0.201554
10879,0.201128,0.19514,0.201525
10880,0.201036,0.195047,0.201435
10881,0.201017,0.195029,0.201417
10882,0.200957,0.194967,0.201358
10883,0.200892,0.194902,0.201295
10884,0.200872,0.194882,0.201276
10885,0.200788,0.194797,0.201194
10886,0.200703,0.194711,0.201109
10887,0.200641,0.194648,0.201048
10888,0.200603,0.19461,0.201011
10889,0.200547,0.194554,0.200956
10890,0.200471,0.194477,0.200881
10891,0.200447,0.194452,0.200858
10892,0.200359,0.194363,0.20077
10893,0.200311,0.194315,0.200723
10894,0.200286,0.19429,0.200699
10895,0.200249,0.194253,0.200664
10896,0.200215,0.194218,0.200632
10897,0.200148,0.19415,0.200566
10898,0.20009,0.194092,0.20051
10899,0.20001,0.194011,0.200431
10900,0.199926,0.193926,0.200348
10901,0.199834,0.193833,0.200257
10902,0.199794,0.193793,0.200218
10903,0.199736,0.193734,0.20016
10904,0.199651,0.193649,0.200076
10905,0.199567,0.193563,0.199992
10906,0.199489,0.193485,0.199914
10907,0.199417,0.193412,0.199841
10908,0.199357,0.193351,0.199781
10909,0.199306,0.1933,0.19973
10910,0.199283,0.193277,0.199706
10911,0.199239,0.193233,0.199663
10912,0.199174,0.193166,0.199597
10913,0.199084,0.193075,0.199507
10914,0.199035,0.193026,0.199458
10915,0.198947,0.192938,0.19937
10916,0.198922,0.192912,0.199344
10917,0.19887,0.19286,0.199292
10918,0.198786,0.192775,0.199208
10919,0.19875,0.192738,0.199171
10920,0.198707,0.192695,0.199127
10921,0.198655,0.192642,0.199075
10922,0.19861,0.192597,0.199031
10923,0.198543,0.192529,0.198963
10924,0.198453,0.192439,0.198874
10925,0.198431,0.192417,0.198851
10926,0.198392,0.192377,0.198812
10927,0.198315,0.192299,0.198735
10928,0.198262,0.192246,0.198682
10929,0.198195,0.192178,0.198615
10930,0.198108,0.19209,0.198527
10931,0.198076,0.192058,0.198494
10932,0.198034,0.192015,0.198452
10933,0.197985,0.191966,0.198403
10934,0.197908,0.191888,0.198326
10935,0.19787,0.19185,0.198288
10936,0.197795,0.191774,0.198212
10937,0.197757,0.191736,0.198174
10938,0.197727,0.191705,0.198143
10939,0.197702,0.19168,0.198119
10940,0.197674,0.191652,0.198092
10941,0.19759,0.191567,0.198008
10942,0.19755,0.191527,0.197969
10943,0.197477,0.191453,0.197896
10944,0.197423,0.191399,0.197843
10945,0.197346,0.19132,0.197765
10946,0.197317,0.191291,0.197737
10947,0.197269,0.191243,0.19769
10948,0.197208,0.191181,0.197629
10949,0.197157,0.191129,0.197578
10950,0.197079,0.191051,0.197501
10951,0.197027,0.190998,0.197449
10952,0.196971,0.190942,0.197394
10953,0.196899,0.190869,0.197322
10954,0.196833,0.190803,0.197256
10955,0.196781,0.19075,0.197204
10956,0.196734,0.190702,0.197157
10957,0.196703,0.190671,0.197126
10958,0.196662,0.19063,0.197086
10959,0.196587,0.190554,0.197011
10960,0.196518,0.190485,0.196943
10961,0.196475,0.19044,0.1969
10962,0.196393,0.190358,0.196819
10963,0.196374,0.190338,0.1968
10964,0.196319,0.190284,0.196746
10965,0.196236,0.190199,0.196663
10966,0.196147,0.19011,0.196574
10967,0.196124,0.190086,0.196551
10968,0.196053,0.190015,0.19648
10969,0.195974,0.189934,0.196401
10970,0.195881,0.189841,0.196308
10971,0.195828,0.189787,0.196253
10972,0.195738,0.189697,0.196163
10973,0.195687,0.189645,0.19611
10974,0.19566,0.189618,0.196083
10975,0.195637,0.189595,0.19606
10976,0.195603,0.18956,0.196025
10977,0.195584,0.18954,0.196006
10978,0.19554,0.189496,0.195963
10979,0.195498,0.189454,0.195922
10980,0.195418,0.189373,0.195842
10981,0.195357,0.189312,0.195782
10982,0.195335,0.189289,0.195761
10983,0.195268,0.189221,0.195694
10984,0.195225,0.189178,0.195652
10985,0.195168,0.18912,0.195596
10986,0.195086,0.189038,0.195515
10987,0.195043,0.188994,0.195472
10988,0.195014,0.188965,0.195444
10989,0.194959,0.18891,0.19539
10990,0.19489,0.18884,0.195323
10991,0.194829,0.188778,0.195262
10992,0.194744,0.188692,0.195178
10993,0.19467,0.188618,0.195104
10994,0.194616,0.188563,0.195051
10995,0.194586,0.188532,0.195021
10996,0.194505,0.188451,0.194941
10997,0.194443,0.188388,0.194879
10998,0.194364,0.188309,0.194801
10999,0.19433,0.188274,0.194766
11000,0.1943,0.188244,0.194737
11001,0.194216,0.18816,0.194654
11002,0.194126,0.188069,0.194564
11003,0.19406,0.188002,0.194498
11004,0.194031,0.187973,0.194469
11005,0.193959,0.1879,0.194397
11006,0.193899,0.187839,0.194336
11007,0.193838,0.187778,0.194275
11008,0.193806,0.187745,0.194243
11009,0.193779,0.187718,0.194217
11010,0.193729,0.187667,0.194167
11011,0.193641,0.187578,0.194079
11012,0.193606,0.187543,0.194045
11013,0.193571,0.187508,0.194011
11014,0.193512,0.187448,0.193952
11015,0.193434,0.18737,0.193876
11016,0.19335,0.187284,0.193792
11017,0.193266,0.1872,0.193708
11018,0.193193,0.187125,0.193634
11019,0.193148,0.18708,0.193589
11020,0.193116,0.187048,0.193558
11021,0.19304,0.186971,0.193481
11022,0.192959,0.18689,0.1934
11023,0.19288,0.18681,0.19332
11024,0.19281,0.186739,0.19325
11025,0.19273,0.186658,0.193168
11026,0.192706,0.186634,0.193144
11027,0.192687,0.186615,0.193125
11028,0.192659,0.186586,0.193096
11029,0.192608,0.186535,0.193045
11030,0.192579,0.186505,0.193016
11031,0.192508,0.186434,0.192946
11032,0.192424,0.186349,0.192863
11033,0.19239,0.186314,0.192828
11034,0.192325,0.186249,0.192764
11035,0.192233,0.186156,0.192671
11036,0.192194,0.186117,0.192633
11037,0.19217,0.186093,0.192609
11038,0.192083,0.186005,0.192522
11039,0.192019,0.18594,0.192458
11040,0.191993,0.185914,0.192432
11041,0.191916,0.185836,0.192355
11042,0.191861,0.185781,0.1923
11043,0.191822,0.185741,0.192262
11044,0.191791,0.18571,0.192232
11045,0.191761,0.185679,0.192202
11046,0.191678,0.185596,0.19212
11047,0.191586,0.185502,0.192028
11048,0.191546,0.185463,0.191989
11049,0.191508,0.185424,0.191951
11050,0.191432,0.185347,0.191876
11051,0.191346,0.18526,0.19179
11052,0.191294,0.185208,0.191738
11053,0.191207,0.18512,0.191651
11054,0.191128,0.18504,0.191572
11055,0.191069,0.18498,0.191511
11056,0.19102,0.184931,0.191463
11057,0.190991,0.184902,0.191433
11058,0.190958,0.184868,0.1914
11059,0.190877,0.184787,0.191319
11060,0.190817,0.184726,0.191259
11061,0.190791,0.184699,0.191233
11062,0.19075,0.184659,0.191193
11063,0.190686,0.184593,0.191128
11064,0.190632,0.18454,0.191076
11065,0.190576,0.184483,0.19102
11066,0.190504,0.18441,0.190948
11067,0.190414,0.184319,0.190857
11068,0.19038,0.184284,0.190823
11069,0.190354,0.184258,0.190798
11070,0.190323,0.184227,0.190768
11071,0.190255,0.184158,0.190701
11072,0.190196,0.184099,0.190643
11073,0.190123,0.184025,0.19057
11074,0.190042,0.183944,0.19049
11075,0.189993,0.183894,0.190441
11076,0.189916,0.183816,0.190364
11077,0.189825,0.183724,0.190273
11078,0.189782,0.18368,0.190229
11079,0.189745,0.183643,0.190192
11080,0.189666,0.183564,0.190114
11081,0.189591,0.183488,0.190038
11082,0.1895,0.183396,0.189947
11083,0.189446,0.183341,0.189891
11084,0.189356,0.183251,0.189801
11085,0.189302,0.183196,0.189745
11086,0.189261,0.183154,0.189703
11087,0.189225,0.183118,0.189666
11088,0.189188,0.183081,0.189628
11089,0.189133,0.183025,0.189573
11090,0.189057,0.182949,0.189497
11091,0.18902,0.182911,0.189458
11092,0.188929,0.182819,0.189367
11093,0.188907,0.182797,0.189344
11094,0.188843,0.182732,0.189279
11095,0.188756,0.182645,0.189191
11096,0.188692,0.182579,0.189126
11097,0.188667,0.182555,0.1891
11098,0.188607,0.182494,0.189039
11099,0.188573,0.18246,0.189005
11100,0.188535,0.182421,0.188966
11101,0.188467,0.182353,0.188897
11102,0.188415,0.1823,0.188844
11103,0.188339,0.182223,0.188768
11104,0.188292,0.182176,0.18872
11105,0.188271,0.182155,0.188698
11106,0.188238,0.182121,0.188665
11107,0.188205,0.182088,0.188632
11108,0.188168,0.18205,0.188595
11109,0.188113,0.181995,0.18854
11110,0.18804,0.181922,0.188468
11111,0.187967,0.181847,0.188394
11112,0.187882,0.181761,0.188309
11113,0.187858,0.181738,0.188285
11114,0.187774,0.181653,0.188201
11115,0.187713,0.181591,0.188139
11116,0.187624,0.181502,0.188049
11117,0.187595,0.181472,0.188019
11118,0.187553,0.18143,0.187976
11119,0.187487,0.181362,0.187909
11120,0.18746,0.181336,0.187882
11121,0.187429,0.181305,0.187851
11122,0.187408,0.181283,0.18783
11123,0.187358,0.181232,0.187779
11124,0.187315,0.181189,0.187737
11125,0.187227,0.181101,0.187649
11126,0.187171,0.181044,0.187593
11127,0.187117,0.180989,0.187538
11128,0.187096,0.180967,0.187517
11129,0.187011,0.180882,0.187433
11130,0.186982,0.180853,0.187404
11131,0.186915,0.180786,0.187337
11132,0.186857,0.180726,0.187278
11133,0.186838,0.180707,0.18726
11134,0.1868,0.180668,0.187222
11135,0.186764,0.180633,0.187187
11136,0.186694,0.180562,0.187118
11137,0.186674,0.180542,0.187099
11138,0.186583,0.18045,0.187009
11139,0.186539,0.180406,0.186965
11140,0.186496,0.180362,0.186923
11141,0.186426,0.180292,0.186854
11142,0.186342,0.180206,0.186769
11143,0.186293,0.180157,0.186721
11144,0.186261,0.180124,0.186689
11145,0.186233,0.180097,0.186663
11146,0.186172,0.180034,0.186601
11147,0.186119,0.179981,0.186549
11148,0.186083,0.179945,0.186515
11149,0.186039,0.1799,0.186472
11150,0.185967,0.179828,0.186401
11151,0.185932,0.179793,0.186368
11152,0.185873,0.179732,0.186309
11153,0.185808,0.179667,0.186246
11154,0.185733,0.179591,0.186172
11155,0.185657,0.179514,0.186096
11156,0.185601,0.179458,0.186041
11157,0.185532,0.179388,0.185972
11158,0.1855,0.179356,0.185941
11159,0.185471,0.179327,0.185914
11160,0.185388,0.179243,0.185831
11161,0.185368,0.179223,0.185812
11162,0.185286,0.17914,0.185731
11163,0.185205,0.179058,0.185651
11164,0.185162,0.179015,0.185609
11165,0.185131,0.178983,0.185578
11166,0.185096,0.178948,0.185545
11167,0.185075,0.178927,0.185526
11168,0.185022,0.178873,0.185475
11169,0.18493,0.178781,0.185385
11170,0.184842,0.178691,0.185297
11171,0.18482,0.17867,0.185278
11172,0.184749,0.178598,0.185208
11173,0.184663,0.17851,0.185123
11174,0.184581,0.178428,0.185043
11175,0.184531,0.178377,0.184993
11176,0.184443,0.178288,0.184906
11177,0.184352,0.178196,0.184815
11178,0.184325,0.178169,0.184789
11179,0.184252,0.178096,0.184716
11180,0.184178,0.178021,0.184643
11181,0.184105,0.177947,0.18457
11182,0.184013,0.177854,0.184477
11183,0.183967,0.177808,0.184431
11184,0.183883,0.177723,0.184347
11185,0.183837,0.177676,0.1843
11186,0.183745,0.177584,0.184208
11187,0.183684,0.177522,0.184145
11188,0.183592,0.177429,0.184052
11189,0.183552,0.177389,0.184011
11190,0.18348,0.177315,0.183938
11191,0.183428,0.177263,0.183885
11192,0.183388,0.177223,0.183844
11193,0.183367,0.177202,0.183822
11194,0.183308,0.177142,0.183762
11195,0.183253,0.177086,0.183707
11196,0.183205,0.177038,0.183658
11197,0.183172,0.177005,0.183625
11198,0.183096,0.176928,0.183548
11199,0.183004,0.176835,0.183456
11200,0.182973,0.176803,0.183423
11201,0.182924,0.176754,0.183374
11202,0.182894,0.176724,0.183344
11203,0.182863,0.176693,0.183313
11204,0.182796,0.176625,0.183246
11205,0.182763,0.176592,0.183213
11206,0.182712,0.17654,0.183162
11207,0.182622,0.17645,0.183073
11208,0.18257,0.176397,0.18302
11209,0.182528,0.176354,0.182978
11210,0.182449,0.176274,0.182899
11211,0.182385,0.17621,0.182835
11212,0.182325,0.176149,0.182775
11213,0.182244,0.176068,0.182693
11214,0.182216,0.17604,0.182665
11215,0.182185,0.176008,0.182634
11216,0.182143,0.175966,0.182592
11217,0.182098,0.175919,0.182546
11218,0.182021,0.175842,0.18247
11219,0.181957,0.175777,0.182406
11220,0.181908,0.175728,0.182357
11221,0.181872,0.175691,0.182321
11222,0.181828,0.175647,0.182278
11223,0.181772,0.175591,0.182223
11224,0.181737,0.175555,0.182187
11225,0.1817,0.175518,0.182151
11226,0.181634,0.175451,0.182086
11227,0.181552,0.175369,0.182005
11228,0.181482,0.175297,0.181935
11229,0.181444,0.175259,0.181898
11230,0.181402,0.175217,0.181857
11231,0.181358,0.175172,0.181813
11232,0.181305,0.175119,0.181761
11233,0.181248,0.175062,0.181706
11234,0.181175,0.174988,0.181634
11235,0.181086,0.174898,0.181545
11236,0.181,0.174811,0.181459
11237,0.18094,0.17475,0.181399
11238,0.180877,0.174686,0.181336
11239,0.180854,0.174664,0.181314
11240,0.180809,0.174618,0.181268
11241,0.180768,0.174577,0.181228
11242,0.180725,0.174533,0.181186
11243,0.180674,0.174482,0.181136
11244,0.18061,0.174417,0.181073
11245,0.18053,0.174336,0.180994
11246,0.180439,0.174245,0.180903
11247,0.180389,0.174194,0.180854
11248,0.180303,0.174107,0.180768
11249,0.180257,0.17406,0.180721
11250,0.180164,0.173967,0.180628
11251,0.1801,0.173902,0.180564
11252,0.180074,0.173875,0.180537
11253,0.180031,0.173832,0.180495
11254,0.179956,0.173756,0.180419
11255,0.179866,0.173666,0.180329
11256,0.179801,0.1736,0.180263
11257,0.179764,0.173562,0.180226
11258,0.179684,0.173482,0.180146
11259,0.179616,0.173413,0.180076
11260,0.179534,0.173331,0.179994
11261,0.179485,0.173281,0.179944
11262,0.179466,0.173262,0.179924
11263,0.179396,0.173191,0.179853
11264,0.179375,0.17317,0.179832
11265,0.179336,0.17313,0.179792
11266,0.179297,0.173091,0.179753
11267,0.179206,0.172999,0.179662
11268,0.179123,0.172915,0.179578
11269,0.179074,0.172866,0.179529
11270,0.178987,0.172778,0.179441
11271,0.178933,0.172723,0.179385
11272,0.17891,0.1727,0.179362
11273,0.178873,0.172662,0.179324
11274,0.178835,0.172625,0.179287
11275,0.178785,0.172574,0.179236
11276,0.178748,0.172536,0.179199
11277,0.178666,0.172454,0.179117
11278,0.178643,0.172431,0.179094
11279,0.178592,0.172379,0.179043
11280,0.178559,0.172345,0.179011
11281,0.178539,0.172325,0.178991
11282,0.178466,0.172252,0.17892
11283,0.178387,0.172171,0.178841
11284,0.178347,0.172132,0.178802
11285,0.178299,0.172083,0.178754
11286,0.178252,0.172035,0.178708
11287,0.178203,0.171986,0.178661
11288,0.178134,0.171916,0.178592
11289,0.178056,0.171838,0.178515
11290,0.177987,0.171768,0.178446
11291,0.177912,0.171692,0.178371
11292,0.177863,0.171643,0.178323
11293,0.177797,0.171576,0.178257
11294,0.177734,0.171512,0.178193
11295,0.17765,0.171428,0.17811
11296,0.177628,0.171405,0.178087
11297,0.177604,0.171381,0.178064
11298,0.177522,0.171298,0.177982
11299,0.17746,0.171236,0.177921
11300,0.177435,0.171211,0.177896
11301,0.177395,0.17117,0.177857
11302,0.177358,0.171132,0.17782
11303,0.177299,0.171073,0.177762
11304,0.177219,0.170992,0.177683
11305,0.177177,0.17095,0.177642
11306,0.17712,0.170892,0.177586
11307,0.177061,0.170832,0.177528
11308,0.176972,0.170742,0.177439
11309,0.176945,0.170716,0.177414
11310,0.176907,0.170677,0.177376
11311,0.176827,0.170596,0.177297
11312,0.176734,0.170503,0.177205
11313,0.176685,0.170453,0.177157
11314,0.17666,0.170428,0.177132
11315,0.176629,0.170396,0.177102
11316,0.176556,0.170322,0.17703
11317,0.176486,0.170252,0.176962
11318,0.176447,0.170213,0.176924
11319,0.176378,0.170142,0.176855
11320,0.176324,0.170089,0.176803
11321,0.176244,0.170007,0.176723
11322,0.176195,0.169957,0.176675
11323,0.176137,0.1699,0.176619
11324,0.176051,0.169813,0.176534
11325,0.175964,0.169724,0.176447
11326,0.175901,0.169661,0.176385
11327,0.175836,0.169595,0.176319
11328,0.175766,0.169524,0.176249
11329,0.175694,0.169452,0.176177
11330,0.17566,0.169417,0.176144
11331,0.175613,0.16937,0.176097
11332,0.175531,0.169287,0.176015
11333,0.175491,0.169247,0.175976
11334,0.175429,0.169184,0.175915
11335,0.175363,0.169117,0.175848
11336,0.175271,0.169025,0.175756
11337,0.175219,0.168972,0.175705
11338,0.175181,0.168933,0.175666
11339,0.17512,0.168872,0.175606
11340,0.175036,0.168788,0.175522
11341,0.174971,0.168721,0.175456
11342,0.174882,0.168631,0.175367
11343,0.174823,0.168572,0.175307
11344,0.17476,0.168508,0.175244
11345,0.174723,0.168471,0.175206
11346,0.174687,0.168435,0.17517
11347,0.174624,0.168371,0.175107
11348,0.174544,0.16829,0.175027
11349,0.174484,0.168229,0.174966
11350,0.17444,0.168185,0.174922
11351,0.174394,0.168139,0.174876
11352,0.174319,0.168063,0.1748
11353,0.174267,0.168011,0.174748
11354,0.174179,0.167922,0.174659
11355,0.17415,0.167893,0.17463
11356,0.174111,0.167853,0.17459
11357,0.174018,0.167759,0.174497
11358,0.173953,0.167693,0.174431
11359,0.173919,0.167659,0.174397
11360,0.173884,0.167624,0.174361
11361,0.173797,0.167536,0.174275
11362,0.173759,0.167498,0.174236
11363,0.17374,0.167478,0.174217
11364,0.173689,0.167427,0.174166
11365,0.173634,0.167371,0.174112
11366,0.173548,0.167285,0.174026
11367,0.173459,0.167194,0.173936
11368,0.173435,0.16717,0.173913
11369,0.173376,0.167111,0.173853
11370,0.173284,0.167018,0.173761
11371,0.173247,0.166981,0.173724
11372,0.173199,0.166932,0.173676
11373,0.173157,0.166889,0.173634
11374,0.173086,0.166818,0.173563
11375,0.173024,0.166755,0.173501
11376,0.172968,0.166699,0.173445
11377,0.172904,0.166634,0.173381
11378,0.172852,0.166581,0.173328
11379,0.17281,0.166539,0.173287
11380,0.172759,0.166487,0.173236
11381,0.172673,0.166401,0.17315
11382,0.172609,0.166336,0.173086
11383,0.17256,0.166287,0.173037
11384,0.1725,0.166226,0.172976
11385,0.172444,0.166169,0.17292
11386,0.172409,0.166134,0.172885
11387,0.172384,0.166108,0.17286
11388,0.172312,0.166036,0.172789
11389,0.17225,0.165974,0.172727
11390,0.172192,0.165915,0.172669
11391,0.172168,0.165891,0.172646
11392,0.172126,0.165848,0.172605
11393,0.172087,0.165809,0.172567
11394,0.172038,0.165759,0.172519
11395,0.172017,0.165738,0.172499
11396,0.171948,0.165669,0.172432
11397,0.171902,0.165622,0.172388
11398,0.171866,0.165586,0.172353
11399,0.171783,0.165502,0.172272
11400,0.171719,0.165437,0.172209
11401,0.171651,0.165369,0.172144
11402,0.171569,0.165285,0.172063
11403,0.171484,0.1652,0.171979
11404,0.17144,0.165155,0.171936
11405,0.171354,0.165069,0.171851
11406,0.171264,0.164977,0.171761
11407,0.171177,0.16489,0.171675
11408,0.171087,0.164799,0.171584
11409,0.171015,0.164726,0.171512
11410,0.170969,0.164679,0.171466
11411,0.170926,0.164636,0.171423
11412,0.170857,0.164567,0.171354
11413,0.170779,0.164488,0.171275
11414,0.170731,0.164439,0.171227
11415,0.170698,0.164406,0.171194
11416,0.170642,0.16435,0.171139
11417,0.170617,0.164324,0.171114
11418,0.170565,0.164272,0.171063
11419,0.170474,0.16418,0.170972
11420,0.170453,0.164158,0.170952
11421,0.17038,0.164085,0.170879
11422,0.170309,0.164013,0.170809
11423,0.170252,0.163955,0.170752
11424,0.170175,0.163878,0.170676
11425,0.17009,0.163792,0.170591
11426,0.170035,0.163736,0.170536
11427,0.169966,0.163666,0.170466
11428,0.169904,0.163604,0.170404
11429,0.169833,0.163532,0.170333
11430,0.16978,0.163478,0.17028
11431,0.169751,0.163449,0.170251
11432,0.169683,0.163381,0.170184
11433,0.169597,0.163294,0.170097
11434,0.169509,0.163205,0.170009
11435,0.16948,0.163176,0.169979
11436,0.169401,0.163096,0.1699
11437,0.169318,0.163012,0.169816
11438,0.169254,0.162948,0.169752
11439,0.169211,0.162904,0.169708
11440,0.169129,0.162822,0.169625
11441,0.169084,0.162776,0.169579
11442,0.169054,0.162745,0.169548
11443,0.168995,0.162686,0.169489
11444,0.16893,0.162621,0.169424
11445,0.168902,0.162592,0.169396
11446,0.168817,0.162506,0.16931
11447,0.168782,0.162471,0.169275
11448,0.168746,0.162435,0.169239
11449,0.168713,0.162401,0.169206
11450,0.168621,0.162309,0.169114
11451,0.168555,0.162242,0.169048
11452,0.16848,0.162165,0.168972
11453,0.168449,0.162134,0.168941
11454,0.168359,0.162043,0.168851
11455,0.168302,0.161986,0.168794
11456,0.168228,0.161911,0.168719
11457,0.168155,0.161838,0.168646
11458,0.168106,0.161788,0.168595
11459,0.168034,0.161716,0.168523
11460,0.167996,0.161677,0.168484
11461,0.16794,0.16162,0.168427
11462,0.167907,0.161587,0.168393
11463,0.167839,0.161519,0.168326
11464,0.167749,0.161428,0.168235
11465,0.167726,0.161404,0.168211
11466,0.167678,0.161355,0.168162
11467,0.167628,0.161305,0.168112
11468,0.167595,0.161271,0.168078
11469,0.167518,0.161194,0.168001
11470,0.167455,0.16113,0.167938
11471,0.167431,0.161106,0.167914
11472,0.167399,0.161074,0.167882
11473,0.167343,0.161018,0.167827
11474,0.167256,0.16093,0.16774
11475,0.167179,0.160852,0.167662
11476,0.167104,0.160776,0.167587
11477,0.167048,0.16072,0.167531
11478,0.166963,0.160634,0.167445
11479,0.166905,0.160575,0.167385
11480,0.166865,0.160535,0.167345
11481,0.166803,0.160472,0.167282
11482,0.166783,0.160452,0.167262
11483,0.166731,0.160399,0.167209
11484,0.166641,0.160308,0.167119
11485,0.166587,0.160254,0.167064
11486,0.166557,0.160223,0.167033
11487,0.166497,0.160163,0.166973
11488,0.166467,0.160133,0.166943
11489,0.166414,0.160079,0.166889
11490,0.166385,0.16005,0.166861
11491,0.166331,0.159995,0.166806
11492,0.166246,0.159909,0.166721
11493,0.166191,0.159854,0.166667
11494,0.166123,0.159785,0.166598
11495,0.166099,0.159761,0.166574
11496,0.166068,0.15973,0.166544
11497,0.166018,0.159679,0.166493
11498,0.165997,0.159658,0.166474
11499,0.165943,0.159603,0.16642
11500,0.165891,0.159551,0.166369
11501,0.165822,0.159481,0.1663
11502,0.165756,0.159414,0.166235
11503,0.165716,0.159374,0.166196
11504,0.165654,0.159311,0.166135
11505,0.165618,0.159275,0.1661
11506,0.165565,0.159222,0.166048
11507,0.165476,0.159132,0.16596
11508,0.16543,0.159085,0.165914
11509,0.165402,0.159057,0.165888
11510,0.165329,0.158983,0.165815
11511,0.16524,0.158893,0.165727
11512,0.165152,0.158805,0.16564
11513,0.165067,0.158719,0.165555
11514,0.165029,0.15868,0.165517
11515,0.164984,0.158635,0.165472
11516,0.164906,0.158556,0.165394
11517,0.16488,0.15853,0.165369
11518,0.164803,0.158452,0.165291
11519,0.164726,0.158375,0.165215
11520,0.164642,0.15829,0.165131
11521,0.164573,0.15822,0.165061
11522,0.164502,0.158148,0.164989
11523,0.164427,0.158072,0.164913
11524,0.164381,0.158025,0.164866
11525,0.164345,0.157989,0.164829
11526,0.164288,0.157932,0.164772
11527,0.164253,0.157897,0.164737
11528,0.164216,0.157859,0.1647
11529,0.164167,0.15781,0.164651
11530,0.164135,0.157777,0.164619
11531,0.164062,0.157704,0.164546
11532,0.163972,0.157612,0.164455
11533,0.163938,0.157578,0.164421
11534,0.163904,0.157544,0.164388
11535,0.163876,0.157515,0.164359
11536,0.163796,0.157435,0.16428
11537,0.163746,0.157384,0.16423
11538,0.163683,0.157321,0.164167
11539,0.163608,0.157245,0.164092
11540,0.163558,0.157194,0.164042
11541,0.163516,0.157152,0.164
11542,0.163426,0.157061,0.16391
11543,0.163353,0.156987,0.163837
11544,0.163291,0.156925,0.163774
11545,0.163259,0.156893,0.163742
11546,0.163218,0.156851,0.163701
11547,0.163157,0.15679,0.16364
11548,0.163119,0.156751,0.163602
11549,0.163047,0.156679,0.16353
11550,0.162972,0.156602,0.163455
11551,0.162879,0.156509,0.163361
11552,0.162801,0.15643,0.163282
11553,0.16278,0.156409,0.16326
11554,0.162705,0.156333,0.163184
11555,0.162673,0.156301,0.163152
11556,0.162599,0.156226,0.163078
11557,0.162525,0.156151,0.163002
11558,0.162477,0.156103,0.162953
11559,0.162436,0.156062,0.162912
11560,0.162398,0.156023,0.162873
11561,0.162378,0.156003,0.162853
11562,0.162349,0.155973,0.162823
11563,0.162279,0.155902,0.162753
11564,0.16226,0.155883,0.162734
11565,0.162234,0.155857,0.162709
11566,0.162176,0.155798,0.162651
11567,0.162119,0.155741,0.162595
11568,0.162058,0.15568,0.162535
11569,0.162026,0.155648,0.162504
11570,0.161945,0.155565,0.162423
11571,0.161893,0.155513,0.162372
11572,0.16182,0.155439,0.162299
11573,0.161735,0.155353,0.162214
11574,0.161655,0.155272,0.162133
11575,0.161613,0.15523,0.162092
11576,0.161571,0.155188,0.16205
11577,0.161531,0.155147,0.16201
11578,0.16149,0.155106,0.161969
11579,0.161435,0.15505,0.161914
11580,0.161385,0.155,0.161865
11581,0.16135,0.154964,0.16183
11582,0.161277,0.154891,0.161758
11583,0.161248,0.154861,0.161729
11584,0.161192,0.154805,0.161675
11585,0.161136,0.154748,0.161619
11586,0.161061,0.154672,0.161545
11587,0.16097,0.15458,0.161454
11588,0.160886,0.154496,0.161369
11589,0.160806,0.154415,0.161289
11590,0.160756,0.154365,0.161239
11591,0.160691,0.154299,0.161173
11592,0.160601,0.154208,0.161082
11593,0.160559,0.154166,0.16104
11594,0.16054,0.154146,0.16102
11595,0.160484,0.15409,0.160964
11596,0.160418,0.154023,0.160897
11597,0.160367,0.153972,0.160846
11598,0.160322,0.153926,0.1608
11599,0.160259,0.153862,0.160736
11600,0.16024,0.153843,0.160717
11601,0.160186,0.153789,0.160663
11602,0.160132,0.153734,0.160609
11603,0.160113,0.153715,0.16059
11604,0.160059,0.15366,0.160536
11605,0.16,0.1536,0.160477
11606,0.159974,0.153575,0.160453
11607,0.159952,0.153552,0.160431
11608,0.159902,0.153502,0.160382
11609,0.159832,0.153431,0.160313
11610,0.159758,0.153357,0.16024
11611,0.159724,0.153322,0.160206
11612,0.159661,0.153258,0.160144
11613,0.1596,0.153197,0.160084
11614,0.159509,0.153105,0.159993
11615,0.159451,0.153047,0.159936
11616,0.159427,0.153023,0.159913
11617,0.159357,0.152951,0.159842
11618,0.159296,0.15289,0.159782
11619,0.159205,0.152798,0.159692
11620,0.159117,0.152709,0.159603
11621,0.15906,0.152651,0.159545
11622,0.159026,0.152618,0.159512
11623,0.159001,0.152592,0.159487
11624,0.158961,0.152552,0.159447
11625,0.158932,0.152523,0.159419
11626,0.158853,0.152442,0.15934
11627,0.158772,0.15236,0.159259
11628,0.158741,0.152329,0.159229
11629,0.15866,0.152248,0.159149
11630,0.158589,0.152175,0.159077
11631,0.158543,0.152129,0.159031
11632,0.158509,0.152095,0.158997
11633,0.158486,0.152071,0.158975
11634,0.158431,0.152016,0.158921
11635,0.158383,0.151968,0.158874
11636,0.158318,0.151902,0.15881
11637,0.158268,0.151851,0.15876
11638,0.158209,0.151792,0.158702
11639,0.158188,0.151771,0.158683
11640,0.158109,0.151691,0.158604
11641,0.158032,0.151613,0.158528
11642,0.158009,0.15159,0.158506
11643,0.157918,0.151498,0.158415
11644,0.157832,0.151411,0.15833
11645,0.157739,0.151318,0.158237
11646,0.157689,0.151267,0.158187
11647,0.157643,0.151221,0.158141
11648,0.157613,0.15119,0.158112
11649,0.157566,0.151142,0.158064
11650,0.157497,0.151073,0.157997
11651,0.157455,0.151031,0.157955
11652,0.157381,0.150956,0.157881
11653,0.157346,0.15092,0.157847
11654,0.15727,0.150843,0.157771
11655,0.157193,0.150766,0.157695
11656,0.157118,0.15069,0.157619
11657,0.15708,0.150652,0.157581
11658,0.157049,0.15062,0.15755
11659,0.156995,0.150566,0.157497
11660,0.156936,0.150506,0.157439
11661,0.156855,0.150424,0.157358
11662,0.156819,0.150389,0.157323
11663,0.156746,0.150314,0.157249
11664,0.156664,0.150232,0.157168
11665,0.156578,0.150145,0.157081
11666,0.156507,0.150073,0.157009
11667,0.156445,0.15001,0.156947
11668,0.156414,0.149979,0.156916
11669,0.156382,0.149947,0.156884
11670,0.156297,0.149861,0.156798
11671,0.156263,0.149826,0.156764
11672,0.156189,0.149752,0.15669
11673,0.156143,0.149706,0.156644
11674,0.156107,0.149669,0.156608
11675,0.156064,0.149626,0.156565
11676,0.156018,0.149579,0.156519
11677,0.155955,0.149515,0.156456
11678,0.155866,0.149425,0.156367
11679,0.155822,0.149381,0.156323
11680,0.155778,0.149337,0.156279
11681,0.155717,0.149275,0.156218
11682,0.155692,0.14925,0.156193
11683,0.155615,0.149172,0.156117
11684,0.155542,0.149099,0.156044
11685,0.155508,0.149064,0.15601
11686,0.155468,0.149024,0.15597
11687,0.155377,0.148932,0.15588
11688,0.155329,0.148884,0.155832
11689,0.155307,0.148861,0.15581
11690,0.155235,0.148788,0.155739
11691,0.155213,0.148766,0.155717
11692,0.155121,0.148673,0.155625
11693,0.155039,0.148591,0.155544
11694,0.154974,0.148525,0.155479
11695,0.154928,0.148478,0.155432
11696,0.154864,0.148413,0.155368
11697,0.154843,0.148393,0.155348
11698,0.154799,0.148348,0.155305
11699,0.154759,0.148308,0.155265
11700,0.154712,0.14826,0.155219
11701,0.154655,0.148202,0.155163
11702,0.154636,0.148183,0.155145
11703,0.154558,0.148104,0.155068
11704,0.154488,0.148034,0.154999
11705,0.154431,0.147976,0.154943
11706,0.154407,0.147952,0.15492
11707,0.154377,0.147922,0.154892
11708,0.15429,0.147833,0.154806
11709,0.154202,0.147745,0.154719
11710,0.154127,0.147669,0.154645
11711,0.154046,0.147588,0.154565
11712,0.154007,0.147548,0.154526
11713,0.153933,0.147474,0.154454
11714,0.153842,0.147381,0.154362
11715,0.1538,0.147338,0.154321
11716,0.153751,0.147289,0.154272
11717,0.153663,0.147201,0.154185
11718,0.153592,0.147129,0.154114
11719,0.153528,0.147064,0.15405
11720,0.153502,0.147038,0.154024
11721,0.153456,0.146992,0.153979
11722,0.153379,0.146914,0.153903
11723,0.153316,0.14685,0.153839
11724,0.153241,0.146774,0.153765
11725,0.153188,0.146721,0.153712
11726,0.153165,0.146698,0.153689
11727,0.153092,0.146624,0.153617
11728,0.153043,0.146574,0.153568
11729,0.152965,0.146495,0.15349
11730,0.152927,0.146457,0.153453
11731,0.152865,0.146394,0.153391
11732,0.152796,0.146325,0.153324
11733,0.152706,0.146234,0.153234
11734,0.152634,0.146161,0.153161
11735,0.152547,0.146073,0.153074
11736,0.152469,0.145994,0.152995
11737,0.152439,0.145964,0.152965
11738,0.152361,0.145886,0.152887
11739,0.152342,0.145867,0.152868
11740,0.152261,0.145785,0.152786
11741,0.152179,0.145702,0.152703
11742,0.15212,0.145642,0.152643
11743,0.152071,0.145592,0.152594
11744,0.152006,0.145527,0.152529
11745,0.151922,0.145442,0.152444
11746,0.151888,0.145408,0.152409
11747,0.151802,0.145321,0.152322
11748,0.151783,0.145302,0.152303
11749,0.151747,0.145266,0.152266
11750,0.151718,0.145236,0.152237
11751,0.151683,0.1452,0.152202
11752,0.151643,0.14516,0.152163
11753,0.151551,0.145067,0.15207
11754,0.15153,0.145046,0.15205
11755,0.151472,0.144987,0.151992
11756,0.15139,0.144904,0.15191
11757,0.151314,0.144828,0.151835
11758,0.151263,0.144777,0.151784
11759,0.151218,0.144731,0.151739
11760,0.151145,0.144658,0.151667
11761,0.151095,0.144606,0.151616
11762,0.151058,0.14457,0.15158
11763,0.150971,0.144482,0.151493
11764,0.15089,0.1444,0.151411
11765,0.150856,0.144366,0.151377
11766,0.150799,0.144308,0.15132
11767,0.150718,0.144226,0.151239
11768,0.150686,0.144194,0.151207
11769,0.150646,0.144154,0.151168
11770,0.150607,0.144114,0.151129
11771,0.150548,0.144054,0.15107
11772,0.150467,0.143973,0.15099
11773,0.150379,0.143884,0.150901
11774,0.150319,0.143823,0.150841
11775,0.150234,0.143737,0.150755
11776,0.150191,0.143694,0.150712
11777,0.150122,0.143625,0.150643
11778,0.150045,0.143547,0.150565
11779,0.149978,0.143479,0.150497
11780,0.149907,0.143407,0.150426
11781,0.149856,0.143355,0.150373
11782,0.149827,0.143327,0.150344
11783,0.149794,0.143293,0.15031
11784,0.149726,0.143224,0.150242
11785,0.149705,0.143203,0.150221
11786,0.149682,0.14318,0.150198
11787,0.149647,0.143144,0.150163
11788,0.149598,0.143095,0.150115
11789,0.149515,0.143011,0.150032
11790,0.149454,0.14295,0.149972
11791,0.149406,0.142901,0.149924
11792,0.149315,0.142809,0.149833
11793,0.149243,0.142737,0.149761
11794,0.149171,0.142663,0.149688
11795,0.149141,0.142633,0.149658
11796,0.149057,0.142549,0.149574
11797,0.148992,0.142483,0.149508
11798,0.148907,0.142397,0.149423
11799,0.148861,0.142351,0.149377
11800,0.148804,0.142293,0.149319
11801,0.148754,0.142242,0.149268
11802,0.148691,0.142179,0.149204
11803,0.148653,0.142141,0.149166
11804,0.148628,0.142115,0.149141
11805,0.148591,0.142078,0.149104
11806,0.148566,0.142052,0.149079
11807,0.148528,0.142014,0.149042
11808,0.148484,0.14197,0.148998
11809,0.148424,0.141909,0.148939
11810,0.148339,0.141824,0.148854
11811,0.14832,0.141804,0.148836
11812,0.148289,0.141772,0.148805
11813,0.148259,0.141743,0.148778
11814,0.148171,0.141653,0.14869
11815,0.148091,0.141572,0.14861
11816,0.148034,0.141516,0.148555
11817,0.14795,0.14143,0.148471
11818,0.14788,0.14136,0.148402
11819,0.147852,0.141332,0.148374
11820,0.147768,0.141247,0.148291
11821,0.1477,0.141178,0.148222
11822,0.147671,0.141149,0.148195
11823,0.147629,0.141106,0.148153
11824,0.147537,0.141014,0.148062
11825,0.147446,0.140922,0.147971
11826,0.147412,0.140887,0.147937
11827,0.147351,0.140825,0.147876
11828,0.147302,0.140776,0.147827
11829,0.147252,0.140725,0.147777
11830,0.147193,0.140666,0.147719
11831,0.14711,0.140582,0.147636
11832,0.147069,0.140541,0.147596
11833,0.147031,0.140502,0.147558
11834,0.146964,0.140435,0.147492
11835,0.146885,0.140355,0.147413
11836,0.146834,0.140304,0.147362
11837,0.146795,0.140264,0.147323
11838,0.146725,0.140194,0.147254
11839,0.146691,0.140158,0.14722
11840,0.14662,0.140088,0.14715
11841,0.146599,0.140066,0.147129
11842,0.146524,0.13999,0.147054
11843,0.146483,0.139949,0.147015
11844,0.146456,0.139922,0.146989
11845,0.146376,0.13984,0.146909
11846,0.146313,0.139777,0.146847
11847,0.146225,0.139688,0.14676
11848,0.146159,0.139621,0.146694
11849,0.146099,0.139561,0.146636
11850,0.146009,0.139471,0.146546
11851,0.145943,0.139404,0.146479
11852,0.145857,0.139317,0.146393
11853,0.145793,0.139252,0.146329
11854,0.14573,0.139188,0.146265
11855,0.145692,0.13915,0.146227
11856,0.145673,0.139131,0.146208
11857,0.145635,0.139092,0.14617
11858,0.145557,0.139013,0.146092
11859,0.145512,0.138968,0.146048
11860,0.145423,0.138878,0.145959
11861,0.145392,0.138846,0.145928
11862,0.145329,0.138784,0.145866
11863,0.145286,0.138739,0.145823
11864,0.145204,0.138657,0.145741
11865,0.14514,0.138593,0.145678
11866,0.145062,0.138514,0.1456
11867,0.14501,0.138461,0.145548
11868,0.144924,0.138374,0.145461
11869,0.144878,0.138328,0.145415
11870,0.144812,0.138261,0.145348
11871,0.144759,0.138208,0.145295
11872,0.144686,0.138134,0.145222
11873,0.144665,0.138113,0.145201
11874,0.144598,0.138045,0.145134
11875,0.144575,0.138022,0.145111
11876,0.144533,0.137979,0.145069
11877,0.144459,0.137904,0.144995
11878,0.144434,0.137879,0.144971
11879,0.144375,0.13782,0.144913
11880,0.144294,0.137737,0.144832
11881,0.144201,0.137644,0.144739
11882,0.14413,0.137572,0.144668
11883,0.14408,0.137522,0.144618
11884,0.14399,0.137431,0.144527
11885,0.143956,0.137397,0.144493
11886,0.143874,0.137314,0.144411
11887,0.143784,0.137223,0.14432
11888,0.143746,0.137184,0.144281
11889,0.143667,0.137104,0.144201
11890,0.14361,0.137047,0.144143
11891,0.143541,0.136977,0.144073
11892,0.143472,0.136908,0.144004
11893,0.143405,0.13684,0.143935
11894,0.143362,0.136796,0.143891
11895,0.143337,0.136771,0.143864
11896,0.143305,0.136739,0.143832
11897,0.143215,0.136648,0.143742
11898,0.143145,0.136577,0.14367
11899,0.143093,0.136524,0.143616
11900,0.143061,0.136492,0.143584
11901,0.142983,0.136414,0.143505
11902,0.142929,0.136359,0.14345
11903,0.142888,0.136317,0.143408
11904,0.14286,0.136289,0.143379
11905,0.142813,0.136242,0.143331
11906,0.142766,0.136194,0.143284
11907,0.142677,0.136105,0.143194
11908,0.142647,0.136074,0.143164
11909,0.142624,0.136052,0.143141
11910,0.14257,0.135996,0.143086
11911,0.142517,0.135943,0.143033
11912,0.142452,0.135878,0.142968
11913,0.142433,0.135858,0.142948
11914,0.142355,0.13578,0.142871
11915,0.142272,0.135696,0.142787
11916,0.142201,0.135624,0.142715
11917,0.142159,0.135581,0.142673
11918,0.142134,0.135556,0.142648
11919,0.142063,0.135484,0.142576
11920,0.142021,0.135442,0.142534
11921,0.14195,0.13537,0.142463
11922,0.141862,0.135281,0.142373
11923,0.141819,0.135238,0.14233
11924,0.141734,0.135152,0.142244
11925,0.141687,0.135105,0.142196
11926,0.141629,0.135046,0.142137
11927,0.141594,0.135011,0.142101
11928,0.141557,0.134974,0.142063
11929,0.141524,0.13494,0.142029
11930,0.141489,0.134905,0.141995
11931,0.141468,0.134884,0.141974
11932,0.141443,0.134858,0.141949
11933,0.141398,0.134813,0.141904
11934,0.141358,0.134773,0.141865
11935,0.14127,0.134683,0.141777
11936,0.141219,0.134632,0.141726
11937,0.141146,0.134559,0.141654
11938,0.141087,0.134499,0.141595
11939,0.141006,0.134417,0.141514
11940,0.140949,0.134359,0.141456
11941,0.140928,0.134338,0.141435
11942,0.140883,0.134293,0.141391
11943,0.140795,0.134204,0.141303
11944,0.140719,0.134127,0.141226
11945,0.140684,0.134092,0.141191
11946,0.14061,0.134017,0.141116
11947,0.140547,0.133953,0.141052
11948,0.140469,0.133875,0.140974
11949,0.140403,0.133808,0.140907
11950,0.140379,0.133784,0.140882
11951,0.140343,0.133747,0.140845
11952,0.140291,0.133694,0.140792
11953,0.140269,0.133672,0.14077
11954,0.140228,0.133631,0.140729
11955,0.140184,0.133587,0.140685
11956,0.140129,0.133531,0.14063
11957,0.140079,0.13348,0.14058
11958,0.139989,0.13339,0.14049
11959,0.13992,0.13332,0.14042
11960,0.13987,0.13327,0.14037
11961,0.139825,0.133224,0.140324
11962,0.139788,0.133187,0.140287
11963,0.139722,0.13312,0.140221
11964,0.139667,0.133065,0.140165
11965,0.139603,0.133,0.140101
11966,0.139549,0.132945,0.140046
11967,0.139472,0.132867,0.139968
11968,0.139445,0.13284,0.139941
11969,0.139385,0.13278,0.13988
11970,0.139323,0.132718,0.139818
11971,0.139296,0.13269,0.13979
11972,0.139236,0.132629,0.139729
11973,0.139165,0.132557,0.139657
11974,0.139118,0.13251,0.139609
11975,0.139098,0.13249,0.139588
11976,0.13907,0.132461,0.13956
11977,0.139051,0.132442,0.139541
11978,0.139025,0.132416,0.139516
11979,0.138983,0.132374,0.139474
11980,0.138928,0.132318,0.139419
11981,0.138846,0.132235,0.139338
11982,0.138777,0.132165,0.139268
11983,0.138722,0.13211,0.139214
11984,0.138679,0.132067,0.139171
11985,0.138657,0.132045,0.13915
11986,0.138625,0.132013,0.139118
11987,0.138586,0.131973,0.139079
11988,0.138508,0.131894,0.139001
11989,0.138453,0.131838,0.138947
11990,0.138386,0.131771,0.13888
11991,0.138302,0.131686,0.138796
11992,0.13827,0.131653,0.138764
11993,0.138206,0.131589,0.1387
11994,0.138125,0.131507,0.138619
11995,0.1381,0.131482,0.138594
11996,0.138008,0.131389,0.138502
11997,0.137987,0.131367,0.13848
11998,0.137931,0.131311,0.138424
11999,0.137866,0.131246,0.138359
12000,0.137804,0.131183,0.138296
