time,soc_true,soc_kf,soc_fgo
0,0.799943,0.799943,0.799944
1,0.799886,0.799884,0.799966
2,0.799849,0.799844,0.800004
3,0.799812,0.799806,0.80004
4,0.799769,0.799761,0.800068
5,0.799745,0.799735,0.800114
6,0.799717,0.799706,0.800154
7,0.799697,0.799685,0.800202
8,0.799605,0.799589,0.800174
9,0.799561,0.799542,0.800192
10,0.799523,0.799502,0.800213
11,0.799493,0.799471,0.800243
12,0.79945,0.799425,0.800258
13,0.799358,0.799329,0.80022
14,0.799287,0.799255,0.800201
15,0.799239,0.799204,0.800203
16,0.799165,0.799127,0.800176
17,0.799109,0.799068,0.800164
18,0.799083,0.79904,0.800183
19,0.798997,0.79895,0.800139
20,0.798946,0.798896,0.800128
21,0.798863,0.798809,0.800084
22,0.798803,0.798746,0.80006
23,0.798751,0.798692,0.800043
24,0.798685,0.798622,0.800009
25,0.798637,0.798572,0.799994
26,0.798549,0.79848,0.799936
27,0.798504,0.798432,0.799919
28,0.798416,0.79834,0.799858
29,0.798368,0.79829,0.799835
30,0.798289,0.798207,0.799779
31,0.798242,0.798157,0.799755
32,0.798178,0.79809,0.799712
33,0.798121,0.798031,0.799676
34,0.798093,0.798001,0.799669
35,0.798021,0.797925,0.799617
36,0.797964,0.797866,0.799579
37,0.797914,0.797813,0.799548
38,0.797869,0.797766,0.799522
39,0.797779,0.797671,0.799449
40,0.797743,0.797634,0.79943
41,0.797699,0.797588,0.799403
42,0.797631,0.797516,0.799351
43,0.797594,0.797477,0.79933
44,0.79755,0.797431,0.799304
45,0.797485,0.797362,0.799255
46,0.79743,0.797304,0.799216
47,0.797351,0.797221,0.799152
48,0.797284,0.797151,0.799099
49,0.797206,0.79707,0.799033
50,0.797184,0.797046,0.799023
51,0.797118,0.796977,0.79897
52,0.797062,0.796918,0.798927
53,0.797003,0.796856,0.798879
54,0.79693,0.79678,0.798818
55,0.796846,0.796692,0.798743
56,0.796762,0.796604,0.798666
57,0.796741,0.796581,0.798653
58,0.796682,0.796519,0.798603
59,0.796654,0.79649,0.798585
60,0.796575,0.796407,0.798516
61,0.796485,0.796313,0.798432
62,0.796442,0.796268,0.798396
63,0.796355,0.796176,0.798314
64,0.796268,0.796085,0.798231
65,0.796228,0.796042,0.798194
66,0.796177,0.795989,0.798147
67,0.796112,0.795921,0.798086
68,0.796035,0.79584,0.79801
69,0.795988,0.795791,0.797966
70,0.795923,0.795723,0.797903
71,0.795876,0.795673,0.797858
72,0.795788,0.795581,0.797771
73,0.795731,0.795521,0.797713
74,0.795654,0.79544,0.797635
75,0.795615,0.795399,0.797595
76,0.795582,0.795364,0.797562
77,0.795523,0.795302,0.797503
78,0.795447,0.795223,0.797427
79,0.795379,0.795152,0.797358
80,0.795331,0.795101,0.797308
81,0.795277,0.795044,0.797252
82,0.795233,0.794998,0.797207
83,0.795191,0.794954,0.797165
84,0.79514,0.7949,0.797114
85,0.795121,0.79488,0.797097
86,0.795062,0.794818,0.79704
87,0.795033,0.794788,0.797015
88,0.794945,0.794696,0.79693
89,0.794885,0.794632,0.79687
90,0.79485,0.794596,0.796838
91,0.794805,0.794548,0.796796
92,0.794717,0.794456,0.79671
93,0.794641,0.794376,0.796634
94,0.79456,0.794291,0.796551
95,0.794482,0.79421,0.796471
96,0.794407,0.79413,0.79639
97,0.794362,0.794083,0.79634
98,0.7943,0.794018,0.796273
99,0.794246,0.793961,0.796214
100,0.794222,0.793937,0.796187
101,0.794203,0.793916,0.796165
102,0.794164,0.793876,0.796127
103,0.794141,0.793851,0.796105
104,0.794105,0.793813,0.796072
105,0.794048,0.793753,0.796018
106,0.794018,0.793723,0.795993
107,0.793985,0.793688,0.795966
108,0.793901,0.7936,0.795888
109,0.793813,0.793507,0.795802
110,0.793722,0.793411,0.795711
111,0.793693,0.793381,0.795683
112,0.79361,0.793294,0.7956
113,0.793554,0.793235,0.795544
114,0.793513,0.793192,0.795503
115,0.793455,0.793131,0.795445
116,0.793414,0.793088,0.795404
117,0.793335,0.793005,0.795325
118,0.793245,0.79291,0.795232
119,0.793162,0.792824,0.795145
120,0.793137,0.792798,0.795117
121,0.7931,0.792758,0.795077
122,0.793022,0.792676,0.794996
123,0.792989,0.792641,0.79496
124,0.792935,0.792585,0.794904
125,0.792863,0.79251,0.794829
126,0.792814,0.792458,0.794776
127,0.792779,0.792421,0.794738
128,0.792697,0.792336,0.794653
129,0.792664,0.7923,0.794616
130,0.792637,0.792272,0.794588
131,0.792606,0.792239,0.794557
132,0.792581,0.792213,0.794534
133,0.792496,0.792124,0.794451
134,0.792472,0.792099,0.794429
135,0.792444,0.792069,0.794404
136,0.792357,0.791978,0.79432
137,0.792284,0.791902,0.794248
138,0.792232,0.791847,0.794197
139,0.792211,0.791824,0.794178
140,0.79213,0.79174,0.794099
141,0.792096,0.791704,0.794067
142,0.792017,0.791621,0.79399
143,0.791949,0.791549,0.793922
144,0.791856,0.791453,0.793828
145,0.791785,0.791377,0.793752
146,0.791763,0.791354,0.793728
147,0.791682,0.791269,0.793644
148,0.791601,0.791184,0.793558
149,0.791537,0.791117,0.793488
150,0.791486,0.791064,0.793431
151,0.791457,0.791033,0.793397
152,0.791421,0.790995,0.793357
153,0.791363,0.790934,0.793295
154,0.791312,0.790881,0.793241
155,0.791255,0.790821,0.79318
156,0.791169,0.790731,0.793088
157,0.791143,0.790703,0.793056
158,0.791123,0.790682,0.793033
159,0.791098,0.790657,0.793008
160,0.791012,0.790566,0.792919
161,0.790936,0.790486,0.792839
162,0.790908,0.790457,0.792808
163,0.790883,0.79043,0.792781
164,0.79084,0.790385,0.792737
165,0.790784,0.790327,0.79268
166,0.790753,0.790293,0.792649
167,0.790701,0.79024,0.792598
168,0.790663,0.790199,0.792561
169,0.790598,0.790131,0.792497
170,0.790523,0.790052,0.792422
171,0.790498,0.790026,0.792397
172,0.790431,0.789956,0.79233
173,0.790355,0.789876,0.792253
174,0.790309,0.789828,0.792206
175,0.79029,0.789808,0.792188
176,0.79026,0.789776,0.792159
177,0.790227,0.789741,0.79213
178,0.790173,0.789685,0.79208
179,0.790087,0.789594,0.791995
180,0.790019,0.789524,0.791929
181,0.789981,0.789483,0.791892
182,0.789889,0.789387,0.7918
183,0.789832,0.789327,0.791741
184,0.789761,0.789253,0.791668
185,0.789719,0.789208,0.791623
186,0.789632,0.789116,0.791532
187,0.789606,0.789089,0.791502
188,0.789552,0.789033,0.791446
189,0.789509,0.788987,0.7914
190,0.789479,0.788956,0.791369
191,0.789429,0.788903,0.791317
192,0.789347,0.788817,0.791233
193,0.789324,0.788793,0.791209
194,0.789231,0.788696,0.791114
195,0.789197,0.78866,0.791076
196,0.789151,0.788612,0.791029
197,0.78906,0.788516,0.790933
198,0.789028,0.788483,0.790897
199,0.788999,0.788452,0.790866
200,0.788947,0.788397,0.790812
201,0.788915,0.788364,0.790779
202,0.788852,0.788298,0.790715
203,0.788815,0.788259,0.790677
204,0.788737,0.788177,0.790597
205,0.788665,0.788102,0.790521
206,0.788636,0.788071,0.790489
207,0.788615,0.788049,0.790468
208,0.788594,0.788027,0.790447
209,0.788525,0.787955,0.79038
210,0.788455,0.787881,0.79031
211,0.788396,0.787819,0.79025
212,0.788306,0.787725,0.790156
213,0.788253,0.787669,0.790099
214,0.788219,0.787633,0.790062
215,0.788193,0.787606,0.790034
216,0.788117,0.787526,0.789955
217,0.788097,0.787505,0.789934
218,0.788023,0.787427,0.789857
219,0.787995,0.787398,0.789828
220,0.787975,0.787377,0.789808
221,0.787956,0.787357,0.789792
222,0.787889,0.787286,0.789727
223,0.787798,0.787191,0.789637
224,0.787763,0.787154,0.789601
225,0.787744,0.787134,0.789584
226,0.787691,0.787078,0.789534
227,0.787626,0.787011,0.789471
228,0.787539,0.786919,0.789384
229,0.787505,0.786883,0.78935
230,0.787482,0.786859,0.789328
231,0.787455,0.786831,0.789305
232,0.787423,0.786798,0.789279
233,0.787341,0.786712,0.789201
234,0.787294,0.786661,0.789157
235,0.787207,0.786571,0.789073
236,0.787131,0.786491,0.788997
237,0.787082,0.78644,0.788948
238,0.787013,0.786367,0.788878
239,0.786955,0.786306,0.788818
240,0.786904,0.786252,0.788765
241,0.786821,0.786166,0.788679
242,0.786779,0.786121,0.788633
243,0.786755,0.786095,0.788607
244,0.78672,0.78606,0.788572
245,0.786688,0.786026,0.788541
246,0.786653,0.785989,0.788508
247,0.786623,0.785957,0.788482
248,0.786589,0.785922,0.788453
249,0.786563,0.785894,0.788433
250,0.78653,0.78586,0.788408
251,0.786483,0.78581,0.78837
252,0.786445,0.78577,0.788342
253,0.786359,0.78568,0.788265
254,0.786305,0.785623,0.788219
255,0.786214,0.785527,0.788134
256,0.786122,0.785431,0.788046
257,0.786043,0.785349,0.787969
258,0.785988,0.785291,0.787916
259,0.785901,0.7852,0.787828
260,0.78585,0.785146,0.787776
261,0.78583,0.785125,0.787756
262,0.785778,0.78507,0.787706
263,0.78571,0.784999,0.787639
264,0.785647,0.784932,0.787576
265,0.785576,0.784858,0.787504
266,0.785541,0.784822,0.78747
267,0.785501,0.78478,0.787431
268,0.785444,0.784719,0.787375
269,0.785372,0.784644,0.787303
270,0.785288,0.784556,0.787218
271,0.78523,0.784495,0.787157
272,0.785143,0.784403,0.787066
273,0.785105,0.784364,0.787024
274,0.785078,0.784335,0.786994
275,0.785046,0.784302,0.786961
276,0.785027,0.784282,0.786944
277,0.784949,0.784199,0.786866
278,0.784916,0.784166,0.786836
279,0.784854,0.7841,0.786774
280,0.78482,0.784064,0.786743
281,0.784796,0.784039,0.786724
282,0.784719,0.783959,0.786651
283,0.784684,0.783921,0.78662
284,0.784623,0.783858,0.786564
285,0.784567,0.783799,0.786512
286,0.784486,0.783713,0.786434
287,0.784403,0.783627,0.786353
288,0.784339,0.783559,0.786289
289,0.784264,0.783481,0.786214
290,0.784176,0.783388,0.786122
291,0.784151,0.783361,0.786095
292,0.784092,0.7833,0.786034
293,0.78403,0.783235,0.78597
294,0.784011,0.783214,0.78595
295,0.783964,0.783166,0.785904
296,0.783887,0.783084,0.785826
297,0.783857,0.783053,0.785796
298,0.783809,0.783002,0.785749
299,0.783764,0.782955,0.785706
300,0.783686,0.782873,0.785629
301,0.783628,0.782812,0.785571
302,0.783569,0.782751,0.785513
303,0.783516,0.782695,0.78546
304,0.783427,0.782602,0.785369
305,0.783384,0.782557,0.785325
306,0.783306,0.782474,0.785243
307,0.783256,0.782422,0.78519
308,0.783222,0.782387,0.785155
309,0.783177,0.78234,0.785109
310,0.783112,0.782271,0.785042
311,0.783042,0.782198,0.784971
312,0.782999,0.782152,0.784925
313,0.782974,0.782126,0.7849
314,0.78293,0.78208,0.784857
315,0.782908,0.782056,0.784837
316,0.782884,0.782031,0.784818
317,0.782801,0.781944,0.784739
318,0.782731,0.78187,0.784672
319,0.782649,0.781785,0.784592
320,0.782623,0.781758,0.784568
321,0.782586,0.781719,0.784535
322,0.782516,0.781645,0.784467
323,0.782485,0.781613,0.784441
324,0.782431,0.781556,0.784392
325,0.782367,0.781489,0.784333
326,0.782279,0.781397,0.784248
327,0.782256,0.781373,0.78423
328,0.782196,0.781309,0.784174
329,0.782136,0.781246,0.784118
330,0.782094,0.781202,0.784081
331,0.782002,0.781105,0.783993
332,0.78195,0.781051,0.783944
333,0.781884,0.780981,0.783881
334,0.781847,0.780943,0.783848
335,0.78178,0.780872,0.783784
336,0.781732,0.780822,0.78374
337,0.781657,0.780744,0.783669
338,0.781631,0.780716,0.783647
339,0.781544,0.780624,0.783563
340,0.781468,0.780544,0.78349
341,0.78144,0.780516,0.783466
342,0.781361,0.780432,0.783389
343,0.781273,0.78034,0.783302
344,0.781211,0.780275,0.783241
345,0.781147,0.780208,0.783177
346,0.78108,0.780137,0.783109
347,0.781042,0.780098,0.783071
348,0.780972,0.780024,0.783002
349,0.780888,0.779936,0.782916
350,0.780803,0.779846,0.782827
351,0.780761,0.779802,0.782782
352,0.780729,0.779769,0.782748
353,0.780691,0.779729,0.78271
354,0.780665,0.779702,0.782686
355,0.78059,0.779622,0.782612
356,0.780563,0.779594,0.782589
357,0.780536,0.779566,0.782567
358,0.78046,0.779486,0.782496
359,0.78037,0.779392,0.782409
360,0.780337,0.779357,0.78238
361,0.780262,0.779278,0.782308
362,0.780176,0.779188,0.782225
363,0.780132,0.779142,0.782183
364,0.780049,0.779055,0.782101
365,0.779974,0.778976,0.782026
366,0.77991,0.778909,0.781961
367,0.779825,0.77882,0.781874
368,0.779739,0.778729,0.781784
369,0.779699,0.778688,0.78174
370,0.779635,0.77862,0.781672
371,0.77959,0.778573,0.781624
372,0.779537,0.778517,0.781568
373,0.779497,0.778476,0.781527
374,0.779421,0.778395,0.781448
375,0.779396,0.778369,0.781422
376,0.779316,0.778285,0.781341
377,0.779279,0.778246,0.781303
378,0.779244,0.778209,0.781269
379,0.779171,0.778133,0.781197
380,0.779085,0.778042,0.78111
381,0.779027,0.777981,0.78105
382,0.779001,0.777955,0.781025
383,0.77896,0.777911,0.780984
384,0.778907,0.777856,0.780934
385,0.778825,0.777769,0.780852
386,0.778745,0.777686,0.780772
387,0.778674,0.777611,0.7807
388,0.77859,0.777523,0.780613
389,0.778499,0.777427,0.780516
390,0.778446,0.777372,0.780458
391,0.778362,0.777284,0.780366
392,0.778322,0.777241,0.780319
393,0.778276,0.777193,0.780266
394,0.778204,0.777117,0.780188
395,0.778153,0.777064,0.78013
396,0.778093,0.777001,0.780063
397,0.778026,0.77693,0.779988
398,0.777959,0.776861,0.779913
399,0.777939,0.776839,0.779885
400,0.777884,0.776782,0.779824
401,0.777863,0.776759,0.779798
402,0.777814,0.776708,0.779746
403,0.77776,0.776651,0.779688
404,0.77774,0.77663,0.779667
405,0.777682,0.77657,0.779608
406,0.77761,0.776494,0.779534
407,0.777586,0.776469,0.77951
408,0.777503,0.776382,0.779425
409,0.777458,0.776334,0.779378
410,0.777433,0.776308,0.779353
411,0.777382,0.776255,0.779304
412,0.777321,0.77619,0.779243
413,0.777278,0.776145,0.779202
414,0.777209,0.776073,0.779134
415,0.777131,0.775991,0.779055
416,0.777068,0.775925,0.77899
417,0.77701,0.775864,0.77893
418,0.776921,0.77577,0.778838
419,0.776858,0.775705,0.77877
420,0.776798,0.775641,0.778705
421,0.776747,0.775588,0.778649
422,0.776704,0.775542,0.7786
423,0.77665,0.775486,0.778543
424,0.776597,0.77543,0.778485
425,0.776569,0.775401,0.778453
426,0.776539,0.77537,0.778423
427,0.776464,0.77529,0.778345
428,0.776427,0.775252,0.778307
429,0.776381,0.775204,0.77826
430,0.776355,0.775176,0.778235
431,0.776302,0.775121,0.778184
432,0.776259,0.775075,0.778143
433,0.776227,0.775041,0.778114
434,0.776168,0.77498,0.77806
435,0.776148,0.774958,0.778045
436,0.776073,0.77488,0.777976
437,0.776003,0.774806,0.77791
438,0.775945,0.774745,0.777855
439,0.775904,0.774702,0.777819
440,0.775851,0.774647,0.777771
441,0.775786,0.774579,0.777711
442,0.775732,0.774522,0.777661
443,0.775646,0.774431,0.777578
444,0.775591,0.774374,0.777526
445,0.775546,0.774326,0.777484
446,0.775474,0.774251,0.777415
447,0.77542,0.774194,0.777363
448,0.775345,0.774116,0.77729
449,0.775268,0.774035,0.777213
450,0.775211,0.773975,0.777156
451,0.775179,0.773941,0.777125
452,0.775116,0.773876,0.777064
453,0.775055,0.773811,0.777003
454,0.775001,0.773755,0.77695
455,0.774922,0.773672,0.776871
456,0.77489,0.773638,0.77684
457,0.774856,0.773602,0.776808
458,0.77478,0.773522,0.776734
459,0.774756,0.773497,0.776713
460,0.774698,0.773436,0.776659
461,0.774622,0.773356,0.776586
462,0.774534,0.773264,0.776499
463,0.774504,0.773233,0.776471
464,0.774434,0.773159,0.776402
465,0.774364,0.773086,0.776334
466,0.774325,0.773045,0.776296
467,0.774252,0.772967,0.776224
468,0.774176,0.772888,0.776148
469,0.774118,0.772827,0.77609
470,0.774038,0.772743,0.776009
471,0.773995,0.772698,0.775964
472,0.773972,0.772674,0.775941
473,0.773892,0.77259,0.775862
474,0.773803,0.772496,0.775771
475,0.773772,0.772464,0.77574
476,0.773691,0.772378,0.775656
477,0.773648,0.772334,0.775612
478,0.773622,0.772306,0.775586
479,0.773532,0.772212,0.775496
480,0.773481,0.772158,0.775444
481,0.773453,0.772129,0.775417
482,0.77337,0.772041,0.775334
483,0.773303,0.771971,0.775266
484,0.773221,0.771885,0.775181
485,0.773153,0.771813,0.77511
486,0.773133,0.771792,0.775088
487,0.773102,0.77176,0.775057
488,0.773023,0.771677,0.774978
489,0.772945,0.771596,0.774898
490,0.772925,0.771575,0.774878
491,0.772893,0.77154,0.774847
492,0.772836,0.771481,0.774793
493,0.772792,0.771434,0.774752
494,0.772711,0.77135,0.774674
495,0.772638,0.771273,0.774601
496,0.772562,0.771193,0.774525
497,0.772525,0.771155,0.774488
498,0.772435,0.77106,0.774397
499,0.772381,0.771004,0.774342
500,0.772302,0.77092,0.774261
501,0.772216,0.77083,0.77417
502,0.772155,0.770766,0.774104
503,0.772087,0.770695,0.77403
504,0.772009,0.770612,0.773944
505,0.771989,0.770592,0.773918
506,0.771968,0.770569,0.773893
507,0.771901,0.770499,0.773823
508,0.771836,0.770431,0.773754
509,0.771775,0.770367,0.773688
510,0.771737,0.770327,0.773647
511,0.77169,0.770278,0.773597
512,0.771653,0.770239,0.773558
513,0.771611,0.770195,0.773515
514,0.771543,0.770124,0.773447
515,0.771511,0.77009,0.773415
516,0.771464,0.770041,0.773369
517,0.771381,0.769953,0.773286
518,0.771358,0.769929,0.773263
519,0.771279,0.769847,0.773185
520,0.771208,0.769772,0.773113
521,0.771119,0.769678,0.773022
522,0.771061,0.769617,0.77296
523,0.771027,0.769582,0.772923
524,0.770986,0.769539,0.77288
525,0.770915,0.769464,0.772808
526,0.770835,0.76938,0.772724
527,0.770811,0.769354,0.772697
528,0.770761,0.769302,0.772646
529,0.77072,0.769259,0.772604
530,0.770657,0.769193,0.77254
531,0.770587,0.76912,0.772469
532,0.770519,0.769048,0.772398
533,0.770494,0.769022,0.772371
534,0.770406,0.76893,0.772281
535,0.77036,0.768881,0.772232
536,0.770316,0.768835,0.772186
537,0.770286,0.768803,0.772155
538,0.770227,0.768742,0.772097
539,0.770146,0.768656,0.772014
540,0.770101,0.768609,0.771967
541,0.77002,0.768525,0.771884
542,0.77,0.768503,0.771862
543,0.76991,0.768409,0.771769
544,0.769886,0.768384,0.771744
545,0.769813,0.768307,0.771668
546,0.769734,0.768224,0.771585
547,0.769701,0.76819,0.771549
548,0.769644,0.76813,0.771489
549,0.769596,0.768079,0.771438
550,0.769574,0.768056,0.771415
551,0.769511,0.76799,0.771351
552,0.769453,0.767929,0.771293
553,0.769401,0.767874,0.771239
554,0.769347,0.767818,0.771184
555,0.76929,0.767758,0.771126
556,0.769256,0.767722,0.771092
557,0.769232,0.767697,0.771069
558,0.769162,0.767623,0.771001
559,0.769073,0.76753,0.770912
560,0.769038,0.767493,0.770877
561,0.769018,0.767472,0.770858
562,0.768937,0.767387,0.770779
563,0.768875,0.767322,0.770718
564,0.768828,0.767272,0.770671
565,0.768763,0.767204,0.770607
566,0.768702,0.767141,0.770546
567,0.76865,0.767086,0.770494
568,0.768607,0.767041,0.770451
569,0.768545,0.766976,0.770389
570,0.768484,0.766911,0.770328
571,0.768402,0.766825,0.770244
572,0.768354,0.766775,0.770194
573,0.768297,0.766715,0.770136
574,0.768226,0.76664,0.770062
575,0.768143,0.766554,0.769975
576,0.768109,0.766517,0.769935
577,0.768069,0.766476,0.769893
578,0.768004,0.766407,0.769824
579,0.767967,0.766369,0.769784
580,0.76792,0.76632,0.769735
581,0.767888,0.766285,0.769701
582,0.767841,0.766236,0.769655
583,0.767781,0.766173,0.769595
584,0.767748,0.766138,0.769562
585,0.767681,0.766069,0.769496
586,0.767661,0.766047,0.769478
587,0.767623,0.766007,0.769443
588,0.767549,0.76593,0.769372
589,0.767464,0.76584,0.769288
590,0.76738,0.765752,0.769203
591,0.767319,0.765688,0.76914
592,0.7673,0.765669,0.769121
593,0.767226,0.765591,0.769046
594,0.767171,0.765533,0.76899
595,0.767116,0.765476,0.768933
596,0.767032,0.765387,0.768846
597,0.766965,0.765316,0.768774
598,0.766933,0.765283,0.768739
599,0.766883,0.76523,0.768685
600,0.766845,0.76519,0.768646
601,0.766824,0.765168,0.768624
602,0.766799,0.765142,0.768601
603,0.76671,0.765049,0.768514
604,0.766675,0.765012,0.76848
605,0.766585,0.764917,0.76839
606,0.766561,0.764893,0.768367
607,0.76653,0.764859,0.768338
608,0.766456,0.764782,0.768266
609,0.766422,0.764746,0.768234
610,0.766392,0.764715,0.768209
611,0.766301,0.764619,0.768122
612,0.76622,0.764535,0.768042
613,0.766176,0.764488,0.767998
614,0.766134,0.764444,0.767958
615,0.766073,0.764379,0.767898
616,0.766019,0.764323,0.767847
617,0.765975,0.764277,0.767805
618,0.765908,0.764207,0.76774
619,0.76585,0.764145,0.767683
620,0.765803,0.764097,0.767639
621,0.765738,0.764028,0.767575
622,0.765662,0.763948,0.767499
623,0.765574,0.763856,0.767409
624,0.765547,0.763828,0.767381
625,0.765513,0.763792,0.767348
626,0.765464,0.76374,0.7673
627,0.76542,0.763695,0.767259
628,0.765387,0.76366,0.767229
629,0.765342,0.763612,0.767189
630,0.765258,0.763525,0.767109
631,0.765179,0.763441,0.767031
632,0.765131,0.763391,0.766985
633,0.765042,0.763297,0.766896
634,0.76501,0.763264,0.766865
635,0.764975,0.763227,0.766832
636,0.764883,0.763131,0.766741
637,0.764802,0.763046,0.76666
638,0.764732,0.762972,0.766587
639,0.764685,0.762923,0.766537
640,0.764625,0.762859,0.766474
641,0.764548,0.762779,0.766395
642,0.764517,0.762746,0.76636
643,0.764445,0.76267,0.766285
644,0.76438,0.762602,0.766216
645,0.764298,0.762516,0.766129
646,0.764266,0.762483,0.766092
647,0.764212,0.762425,0.766032
648,0.764184,0.762397,0.766001
649,0.76412,0.76233,0.765935
650,0.764051,0.762257,0.765861
651,0.763963,0.762164,0.765766
652,0.763939,0.762139,0.765737
653,0.763884,0.762082,0.765677
654,0.763835,0.762031,0.765624
655,0.763791,0.761984,0.765576
656,0.763713,0.761902,0.765492
657,0.763668,0.761854,0.765441
658,0.763581,0.761763,0.765347
659,0.763555,0.761736,0.765315
660,0.763502,0.761681,0.765256
661,0.763475,0.761652,0.765224
662,0.763443,0.761618,0.765189
663,0.763423,0.761598,0.765168
664,0.763396,0.761569,0.765142
665,0.763306,0.761475,0.765053
666,0.763249,0.761414,0.764994
667,0.763186,0.761349,0.764929
668,0.76315,0.76131,0.764891
669,0.763122,0.761281,0.764864
670,0.763056,0.761212,0.764798
671,0.762973,0.761125,0.764714
672,0.762945,0.761096,0.764685
673,0.762861,0.761007,0.764598
674,0.762791,0.760934,0.764524
675,0.762772,0.760914,0.764503
676,0.762736,0.760876,0.764465
677,0.762698,0.760836,0.764427
678,0.762666,0.760802,0.764396
679,0.762645,0.760781,0.764379
680,0.762598,0.760731,0.764337
681,0.762538,0.760669,0.764282
682,0.762452,0.760577,0.764198
683,0.762383,0.760506,0.76413
684,0.762305,0.760423,0.764051
685,0.762281,0.760398,0.764027
686,0.762207,0.76032,0.763953
687,0.76213,0.76024,0.763874
688,0.762095,0.760203,0.763837
689,0.762031,0.760136,0.763771
690,0.761996,0.760099,0.763735
691,0.761907,0.760005,0.763643
692,0.761884,0.759981,0.763618
693,0.761851,0.759946,0.763584
694,0.761796,0.759889,0.763529
695,0.761751,0.759842,0.763485
696,0.76168,0.759767,0.763413
697,0.76161,0.759694,0.763342
698,0.761538,0.759618,0.763266
699,0.761488,0.759565,0.763213
700,0.761423,0.759497,0.763143
701,0.761355,0.759426,0.76307
702,0.761315,0.759384,0.763025
703,0.761296,0.759364,0.763002
704,0.76127,0.759337,0.762975
705,0.76122,0.759284,0.762924
706,0.761196,0.759259,0.762901
707,0.761169,0.75923,0.762877
708,0.761094,0.759152,0.762805
709,0.76104,0.759095,0.762752
710,0.760948,0.758999,0.76266
711,0.760903,0.758951,0.762614
712,0.76088,0.758928,0.762592
713,0.760799,0.758843,0.762511
714,0.760757,0.758798,0.762468
715,0.76071,0.758749,0.762422
716,0.760691,0.758729,0.762405
717,0.760624,0.758659,0.762341
718,0.760605,0.758638,0.762325
719,0.760532,0.758562,0.762256
720,0.760495,0.758523,0.762222
721,0.760447,0.758472,0.762179
722,0.760418,0.758442,0.762156
723,0.760343,0.758363,0.762086
724,0.760269,0.758285,0.762016
725,0.760192,0.758205,0.761941
726,0.760114,0.758123,0.761864
727,0.760096,0.758104,0.761847
728,0.760058,0.758064,0.761813
729,0.759966,0.757968,0.761723
730,0.759879,0.757876,0.761635
731,0.759788,0.757781,0.76154
732,0.759716,0.757705,0.761463
733,0.759634,0.757619,0.761373
734,0.759601,0.757584,0.761332
735,0.759582,0.757564,0.761308
736,0.75956,0.757541,0.761283
737,0.759485,0.757462,0.761205
738,0.75945,0.757426,0.761168
739,0.759395,0.757368,0.76111
740,0.75935,0.75732,0.761063
741,0.759291,0.757259,0.761002
742,0.7592,0.757163,0.760907
743,0.759168,0.75713,0.76087
744,0.759132,0.757091,0.76083
745,0.759079,0.757036,0.760774
746,0.759059,0.757015,0.760754
747,0.758986,0.756938,0.760679
748,0.758962,0.756913,0.760654
749,0.758921,0.756871,0.760614
750,0.758895,0.756843,0.76059
751,0.75887,0.756817,0.760569
752,0.758844,0.756789,0.760549
753,0.758818,0.756763,0.760533
754,0.758752,0.756693,0.760475
755,0.758671,0.756608,0.760401
756,0.758599,0.756532,0.760335
757,0.758548,0.756478,0.760288
758,0.758482,0.756409,0.760227
759,0.758401,0.756325,0.76015
760,0.758316,0.756235,0.760065
761,0.758281,0.756198,0.760031
762,0.758241,0.756156,0.759992
763,0.758156,0.756067,0.759909
764,0.758081,0.755989,0.759833
765,0.75803,0.755934,0.75978
766,0.757962,0.755864,0.759711
767,0.75792,0.75582,0.759667
768,0.757836,0.755731,0.75958
769,0.75781,0.755703,0.759551
770,0.757718,0.755607,0.759455
771,0.757647,0.755533,0.759379
772,0.757604,0.755487,0.75933
773,0.757573,0.755455,0.759295
774,0.757532,0.755412,0.759251
775,0.757474,0.755351,0.75919
776,0.757437,0.755312,0.75915
777,0.757406,0.755279,0.759119
778,0.75735,0.75522,0.759062
779,0.757299,0.755168,0.759011
780,0.757222,0.755086,0.758932
781,0.75717,0.755032,0.758878
782,0.757103,0.754962,0.758809
783,0.757017,0.754871,0.758717
784,0.756966,0.754817,0.75866
785,0.756941,0.754791,0.758631
786,0.756889,0.754737,0.758575
787,0.756869,0.754716,0.758553
788,0.756842,0.754687,0.758526
789,0.756805,0.754649,0.75849
790,0.756759,0.7546,0.758446
791,0.756706,0.754545,0.758395
792,0.756646,0.754482,0.758337
793,0.75661,0.754444,0.758304
794,0.756581,0.754413,0.758278
795,0.756551,0.754382,0.758255
796,0.756499,0.754328,0.75821
797,0.756423,0.754247,0.758139
798,0.756344,0.754164,0.758064
799,0.75629,0.754108,0.758013
800,0.756255,0.754071,0.757982
801,0.756229,0.754044,0.757962
802,0.756152,0.753962,0.75789
803,0.756112,0.753921,0.757856
804,0.756044,0.753849,0.757794
805,0.755965,0.753767,0.757719
806,0.755922,0.753721,0.75768
807,0.755857,0.753653,0.757619
808,0.75582,0.753614,0.757586
809,0.755736,0.753527,0.757506
810,0.755688,0.753476,0.757461
811,0.75562,0.753405,0.757397
812,0.755584,0.753367,0.757364
813,0.755556,0.753337,0.757342
814,0.755514,0.753293,0.757306
815,0.75548,0.753257,0.757281
816,0.75542,0.753195,0.757231
817,0.755335,0.753105,0.757153
818,0.755297,0.753065,0.757123
819,0.755271,0.753038,0.757108
820,0.755218,0.752983,0.757067
821,0.755127,0.752886,0.756985
822,0.75505,0.752805,0.756917
823,0.754976,0.752729,0.756851
824,0.754886,0.752634,0.756766
825,0.75482,0.752564,0.756704
826,0.754794,0.752537,0.756684
827,0.754741,0.752482,0.756639
828,0.754651,0.752387,0.756555
829,0.754565,0.752297,0.756473
830,0.754513,0.752242,0.756424
831,0.75447,0.752196,0.756386
832,0.754382,0.752105,0.756302
833,0.7543,0.752018,0.756222
834,0.754211,0.751925,0.756133
835,0.75414,0.751851,0.756062
836,0.754085,0.751792,0.756005
837,0.754059,0.751765,0.75598
838,0.753967,0.751668,0.755889
839,0.753878,0.751575,0.755797
840,0.753825,0.751519,0.755742
841,0.753797,0.75149,0.755714
842,0.753764,0.751455,0.755682
843,0.753693,0.751381,0.755613
844,0.753606,0.751289,0.755527
845,0.753547,0.751228,0.755468
846,0.753493,0.751171,0.755414
847,0.753448,0.751124,0.75537
848,0.7534,0.751073,0.755325
849,0.753326,0.750996,0.755253
850,0.753248,0.750914,0.755176
851,0.753157,0.750818,0.755083
852,0.753067,0.750723,0.75499
853,0.753023,0.750678,0.754943
854,0.752933,0.750582,0.754848
855,0.752905,0.750554,0.754816
856,0.752818,0.750462,0.754725
857,0.752782,0.750424,0.754685
858,0.752715,0.750354,0.754614
859,0.752639,0.750274,0.754534
860,0.752619,0.750253,0.754511
861,0.752587,0.75022,0.754479
862,0.752516,0.750145,0.754407
863,0.752424,0.750048,0.754313
864,0.752395,0.750018,0.754282
865,0.752333,0.749953,0.754219
866,0.752282,0.749899,0.754168
867,0.752221,0.749835,0.754106
868,0.752197,0.74981,0.754084
869,0.752133,0.749743,0.754022
870,0.752087,0.749694,0.753979
871,0.752019,0.749623,0.753913
872,0.75194,0.74954,0.753836
873,0.751896,0.749494,0.753794
874,0.751839,0.749435,0.75374
875,0.751752,0.749343,0.753654
876,0.751686,0.749274,0.753588
877,0.751604,0.749187,0.753505
878,0.751576,0.749158,0.753477
879,0.751484,0.749062,0.753384
880,0.751449,0.749025,0.753349
881,0.751373,0.748944,0.753272
882,0.751306,0.748875,0.753204
883,0.751244,0.748809,0.75314
884,0.751199,0.748762,0.753094
885,0.751129,0.748688,0.753023
886,0.751077,0.748634,0.75297
887,0.751026,0.748581,0.752919
888,0.75097,0.748522,0.752863
889,0.750912,0.74846,0.752805
890,0.750871,0.748417,0.752765
891,0.750835,0.74838,0.752732
892,0.750811,0.748355,0.752714
893,0.75072,0.74826,0.752629
894,0.750662,0.748198,0.752575
895,0.750615,0.748149,0.752534
896,0.750545,0.748076,0.752469
897,0.75048,0.748007,0.752408
898,0.750388,0.74791,0.75232
899,0.750299,0.747817,0.752232
900,0.750207,0.74772,0.752139
901,0.750145,0.747655,0.752075
902,0.75009,0.747598,0.752018
903,0.750039,0.747544,0.751965
904,0.749953,0.747454,0.751878
905,0.749889,0.747387,0.751811
906,0.74981,0.747304,0.751727
907,0.749765,0.747256,0.751678
908,0.749678,0.747165,0.751587
909,0.749591,0.747073,0.751492
910,0.74955,0.74703,0.751445
911,0.749492,0.74697,0.75138
912,0.749467,0.746943,0.751351
913,0.749392,0.746865,0.751272
914,0.749318,0.746787,0.751192
915,0.749251,0.746717,0.751119
916,0.749207,0.74667,0.751069
917,0.749124,0.746583,0.750979
918,0.749047,0.746502,0.750893
919,0.748984,0.746436,0.750821
920,0.74894,0.74639,0.750768
921,0.748865,0.746311,0.750684
922,0.748809,0.746253,0.750618
923,0.748781,0.746223,0.750581
924,0.748757,0.746198,0.750551
925,0.748698,0.746136,0.750487
926,0.748655,0.746091,0.750439
927,0.7486,0.746033,0.750379
928,0.748534,0.745964,0.750309
929,0.748477,0.745904,0.750246
930,0.748439,0.745864,0.750204
931,0.74841,0.745834,0.750172
932,0.748371,0.745793,0.750132
933,0.748327,0.745747,0.750088
934,0.748236,0.745651,0.749996
935,0.748154,0.745565,0.74991
936,0.748129,0.745538,0.749881
937,0.748055,0.745461,0.749805
938,0.747978,0.74538,0.749722
939,0.747931,0.745331,0.74967
940,0.747873,0.74527,0.749606
941,0.74785,0.745245,0.749579
942,0.747783,0.745175,0.749508
943,0.74774,0.745131,0.749463
944,0.747699,0.745087,0.749419
945,0.747664,0.74505,0.749382
946,0.74761,0.744994,0.749328
947,0.747572,0.744954,0.749291
948,0.747524,0.744903,0.749243
949,0.747449,0.744825,0.749169
950,0.747389,0.744762,0.749108
951,0.747331,0.744701,0.749049
952,0.747253,0.744619,0.748969
953,0.747202,0.744566,0.748915
954,0.747113,0.744472,0.748821
955,0.747027,0.744382,0.748727
956,0.74696,0.744311,0.748651
957,0.74694,0.744291,0.748624
958,0.746903,0.744252,0.748581
959,0.746882,0.74423,0.748555
960,0.746801,0.744144,0.748469
961,0.746781,0.744123,0.748445
962,0.746704,0.744042,0.748364
963,0.74668,0.744017,0.748336
964,0.746652,0.743988,0.748307
965,0.746591,0.743924,0.748245
966,0.746538,0.743868,0.74819
967,0.746494,0.743822,0.748145
968,0.746436,0.743761,0.748085
969,0.746395,0.743718,0.748044
970,0.746367,0.743689,0.748017
971,0.746301,0.743619,0.747951
972,0.746234,0.743548,0.747884
973,0.746169,0.74348,0.747817
974,0.746126,0.743436,0.747773
975,0.74607,0.743377,0.747716
976,0.746048,0.743354,0.747694
977,0.746029,0.743334,0.747677
978,0.746004,0.743308,0.747658
979,0.745963,0.743264,0.747623
980,0.745891,0.743189,0.747557
981,0.745812,0.743106,0.747483
982,0.745772,0.743064,0.747447
983,0.745681,0.742968,0.747358
984,0.745616,0.7429,0.747295
985,0.745566,0.742847,0.747245
986,0.745498,0.742776,0.747178
987,0.745452,0.742727,0.747132
988,0.745404,0.742677,0.747085
989,0.745313,0.742582,0.746993
990,0.74526,0.742527,0.746938
991,0.745219,0.742483,0.746896
992,0.745186,0.742449,0.746863
993,0.74514,0.7424,0.746818
994,0.745115,0.742373,0.746796
995,0.745055,0.742311,0.74674
996,0.744975,0.742227,0.746662
997,0.744941,0.742191,0.74663
998,0.744883,0.74213,0.746575
999,0.744825,0.74207,0.74652
1000,0.744766,0.742008,0.746463
1001,0.744676,0.741913,0.746373
1002,0.744647,0.741882,0.746344
1003,0.744605,0.741839,0.746305
1004,0.744541,0.741771,0.746243
1005,0.744481,0.741708,0.746184
1006,0.744421,0.741645,0.746126
1007,0.744329,0.741549,0.746033
1008,0.744311,0.74153,0.746014
1009,0.744291,0.741509,0.745998
1010,0.744244,0.74146,0.745955
1011,0.744195,0.741408,0.74591
1012,0.744119,0.741328,0.745839
1013,0.744048,0.741254,0.745771
1014,0.743964,0.741166,0.745688
1015,0.743917,0.741116,0.745641
1016,0.743836,0.741031,0.745559
1017,0.743753,0.740944,0.745474
1018,0.743696,0.740884,0.745413
1019,0.743608,0.740792,0.74532
1020,0.743541,0.740721,0.745245
1021,0.743491,0.740669,0.745189
1022,0.743449,0.740625,0.74514
1023,0.743386,0.740559,0.745071
1024,0.743357,0.740528,0.745036
1025,0.743292,0.74046,0.744966
1026,0.743243,0.740408,0.744911
1027,0.743209,0.740373,0.744873
1028,0.74319,0.740353,0.744852
1029,0.743157,0.740318,0.744819
1030,0.743103,0.740261,0.744765
1031,0.743036,0.740191,0.744698
1032,0.742989,0.740141,0.744651
1033,0.742963,0.740115,0.744627
1034,0.7429,0.740049,0.744566
1035,0.742827,0.739972,0.744494
1036,0.742796,0.739939,0.744464
1037,0.742759,0.739901,0.74443
1038,0.742688,0.739825,0.744361
1039,0.742662,0.739799,0.744339
1040,0.74258,0.739712,0.74426
1041,0.742536,0.739666,0.744219
1042,0.742444,0.73957,0.744128
1043,0.742421,0.739545,0.744107
1044,0.742377,0.739499,0.744066
1045,0.74229,0.739408,0.743981
1046,0.742216,0.73933,0.743907
1047,0.742165,0.739277,0.743856
1048,0.742102,0.73921,0.743792
1049,0.742079,0.739186,0.743769
1050,0.742003,0.739106,0.743694
1051,0.741934,0.739034,0.743624
1052,0.741895,0.738993,0.743585
1053,0.741827,0.738921,0.743516
1054,0.741791,0.738883,0.74348
1055,0.741738,0.738828,0.743428
1056,0.741664,0.738751,0.743355
1057,0.741644,0.73873,0.743336
1058,0.74158,0.738663,0.743274
1059,0.741517,0.738596,0.743212
1060,0.741455,0.738531,0.74315
1061,0.741432,0.738507,0.74313
1062,0.741345,0.738416,0.743044
1063,0.741254,0.73832,0.742952
1064,0.741233,0.738298,0.74293
1065,0.741212,0.738276,0.742911
1066,0.741149,0.73821,0.742851
1067,0.7411,0.738158,0.742805
1068,0.741047,0.738103,0.742756
1069,0.74096,0.738011,0.742671
1070,0.740891,0.737939,0.742602
1071,0.740845,0.737891,0.742557
1072,0.740756,0.737797,0.742467
1073,0.740677,0.737714,0.742384
1074,0.740643,0.737678,0.742348
1075,0.740579,0.737611,0.742281
1076,0.740528,0.737557,0.742227
1077,0.74047,0.737496,0.742166
1078,0.740448,0.737474,0.742144
1079,0.740416,0.73744,0.742113
1080,0.740367,0.737389,0.742067
1081,0.740284,0.737302,0.741985
1082,0.740259,0.737275,0.741962
1083,0.740184,0.737196,0.741888
1084,0.740135,0.737145,0.741842
1085,0.740068,0.737075,0.741776
1086,0.740027,0.737032,0.741736
1087,0.739938,0.736938,0.741648
1088,0.739871,0.736867,0.74158
1089,0.739823,0.736817,0.741531
1090,0.739735,0.736725,0.741441
1091,0.739647,0.736633,0.741348
1092,0.739606,0.73659,0.741302
1093,0.739581,0.736563,0.741273
1094,0.739493,0.736471,0.741182
1095,0.739439,0.736414,0.741122
1096,0.739411,0.736385,0.74109
1097,0.739385,0.736358,0.741063
1098,0.739339,0.736309,0.741017
1099,0.739311,0.73628,0.74099
1100,0.739267,0.736234,0.74095
1101,0.739224,0.736189,0.740911
1102,0.739134,0.736094,0.740824
1103,0.739062,0.736018,0.740752
1104,0.738996,0.735949,0.740686
1105,0.738912,0.735861,0.740601
1106,0.738846,0.735792,0.740531
1107,0.738826,0.73577,0.740508
1108,0.738757,0.735698,0.740438
1109,0.738695,0.735633,0.740374
1110,0.73864,0.735575,0.740316
1111,0.738559,0.73549,0.740231
1112,0.738507,0.735435,0.740174
1113,0.738479,0.735406,0.740142
1114,0.738431,0.735355,0.740092
1115,0.738405,0.735328,0.740065
1116,0.73832,0.73524,0.73998
1117,0.738229,0.735143,0.739884
1118,0.738201,0.735114,0.739852
1119,0.738139,0.735049,0.739786
1120,0.738098,0.735006,0.739742
1121,0.738055,0.734961,0.739697
1122,0.738023,0.734928,0.739664
1123,0.737956,0.734857,0.739596
1124,0.737878,0.734775,0.739515
1125,0.737805,0.734698,0.739438
1126,0.737764,0.734655,0.739393
1127,0.737691,0.734579,0.739315
1128,0.737653,0.734539,0.739272
1129,0.7376,0.734484,0.739215
1130,0.737546,0.734427,0.739156
1131,0.737514,0.734393,0.739121
1132,0.737456,0.734333,0.73906
1133,0.737435,0.73431,0.739037
1134,0.737359,0.73423,0.738958
1135,0.737331,0.734201,0.738929
1136,0.737279,0.734146,0.738875
1137,0.737207,0.734071,0.738802
1138,0.73717,0.734032,0.738763
1139,0.737132,0.733991,0.738724
1140,0.73707,0.733927,0.738662
1141,0.736993,0.733846,0.738583
1142,0.736961,0.733812,0.738549
1143,0.736893,0.733741,0.738479
1144,0.736858,0.733704,0.738442
1145,0.736812,0.733656,0.738395
1146,0.736742,0.733582,0.738323
1147,0.73671,0.733549,0.73829
1148,0.73664,0.733476,0.738219
1149,0.73658,0.733413,0.738156
1150,0.736521,0.73335,0.738093
1151,0.736481,0.733308,0.73805
1152,0.736412,0.733236,0.737978
1153,0.736391,0.733214,0.737954
1154,0.736363,0.733184,0.737926
1155,0.736311,0.73313,0.737874
1156,0.736242,0.733057,0.737804
1157,0.736183,0.732996,0.737744
1158,0.736152,0.732963,0.737712
1159,0.736126,0.732936,0.737687
1160,0.736056,0.732862,0.737618
1161,0.735998,0.732801,0.73756
1162,0.735945,0.732745,0.737506
1163,0.735911,0.73271,0.737473
1164,0.735819,0.732613,0.73738
1165,0.735799,0.732592,0.73736
1166,0.735736,0.732526,0.737296
1167,0.735702,0.73249,0.737262
1168,0.735655,0.732441,0.737217
1169,0.735619,0.732404,0.737183
1170,0.735584,0.732366,0.737151
1171,0.735552,0.732333,0.737124
1172,0.735469,0.732246,0.737045
1173,0.735443,0.732219,0.737024
1174,0.735384,0.732157,0.73697
1175,0.735341,0.732111,0.736932
1176,0.735279,0.732047,0.736876
1177,0.735209,0.731973,0.73681
1178,0.735134,0.731894,0.736738
1179,0.735099,0.731857,0.736706
1180,0.735058,0.731814,0.736669
1181,0.734969,0.731721,0.736583
1182,0.734928,0.731677,0.736544
1183,0.734858,0.731604,0.736477
1184,0.734804,0.731548,0.736424
1185,0.73473,0.73147,0.736351
1186,0.734678,0.731415,0.736299
1187,0.734628,0.731362,0.736249
1188,0.734564,0.731295,0.736185
1189,0.734515,0.731244,0.736136
1190,0.734494,0.731222,0.736117
1191,0.734455,0.731181,0.736081
1192,0.734433,0.731158,0.736065
1193,0.73436,0.731081,0.735998
1194,0.734328,0.731047,0.735973
1195,0.734257,0.730973,0.735908
1196,0.734204,0.730918,0.735863
1197,0.734124,0.730833,0.735788
1198,0.734034,0.730739,0.735701
1199,0.734,0.730703,0.735669
1200,0.733933,0.730632,0.735605
1201,0.733887,0.730585,0.735563
1202,0.733817,0.730512,0.735497
1203,0.733754,0.730445,0.735436
1204,0.733667,0.730354,0.735349
1205,0.73359,0.730273,0.735271
1206,0.733501,0.730179,0.735177
1207,0.733474,0.730151,0.735147
1208,0.73343,0.730104,0.735101
1209,0.733409,0.730083,0.735081
1210,0.733371,0.730043,0.735045
1211,0.733282,0.729949,0.734957
1212,0.733196,0.729859,0.73487
1213,0.733132,0.729791,0.734803
1214,0.73311,0.729769,0.73478
1215,0.733054,0.72971,0.734725
1216,0.732979,0.729631,0.734648
1217,0.732908,0.729557,0.734575
1218,0.732852,0.729498,0.734516
1219,0.732813,0.729457,0.734475
1220,0.732781,0.729423,0.734443
1221,0.73274,0.729381,0.734403
1222,0.732712,0.729351,0.734379
1223,0.732628,0.729263,0.734297
1224,0.732584,0.729216,0.734255
1225,0.732558,0.729189,0.734234
1226,0.732485,0.729112,0.734166
1227,0.732459,0.729085,0.734145
1228,0.732432,0.729057,0.734127
1229,0.732373,0.728995,0.734077
1230,0.732292,0.72891,0.734005
1231,0.732208,0.728822,0.733927
1232,0.732137,0.728747,0.733861
1233,0.73206,0.728666,0.733787
1234,0.731993,0.728596,0.733723
1235,0.731971,0.728573,0.733705
1236,0.731887,0.728485,0.733626
1237,0.731816,0.728411,0.733558
1238,0.731779,0.728371,0.733523
1239,0.731693,0.728281,0.73344
1240,0.731606,0.72819,0.733354
1241,0.731544,0.728124,0.733291
1242,0.731457,0.728033,0.733203
1243,0.731393,0.727966,0.733136
1244,0.73132,0.727889,0.733059
1245,0.731235,0.7278,0.732968
1246,0.731193,0.727756,0.73292
1247,0.731174,0.727735,0.732897
1248,0.73111,0.727669,0.732831
1249,0.731047,0.727603,0.732765
1250,0.731028,0.727583,0.732745
1251,0.730972,0.727523,0.732689
1252,0.730884,0.727432,0.732601
1253,0.730842,0.727387,0.732557
1254,0.730785,0.727328,0.732499
1255,0.730695,0.727233,0.732407
1256,0.73062,0.727154,0.732327
1257,0.73054,0.72707,0.732241
1258,0.730487,0.727015,0.732182
1259,0.730428,0.726952,0.732115
1260,0.73035,0.726871,0.73203
1261,0.730316,0.726835,0.731988
1262,0.730267,0.726783,0.731932
1263,0.730238,0.726753,0.731898
1264,0.730211,0.726725,0.731868
1265,0.730171,0.726682,0.731827
1266,0.730136,0.726646,0.731792
1267,0.730062,0.726568,0.731719
1268,0.730035,0.72654,0.731694
1269,0.729979,0.726481,0.731639
1270,0.729894,0.726392,0.731555
1271,0.729841,0.726336,0.731501
1272,0.729781,0.726273,0.731442
1273,0.729691,0.726179,0.73135
1274,0.729611,0.726094,0.731265
1275,0.729565,0.726047,0.731214
1276,0.729535,0.726015,0.731181
1277,0.729492,0.725969,0.731135
1278,0.729451,0.725927,0.731094
1279,0.729417,0.725891,0.731061
1280,0.729361,0.725832,0.731006
1281,0.729285,0.725752,0.730931
1282,0.72921,0.725674,0.730855
1283,0.729161,0.725623,0.730804
1284,0.72908,0.725537,0.73072
1285,0.729045,0.725501,0.730683
1286,0.729008,0.725461,0.730644
1287,0.728959,0.725411,0.730596
1288,0.728897,0.725345,0.730534
1289,0.728841,0.725286,0.730477
1290,0.728755,0.725196,0.730389
1291,0.728678,0.725116,0.730309
1292,0.728587,0.72502,0.730211
1293,0.728568,0.725,0.730185
1294,0.728479,0.724906,0.730089
1295,0.728453,0.724879,0.730056
1296,0.728414,0.724837,0.730011
1297,0.72837,0.724792,0.729964
1298,0.728315,0.724734,0.729905
1299,0.728276,0.724693,0.729862
1300,0.728231,0.724646,0.729814
1301,0.728149,0.724559,0.729728
1302,0.728118,0.724527,0.729695
1303,0.728077,0.724484,0.729651
1304,0.727989,0.724391,0.729559
1305,0.727925,0.724325,0.72949
1306,0.727894,0.724292,0.729454
1307,0.727819,0.724213,0.729373
1308,0.727781,0.724173,0.72933
1309,0.727736,0.724126,0.729281
1310,0.727666,0.724053,0.729206
1311,0.727589,0.723972,0.729121
1312,0.727534,0.723914,0.729058
1313,0.727461,0.723837,0.728974
1314,0.72742,0.723795,0.728923
1315,0.727381,0.723753,0.728875
1316,0.727351,0.723722,0.728836
1317,0.727326,0.723695,0.728805
1318,0.727291,0.723659,0.728765
1319,0.727259,0.723625,0.72873
1320,0.727239,0.723604,0.728708
1321,0.727169,0.723531,0.728637
1322,0.727145,0.723505,0.728611
1323,0.72711,0.723469,0.728577
1324,0.727049,0.723405,0.728517
1325,0.727011,0.723365,0.72848
1326,0.726976,0.723328,0.728446
1327,0.7269,0.723248,0.728371
1328,0.726875,0.723222,0.728347
1329,0.726846,0.723191,0.728321
1330,0.726815,0.723159,0.728296
1331,0.72679,0.723132,0.728277
1332,0.726715,0.723054,0.72821
1333,0.726657,0.722993,0.728156
1334,0.726633,0.722968,0.728139
1335,0.726582,0.722914,0.728096
1336,0.726528,0.722858,0.728049
1337,0.72648,0.722808,0.72801
1338,0.726402,0.722725,0.727938
1339,0.726323,0.722642,0.727863
1340,0.7263,0.722618,0.727845
1341,0.726211,0.722524,0.727761
1342,0.726166,0.722477,0.727719
1343,0.726139,0.722449,0.727698
1344,0.726057,0.722363,0.727621
1345,0.726009,0.722313,0.727577
1346,0.725966,0.722268,0.727539
1347,0.72588,0.722177,0.727456
1348,0.725795,0.722088,0.727373
1349,0.725734,0.722024,0.727311
1350,0.725703,0.721991,0.727281
1351,0.725653,0.721939,0.727232
1352,0.725582,0.721864,0.727162
1353,0.725511,0.72179,0.727091
1354,0.72544,0.721716,0.727018
1355,0.725386,0.721659,0.726962
1356,0.725306,0.721574,0.726877
1357,0.725287,0.721555,0.726856
1358,0.725252,0.721518,0.72682
1359,0.725165,0.721427,0.726731
1360,0.725134,0.721394,0.726698
1361,0.725083,0.72134,0.726646
1362,0.725048,0.721303,0.726611
1363,0.724998,0.721251,0.726562
1364,0.72493,0.72118,0.726494
1365,0.724864,0.72111,0.726428
1366,0.724822,0.721066,0.726385
1367,0.724791,0.721033,0.726355
1368,0.72471,0.720949,0.726274
1369,0.724648,0.720883,0.726211
1370,0.724622,0.720856,0.726185
1371,0.724539,0.720769,0.726102
1372,0.724457,0.720683,0.726017
1373,0.724408,0.720632,0.725965
1374,0.724322,0.720542,0.725874
1375,0.724298,0.720516,0.725845
1376,0.72421,0.720423,0.725751
1377,0.724188,0.720401,0.725724
1378,0.724129,0.720339,0.72566
1379,0.724106,0.720314,0.725633
1380,0.724074,0.72028,0.725599
1381,0.724,0.720203,0.725524
1382,0.723947,0.720147,0.725468
1383,0.723885,0.720083,0.725403
1384,0.723795,0.719988,0.725307
1385,0.72377,0.719962,0.725277
1386,0.723732,0.719922,0.725235
1387,0.723688,0.719876,0.725187
1388,0.723653,0.719839,0.72515
1389,0.723583,0.719766,0.725078
1390,0.723532,0.719712,0.725024
1391,0.723446,0.719621,0.724932
1392,0.723421,0.719596,0.724902
1393,0.723401,0.719574,0.724879
1394,0.723332,0.719501,0.724807
1395,0.723288,0.719455,0.72476
1396,0.723253,0.719419,0.724724
1397,0.723225,0.71939,0.724696
1398,0.72319,0.719353,0.724662
1399,0.723166,0.719328,0.724641
1400,0.723111,0.71927,0.72459
1401,0.723081,0.719238,0.724565
1402,0.723051,0.719207,0.724542
1403,0.722975,0.719127,0.724472
1404,0.722931,0.719081,0.724434
1405,0.722873,0.719019,0.724382
1406,0.722845,0.71899,0.724361
1407,0.722754,0.718895,0.724276
1408,0.7227,0.718838,0.724226
1409,0.722626,0.71876,0.724156
1410,0.722555,0.718686,0.724086
1411,0.722471,0.718597,0.724002
1412,0.72245,0.718576,0.723982
1413,0.722404,0.718527,0.723937
1414,0.722361,0.718482,0.723896
1415,0.722334,0.718454,0.723874
1416,0.722263,0.718379,0.723807
1417,0.722175,0.718287,0.723721
1418,0.722115,0.718224,0.723661
1419,0.722074,0.71818,0.723621
1420,0.72202,0.718125,0.723569
1421,0.721987,0.71809,0.723538
1422,0.721904,0.718003,0.723457
1423,0.721848,0.717944,0.723401
1424,0.721796,0.717889,0.72335
1425,0.721771,0.717863,0.723327
1426,0.721683,0.717771,0.72324
1427,0.721652,0.717738,0.723211
1428,0.721575,0.717657,0.723135
1429,0.721491,0.717569,0.72305
1430,0.721437,0.717512,0.722994
1431,0.721369,0.71744,0.722922
1432,0.72133,0.717399,0.72288
1433,0.721296,0.717364,0.722846
1434,0.721222,0.717286,0.72277
1435,0.721194,0.717257,0.722741
1436,0.721122,0.717181,0.722668
1437,0.721091,0.717149,0.722636
1438,0.721033,0.717088,0.722579
1439,0.721005,0.717059,0.722552
1440,0.720937,0.716987,0.722485
1441,0.720862,0.716909,0.722411
1442,0.720833,0.716878,0.722382
1443,0.720758,0.716799,0.722308
1444,0.720719,0.716758,0.722269
1445,0.720698,0.716737,0.722251
1446,0.720649,0.716684,0.722205
1447,0.720577,0.716609,0.722138
1448,0.72053,0.71656,0.722093
1449,0.720461,0.716488,0.722028
1450,0.720403,0.716426,0.721971
1451,0.720381,0.716403,0.721953
1452,0.720312,0.716331,0.721888
1453,0.72023,0.716245,0.721809
1454,0.720196,0.716209,0.721777
1455,0.720175,0.716187,0.721761
1456,0.720136,0.716146,0.72173
1457,0.720053,0.716059,0.721653
1458,0.71997,0.715972,0.721575
1459,0.719916,0.715915,0.721525
1460,0.719867,0.715863,0.721479
1461,0.719801,0.715795,0.721418
1462,0.719747,0.715738,0.721367
1463,0.719682,0.715669,0.721305
1464,0.719652,0.715638,0.72128
1465,0.719577,0.715559,0.72121
1466,0.719494,0.715472,0.721129
1467,0.719449,0.715424,0.721087
1468,0.719369,0.71534,0.721009
1469,0.719287,0.715254,0.720927
1470,0.719228,0.715193,0.720867
1471,0.719155,0.715116,0.720792
1472,0.719102,0.715061,0.720737
1473,0.719058,0.715014,0.720691
1474,0.719034,0.714989,0.720668
1475,0.718952,0.714902,0.720587
1476,0.718909,0.714858,0.720545
1477,0.718845,0.71479,0.720482
1478,0.718791,0.714734,0.720429
1479,0.718716,0.714656,0.720355
1480,0.718689,0.714627,0.720329
1481,0.718633,0.714568,0.720274
1482,0.718544,0.714475,0.720187
1483,0.718453,0.714379,0.720094
1484,0.718364,0.714286,0.72
1485,0.718316,0.714235,0.719946
1486,0.718288,0.714205,0.719914
1487,0.718251,0.714167,0.719876
1488,0.718186,0.714098,0.719809
1489,0.718119,0.714028,0.71974
1490,0.718082,0.71399,0.719702
1491,0.718001,0.713904,0.719618
1492,0.717979,0.713881,0.719596
1493,0.71791,0.713809,0.719526
1494,0.717847,0.713742,0.719461
1495,0.717818,0.713712,0.719432
1496,0.717735,0.713625,0.719349
1497,0.717667,0.713553,0.719279
1498,0.717623,0.713507,0.719233
1499,0.717555,0.713436,0.719163
1500,0.717504,0.713383,0.71911
1501,0.71746,0.713336,0.719064
1502,0.717386,0.713259,0.718989
1503,0.717326,0.713196,0.718927
1504,0.717302,0.71317,0.718901
1505,0.717276,0.713143,0.718877
1506,0.717248,0.713114,0.718853
1507,0.71717,0.713032,0.718779
1508,0.7171,0.712958,0.718712
1509,0.717034,0.712889,0.718647
1510,0.716966,0.712818,0.718581
1511,0.716891,0.712739,0.718505
1512,0.71684,0.712685,0.718453
1513,0.716785,0.712628,0.718398
1514,0.716749,0.712589,0.718362
1515,0.716695,0.712533,0.718309
1516,0.716635,0.71247,0.718251
1517,0.716596,0.712429,0.718215
1518,0.716546,0.712377,0.718168
1519,0.716507,0.712336,0.718133
1520,0.716423,0.712248,0.718053
1521,0.716335,0.712155,0.717967
1522,0.716249,0.712065,0.71788
1523,0.716217,0.712031,0.717847
1524,0.716178,0.71199,0.717808
1525,0.716121,0.71193,0.717753
1526,0.716047,0.711852,0.71768
1527,0.716008,0.711812,0.717643
1528,0.715929,0.711728,0.717565
1529,0.715867,0.711663,0.717503
1530,0.715789,0.711581,0.717423
1531,0.715728,0.711517,0.71736
1532,0.715665,0.711451,0.717294
1533,0.715622,0.711406,0.71725
1534,0.715588,0.71137,0.717215
1535,0.715509,0.711288,0.717136
1536,0.715429,0.711203,0.717053
1537,0.715369,0.711141,0.71699
1538,0.715302,0.711071,0.716919
1539,0.715282,0.71105,0.716896
1540,0.715192,0.710955,0.716803
1541,0.715121,0.71088,0.716727
1542,0.7151,0.710858,0.716702
1543,0.715048,0.710803,0.716648
1544,0.714959,0.71071,0.716555
1545,0.714926,0.710675,0.716518
1546,0.714898,0.710646,0.716488
1547,0.714879,0.710626,0.71647
1548,0.714788,0.71053,0.71638
1549,0.714766,0.710508,0.71636
1550,0.714682,0.710419,0.716277
1551,0.71463,0.710365,0.716226
1552,0.714564,0.710295,0.71616
1553,0.714544,0.710274,0.716142
1554,0.714459,0.710185,0.716058
1555,0.714437,0.710162,0.716039
1556,0.714392,0.710115,0.715998
1557,0.714303,0.710021,0.715912
1558,0.714253,0.709969,0.715864
1559,0.714182,0.709895,0.715795
1560,0.714111,0.709819,0.715724
1561,0.71405,0.709755,0.715663
1562,0.713985,0.709688,0.715598
1563,0.713914,0.709613,0.715525
1564,0.713856,0.709552,0.715464
1565,0.713772,0.709464,0.715377
1566,0.713747,0.709437,0.715348
1567,0.713668,0.709355,0.715267
1568,0.713603,0.709286,0.715197
1569,0.713581,0.709263,0.715172
1570,0.71352,0.709199,0.715109
1571,0.713435,0.70911,0.71502
1572,0.713402,0.709075,0.714983
1573,0.71332,0.708989,0.714897
1574,0.713273,0.708939,0.714845
1575,0.713245,0.70891,0.714814
1576,0.713186,0.708848,0.714753
1577,0.713104,0.708763,0.714668
1578,0.713017,0.708671,0.714574
1579,0.71293,0.708579,0.714477
1580,0.712903,0.708552,0.714441
1581,0.712859,0.708505,0.714389
1582,0.712795,0.708438,0.714317
1583,0.712767,0.708408,0.714281
1584,0.712726,0.708365,0.714234
1585,0.712703,0.708342,0.714208
1586,0.712651,0.708286,0.714153
1587,0.712626,0.70826,0.714127
1588,0.712554,0.708185,0.714054
1589,0.712492,0.70812,0.713989
1590,0.712459,0.708085,0.713954
1591,0.712381,0.708003,0.713873
1592,0.712313,0.707932,0.713801
1593,0.71228,0.707897,0.713765
1594,0.71225,0.707866,0.713732
1595,0.712223,0.707837,0.713706
1596,0.712151,0.707762,0.713634
1597,0.712116,0.707725,0.713598
1598,0.712082,0.707689,0.713566
1599,0.712028,0.707633,0.713515
1600,0.712005,0.707609,0.713496
1601,0.71192,0.70752,0.713415
1602,0.711863,0.70746,0.71336
1603,0.711774,0.707366,0.713271
1604,0.711756,0.707347,0.713253
1605,0.711667,0.707254,0.713164
1606,0.711615,0.707199,0.71311
1607,0.711571,0.707153,0.713066
1608,0.711529,0.707108,0.713023
1609,0.711451,0.707027,0.712945
1610,0.711404,0.706977,0.712896
1611,0.711367,0.706939,0.712859
1612,0.711331,0.706901,0.712823
1613,0.711289,0.706856,0.712783
1614,0.711207,0.70677,0.712702
1615,0.711165,0.706726,0.712661
1616,0.711114,0.706673,0.712612
1617,0.711052,0.706608,0.71255
1618,0.710968,0.70652,0.712465
1619,0.71092,0.706469,0.712415
1620,0.710866,0.706413,0.712359
1621,0.710846,0.706392,0.712339
1622,0.710816,0.70636,0.712311
1623,0.710729,0.706269,0.712226
1624,0.71067,0.706207,0.712167
1625,0.710611,0.706145,0.712107
1626,0.710528,0.706058,0.712022
1627,0.710438,0.705963,0.711926
1628,0.710377,0.705899,0.711858
1629,0.710333,0.705852,0.711806
1630,0.710305,0.705823,0.711773
1631,0.710244,0.70576,0.711707
1632,0.710209,0.705723,0.711667
1633,0.71019,0.705703,0.711646
1634,0.710149,0.70566,0.711604
1635,0.710125,0.705635,0.711581
1636,0.710103,0.705612,0.711562
1637,0.710058,0.705564,0.711522
1638,0.709981,0.705484,0.71145
1639,0.709949,0.70545,0.711422
1640,0.709894,0.705391,0.711372
1641,0.709829,0.705324,0.711312
1642,0.709771,0.705263,0.711258
1643,0.709724,0.705213,0.711214
1644,0.709691,0.705179,0.711187
1645,0.709665,0.705151,0.711168
1646,0.709603,0.705086,0.711115
1647,0.709526,0.705006,0.711045
1648,0.709488,0.704966,0.711014
1649,0.709405,0.704878,0.710937
1650,0.70934,0.70481,0.710877
1651,0.709272,0.704739,0.710813
1652,0.709211,0.704675,0.710756
1653,0.709156,0.704617,0.710704
1654,0.709089,0.704547,0.710639
1655,0.709019,0.704474,0.710571
1656,0.70897,0.704421,0.710523
1657,0.708894,0.704342,0.710447
1658,0.708816,0.70426,0.710369
1659,0.708744,0.704185,0.710294
1660,0.708705,0.704143,0.710251
1661,0.708614,0.704048,0.710157
1662,0.708557,0.703988,0.710095
1663,0.708487,0.703915,0.710018
1664,0.708425,0.703849,0.709948
1665,0.708406,0.703829,0.709923
1666,0.708339,0.703759,0.709852
1667,0.708275,0.703692,0.709782
1668,0.70823,0.703645,0.709731
1669,0.708162,0.703573,0.709656
1670,0.708142,0.703553,0.709631
1671,0.70811,0.703519,0.709596
1672,0.708076,0.703483,0.709561
1673,0.708056,0.703462,0.709542
1674,0.707971,0.703372,0.709457
1675,0.707951,0.703352,0.70944
1676,0.707916,0.703315,0.709408
1677,0.707885,0.703283,0.709383
1678,0.707806,0.703199,0.709309
1679,0.707722,0.703111,0.709228
1680,0.70764,0.703026,0.709147
1681,0.707551,0.702931,0.709055
1682,0.707482,0.70286,0.708982
1683,0.707458,0.702834,0.708953
1684,0.707433,0.702808,0.708928
1685,0.707359,0.70273,0.708853
1686,0.707292,0.70266,0.708784
1687,0.707255,0.702621,0.708743
1688,0.707236,0.702601,0.708725
1689,0.707204,0.702567,0.708695
1690,0.707139,0.702499,0.708633
1691,0.707103,0.702462,0.708602
1692,0.707043,0.702398,0.708545
1693,0.706988,0.702341,0.708495
1694,0.706928,0.702277,0.708437
1695,0.706851,0.702197,0.708363
1696,0.706792,0.702135,0.708305
1697,0.706757,0.702098,0.708272
1698,0.70668,0.702017,0.708196
1699,0.706606,0.701939,0.708122
1700,0.706566,0.701898,0.708082
1701,0.706509,0.701838,0.708026
1702,0.70649,0.701818,0.708009
1703,0.706433,0.701758,0.707956
1704,0.706352,0.701672,0.707876
1705,0.70627,0.701586,0.707794
1706,0.706237,0.701552,0.707761
1707,0.706202,0.701516,0.707728
1708,0.70615,0.70146,0.707678
1709,0.706085,0.701393,0.707616
1710,0.706032,0.701336,0.707565
1711,0.705941,0.701241,0.707475
1712,0.705896,0.701194,0.70743
1713,0.705828,0.701123,0.707361
1714,0.7058,0.701093,0.707333
1715,0.705721,0.701011,0.707255
1716,0.705653,0.700938,0.707185
1717,0.705584,0.700866,0.707114
1718,0.705527,0.700807,0.707055
1719,0.705493,0.700771,0.707019
1720,0.705444,0.70072,0.706969
1721,0.705366,0.700637,0.706889
1722,0.705277,0.700544,0.706796
1723,0.705203,0.700467,0.706716
1724,0.705143,0.700404,0.706648
1725,0.705123,0.700383,0.706621
1726,0.705047,0.700302,0.706538
1727,0.705008,0.700261,0.706493
1728,0.704921,0.700171,0.706399
1729,0.704882,0.70013,0.706352
1730,0.70485,0.700096,0.706313
1731,0.704813,0.700057,0.706271
1732,0.704758,0.699999,0.706212
1733,0.704681,0.699918,0.706128
1734,0.704597,0.69983,0.706036
1735,0.704578,0.69981,0.706008
1736,0.704559,0.69979,0.705984
1737,0.704519,0.699749,0.70594
1738,0.704476,0.699703,0.705894
1739,0.704449,0.699675,0.705866
1740,0.70443,0.699654,0.705847
1741,0.704393,0.699615,0.705814
1742,0.704311,0.69953,0.705734
1743,0.704269,0.699486,0.705694
1744,0.704193,0.699406,0.705619
1745,0.704139,0.699349,0.705564
1746,0.704116,0.699325,0.705542
1747,0.704049,0.699254,0.705476
1748,0.704012,0.699215,0.70544
1749,0.703925,0.699124,0.705353
1750,0.70389,0.699088,0.705318
1751,0.703841,0.699036,0.705269
1752,0.703765,0.698957,0.705193
1753,0.703696,0.698884,0.705121
1754,0.70363,0.698814,0.70505
1755,0.703598,0.698781,0.705014
1756,0.703579,0.698761,0.704994
1757,0.703553,0.698733,0.704969
1758,0.703524,0.698704,0.704944
1759,0.703445,0.69862,0.704867
1760,0.703404,0.698578,0.704829
1761,0.703323,0.698493,0.704749
1762,0.703269,0.698436,0.704695
1763,0.703201,0.698364,0.704626
1764,0.703172,0.698334,0.704596
1765,0.703136,0.698296,0.704562
1766,0.703112,0.698271,0.704541
1767,0.70306,0.698216,0.704493
1768,0.702979,0.698132,0.704416
1769,0.702935,0.698085,0.704374
1770,0.702872,0.698019,0.704314
1771,0.702848,0.697993,0.704292
1772,0.702815,0.697959,0.704265
1773,0.702723,0.697862,0.704178
1774,0.702642,0.697778,0.704099
1775,0.702578,0.69771,0.704034
1776,0.702551,0.697682,0.704008
1777,0.702473,0.6976,0.70393
1778,0.702394,0.697517,0.70385
1779,0.702305,0.697423,0.703756
1780,0.702258,0.697374,0.703703
1781,0.702223,0.697338,0.703664
1782,0.702183,0.697296,0.70362
1783,0.702095,0.697203,0.703527
1784,0.70206,0.697167,0.703487
1785,0.702033,0.697138,0.703457
1786,0.701978,0.69708,0.703399
1787,0.701944,0.697044,0.703363
1788,0.701914,0.697012,0.703332
1789,0.701885,0.696983,0.703306
1790,0.701835,0.69693,0.703259
1791,0.701771,0.696863,0.703198
1792,0.701714,0.696803,0.703143
1793,0.701645,0.69673,0.703074
1794,0.701599,0.696682,0.703029
1795,0.701573,0.696654,0.703005
1796,0.701533,0.696613,0.702969
1797,0.701449,0.696524,0.702887
1798,0.701378,0.696451,0.702818
1799,0.701326,0.696395,0.702765
1800,0.701244,0.696309,0.702682
1801,0.701216,0.69628,0.702653
1802,0.701155,0.696216,0.70259
1803,0.70109,0.696147,0.702524
1804,0.701021,0.696076,0.702452
1805,0.700952,0.696003,0.702378
1806,0.700926,0.695976,0.702348
1807,0.700907,0.695956,0.702328
1808,0.700875,0.695922,0.702296
1809,0.700851,0.695896,0.702275
1810,0.70078,0.695822,0.702208
1811,0.700723,0.695762,0.702154
1812,0.70065,0.695685,0.702081
1813,0.700609,0.695642,0.702042
1814,0.700584,0.695617,0.70202
1815,0.700564,0.695596,0.702006
1816,0.700528,0.695558,0.701978
1817,0.700454,0.69548,0.701912
1818,0.700388,0.695411,0.701853
1819,0.700335,0.695355,0.701806
1820,0.700251,0.695267,0.701727
1821,0.700175,0.695187,0.701654
1822,0.700144,0.695155,0.701626
1823,0.700061,0.695067,0.701545
1824,0.700007,0.695011,0.701493
1825,0.699928,0.694927,0.701413
1826,0.699846,0.694842,0.70133
1827,0.699791,0.694784,0.701272
1828,0.699729,0.694719,0.701206
1829,0.699659,0.694645,0.701131
1830,0.699569,0.69455,0.701034
1831,0.69954,0.69452,0.700997
1832,0.699488,0.694466,0.700939
1833,0.699411,0.694385,0.700854
1834,0.699357,0.694328,0.700791
1835,0.699333,0.694303,0.700759
1836,0.6993,0.694268,0.700721
1837,0.699274,0.694241,0.700692
1838,0.699214,0.694178,0.70063
1839,0.699169,0.694131,0.700582
1840,0.69914,0.6941,0.700551
1841,0.699082,0.694039,0.700493
1842,0.699054,0.69401,0.700465
1843,0.698978,0.69393,0.700389
1844,0.698917,0.693866,0.700327
1845,0.698895,0.693843,0.700305
1846,0.698837,0.693783,0.700248
1847,0.698764,0.693706,0.700175
1848,0.698725,0.693665,0.700134
1849,0.698701,0.693639,0.700111
1850,0.698611,0.693545,0.700022
1851,0.698558,0.693489,0.699968
1852,0.698496,0.693424,0.699904
1853,0.698473,0.6934,0.69988
1854,0.69844,0.693365,0.699848
1855,0.69841,0.693334,0.699822
1856,0.698327,0.693246,0.699741
1857,0.698284,0.693201,0.6997
1858,0.698236,0.693151,0.699654
1859,0.698197,0.69311,0.699619
1860,0.698107,0.693016,0.699532
1861,0.698058,0.692964,0.699483
1862,0.69801,0.692913,0.699436
1863,0.697958,0.692859,0.699385
1864,0.697913,0.692812,0.699342
1865,0.697836,0.692731,0.699266
1866,0.69779,0.692682,0.69922
1867,0.697751,0.692642,0.699183
1868,0.697664,0.69255,0.699096
1869,0.697617,0.692501,0.699049
1870,0.697549,0.69243,0.698979
1871,0.697466,0.692343,0.698892
1872,0.697391,0.692264,0.698811
1873,0.69733,0.692199,0.698743
1874,0.697272,0.692139,0.698677
1875,0.697246,0.692111,0.698643
1876,0.697217,0.692081,0.698609
1877,0.697178,0.69204,0.698567
1878,0.697139,0.692,0.698526
1879,0.697091,0.691949,0.698476
1880,0.697039,0.691894,0.698422
1881,0.696991,0.691843,0.698372
1882,0.696956,0.691807,0.698336
1883,0.696867,0.691714,0.698246
1884,0.696847,0.691693,0.698224
1885,0.696781,0.691623,0.698156
1886,0.696712,0.691551,0.698084
1887,0.696662,0.691499,0.698031
1888,0.696643,0.691478,0.698009
1889,0.696611,0.691444,0.697977
1890,0.696536,0.691367,0.697902
1891,0.696479,0.691306,0.697842
1892,0.696419,0.691243,0.69778
1893,0.696391,0.691214,0.69775
1894,0.696372,0.691194,0.697731
1895,0.696349,0.691169,0.697711
1896,0.696324,0.691144,0.697692
1897,0.696304,0.691123,0.697681
1898,0.696226,0.69104,0.697611
1899,0.69614,0.69095,0.697531
1900,0.696084,0.690892,0.69748
1901,0.696005,0.690809,0.697403
1902,0.695978,0.69078,0.697379
1903,0.695923,0.690723,0.697328
1904,0.695862,0.690659,0.69727
1905,0.695835,0.69063,0.697247
1906,0.695747,0.690538,0.697163
1907,0.695662,0.690448,0.697078
1908,0.695637,0.690423,0.697054
1909,0.695573,0.690355,0.696991
1910,0.695493,0.690271,0.69691
1911,0.695459,0.690235,0.696875
1912,0.695401,0.690174,0.696817
1913,0.695345,0.690115,0.69676
1914,0.695318,0.690087,0.696734
1915,0.695243,0.690008,0.696659
1916,0.695224,0.689988,0.696641
1917,0.695142,0.689902,0.69656
1918,0.695072,0.689829,0.69649
1919,0.695026,0.68978,0.696442
1920,0.694941,0.689691,0.696355
1921,0.694913,0.689662,0.696324
1922,0.694842,0.689587,0.69625
1923,0.694784,0.689526,0.696189
1924,0.694743,0.689484,0.696145
1925,0.694698,0.689436,0.696097
1926,0.694674,0.689411,0.696072
1927,0.69461,0.689344,0.696008
1928,0.694521,0.689251,0.695917
1929,0.694466,0.689193,0.695858
1930,0.694422,0.689147,0.69581
1931,0.694381,0.689104,0.695766
1932,0.694348,0.689068,0.69573
1933,0.694271,0.688988,0.695651
1934,0.694244,0.688959,0.695622
1935,0.694213,0.688927,0.695591
1936,0.694133,0.688843,0.695511
1937,0.694085,0.688792,0.69546
1938,0.693997,0.6887,0.695368
1939,0.693965,0.688667,0.695333
1940,0.693922,0.688621,0.695286
1941,0.693863,0.688559,0.695224
1942,0.693837,0.688532,0.695196
1943,0.693774,0.688466,0.695131
1944,0.693701,0.68839,0.695055
1945,0.693674,0.688361,0.695024
1946,0.69365,0.688335,0.694999
1947,0.693594,0.688276,0.694942
1948,0.693541,0.688221,0.694888
1949,0.693521,0.6882,0.694869
1950,0.693464,0.688141,0.694814
1951,0.69338,0.688052,0.69473
1952,0.693351,0.688021,0.6947
1953,0.693321,0.68799,0.694671
1954,0.693232,0.687897,0.694583
1955,0.693185,0.687847,0.694534
1956,0.693161,0.687823,0.694511
1957,0.693127,0.687787,0.694479
1958,0.693097,0.687755,0.694453
1959,0.693032,0.687687,0.694392
1960,0.692992,0.687644,0.694356
1961,0.692959,0.687611,0.694329
1962,0.692901,0.687549,0.694277
1963,0.692835,0.68748,0.694216
1964,0.692779,0.687421,0.694165
1965,0.692736,0.687376,0.694127
1966,0.69266,0.687297,0.694055
1967,0.692607,0.687241,0.694006
1968,0.69257,0.687202,0.693973
1969,0.692486,0.687114,0.693892
1970,0.692437,0.687062,0.693844
1971,0.692369,0.686991,0.693778
1972,0.692289,0.686907,0.693697
1973,0.692254,0.68687,0.693661
1974,0.692224,0.686838,0.693632
1975,0.692189,0.686801,0.6936
1976,0.692103,0.686711,0.693516
1977,0.692077,0.686684,0.693493
1978,0.692057,0.686663,0.693478
1979,0.691994,0.686597,0.693422
1980,0.691947,0.686547,0.69338
1981,0.691886,0.686483,0.693326
1982,0.691808,0.686401,0.693253
1983,0.691718,0.686307,0.693165
1984,0.691681,0.686268,0.69313
1985,0.69164,0.686225,0.693092
1986,0.691599,0.686182,0.693056
1987,0.691533,0.686113,0.692994
1988,0.69147,0.686047,0.692936
1989,0.691428,0.686003,0.692898
1990,0.691372,0.685943,0.692847
1991,0.691303,0.685872,0.692783
1992,0.691238,0.685803,0.692721
1993,0.691177,0.685739,0.692664
1994,0.691137,0.685697,0.692628
1995,0.691068,0.685624,0.692562
1996,0.691041,0.685596,0.692541
1997,0.690985,0.685537,0.692491
1998,0.690915,0.685464,0.692428
1999,0.690859,0.685405,0.692377
2000,0.690796,0.685339,0.69232
2001,0.690738,0.685278,0.692267
2002,0.690693,0.685231,0.692228
2003,0.690647,0.685183,0.69219
2004,0.690592,0.685125,0.692144
2005,0.690524,0.685053,0.692084
2006,0.690456,0.684982,0.692024
2007,0.690399,0.684923,0.691975
2008,0.690312,0.684831,0.691895
2009,0.690255,0.684771,0.691843
2010,0.690186,0.684698,0.69178
2011,0.690101,0.68461,0.6917
2012,0.690029,0.684534,0.691631
2013,0.689944,0.684445,0.691547
2014,0.689909,0.684407,0.691512
2015,0.689817,0.684312,0.691422
2016,0.689784,0.684276,0.69139
2017,0.689719,0.684208,0.691327
2018,0.689631,0.684116,0.691241
2019,0.689555,0.684036,0.691164
2020,0.689486,0.683964,0.691093
2021,0.689424,0.683898,0.691029
2022,0.689373,0.683844,0.690976
2023,0.689283,0.683751,0.690884
2024,0.689212,0.683676,0.690809
2025,0.689189,0.683652,0.690782
2026,0.689128,0.683588,0.69072
2027,0.689084,0.683541,0.690675
2028,0.68905,0.683505,0.690643
2029,0.688967,0.683419,0.690562
2030,0.688878,0.683325,0.690473
2031,0.688791,0.683234,0.690383
2032,0.688745,0.683186,0.690333
2033,0.688673,0.683109,0.690257
2034,0.68865,0.683086,0.690233
2035,0.688595,0.683028,0.690178
2036,0.68853,0.682959,0.690112
2037,0.688484,0.682911,0.690067
2038,0.688445,0.68287,0.69003
2039,0.688368,0.68279,0.689956
2040,0.688292,0.68271,0.689881
2041,0.688216,0.68263,0.689805
2042,0.688128,0.682538,0.689714
2043,0.6881,0.682508,0.689683
2044,0.688042,0.682447,0.689624
2045,0.688014,0.682418,0.689598
2046,0.687948,0.682349,0.689534
2047,0.687861,0.682258,0.689449
2048,0.687793,0.682186,0.689379
2049,0.687706,0.682094,0.68929
2050,0.687627,0.682012,0.689207
2051,0.687555,0.681936,0.689129
2052,0.687519,0.681898,0.689087
2053,0.687473,0.68185,0.689037
2054,0.687414,0.681788,0.688975
2055,0.687333,0.681702,0.688889
2056,0.687256,0.681622,0.688807
2057,0.687235,0.6816,0.68878
2058,0.687156,0.681517,0.688697
2059,0.687118,0.681477,0.688655
2060,0.687059,0.681415,0.688592
2061,0.68701,0.681364,0.68854
2062,0.686927,0.681276,0.688453
2063,0.68688,0.681227,0.688401
2064,0.686847,0.681193,0.688365
2065,0.686786,0.681129,0.688303
2066,0.686756,0.681097,0.688271
2067,0.686666,0.681002,0.68818
2068,0.686622,0.680956,0.688134
2069,0.686601,0.680935,0.688114
2070,0.686515,0.680844,0.688028
2071,0.686488,0.680815,0.688001
2072,0.686404,0.680727,0.687919
2073,0.68633,0.68065,0.687844
2074,0.686309,0.680628,0.687822
2075,0.686233,0.680548,0.687747
2076,0.686155,0.680466,0.687668
2077,0.686125,0.680435,0.687637
2078,0.686098,0.680406,0.687612
2079,0.686062,0.680369,0.687581
2080,0.686003,0.680307,0.687527
2081,0.685913,0.680212,0.687441
2082,0.685886,0.680183,0.687418
2083,0.685797,0.68009,0.687333
2084,0.685719,0.680008,0.687257
2085,0.685689,0.679977,0.68723
2086,0.685599,0.679883,0.687142
2087,0.685531,0.67981,0.687074
2088,0.685447,0.679723,0.686989
2089,0.685374,0.679646,0.686912
2090,0.685353,0.679624,0.686889
2091,0.68531,0.679578,0.686846
2092,0.685253,0.679519,0.686791
2093,0.685195,0.679458,0.686734
2094,0.68513,0.67939,0.68667
2095,0.685045,0.679301,0.686585
2096,0.68501,0.679264,0.68655
2097,0.68493,0.67918,0.68647
2098,0.684841,0.679086,0.686378
2099,0.684817,0.679061,0.686351
2100,0.684765,0.679006,0.686298
2101,0.684713,0.678952,0.686247
2102,0.684678,0.678915,0.686214
2103,0.68462,0.678854,0.686159
2104,0.684573,0.678805,0.686115
2105,0.684497,0.678725,0.686042
2106,0.684413,0.678637,0.68596
2107,0.684339,0.678559,0.685885
2108,0.684294,0.678512,0.68584
2109,0.684206,0.67842,0.685751
2110,0.684165,0.678377,0.685708
2111,0.684079,0.678286,0.685619
2112,0.684033,0.678238,0.68557
2113,0.683963,0.678164,0.685498
2114,0.683918,0.678117,0.68545
2115,0.683832,0.678027,0.685361
2116,0.683761,0.677953,0.685285
2117,0.683715,0.677904,0.685233
2118,0.683633,0.677818,0.685145
2119,0.683549,0.67773,0.685053
2120,0.683478,0.677655,0.68497
2121,0.68344,0.677616,0.684923
2122,0.6834,0.677574,0.684874
2123,0.683351,0.677522,0.684816
2124,0.683306,0.677475,0.684765
2125,0.683267,0.677434,0.68472
2126,0.683236,0.677401,0.684685
2127,0.683199,0.677362,0.684646
2128,0.683147,0.677308,0.684594
2129,0.683108,0.677267,0.684555
2130,0.683067,0.677224,0.684516
2131,0.682981,0.677134,0.68443
2132,0.682892,0.67704,0.684338
2133,0.682865,0.677012,0.684309
2134,0.682803,0.676947,0.684245
2135,0.682771,0.676913,0.684212
2136,0.682746,0.676887,0.684188
2137,0.682684,0.676822,0.68413
2138,0.682592,0.676725,0.684038
2139,0.682545,0.676675,0.68399
2140,0.682467,0.676594,0.683911
2141,0.682428,0.676553,0.68387
2142,0.682356,0.676477,0.683796
2143,0.68232,0.676439,0.683758
2144,0.682277,0.676394,0.683714
2145,0.682255,0.676371,0.683694
2146,0.682206,0.67632,0.68365
2147,0.682141,0.676252,0.683588
2148,0.682085,0.676193,0.683536
2149,0.682062,0.676169,0.683518
2150,0.681986,0.676088,0.683446
2151,0.681902,0.676,0.683365
2152,0.681836,0.675931,0.683301
2153,0.681748,0.675838,0.683212
2154,0.68169,0.675778,0.683152
2155,0.681613,0.675697,0.683073
2156,0.681551,0.675632,0.683006
2157,0.681509,0.675587,0.682959
2158,0.681444,0.675519,0.68289
2159,0.681409,0.675483,0.682852
2160,0.681354,0.675425,0.682793
2161,0.681305,0.675374,0.682743
2162,0.681257,0.675323,0.682692
2163,0.681185,0.675247,0.682618
2164,0.681148,0.675209,0.682579
2165,0.681102,0.67516,0.682532
2166,0.681026,0.675081,0.682455
2167,0.680987,0.675039,0.682414
2168,0.680933,0.674983,0.68236
2169,0.680903,0.674951,0.68233
2170,0.680816,0.67486,0.682242
2171,0.680737,0.674777,0.682161
2172,0.680664,0.674701,0.682084
2173,0.680597,0.67463,0.68201
2174,0.680557,0.674588,0.681963
2175,0.680516,0.674545,0.681917
2176,0.680453,0.674479,0.681849
2177,0.680432,0.674457,0.681824
2178,0.680377,0.674399,0.681766
2179,0.680299,0.674317,0.681685
2180,0.680236,0.674251,0.681616
2181,0.680198,0.674211,0.681572
2182,0.680179,0.674191,0.68155
2183,0.680151,0.674161,0.681521
2184,0.680104,0.674112,0.681476
2185,0.680031,0.674036,0.681404
2186,0.680012,0.674015,0.681385
2187,0.679922,0.673921,0.681296
2188,0.679883,0.673881,0.681257
2189,0.679815,0.673809,0.681189
2190,0.679788,0.673781,0.681162
2191,0.679756,0.673747,0.681133
2192,0.679687,0.673675,0.681067
2193,0.679635,0.67362,0.681016
2194,0.679586,0.673568,0.680969
2195,0.679508,0.673486,0.680892
2196,0.679454,0.67343,0.680839
2197,0.6794,0.673373,0.680785
2198,0.679374,0.673346,0.68076
2199,0.679339,0.67331,0.680729
2200,0.679308,0.673276,0.680704
2201,0.679277,0.673244,0.680681
2202,0.679255,0.673221,0.68067
2203,0.679164,0.673126,0.68059
2204,0.679095,0.673053,0.68053
2205,0.679036,0.672991,0.680479
2206,0.678995,0.672948,0.680447
2207,0.678918,0.672867,0.680378
2208,0.67884,0.672785,0.680306
2209,0.678778,0.67272,0.68025
2210,0.678687,0.672625,0.680164
2211,0.678616,0.67255,0.680093
2212,0.678561,0.672492,0.68004
2213,0.678491,0.672419,0.67997
2214,0.678415,0.672339,0.679894
2215,0.678358,0.672279,0.679834
2216,0.678283,0.672201,0.679758
2217,0.678222,0.672136,0.679693
2218,0.678193,0.672106,0.679662
2219,0.678153,0.672064,0.679622
2220,0.678076,0.671983,0.679545
2221,0.678002,0.671906,0.679469
2222,0.677919,0.671819,0.679383
2223,0.677859,0.671755,0.679317
2224,0.677831,0.671726,0.679285
2225,0.677754,0.671645,0.679204
2226,0.677689,0.671577,0.679134
2227,0.677616,0.6715,0.679054
2228,0.677572,0.671453,0.679003
2229,0.677545,0.671426,0.678973
2230,0.677508,0.671387,0.678933
2231,0.677463,0.671339,0.678886
2232,0.677416,0.67129,0.67884
2233,0.677394,0.671267,0.67882
2234,0.67736,0.671231,0.67879
2235,0.677302,0.67117,0.678738
2236,0.67725,0.671116,0.678692
2237,0.677187,0.67105,0.678635
2238,0.677113,0.670972,0.678566
2239,0.677056,0.670912,0.678513
2240,0.676984,0.670837,0.678444
2241,0.676917,0.670766,0.678379
2242,0.676843,0.670688,0.678306
2243,0.676781,0.670623,0.678243
2244,0.676731,0.670571,0.678194
2245,0.676678,0.670515,0.678141
2246,0.676597,0.670431,0.67806
2247,0.676518,0.670347,0.677978
2248,0.676473,0.6703,0.67793
2249,0.676404,0.670227,0.677857
2250,0.67638,0.670202,0.677831
2251,0.676311,0.67013,0.677761
2252,0.676248,0.670063,0.677696
2253,0.676166,0.669977,0.67761
2254,0.676101,0.66991,0.67754
2255,0.676072,0.669879,0.677507
2256,0.676021,0.669825,0.677452
2257,0.675957,0.669758,0.677385
2258,0.67592,0.669719,0.677345
2259,0.675847,0.669642,0.677269
2260,0.675789,0.669582,0.677208
2261,0.675735,0.669525,0.677151
2262,0.675648,0.669434,0.677058
2263,0.6756,0.669383,0.677003
2264,0.675556,0.669337,0.676954
2265,0.675513,0.669292,0.676906
2266,0.675487,0.669264,0.676877
2267,0.675416,0.66919,0.676803
2268,0.675343,0.669114,0.676727
2269,0.675305,0.669073,0.676684
2270,0.67524,0.669006,0.676615
2271,0.67515,0.668911,0.676518
2272,0.675117,0.668877,0.676478
2273,0.675069,0.668825,0.676422
2274,0.67503,0.668785,0.676378
2275,0.674994,0.668747,0.676338
2276,0.674966,0.668717,0.676307
2277,0.674897,0.668645,0.676236
2278,0.674853,0.668599,0.67619
2279,0.674822,0.668566,0.676157
2280,0.674799,0.668542,0.676136
2281,0.674745,0.668485,0.676085
2282,0.674693,0.668431,0.676035
2283,0.674647,0.668383,0.675993
2284,0.674565,0.668296,0.675912
2285,0.674546,0.668277,0.675896
2286,0.6745,0.668228,0.675853
2287,0.674424,0.668149,0.675781
2288,0.674391,0.668114,0.675751
2289,0.674358,0.66808,0.675723
2290,0.674329,0.668049,0.675701
2291,0.674254,0.66797,0.675634
2292,0.674202,0.667915,0.675588
2293,0.674174,0.667886,0.675569
2294,0.674097,0.667805,0.675501
2295,0.674007,0.667711,0.675417
2296,0.673943,0.667644,0.675357
2297,0.673866,0.667562,0.675282
2298,0.673843,0.667539,0.675263
2299,0.673774,0.667466,0.675198
2300,0.673699,0.667387,0.675125
2301,0.673607,0.66729,0.675033
2302,0.673578,0.667261,0.675004
2303,0.673538,0.667218,0.674966
2304,0.673454,0.667129,0.674883
2305,0.673367,0.667038,0.674794
2306,0.673326,0.666996,0.674751
2307,0.673244,0.66691,0.674667
2308,0.673188,0.666851,0.674606
2309,0.673131,0.666791,0.674545
2310,0.673058,0.666714,0.674467
2311,0.672977,0.666629,0.674378
2312,0.672932,0.666582,0.674325
2313,0.672882,0.66653,0.674268
2314,0.672851,0.666497,0.67423
2315,0.67282,0.666464,0.674195
2316,0.672762,0.666403,0.674133
2317,0.672681,0.666318,0.674048
2318,0.672612,0.666246,0.673972
2319,0.672568,0.6662,0.673921
2320,0.672528,0.666158,0.673875
2321,0.672444,0.66607,0.673784
2322,0.672372,0.665994,0.673702
2323,0.672351,0.665972,0.673671
2324,0.6723,0.665919,0.673612
2325,0.672228,0.665842,0.67353
2326,0.672169,0.665781,0.673461
2327,0.672146,0.665756,0.673428
2328,0.672122,0.665732,0.673396
2329,0.672082,0.665689,0.67335
2330,0.672045,0.66565,0.673308
2331,0.672025,0.665629,0.673285
2332,0.672,0.665603,0.67326
2333,0.67198,0.665582,0.673242
2334,0.671943,0.665543,0.67321
2335,0.671924,0.665523,0.673197
2336,0.671862,0.665459,0.673143
2337,0.671831,0.665426,0.67312
2338,0.67177,0.665362,0.673068
2339,0.671706,0.665295,0.673011
2340,0.671679,0.665266,0.672992
2341,0.671653,0.665238,0.672976
2342,0.671618,0.665203,0.672955
2343,0.67153,0.66511,0.672878
2344,0.671476,0.665053,0.672835
2345,0.671397,0.66497,0.672765
2346,0.671332,0.664902,0.672708
2347,0.67128,0.664847,0.672664
2348,0.671248,0.664814,0.672641
2349,0.671172,0.664734,0.672573
2350,0.671151,0.664711,0.672562
2351,0.671064,0.66462,0.672486
2352,0.67098,0.664532,0.672409
2353,0.670912,0.664461,0.672347
2354,0.670822,0.664366,0.672261
2355,0.670767,0.664309,0.672209
2356,0.670696,0.664234,0.67214
2357,0.670642,0.664177,0.672087
2358,0.670577,0.664109,0.672023
2359,0.670504,0.664033,0.671951
2360,0.670469,0.663996,0.671917
2361,0.670441,0.663967,0.671892
2362,0.670396,0.663919,0.671853
2363,0.670304,0.663823,0.671766
2364,0.67027,0.663787,0.671736
2365,0.670183,0.663695,0.671653
2366,0.670118,0.663627,0.671591
2367,0.670042,0.663547,0.671516
2368,0.670017,0.663522,0.671495
2369,0.669946,0.663447,0.671428
2370,0.669855,0.663351,0.671338
2371,0.669773,0.663265,0.671255
2372,0.669693,0.66318,0.671172
2373,0.669635,0.66312,0.67111
2374,0.669612,0.663096,0.671084
2375,0.669591,0.663074,0.671065
2376,0.669504,0.662982,0.67098
2377,0.669412,0.662886,0.670887
2378,0.66932,0.662789,0.670791
2379,0.669233,0.662698,0.670697
2380,0.669182,0.662645,0.670637
2381,0.669121,0.66258,0.670568
2382,0.6691,0.662558,0.67054
2383,0.669041,0.662496,0.670476
2384,0.668979,0.662432,0.670409
2385,0.668951,0.662402,0.670377
2386,0.668927,0.662377,0.670352
2387,0.668858,0.662304,0.670283
2388,0.66882,0.662264,0.670245
2389,0.668739,0.662179,0.670164
2390,0.668707,0.662145,0.670131
2391,0.668616,0.66205,0.67004
2392,0.668568,0.662,0.66999
2393,0.668488,0.661915,0.669908
2394,0.668413,0.661837,0.669829
2395,0.668368,0.661789,0.669778
2396,0.668307,0.661726,0.669712
2397,0.668265,0.661681,0.669665
2398,0.668203,0.661616,0.669599
2399,0.668117,0.661526,0.669507
2400,0.668076,0.661483,0.669459
2401,0.668056,0.661462,0.669435
2402,0.668002,0.661405,0.669378
2403,0.667946,0.661346,0.669319
2404,0.667902,0.661301,0.669273
2405,0.667835,0.66123,0.669203
2406,0.667807,0.661201,0.669173
2407,0.667766,0.661158,0.669132
2408,0.667677,0.661064,0.669042
2409,0.667638,0.661023,0.669
2410,0.667603,0.660986,0.668965
2411,0.667558,0.660939,0.66892
2412,0.667526,0.660905,0.668891
2413,0.66745,0.660826,0.668817
2414,0.667422,0.660797,0.668793
2415,0.667392,0.660765,0.668767
2416,0.667372,0.660743,0.668756
2417,0.667314,0.660683,0.668708
2418,0.667248,0.660613,0.668652
2419,0.667187,0.66055,0.6686
2420,0.667095,0.660453,0.668515
2421,0.667012,0.660366,0.668436
2422,0.666922,0.660271,0.668347
2423,0.666843,0.660188,0.668266
2424,0.666786,0.660128,0.668207
2425,0.666697,0.660035,0.668113
2426,0.666643,0.659979,0.668054
2427,0.666558,0.659889,0.667961
2428,0.666521,0.659851,0.667917
2429,0.66649,0.659818,0.66788
2430,0.666434,0.659759,0.667819
2431,0.666396,0.659719,0.667777
2432,0.666366,0.659688,0.667746
2433,0.666292,0.65961,0.66767
2434,0.666201,0.659515,0.667575
2435,0.666146,0.659457,0.667514
2436,0.6661,0.659408,0.667462
2437,0.666033,0.659338,0.667389
2438,0.66601,0.659314,0.667361
2439,0.665945,0.659245,0.667291
2440,0.66589,0.659188,0.667232
2441,0.665838,0.659133,0.667174
2442,0.665772,0.659063,0.667102
2443,0.665722,0.659011,0.667046
2444,0.665635,0.65892,0.666951
2445,0.665606,0.658889,0.666913
2446,0.665585,0.658867,0.666885
2447,0.665541,0.658821,0.666837
2448,0.66551,0.658788,0.666803
2449,0.665433,0.658708,0.666723
2450,0.665405,0.658679,0.666692
2451,0.665367,0.658638,0.666651
2452,0.665318,0.658587,0.666602
2453,0.665274,0.658541,0.666557
2454,0.665189,0.658452,0.66647
2455,0.665141,0.658401,0.666418
2456,0.665083,0.65834,0.666356
2457,0.665042,0.658298,0.666312
2458,0.664992,0.658245,0.666258
2459,0.664942,0.658193,0.666204
2460,0.6649,0.658149,0.666159
2461,0.664866,0.658112,0.666123
2462,0.664806,0.658049,0.66606
2463,0.664777,0.658019,0.66603
2464,0.664729,0.657969,0.665982
2465,0.664678,0.657915,0.66593
2466,0.664635,0.65787,0.665888
2467,0.664589,0.657822,0.665843
2468,0.664509,0.657738,0.665761
2469,0.66444,0.657665,0.665689
2470,0.664408,0.657631,0.665653
2471,0.664386,0.657609,0.66563
2472,0.664364,0.657585,0.665609
2473,0.664323,0.657542,0.665571
2474,0.664293,0.657511,0.665546
2475,0.66425,0.657466,0.665509
2476,0.664181,0.657393,0.665446
2477,0.664097,0.657305,0.665365
2478,0.664014,0.657218,0.665282
2479,0.663981,0.657183,0.665248
2480,0.663914,0.657113,0.665179
2481,0.663885,0.657082,0.66515
2482,0.663862,0.657058,0.665128
2483,0.663829,0.657024,0.6651
2484,0.663759,0.65695,0.665033
2485,0.663705,0.656894,0.664983
2486,0.663676,0.656863,0.664958
2487,0.663637,0.656822,0.664924
2488,0.663549,0.65673,0.664842
2489,0.663466,0.656643,0.66476
2490,0.663394,0.656567,0.664687
2491,0.663347,0.656518,0.664638
2492,0.663267,0.656434,0.664555
2493,0.66322,0.656384,0.664503
2494,0.663167,0.656329,0.664446
2495,0.663138,0.656298,0.664414
2496,0.663116,0.656275,0.664391
2497,0.663059,0.656215,0.664335
2498,0.663015,0.656169,0.664291
2499,0.662985,0.656138,0.664264
2500,0.662903,0.656052,0.664183
2501,0.66288,0.656027,0.664161
2502,0.662813,0.655956,0.664096
2503,0.662776,0.655918,0.664062
2504,0.662727,0.655867,0.664017
2505,0.662651,0.655787,0.663943
2506,0.662559,0.65569,0.66385
2507,0.662532,0.655662,0.663821
2508,0.662504,0.655633,0.663794
2509,0.662424,0.655549,0.663714
2510,0.662374,0.655495,0.663663
2511,0.662337,0.655457,0.663626
2512,0.662318,0.655437,0.66361
2513,0.66224,0.655355,0.663536
2514,0.662218,0.655332,0.663516
2515,0.662192,0.655305,0.663497
2516,0.66211,0.655219,0.663421
2517,0.662056,0.655162,0.663372
2518,0.661964,0.655066,0.663284
2519,0.661919,0.655018,0.663239
2520,0.661875,0.654971,0.663197
2521,0.661794,0.654887,0.663118
2522,0.661742,0.654833,0.663067
2523,0.661696,0.654784,0.663022
2524,0.661652,0.654737,0.662979
2525,0.661626,0.654711,0.662957
2526,0.661585,0.654668,0.662922
2527,0.661549,0.65463,0.662893
2528,0.661457,0.654533,0.662808
2529,0.661384,0.654457,0.66274
2530,0.661343,0.654413,0.662702
2531,0.661294,0.654362,0.662658
2532,0.661234,0.654299,0.662604
2533,0.661161,0.654222,0.662535
2534,0.66112,0.654179,0.662498
2535,0.661083,0.654141,0.662467
2536,0.661003,0.654056,0.662393
2537,0.660947,0.653998,0.662342
2538,0.660866,0.653912,0.662265
2539,0.660796,0.653839,0.662197
2540,0.660738,0.653778,0.66214
2541,0.660685,0.653723,0.66209
2542,0.660606,0.653639,0.662011
2543,0.660543,0.653573,0.661948
2544,0.660451,0.653477,0.661854
2545,0.66041,0.653434,0.661809
2546,0.660325,0.653345,0.66172
2547,0.660303,0.653321,0.661694
2548,0.660257,0.653273,0.661647
2549,0.660231,0.653245,0.661621
2550,0.660209,0.653222,0.661603
2551,0.660149,0.65316,0.66155
2552,0.660062,0.653068,0.661467
2553,0.660002,0.653005,0.66141
2554,0.659916,0.652915,0.661325
2555,0.659834,0.652829,0.661242
2556,0.659787,0.652779,0.661193
2557,0.659761,0.652752,0.661167
2558,0.659672,0.652658,0.661078
2559,0.659621,0.652605,0.661026
2560,0.659557,0.652538,0.660961
2561,0.659471,0.652448,0.660872
2562,0.659413,0.652387,0.660809
2563,0.659333,0.652303,0.660723
2564,0.659309,0.652278,0.660694
2565,0.659266,0.652233,0.660649
2566,0.65923,0.652194,0.660611
2567,0.659174,0.652135,0.660554
2568,0.659127,0.652086,0.660508
2569,0.659053,0.652009,0.660434
2570,0.658989,0.651942,0.660369
2571,0.658957,0.651908,0.660336
2572,0.6589,0.651849,0.66028
2573,0.658812,0.651756,0.660191
2574,0.658792,0.651735,0.66017
2575,0.65873,0.65167,0.660109
2576,0.658643,0.651579,0.660021
2577,0.6586,0.651533,0.659976
2578,0.658541,0.651471,0.659915
2579,0.658467,0.651393,0.659839
2580,0.658439,0.651364,0.659809
2581,0.658415,0.651339,0.659786
2582,0.658336,0.651256,0.659709
2583,0.658253,0.651169,0.659624
2584,0.658201,0.651115,0.659571
2585,0.65816,0.651071,0.659527
2586,0.65813,0.65104,0.659499
2587,0.658046,0.650951,0.659415
2588,0.657987,0.650889,0.659355
2589,0.657963,0.650865,0.659332
2590,0.657902,0.6508,0.659272
2591,0.657818,0.650712,0.659189
2592,0.657766,0.650658,0.659136
2593,0.657745,0.650636,0.659116
2594,0.657657,0.650543,0.659029
2595,0.657573,0.650455,0.658942
2596,0.657542,0.650422,0.65891
2597,0.65749,0.650368,0.658857
2598,0.657403,0.650276,0.658767
2599,0.657321,0.65019,0.65868
2600,0.657268,0.650134,0.65862
2601,0.65722,0.650084,0.658566
2602,0.657173,0.650035,0.658514
2603,0.657138,0.649998,0.658475
2604,0.657088,0.649945,0.658422
2605,0.657044,0.649899,0.658376
2606,0.656963,0.649815,0.658292
2607,0.656933,0.649783,0.658258
2608,0.656904,0.649753,0.658229
2609,0.656854,0.649699,0.658179
2610,0.656784,0.649627,0.65811
2611,0.656736,0.649576,0.658062
2612,0.656712,0.649551,0.658039
2613,0.656641,0.649477,0.657971
2614,0.65662,0.649454,0.657952
2615,0.656561,0.649393,0.657898
2616,0.65649,0.649317,0.65783
2617,0.656448,0.649273,0.657791
2618,0.656398,0.649221,0.657746
2619,0.656328,0.649147,0.657679
2620,0.656252,0.649068,0.657606
2621,0.656184,0.648996,0.657538
2622,0.656138,0.648948,0.657493
2623,0.656119,0.648928,0.657476
2624,0.656028,0.648833,0.657388
2625,0.655982,0.648784,0.657343
2626,0.655918,0.648718,0.657281
2627,0.655888,0.648686,0.657253
2628,0.655806,0.648599,0.657174
2629,0.655737,0.648527,0.657105
2630,0.65565,0.648435,0.657016
2631,0.655576,0.648358,0.656939
2632,0.655534,0.648314,0.656891
2633,0.655451,0.648227,0.656803
2634,0.655431,0.648206,0.656779
2635,0.655378,0.64815,0.656722
2636,0.655319,0.648088,0.65666
2637,0.655249,0.648015,0.656586
2638,0.655224,0.647989,0.656557
2639,0.655169,0.64793,0.6565
2640,0.655082,0.64784,0.65641
2641,0.655052,0.647808,0.656375
2642,0.655013,0.647767,0.656334
2643,0.654977,0.647729,0.656297
2644,0.654925,0.647675,0.656246
2645,0.654844,0.64759,0.656164
2646,0.654802,0.647546,0.65612
2647,0.654753,0.647494,0.65607
2648,0.654732,0.647471,0.65605
2649,0.654671,0.647408,0.655991
2650,0.654598,0.647331,0.655919
2651,0.654568,0.647299,0.655891
2652,0.654529,0.647258,0.655855
2653,0.654492,0.64722,0.655824
2654,0.654417,0.647141,0.655754
2655,0.654343,0.647064,0.655683
2656,0.65432,0.647039,0.655664
2657,0.654237,0.646953,0.655585
2658,0.654152,0.646863,0.655501
2659,0.654074,0.646781,0.655422
2660,0.654041,0.646746,0.655387
2661,0.653963,0.646665,0.655308
2662,0.65391,0.646609,0.655252
2663,0.653847,0.646543,0.655187
2664,0.653769,0.64646,0.655104
2665,0.653732,0.646422,0.655062
2666,0.653665,0.646351,0.654991
2667,0.653646,0.646332,0.654968
2668,0.653596,0.646279,0.654916
2669,0.653553,0.646233,0.654872
2670,0.653491,0.646169,0.65481
2671,0.653434,0.646109,0.654752
2672,0.653387,0.646059,0.654704
2673,0.653335,0.646005,0.654652
2674,0.653257,0.645923,0.654572
2675,0.653212,0.645876,0.654525
2676,0.653184,0.645847,0.654497
2677,0.653094,0.645752,0.654406
2678,0.65301,0.645663,0.654317
2679,0.652927,0.645576,0.654226
2680,0.652873,0.64552,0.654163
2681,0.652824,0.645468,0.654104
2682,0.652769,0.645411,0.65404
2683,0.652721,0.645361,0.653982
2684,0.652686,0.645323,0.653938
2685,0.652639,0.645274,0.653883
2686,0.652609,0.645243,0.653847
2687,0.652564,0.645196,0.653797
2688,0.652539,0.645169,0.653768
2689,0.652488,0.645116,0.653715
2690,0.652465,0.645091,0.65369
2691,0.652392,0.645015,0.653616
2692,0.652354,0.644975,0.653576
2693,0.652311,0.64493,0.653533
2694,0.652289,0.644907,0.653512
2695,0.652221,0.644835,0.653445
2696,0.652144,0.644754,0.653367
2697,0.652076,0.644683,0.653296
2698,0.652057,0.644663,0.653274
2699,0.652029,0.644634,0.653246
2700,0.651983,0.644586,0.653201
2701,0.651897,0.644496,0.653115
2702,0.651825,0.64442,0.653039
2703,0.651797,0.64439,0.653008
2704,0.651744,0.644334,0.652952
2705,0.65166,0.644246,0.652862
2706,0.6516,0.644184,0.652796
2707,0.651538,0.644118,0.652725
2708,0.651498,0.644076,0.652675
2709,0.651464,0.64404,0.652633
2710,0.651419,0.643993,0.652581
2711,0.651383,0.643956,0.652538
2712,0.651351,0.643922,0.6525
2713,0.651271,0.643838,0.652414
2714,0.651231,0.643796,0.652366
2715,0.651206,0.64377,0.652334
2716,0.65117,0.643731,0.652292
2717,0.651141,0.643701,0.65226
2718,0.651118,0.643677,0.652234
2719,0.651075,0.643632,0.652191
2720,0.651044,0.6436,0.652159
2721,0.651017,0.643571,0.652134
2722,0.650983,0.643535,0.652102
2723,0.650945,0.643496,0.652069
2724,0.650882,0.643429,0.65201
2725,0.650841,0.643386,0.651972
2726,0.650809,0.643353,0.651943
2727,0.650786,0.643329,0.651927
2728,0.650745,0.643285,0.651893
2729,0.65066,0.643196,0.651814
2730,0.650582,0.643114,0.651738
2731,0.650507,0.643035,0.651663
2732,0.650451,0.642977,0.651604
2733,0.650428,0.642952,0.65158
2734,0.650382,0.642904,0.651534
2735,0.650328,0.642847,0.651478
2736,0.650251,0.642767,0.651399
2737,0.65021,0.642723,0.651354
2738,0.650174,0.642686,0.651315
2739,0.650142,0.642652,0.651282
2740,0.650123,0.642632,0.651263
2741,0.65009,0.642598,0.651233
2742,0.650068,0.642575,0.651216
2743,0.650005,0.642509,0.651158
2744,0.64994,0.64244,0.651097
2745,0.649918,0.642417,0.651079
2746,0.649846,0.642342,0.651012
2747,0.649775,0.642267,0.650942
2748,0.649753,0.642244,0.650923
2749,0.649682,0.642169,0.650854
2750,0.649654,0.64214,0.650828
2751,0.649578,0.64206,0.650755
2752,0.649543,0.642023,0.650721
2753,0.649478,0.641955,0.650658
2754,0.649443,0.641918,0.650624
2755,0.649418,0.641892,0.650602
2756,0.649328,0.641798,0.650515
2757,0.649307,0.641775,0.650495
2758,0.649287,0.641755,0.650481
2759,0.649253,0.641719,0.650454
2760,0.649187,0.64165,0.650396
2761,0.649108,0.641567,0.650322
2762,0.64907,0.641527,0.650289
2763,0.649029,0.641484,0.650253
2764,0.648953,0.641404,0.650183
2765,0.64891,0.641358,0.650144
2766,0.648846,0.641292,0.650085
2767,0.648815,0.641259,0.650058
2768,0.648764,0.641205,0.650013
2769,0.648697,0.641135,0.649952
2770,0.648664,0.6411,0.649924
2771,0.64858,0.641012,0.649846
2772,0.648528,0.640957,0.649798
2773,0.648475,0.640902,0.649749
2774,0.648433,0.640858,0.649712
2775,0.648363,0.640785,0.649647
2776,0.648306,0.640724,0.649593
2777,0.64825,0.640665,0.649541
2778,0.648228,0.640642,0.649524
2779,0.648141,0.640551,0.649442
2780,0.648101,0.640509,0.649407
2781,0.648081,0.640488,0.649394
2782,0.648012,0.640416,0.649335
2783,0.647921,0.64032,0.64925
2784,0.64785,0.640246,0.649183
2785,0.647774,0.640166,0.649108
2786,0.647707,0.640096,0.649042
2787,0.647637,0.640022,0.648971
2788,0.647565,0.639946,0.648897
2789,0.647488,0.639865,0.648816
2790,0.647407,0.63978,0.648728
2791,0.647358,0.639729,0.648672
2792,0.647331,0.639701,0.648639
2793,0.647306,0.639675,0.648611
2794,0.647279,0.639646,0.648584
2795,0.647188,0.639551,0.648493
2796,0.647099,0.639457,0.6484
2797,0.647062,0.639418,0.648358
2798,0.64701,0.639363,0.648302
2799,0.646983,0.639335,0.648273
2800,0.646947,0.639297,0.648237
2801,0.646903,0.639252,0.648195
2802,0.646833,0.639178,0.648126
2803,0.646802,0.639146,0.648097
2804,0.646719,0.639058,0.648015
2805,0.646627,0.638962,0.647922
2806,0.646589,0.638922,0.647881
2807,0.646511,0.63884,0.6478
2808,0.64647,0.638796,0.647754
2809,0.64645,0.638776,0.647732
2810,0.646408,0.638732,0.647691
2811,0.646333,0.638653,0.647616
2812,0.646303,0.638621,0.647586
2813,0.646254,0.63857,0.64754
2814,0.646218,0.638532,0.647506
2815,0.646159,0.63847,0.647451
2816,0.646115,0.638424,0.647412
2817,0.646047,0.638352,0.647347
2818,0.645985,0.638287,0.647288
2819,0.645932,0.638231,0.647238
2820,0.645856,0.638152,0.647164
2821,0.645818,0.638112,0.647128
2822,0.645782,0.638075,0.647096
2823,0.645729,0.638018,0.647047
2824,0.64568,0.637967,0.647003
2825,0.645592,0.637875,0.64692
2826,0.645515,0.637794,0.646843
2827,0.645457,0.637733,0.646785
2828,0.64541,0.637684,0.646739
2829,0.645371,0.637643,0.646702
2830,0.645329,0.637599,0.646664
2831,0.645238,0.637503,0.646575
2832,0.645182,0.637444,0.64652
2833,0.64516,0.637422,0.646501
2834,0.645075,0.637332,0.646419
2835,0.644989,0.637242,0.646333
2836,0.644927,0.637176,0.646269
2837,0.644839,0.637085,0.646178
2838,0.644811,0.637055,0.646146
2839,0.644772,0.637014,0.646104
2840,0.644735,0.636975,0.646068
2841,0.644699,0.636937,0.646034
2842,0.644618,0.636852,0.645956
2843,0.644572,0.636803,0.645911
2844,0.644521,0.63675,0.645862
2845,0.644496,0.636724,0.645841
2846,0.644452,0.636678,0.645805
2847,0.644385,0.636608,0.645745
2848,0.644331,0.636551,0.645698
2849,0.644296,0.636514,0.645671
2850,0.644223,0.636438,0.645607
2851,0.644176,0.636388,0.645569
2852,0.644099,0.636308,0.645501
2853,0.644013,0.636216,0.645421
2854,0.643932,0.636132,0.645345
2855,0.643865,0.636061,0.64528
2856,0.643802,0.635995,0.64522
2857,0.64377,0.635962,0.645192
2858,0.643682,0.635869,0.645108
2859,0.643607,0.635791,0.645035
2860,0.643528,0.635708,0.644956
2861,0.643443,0.635618,0.644869
2862,0.643371,0.635542,0.644792
2863,0.643325,0.635495,0.644743
2864,0.643251,0.635417,0.644665
2865,0.643208,0.635371,0.644618
2866,0.643177,0.635339,0.644586
2867,0.643101,0.635259,0.644509
2868,0.643071,0.635228,0.644479
2869,0.643002,0.635156,0.644412
2870,0.642923,0.635072,0.644332
2871,0.642861,0.635007,0.644269
2872,0.642803,0.634946,0.644209
2873,0.64275,0.634891,0.644155
2874,0.6427,0.634838,0.644105
2875,0.642623,0.634757,0.644027
2876,0.64258,0.634712,0.643984
2877,0.642517,0.634646,0.643921
2878,0.64244,0.634565,0.643843
2879,0.642368,0.63449,0.643768
2880,0.642322,0.634441,0.64372
2881,0.642276,0.634393,0.643672
2882,0.642224,0.634338,0.64362
2883,0.642154,0.634265,0.64355
2884,0.642065,0.634171,0.643458
2885,0.641998,0.634101,0.643386
2886,0.641924,0.634024,0.643307
2887,0.641891,0.633989,0.643268
2888,0.641839,0.633934,0.643212
2889,0.641781,0.633874,0.643151
2890,0.641748,0.633838,0.643114
2891,0.641707,0.633795,0.643073
2892,0.641618,0.633703,0.642984
2893,0.641565,0.633647,0.642928
2894,0.641518,0.633597,0.642879
2895,0.641445,0.633521,0.642804
2896,0.64138,0.633452,0.642736
2897,0.641358,0.633429,0.642712
2898,0.64127,0.633337,0.642623
2899,0.641205,0.633269,0.642554
2900,0.641114,0.633173,0.642456
2901,0.641066,0.633122,0.6424
2902,0.641012,0.633066,0.64234
2903,0.640941,0.632991,0.64226
2904,0.640918,0.632967,0.64223
2905,0.640855,0.632901,0.642161
2906,0.640787,0.63283,0.642085
2907,0.640759,0.6328,0.64205
2908,0.640712,0.632751,0.641999
2909,0.64067,0.632707,0.641952
2910,0.640589,0.632622,0.641866
2911,0.640562,0.632594,0.641834
2912,0.640524,0.632554,0.641793
2913,0.64044,0.632465,0.641704
2914,0.64038,0.632403,0.641638
2915,0.640343,0.632364,0.641595
2916,0.640311,0.632329,0.641558
2917,0.640272,0.632289,0.641517
2918,0.640211,0.632225,0.641454
2919,0.640159,0.63217,0.641399
2920,0.640123,0.632133,0.641361
2921,0.640052,0.632058,0.641287
2922,0.639985,0.631987,0.641216
2923,0.639902,0.6319,0.641126
2924,0.63988,0.631877,0.641096
2925,0.639837,0.631833,0.641048
2926,0.639785,0.631777,0.64099
2927,0.639757,0.631748,0.640958
2928,0.639734,0.631724,0.640933
2929,0.639692,0.63168,0.640891
2930,0.639646,0.631632,0.640846
2931,0.639584,0.631566,0.640784
2932,0.639507,0.631486,0.640705
2933,0.63943,0.631404,0.640623
2934,0.639381,0.631354,0.640568
2935,0.639359,0.63133,0.640541
2936,0.639336,0.631306,0.640516
2937,0.639302,0.63127,0.640481
2938,0.639221,0.631186,0.6404
2939,0.639197,0.63116,0.640374
2940,0.639159,0.63112,0.640336
2941,0.639131,0.631091,0.640311
2942,0.639106,0.631064,0.64029
2943,0.639048,0.631004,0.640238
2944,0.638958,0.630909,0.640151
2945,0.638933,0.630882,0.640127
2946,0.638852,0.630798,0.640049
2947,0.638794,0.630736,0.63999
2948,0.63874,0.63068,0.639935
2949,0.638681,0.630618,0.639874
2950,0.638647,0.630583,0.63984
2951,0.638572,0.630504,0.639763
2952,0.638538,0.630469,0.639727
2953,0.638459,0.630385,0.639645
2954,0.638435,0.63036,0.639617
2955,0.638366,0.630288,0.639545
2956,0.638301,0.630219,0.639475
2957,0.638259,0.630175,0.639428
2958,0.638233,0.630148,0.639398
2959,0.638203,0.630117,0.639366
2960,0.638122,0.630032,0.639283
2961,0.638093,0.630001,0.639251
2962,0.638045,0.62995,0.6392
2963,0.638022,0.629926,0.639177
2964,0.637968,0.62987,0.639123
2965,0.637937,0.629837,0.639092
2966,0.637863,0.629759,0.639019
2967,0.637841,0.629737,0.638998
2968,0.637762,0.629653,0.638919
2969,0.637741,0.629631,0.638898
2970,0.63772,0.629609,0.63888
2971,0.637682,0.629569,0.638847
2972,0.63761,0.629494,0.63878
2973,0.637582,0.629464,0.638757
2974,0.637542,0.629422,0.638723
2975,0.637501,0.62938,0.63869
2976,0.637437,0.629312,0.638633
2977,0.6374,0.629273,0.638603
2978,0.637351,0.629222,0.638562
2979,0.637296,0.629164,0.638516
2980,0.637239,0.629104,0.638467
2981,0.637161,0.629022,0.638395
2982,0.637077,0.628934,0.638315
2983,0.637035,0.62889,0.638276
2984,0.637013,0.628867,0.638259
2985,0.636975,0.628827,0.638228
2986,0.636904,0.628752,0.638165
2987,0.636867,0.628714,0.638136
2988,0.636813,0.628657,0.638091
2989,0.636725,0.628565,0.63801
2990,0.636689,0.628527,0.637981
2991,0.636607,0.62844,0.637905
2992,0.636539,0.62837,0.637842
2993,0.636464,0.62829,0.637769
2994,0.636377,0.628199,0.637683
2995,0.636358,0.628179,0.637664
2996,0.636276,0.628093,0.637584
2997,0.636236,0.628051,0.637545
2998,0.636188,0.628001,0.637499
2999,0.636112,0.627921,0.637425
3000,0.636032,0.627837,0.637345
3001,0.635948,0.627748,0.637257
3002,0.635865,0.627662,0.637168
3003,0.635817,0.627611,0.637112
3004,0.635794,0.627587,0.637084
3005,0.635743,0.627533,0.63703
3006,0.635692,0.62748,0.636976
3007,0.635608,0.627392,0.636888
3008,0.635532,0.627312,0.636805
3009,0.635473,0.62725,0.636739
3010,0.635448,0.627224,0.636706
3011,0.635372,0.627144,0.636623
3012,0.635313,0.627082,0.636556
3013,0.635276,0.627044,0.636511
3014,0.635197,0.62696,0.636423
3015,0.635173,0.626935,0.636391
3016,0.635111,0.62687,0.636321
3017,0.635065,0.626821,0.636266
3018,0.635029,0.626783,0.636223
3019,0.634969,0.626721,0.636156
3020,0.634949,0.6267,0.63613
3021,0.634877,0.626624,0.636052
3022,0.634844,0.62659,0.636013
3023,0.634811,0.626554,0.635975
3024,0.634782,0.626524,0.635944
3025,0.634731,0.626471,0.635891
3026,0.634701,0.626439,0.63586
3027,0.634682,0.62642,0.635843
3028,0.634617,0.626352,0.635781
3029,0.634538,0.626268,0.635702
3030,0.634484,0.626212,0.635647
3031,0.634431,0.626155,0.635591
3032,0.634384,0.626107,0.635542
3033,0.634346,0.626067,0.635502
3034,0.63429,0.626008,0.635444
3035,0.634269,0.625985,0.635422
3036,0.634196,0.625909,0.635349
3037,0.634177,0.625889,0.63533
3038,0.63415,0.625861,0.635306
3039,0.634119,0.625828,0.635279
3040,0.634064,0.62577,0.63523
3041,0.634024,0.625729,0.635196
3042,0.633968,0.625669,0.635146
3043,0.633919,0.625618,0.635103
3044,0.633849,0.625545,0.635038
3045,0.633796,0.625489,0.634989
3046,0.633751,0.625442,0.634948
3047,0.633672,0.625359,0.634872
3048,0.633615,0.625299,0.634817
3049,0.633543,0.625223,0.634744
3050,0.63348,0.625157,0.634679
3051,0.633409,0.625082,0.634604
3052,0.633364,0.625035,0.634555
3053,0.63332,0.624989,0.634507
3054,0.633294,0.624962,0.634479
3055,0.633217,0.624881,0.6344
3056,0.633188,0.624851,0.634368
3057,0.633165,0.624827,0.634345
3058,0.633104,0.624763,0.634285
3059,0.633078,0.624735,0.634261
3060,0.633029,0.624684,0.634215
3061,0.632995,0.624648,0.634186
3062,0.632956,0.624607,0.634152
3063,0.632909,0.624558,0.634112
3064,0.632875,0.624522,0.634086
3065,0.632813,0.624456,0.634032
3066,0.632762,0.624404,0.63399
3067,0.632673,0.62431,0.633908
3068,0.632626,0.62426,0.633866
3069,0.632553,0.624183,0.633797
3070,0.632495,0.624123,0.633743
3071,0.632454,0.62408,0.633706
3072,0.632409,0.624032,0.633666
3073,0.632332,0.623951,0.633593
3074,0.632286,0.623903,0.633551
3075,0.632235,0.62385,0.633505
3076,0.632203,0.623817,0.633479
3077,0.632139,0.623749,0.633422
3078,0.632071,0.623678,0.63336
3079,0.631979,0.623581,0.633272
3080,0.631953,0.623554,0.633249
3081,0.631929,0.623529,0.633231
3082,0.631859,0.623455,0.633169
3083,0.631814,0.623408,0.633133
3084,0.631737,0.623327,0.633063
3085,0.631679,0.623266,0.633012
3086,0.631589,0.623172,0.632928
3087,0.631503,0.623081,0.632844
3088,0.631418,0.622992,0.632758
3089,0.631355,0.622926,0.632693
3090,0.631307,0.622875,0.632642
3091,0.631268,0.622835,0.632603
3092,0.631225,0.62279,0.632562
3093,0.631159,0.622721,0.632498
3094,0.631067,0.622624,0.632406
3095,0.631043,0.622598,0.632381
3096,0.630965,0.622516,0.632303
3097,0.630888,0.622436,0.632225
3098,0.630809,0.622353,0.632143
3099,0.630787,0.62233,0.632118
3100,0.630711,0.62225,0.63204
3101,0.630623,0.622157,0.631947
3102,0.630542,0.622072,0.631858
3103,0.630516,0.622045,0.631825
3104,0.630492,0.622019,0.631797
3105,0.630427,0.621952,0.63173
3106,0.630376,0.621898,0.631676
3107,0.630338,0.621858,0.631636
3108,0.630316,0.621835,0.631615
3109,0.630254,0.621769,0.631556
3110,0.630234,0.621749,0.63154
3111,0.630214,0.621728,0.631529
3112,0.630145,0.621656,0.63147
3113,0.630066,0.621573,0.6314
3114,0.629974,0.621476,0.631314
3115,0.629902,0.6214,0.631244
3116,0.629824,0.621319,0.631168
3117,0.629779,0.621271,0.631123
3118,0.629754,0.621245,0.631102
3119,0.629697,0.621185,0.631051
3120,0.629618,0.621102,0.630976
3121,0.629533,0.621013,0.630893
3122,0.62947,0.620946,0.630831
3123,0.629407,0.62088,0.630768
3124,0.629332,0.620802,0.630693
3125,0.629251,0.620717,0.630609
3126,0.629188,0.620651,0.630541
3127,0.629153,0.620613,0.630502
3128,0.629066,0.620523,0.630413
3129,0.629031,0.620486,0.630374
3130,0.629002,0.620455,0.630343
3131,0.628933,0.620383,0.630275
3132,0.628858,0.620304,0.630198
3133,0.62877,0.620212,0.630106
3134,0.628684,0.620122,0.630013
3135,0.62866,0.620097,0.629981
3136,0.628617,0.620051,0.629933
3137,0.628561,0.619993,0.629874
3138,0.628501,0.61993,0.62981
3139,0.628473,0.6199,0.629779
3140,0.62845,0.619876,0.629756
3141,0.628373,0.619795,0.62968
3142,0.628297,0.619715,0.629603
3143,0.628225,0.619639,0.629528
3144,0.628151,0.619562,0.62945
3145,0.628126,0.619535,0.629421
3146,0.628072,0.619478,0.629364
3147,0.628032,0.619437,0.629323
3148,0.627946,0.619347,0.629235
3149,0.627877,0.619274,0.629161
3150,0.627849,0.619244,0.629129
3151,0.627756,0.619147,0.629032
3152,0.627728,0.619118,0.628999
3153,0.627707,0.619095,0.628975
3154,0.627624,0.619008,0.62889
3155,0.627561,0.618943,0.628824
3156,0.627508,0.618887,0.628766
3157,0.627465,0.618842,0.62872
3158,0.627395,0.618768,0.628645
3159,0.627368,0.618739,0.628614
3160,0.627344,0.618714,0.628589
3161,0.627313,0.618682,0.628561
3162,0.627263,0.61863,0.628515
3163,0.627219,0.618583,0.628474
3164,0.627135,0.618496,0.628395
3165,0.627097,0.618455,0.628358
3166,0.62706,0.618416,0.628326
3167,0.627017,0.618371,0.628289
3168,0.626977,0.618329,0.628257
3169,0.626896,0.618244,0.628183
3170,0.626838,0.618183,0.62813
3171,0.626747,0.618088,0.628044
3172,0.626658,0.617994,0.627955
3173,0.626576,0.617908,0.62787
3174,0.626533,0.617863,0.627823
3175,0.626476,0.617803,0.627763
3176,0.626444,0.617769,0.627729
3177,0.62638,0.617702,0.627664
3178,0.626308,0.617627,0.62759
3179,0.626285,0.617602,0.627565
3180,0.626245,0.61756,0.627525
3181,0.626155,0.617466,0.627436
3182,0.62613,0.61744,0.62741
3183,0.626074,0.617381,0.627356
3184,0.626006,0.617309,0.627288
3185,0.625951,0.617252,0.627233
3186,0.625905,0.617203,0.627188
3187,0.62586,0.617156,0.627145
3188,0.625789,0.617082,0.627075
3189,0.625747,0.617037,0.627034
3190,0.62571,0.616998,0.627
3191,0.625667,0.616953,0.626963
3192,0.625585,0.616867,0.626885
3193,0.625525,0.616805,0.626829
3194,0.625454,0.61673,0.62676
3195,0.6254,0.616674,0.626707
3196,0.625308,0.616576,0.626615
3197,0.625275,0.616542,0.626581
3198,0.625218,0.616482,0.626524
3199,0.625142,0.616403,0.626448
3200,0.625098,0.616356,0.626403
3201,0.625047,0.616302,0.626351
3202,0.624968,0.61622,0.626272
3203,0.624928,0.616178,0.626231
3204,0.62487,0.616117,0.626172
3205,0.624835,0.61608,0.626139
3206,0.624784,0.616027,0.62609
3207,0.624736,0.615976,0.626045
3208,0.624674,0.615911,0.625986
3209,0.624587,0.61582,0.625902
3210,0.624531,0.61576,0.625845
3211,0.624454,0.61568,0.625768
3212,0.624392,0.615615,0.625704
3213,0.624322,0.615541,0.625631
3214,0.624276,0.615493,0.625582
3215,0.624199,0.615412,0.6255
3216,0.624162,0.615374,0.62546
3217,0.624098,0.615306,0.625392
3218,0.624034,0.615238,0.625324
3219,0.623945,0.615146,0.62523
3220,0.623911,0.61511,0.625188
3221,0.623823,0.615017,0.625093
3222,0.623778,0.61497,0.625038
3223,0.623738,0.614929,0.624991
3224,0.623697,0.614885,0.624943
3225,0.623662,0.614848,0.624902
3226,0.623609,0.614793,0.624846
3227,0.623587,0.61477,0.624822
3228,0.623555,0.614735,0.62479
3229,0.623484,0.614662,0.624721
3230,0.62344,0.614615,0.624677
3231,0.623385,0.614558,0.624623
3232,0.623346,0.614517,0.624586
3233,0.623316,0.614485,0.624559
3234,0.623251,0.614417,0.624499
3235,0.623209,0.614373,0.624462
3236,0.623134,0.614293,0.62439
3237,0.623055,0.614211,0.624313
3238,0.623028,0.614183,0.624288
3239,0.622959,0.61411,0.624221
3240,0.622915,0.614064,0.624181
3241,0.622837,0.613982,0.624104
3242,0.62278,0.613923,0.624048
3243,0.622705,0.613843,0.623972
3244,0.622637,0.613772,0.623902
3245,0.622615,0.613749,0.623879
3246,0.62253,0.613659,0.623792
3247,0.622468,0.613595,0.623727
3248,0.622411,0.613534,0.623666
3249,0.622346,0.613466,0.623597
3250,0.622322,0.613441,0.623569
3251,0.622257,0.613373,0.623502
3252,0.622199,0.613312,0.623441
3253,0.622121,0.61323,0.623358
3254,0.622051,0.613157,0.623281
3255,0.621994,0.613096,0.623215
3256,0.62197,0.613072,0.623185
3257,0.621917,0.613016,0.623126
3258,0.621892,0.612989,0.623096
3259,0.621843,0.612938,0.623045
3260,0.621766,0.612858,0.622964
3261,0.621706,0.612794,0.622898
3262,0.621666,0.612753,0.622853
3263,0.621636,0.612721,0.622818
3264,0.621598,0.612681,0.622778
3265,0.621524,0.612603,0.622701
3266,0.621446,0.612522,0.622618
3267,0.621427,0.612501,0.622593
3268,0.621402,0.612476,0.622566
3269,0.62135,0.612421,0.622514
3270,0.621313,0.612382,0.622476
3271,0.621249,0.612315,0.622411
3272,0.621185,0.612248,0.622345
3273,0.621149,0.61221,0.622307
3274,0.621091,0.612149,0.622247
3275,0.621044,0.612099,0.622198
3276,0.621013,0.612067,0.622165
3277,0.620993,0.612046,0.622147
3278,0.620946,0.611997,0.622104
3279,0.62091,0.611958,0.622071
3280,0.620874,0.611921,0.622041
3281,0.620843,0.611889,0.622019
3282,0.620777,0.611819,0.621961
3283,0.620698,0.611736,0.621888
3284,0.620606,0.611639,0.621798
3285,0.620516,0.611545,0.621707
3286,0.620428,0.611452,0.621613
3287,0.620408,0.611431,0.621586
3288,0.620378,0.6114,0.621553
3289,0.62035,0.611371,0.621523
3290,0.620279,0.611296,0.621451
3291,0.620222,0.611236,0.621392
3292,0.620155,0.611166,0.621321
3293,0.620087,0.611094,0.621248
3294,0.620066,0.611073,0.621222
3295,0.620044,0.611049,0.621197
3296,0.620006,0.61101,0.62116
3297,0.619962,0.610963,0.621117
3298,0.619911,0.61091,0.621068
3299,0.619884,0.610881,0.621044
3300,0.619806,0.610799,0.620969
3301,0.619773,0.610765,0.620939
3302,0.619736,0.610726,0.620905
3303,0.619691,0.610678,0.620865
3304,0.61966,0.610647,0.620841
3305,0.619615,0.610599,0.620805
3306,0.619536,0.610516,0.620734
3307,0.619449,0.610425,0.62065
3308,0.619372,0.610344,0.620575
3309,0.619338,0.610308,0.620541
3310,0.619267,0.610234,0.620471
3311,0.619248,0.610214,0.620453
3312,0.619188,0.610151,0.620397
3313,0.61912,0.610079,0.62033
3314,0.619095,0.610053,0.620308
3315,0.619034,0.609989,0.620251
3316,0.618986,0.609939,0.620207
3317,0.618901,0.609849,0.620125
3318,0.61885,0.609795,0.620074
3319,0.618763,0.609705,0.619988
3320,0.618685,0.609623,0.619906
3321,0.618639,0.609574,0.619854
3322,0.618604,0.609538,0.619817
3323,0.618527,0.609457,0.619736
3324,0.618491,0.609418,0.619695
3325,0.618462,0.609388,0.619665
3326,0.618443,0.609369,0.619648
3327,0.618407,0.609331,0.619616
3328,0.618346,0.609266,0.619559
3329,0.61832,0.609239,0.619539
3330,0.618231,0.609146,0.619457
3331,0.618211,0.609125,0.619442
3332,0.618163,0.609074,0.619402
3333,0.618109,0.609018,0.619357
3334,0.618028,0.608932,0.619283
3335,0.617987,0.608889,0.619249
3336,0.61791,0.608809,0.61918
3337,0.61788,0.608778,0.619157
3338,0.61779,0.608682,0.619073
3339,0.617728,0.608618,0.619016
3340,0.617673,0.60856,0.618966
3341,0.61763,0.608515,0.618929
3342,0.617607,0.608491,0.618915
3343,0.617525,0.608405,0.618843
3344,0.61744,0.608315,0.618765
3345,0.617403,0.608277,0.618735
3346,0.617339,0.608209,0.618679
3347,0.617277,0.608144,0.618625
3348,0.617258,0.608124,0.618615
3349,0.617178,0.60804,0.618547
3350,0.617089,0.607946,0.618467
3351,0.616997,0.60785,0.618382
3352,0.616913,0.607761,0.618301
3353,0.616841,0.607686,0.618232
3354,0.616758,0.607599,0.618149
3355,0.616686,0.607523,0.618075
3356,0.616595,0.607428,0.617981
3357,0.616574,0.607406,0.617958
3358,0.616489,0.607316,0.61787
3359,0.616437,0.607262,0.617816
3360,0.61635,0.607171,0.617726
3361,0.616275,0.607092,0.617646
3362,0.6162,0.607014,0.617564
3363,0.616147,0.606957,0.617502
3364,0.616115,0.606924,0.617465
3365,0.616081,0.606888,0.617428
3366,0.616011,0.606815,0.617356
3367,0.615933,0.606733,0.617276
3368,0.615857,0.606654,0.617195
3369,0.615799,0.606593,0.617131
3370,0.615768,0.606559,0.617094
3371,0.615731,0.606521,0.617056
3372,0.615686,0.606474,0.617011
3373,0.61563,0.606414,0.616955
3374,0.615604,0.606388,0.616933
3375,0.615521,0.6063,0.616853
3376,0.615436,0.606211,0.61677
3377,0.615397,0.60617,0.616731
3378,0.615368,0.60614,0.616705
3379,0.615348,0.606119,0.616692
3380,0.615267,0.606034,0.61662
3381,0.615183,0.605946,0.616543
3382,0.615118,0.605877,0.616482
3383,0.615073,0.60583,0.616443
3384,0.615024,0.605778,0.6164
3385,0.614951,0.605702,0.616335
3386,0.61488,0.605627,0.61627
3387,0.614805,0.605548,0.6162
3388,0.614713,0.605452,0.616112
3389,0.614629,0.605363,0.616027
3390,0.614547,0.605277,0.615942
3391,0.614493,0.605221,0.615885
3392,0.614419,0.605144,0.615809
3393,0.614335,0.605055,0.615719
3394,0.614297,0.605015,0.615676
3395,0.614257,0.604973,0.615633
3396,0.614169,0.604881,0.615542
3397,0.614087,0.604795,0.615455
3398,0.614026,0.60473,0.615386
3399,0.613973,0.604675,0.615328
3400,0.613924,0.604624,0.615273
3401,0.613881,0.604579,0.615226
3402,0.613831,0.604525,0.615172
3403,0.613743,0.604433,0.61508
3404,0.613693,0.604381,0.615025
3405,0.613609,0.604293,0.614936
3406,0.613579,0.604261,0.6149
3407,0.613555,0.604236,0.614873
3408,0.613476,0.604153,0.614792
3409,0.613407,0.60408,0.614719
3410,0.613374,0.604046,0.614684
3411,0.613315,0.603984,0.614623
3412,0.61326,0.603926,0.614566
3413,0.61324,0.603905,0.614547
3414,0.613158,0.603819,0.614467
3415,0.613089,0.603747,0.614397
3416,0.613056,0.603712,0.614365
3417,0.612983,0.603635,0.614292
3418,0.612916,0.603565,0.614225
3419,0.612846,0.603492,0.614153
3420,0.612784,0.603427,0.614089
3421,0.612738,0.603378,0.614039
3422,0.612657,0.603293,0.613955
3423,0.612594,0.603227,0.613887
3424,0.612573,0.603205,0.613863
3425,0.612537,0.603167,0.613827
3426,0.612472,0.603098,0.613762
3427,0.612419,0.603043,0.61371
3428,0.612371,0.602993,0.613663
3429,0.612291,0.602909,0.613584
3430,0.612248,0.602863,0.61354
3431,0.61221,0.602824,0.613504
3432,0.612165,0.602777,0.613462
3433,0.612138,0.602749,0.613441
3434,0.61209,0.602697,0.613401
3435,0.612008,0.602611,0.613326
3436,0.611918,0.602517,0.613241
3437,0.611837,0.602432,0.613162
3438,0.611756,0.602347,0.61308
3439,0.611719,0.602308,0.613042
3440,0.611639,0.602225,0.612962
3441,0.611566,0.602147,0.612885
3442,0.611507,0.602086,0.612823
3443,0.611435,0.602009,0.612746
3444,0.611369,0.601941,0.612674
3445,0.611323,0.601893,0.612623
3446,0.611249,0.601815,0.612543
3447,0.611207,0.601771,0.612494
3448,0.611184,0.601747,0.612468
3449,0.611151,0.601711,0.612434
3450,0.611131,0.601691,0.612417
3451,0.611042,0.601597,0.612331
3452,0.610986,0.601539,0.612278
3453,0.610921,0.601471,0.612214
3454,0.610885,0.601432,0.612179
3455,0.610799,0.601342,0.612095
3456,0.610712,0.601251,0.612007
3457,0.610657,0.601194,0.61195
3458,0.61058,0.601112,0.611868
3459,0.610512,0.601041,0.611794
3460,0.610492,0.60102,0.611769
3461,0.610427,0.600952,0.611701
3462,0.610398,0.600922,0.611671
3463,0.61037,0.600892,0.611643
3464,0.610319,0.600838,0.611595
3465,0.610241,0.600757,0.61152
3466,0.610202,0.600715,0.611482
3467,0.610118,0.600627,0.6114
3468,0.610027,0.600531,0.611307
3469,0.609989,0.600492,0.611266
3470,0.609936,0.600436,0.611211
3471,0.609864,0.60036,0.611136
3472,0.609812,0.600306,0.611081
3473,0.609751,0.600242,0.611018
3474,0.60972,0.600209,0.610984
3475,0.609673,0.60016,0.610936
3476,0.609591,0.600074,0.610853
3477,0.609529,0.600009,0.610789
3478,0.609453,0.599929,0.610708
3479,0.609405,0.599879,0.610655
3480,0.609356,0.599827,0.610601
3481,0.609288,0.599756,0.610528
3482,0.609266,0.599732,0.610501
3483,0.609245,0.59971,0.610479
3484,0.609221,0.599685,0.610459
3485,0.609148,0.599608,0.610389
3486,0.609116,0.599575,0.610362
3487,0.609051,0.599507,0.610302
3488,0.609025,0.59948,0.610282
3489,0.608983,0.599436,0.610249
3490,0.608901,0.59935,0.610175
3491,0.608828,0.599273,0.610108
3492,0.608794,0.599237,0.610081
3493,0.608713,0.599152,0.610006
3494,0.608684,0.599122,0.609984
3495,0.608595,0.599028,0.609902
3496,0.608521,0.59895,0.609832
3497,0.608465,0.598891,0.60978
3498,0.608413,0.598836,0.609732
3499,0.60832,0.59874,0.609643
3500,0.608251,0.598666,0.609573
3501,0.608223,0.598637,0.609547
3502,0.608136,0.598546,0.609462
3503,0.608107,0.598516,0.609436
3504,0.608085,0.598493,0.60942
3505,0.608,0.598403,0.609342
3506,0.607957,0.598358,0.609306
3507,0.607871,0.598268,0.609226
3508,0.607798,0.598191,0.609158
3509,0.607723,0.598112,0.609086
3510,0.607647,0.598032,0.609011
3511,0.607575,0.597957,0.60894
3512,0.607503,0.597882,0.608868
3513,0.607432,0.597807,0.608794
3514,0.607355,0.597726,0.608714
3515,0.607281,0.597648,0.608634
3516,0.607189,0.597552,0.608535
3517,0.607168,0.597529,0.608507
3518,0.607087,0.597445,0.60842
3519,0.607037,0.597392,0.608363
3520,0.60697,0.597322,0.608289
3521,0.606917,0.597266,0.608229
3522,0.606894,0.597242,0.608201
3523,0.606818,0.597162,0.608121
3524,0.606778,0.59712,0.608077
3525,0.606714,0.597053,0.60801
3526,0.606654,0.59699,0.607946
3527,0.606567,0.596898,0.607854
3528,0.606504,0.596832,0.607783
3529,0.60643,0.596754,0.6077
3530,0.606408,0.596732,0.60767
3531,0.606346,0.596667,0.607601
3532,0.606318,0.596637,0.607567
3533,0.606299,0.596617,0.607545
3534,0.606244,0.596559,0.60749
3535,0.606209,0.596523,0.607457
3536,0.606122,0.596431,0.607369
3537,0.60604,0.596346,0.607285
3538,0.606006,0.59631,0.607248
3539,0.605968,0.596269,0.607208
3540,0.605895,0.596193,0.607134
3541,0.605831,0.596126,0.607067
3542,0.605783,0.596076,0.607016
3543,0.605705,0.595994,0.606934
3544,0.605625,0.59591,0.606848
3545,0.60555,0.595831,0.606763
3546,0.605531,0.59581,0.606734
3547,0.605509,0.595787,0.606706
3548,0.605445,0.59572,0.606638
3549,0.605416,0.59569,0.606605
3550,0.605385,0.595657,0.606573
3551,0.605339,0.595609,0.606527
3552,0.605304,0.595573,0.606494
3553,0.605268,0.595534,0.606461
3554,0.6052,0.595463,0.606396
3555,0.605177,0.595439,0.606378
3556,0.605125,0.595385,0.606333
3557,0.605068,0.595325,0.606282
3558,0.605042,0.595297,0.606263
3559,0.604949,0.5952,0.606178
3560,0.604906,0.595154,0.60614
3561,0.604826,0.595071,0.606066
3562,0.604789,0.595032,0.606033
3563,0.604704,0.594942,0.605952
3564,0.604636,0.594871,0.605886
3565,0.604598,0.594831,0.605851
3566,0.604522,0.594751,0.605777
3567,0.604482,0.59471,0.605739
3568,0.604402,0.594625,0.605661
3569,0.604324,0.594543,0.605582
3570,0.604245,0.594461,0.605501
3571,0.604205,0.594419,0.605457
3572,0.604183,0.594395,0.605433
3573,0.604106,0.594315,0.605357
3574,0.604025,0.59423,0.605274
3575,0.60397,0.594171,0.605214
3576,0.603922,0.594122,0.605163
3577,0.603897,0.594096,0.605136
3578,0.603848,0.594044,0.605088
3579,0.603818,0.594012,0.60506
3580,0.603741,0.593932,0.604986
3581,0.603662,0.593848,0.604907
3582,0.603586,0.593768,0.604829
3583,0.603517,0.593696,0.604756
3584,0.603443,0.593618,0.604676
3585,0.603366,0.593538,0.604591
3586,0.603337,0.593507,0.604553
3587,0.603291,0.593459,0.604501
3588,0.603267,0.593434,0.604473
3589,0.603234,0.593399,0.604438
3590,0.603185,0.593348,0.604389
3591,0.603122,0.593282,0.604326
3592,0.603094,0.593252,0.604299
3593,0.603037,0.593192,0.604244
3594,0.602995,0.593147,0.604203
3595,0.602921,0.593071,0.604132
3596,0.602845,0.59299,0.604056
3597,0.602787,0.592929,0.603996
3598,0.60275,0.592891,0.603958
3599,0.602664,0.5928,0.60387
3600,0.602586,0.592718,0.603787
3601,0.602534,0.592664,0.603729
3602,0.602469,0.592596,0.603657
3603,0.602448,0.592573,0.603629
3604,0.602426,0.592551,0.603604
3605,0.602386,0.592509,0.603564
3606,0.602358,0.592479,0.603538
3607,0.602326,0.592445,0.60351
3608,0.602238,0.592354,0.603426
3609,0.602219,0.592333,0.60341
3610,0.602185,0.592298,0.603384
3611,0.602117,0.592226,0.603323
3612,0.602085,0.592192,0.603298
3613,0.602012,0.592116,0.603234
3614,0.601926,0.592026,0.603153
3615,0.601887,0.591985,0.603119
3616,0.601821,0.591916,0.603058
3617,0.601768,0.59186,0.60301
3618,0.601706,0.591795,0.602953
3619,0.601616,0.5917,0.602865
3620,0.601557,0.591638,0.602806
3621,0.601498,0.591576,0.602748
3622,0.60146,0.591536,0.60271
3623,0.601403,0.591476,0.602655
3624,0.601343,0.591413,0.602597
3625,0.601255,0.591321,0.60251
3626,0.601176,0.591238,0.602428
3627,0.60114,0.591201,0.602389
3628,0.601091,0.591149,0.602338
3629,0.601058,0.591114,0.602306
3630,0.600999,0.591052,0.602248
3631,0.600923,0.590972,0.602172
3632,0.600868,0.590914,0.602117
3633,0.600814,0.590858,0.602063
3634,0.600743,0.590783,0.60199
3635,0.600652,0.590688,0.601896
3636,0.600562,0.590594,0.601798
3637,0.600498,0.590526,0.601723
3638,0.600471,0.590498,0.601687
3639,0.600393,0.590416,0.601599
3640,0.600371,0.590393,0.601568
3641,0.600331,0.59035,0.601521
3642,0.600278,0.590295,0.601463
3643,0.600238,0.590253,0.601417
3644,0.60021,0.590224,0.601386
3645,0.600182,0.590194,0.601358
3646,0.600108,0.590116,0.601284
3647,0.600056,0.590062,0.60123
3648,0.59999,0.589993,0.601163
3649,0.599902,0.5899,0.60107
3650,0.599833,0.589828,0.600993
3651,0.5998,0.589793,0.600952
3652,0.599732,0.589722,0.600876
3653,0.599709,0.589697,0.600845
3654,0.599688,0.589676,0.60082
3655,0.599643,0.589628,0.600772
3656,0.599598,0.589581,0.600725
3657,0.599518,0.589497,0.600643
3658,0.599486,0.589464,0.600606
3659,0.599463,0.589439,0.600581
3660,0.599441,0.589416,0.60056
3661,0.599418,0.589392,0.600542
3662,0.599341,0.589311,0.60047
3663,0.599294,0.589262,0.600426
3664,0.599203,0.589166,0.600337
3665,0.599181,0.589143,0.600315
3666,0.599141,0.589101,0.600278
3667,0.599111,0.58907,0.600253
3668,0.599062,0.589018,0.60021
3669,0.598983,0.588935,0.600135
3670,0.59894,0.588891,0.600097
3671,0.598858,0.588804,0.600017
3672,0.598815,0.588759,0.599976
3673,0.598756,0.588697,0.599918
3674,0.598729,0.588669,0.599894
3675,0.598694,0.588632,0.599863
3676,0.598623,0.588557,0.599798
3677,0.598544,0.588474,0.599722
3678,0.598522,0.588451,0.599703
3679,0.598457,0.588383,0.599642
3680,0.598433,0.588358,0.599624
3681,0.598362,0.588283,0.599559
3682,0.598284,0.588202,0.599486
3683,0.598194,0.588107,0.599396
3684,0.598158,0.588069,0.59936
3685,0.59814,0.58805,0.599345
3686,0.598101,0.58801,0.599312
3687,0.598075,0.587982,0.599295
3688,0.597987,0.587889,0.599216
3689,0.597904,0.587803,0.599139
3690,0.597838,0.587733,0.599076
3691,0.597792,0.587684,0.599033
3692,0.5977,0.587588,0.598944
3693,0.597643,0.587529,0.598888
3694,0.597557,0.587438,0.5988
3695,0.597514,0.587393,0.598755
3696,0.597452,0.587328,0.598692
3697,0.597391,0.587264,0.598629
3698,0.597364,0.587235,0.598601
3699,0.597293,0.587161,0.59853
3700,0.597242,0.587108,0.598479
3701,0.597163,0.587025,0.598399
3702,0.597087,0.586945,0.598319
3703,0.597056,0.586912,0.598284
3704,0.597022,0.586877,0.59825
3705,0.596975,0.586827,0.598203
3706,0.596946,0.586796,0.598177
3707,0.596859,0.586705,0.598093
3708,0.59678,0.586623,0.598015
3709,0.596738,0.586578,0.597972
3710,0.596692,0.58653,0.597926
3711,0.596671,0.586508,0.597909
3712,0.596602,0.586436,0.597845
3713,0.596514,0.586343,0.597759
3714,0.596454,0.586279,0.597699
3715,0.596412,0.586236,0.597659
3716,0.596386,0.586209,0.597637
3717,0.596345,0.586165,0.597601
3718,0.596279,0.586097,0.597543
3719,0.596189,0.586002,0.597459
3720,0.596106,0.585915,0.597378
3721,0.596059,0.585865,0.597331
3722,0.595969,0.585771,0.597242
3723,0.595912,0.585711,0.597182
3724,0.595849,0.585645,0.597117
3725,0.595792,0.585585,0.597058
3726,0.59572,0.58551,0.596983
3727,0.595632,0.585417,0.59689
3728,0.595589,0.585372,0.59684
3729,0.595544,0.585324,0.596789
3730,0.595456,0.585232,0.596695
3731,0.595436,0.585211,0.596668
3732,0.59541,0.585183,0.596639
3733,0.595323,0.585093,0.596551
3734,0.595289,0.585057,0.596513
3735,0.59524,0.585006,0.596463
3736,0.595214,0.584978,0.596436
3737,0.595175,0.584937,0.596401
3738,0.595119,0.584878,0.596349
3739,0.59506,0.584816,0.596294
3740,0.594969,0.58472,0.596205
3741,0.594945,0.584696,0.596183
3742,0.594904,0.584653,0.596146
3743,0.594822,0.584566,0.596068
3744,0.594783,0.584525,0.596033
3745,0.594711,0.58445,0.595965
3746,0.59463,0.584365,0.595886
3747,0.594598,0.584332,0.595856
3748,0.594514,0.584243,0.595773
3749,0.594462,0.584189,0.595723
3750,0.594376,0.584099,0.595636
3751,0.594348,0.584069,0.595607
3752,0.594286,0.584004,0.595546
3753,0.594226,0.583941,0.595487
3754,0.594154,0.583865,0.595414
3755,0.594107,0.583816,0.595367
3756,0.594052,0.583758,0.595312
3757,0.594018,0.583722,0.595279
3758,0.593937,0.583637,0.5952
3759,0.593909,0.583608,0.595174
3760,0.593829,0.583524,0.595096
3761,0.593749,0.583439,0.595016
3762,0.593701,0.583389,0.594967
3763,0.593641,0.583326,0.594907
3764,0.593617,0.583301,0.594885
3765,0.593542,0.583222,0.594813
3766,0.593515,0.583194,0.594789
3767,0.593439,0.583114,0.594718
3768,0.593358,0.583029,0.594639
3769,0.593306,0.582975,0.594588
3770,0.593221,0.582885,0.594504
3771,0.593158,0.582819,0.594439
3772,0.593114,0.582773,0.594394
3773,0.593041,0.582696,0.59432
3774,0.592995,0.582648,0.594273
3775,0.592911,0.58256,0.594187
3776,0.592851,0.582497,0.594124
3777,0.592807,0.58245,0.594077
3778,0.592781,0.582423,0.594051
3779,0.592711,0.582349,0.593982
3780,0.592658,0.582294,0.59393
3781,0.5926,0.582233,0.593873
3782,0.59253,0.58216,0.593804
3783,0.592443,0.582068,0.593714
3784,0.592406,0.582029,0.593675
3785,0.592343,0.581963,0.59361
3786,0.592255,0.581871,0.593519
3787,0.59218,0.581792,0.593438
3788,0.592145,0.581755,0.593397
3789,0.592109,0.581718,0.593357
3790,0.592029,0.581634,0.593274
3791,0.591989,0.581592,0.59323
3792,0.591918,0.581517,0.593154
3793,0.591891,0.581489,0.593123
3794,0.591837,0.581432,0.593068
3795,0.591782,0.581374,0.593011
3796,0.591739,0.58133,0.592968
3797,0.59168,0.581267,0.592908
3798,0.591606,0.58119,0.592833
3799,0.591523,0.581102,0.592746
3800,0.591472,0.581049,0.59269
3801,0.591422,0.580997,0.592635
3802,0.591403,0.580976,0.592612
3803,0.591353,0.580924,0.592562
3804,0.591291,0.580859,0.592499
3805,0.591218,0.580782,0.592424
3806,0.591174,0.580736,0.592377
3807,0.591132,0.580692,0.592334
3808,0.591095,0.580654,0.592298
3809,0.591049,0.580605,0.592254
3810,0.590984,0.580536,0.592191
3811,0.590959,0.58051,0.592168
3812,0.590889,0.580437,0.592102
3813,0.590865,0.580412,0.592083
3814,0.590776,0.580318,0.591999
3815,0.590756,0.580297,0.591984
3816,0.590678,0.580216,0.591913
3817,0.590605,0.580139,0.591843
3818,0.590563,0.580094,0.591804
3819,0.59047,0.579997,0.591715
3820,0.590394,0.579917,0.591638
3821,0.590312,0.579831,0.591553
3822,0.590238,0.579753,0.591473
3823,0.590186,0.579699,0.591415
3824,0.590123,0.579633,0.591346
3825,0.590096,0.579604,0.591313
3826,0.590061,0.579568,0.591275
3827,0.590019,0.579524,0.591232
3828,0.58998,0.579482,0.591193
3829,0.589939,0.579439,0.591154
3830,0.589871,0.579368,0.59109
3831,0.589805,0.579298,0.591025
3832,0.589713,0.579202,0.590932
3833,0.589655,0.57914,0.59087
3834,0.589584,0.579066,0.590795
3835,0.589559,0.57904,0.590765
3836,0.589512,0.578991,0.590717
3837,0.589467,0.578944,0.590671
3838,0.589423,0.578898,0.590628
3839,0.589391,0.578864,0.590598
3840,0.58937,0.578842,0.590582
3841,0.589319,0.578789,0.59054
3842,0.589231,0.578696,0.590459
3843,0.589157,0.578618,0.590389
3844,0.589123,0.578582,0.590358
3845,0.589067,0.578523,0.590308
3846,0.588978,0.57843,0.590224
3847,0.588936,0.578386,0.590184
3848,0.588857,0.578303,0.590109
3849,0.588779,0.578221,0.59003
3850,0.588742,0.578183,0.589994
3851,0.588653,0.578088,0.589904
3852,0.588581,0.578013,0.589829
3853,0.588552,0.577983,0.589798
3854,0.588521,0.57795,0.589768
3855,0.588496,0.577924,0.589747
3856,0.588438,0.577863,0.589695
3857,0.588348,0.577769,0.58961
3858,0.588292,0.57771,0.589557
3859,0.588203,0.577616,0.589469
3860,0.588142,0.577553,0.589408
3861,0.588113,0.577522,0.58938
3862,0.588035,0.57744,0.589303
3863,0.587964,0.577365,0.589232
3864,0.58792,0.577319,0.589187
3865,0.587851,0.577247,0.589119
3866,0.587801,0.577195,0.589069
3867,0.587719,0.577109,0.588986
3868,0.58766,0.577047,0.588925
3869,0.587591,0.576973,0.588852
3870,0.587501,0.576879,0.588757
3871,0.587423,0.576797,0.58867
3872,0.587377,0.576749,0.588615
3873,0.587312,0.576681,0.588541
3874,0.587255,0.576621,0.588474
3875,0.587221,0.576585,0.58843
3876,0.587176,0.576538,0.588378
3877,0.587126,0.576485,0.588321
3878,0.587107,0.576466,0.588298
3879,0.587033,0.576388,0.588222
3880,0.586997,0.57635,0.588181
3881,0.58691,0.576259,0.58809
3882,0.58688,0.576227,0.588054
3883,0.586854,0.5762,0.588026
3884,0.586793,0.576136,0.587964
3885,0.586722,0.576062,0.587891
3886,0.586655,0.575991,0.587819
3887,0.586601,0.575935,0.58776
3888,0.586551,0.575882,0.587704
3889,0.58647,0.575797,0.587616
3890,0.586431,0.575756,0.587569
3891,0.586397,0.57572,0.587528
3892,0.586364,0.575686,0.587491
3893,0.586335,0.575655,0.587459
3894,0.586245,0.575561,0.587366
3895,0.586221,0.575536,0.587337
3896,0.586183,0.575495,0.587296
3897,0.586154,0.575464,0.587266
3898,0.586119,0.575428,0.587233
3899,0.586043,0.575349,0.587159
3900,0.585985,0.575287,0.5871
3901,0.585911,0.57521,0.587024
3902,0.585878,0.575175,0.586988
3903,0.585823,0.575117,0.58693
3904,0.585793,0.575086,0.586899
3905,0.585769,0.575061,0.586875
3906,0.585693,0.574981,0.586801
3907,0.585657,0.574943,0.586765
3908,0.585593,0.574876,0.586702
3909,0.585567,0.574849,0.586677
3910,0.585515,0.574794,0.586627
3911,0.585449,0.574725,0.586563
3912,0.585414,0.574688,0.586529
3913,0.585348,0.574618,0.586464
3914,0.585283,0.574551,0.5864
3915,0.585256,0.574522,0.586373
3916,0.585216,0.57448,0.586335
3917,0.585193,0.574456,0.586317
3918,0.585148,0.574409,0.586278
3919,0.585068,0.574325,0.586204
3920,0.585039,0.574294,0.58618
3921,0.584979,0.574232,0.586127
3922,0.584936,0.574186,0.58609
3923,0.584857,0.574103,0.586017
3924,0.584801,0.574045,0.585965
3925,0.584724,0.573964,0.585891
3926,0.584674,0.573911,0.585843
3927,0.584627,0.573862,0.585798
3928,0.584553,0.573783,0.585725
3929,0.584531,0.573761,0.585706
3930,0.584447,0.573673,0.585625
3931,0.58441,0.573634,0.585589
3932,0.584325,0.573545,0.585506
3933,0.584255,0.573471,0.585435
3934,0.58422,0.573435,0.585398
3935,0.584163,0.573374,0.585341
3936,0.58409,0.573298,0.585267
3937,0.584029,0.573234,0.585203
3938,0.583992,0.573195,0.585164
3939,0.58393,0.57313,0.585099
3940,0.583887,0.573084,0.585054
3941,0.583836,0.573031,0.585002
3942,0.583765,0.572956,0.584929
3943,0.583716,0.572905,0.584878
3944,0.583684,0.572872,0.584845
3945,0.583621,0.572805,0.584782
3946,0.583542,0.572723,0.584701
3947,0.583509,0.572688,0.584665
3948,0.583445,0.572621,0.584599
3949,0.583424,0.572598,0.584577
3950,0.583355,0.572526,0.584508
3951,0.583331,0.572501,0.584484
3952,0.583273,0.57244,0.584429
3953,0.583223,0.572388,0.584382
3954,0.583186,0.572348,0.584347
3955,0.5831,0.572259,0.584265
3956,0.583023,0.572178,0.584187
3957,0.582969,0.572121,0.58413
3958,0.582947,0.572098,0.584108
3959,0.582888,0.572036,0.584051
3960,0.582861,0.572007,0.584025
3961,0.582776,0.571918,0.583943
3962,0.582733,0.571873,0.583901
3963,0.582709,0.571847,0.58388
3964,0.582675,0.571812,0.583852
3965,0.58259,0.571722,0.583773
3966,0.582499,0.571627,0.583685
3967,0.582446,0.571572,0.583633
3968,0.582407,0.57153,0.583594
3969,0.582357,0.571478,0.583547
3970,0.582274,0.57139,0.583465
3971,0.582229,0.571344,0.583421
3972,0.582189,0.571302,0.583382
3973,0.582147,0.571258,0.583344
3974,0.582088,0.571195,0.583289
3975,0.582063,0.57117,0.58327
3976,0.581982,0.571084,0.583196
3977,0.581949,0.57105,0.583169
3978,0.581863,0.57096,0.58309
3979,0.581807,0.570901,0.583038
3980,0.581784,0.570877,0.583022
3981,0.581721,0.57081,0.582967
3982,0.581665,0.570752,0.58292
3983,0.581582,0.570665,0.582845
3984,0.58152,0.570599,0.582789
3985,0.581431,0.570506,0.582705
3986,0.5814,0.570474,0.582678
3987,0.581317,0.570386,0.5826
3988,0.581249,0.570314,0.582535
3989,0.581181,0.570243,0.582469
3990,0.5811,0.570159,0.58239
3991,0.581025,0.57008,0.582314
3992,0.580978,0.57003,0.582265
3993,0.580903,0.569952,0.582189
3994,0.58083,0.569875,0.582113
3995,0.58075,0.569791,0.582028
3996,0.580729,0.569768,0.582003
3997,0.580646,0.569682,0.581917
3998,0.580584,0.569616,0.58185
3999,0.580535,0.569566,0.581798
4000,0.580495,0.569523,0.581755
4001,0.580455,0.569481,0.581715
4002,0.580422,0.569446,0.581684
4003,0.580358,0.569379,0.581623
4004,0.580266,0.569282,0.581533
4005,0.580185,0.569198,0.581451
4006,0.580111,0.56912,0.581373
4007,0.580056,0.569062,0.581312
4008,0.580032,0.569036,0.581285
4009,0.579964,0.568965,0.581217
4010,0.579875,0.568872,0.581124
4011,0.57982,0.568815,0.581065
4012,0.579798,0.568791,0.581039
4013,0.579738,0.568728,0.580979
4014,0.579711,0.5687,0.580952
4015,0.579667,0.568654,0.580911
4016,0.579591,0.568573,0.580838
4017,0.57955,0.56853,0.5808
4018,0.579501,0.568479,0.580755
4019,0.579444,0.56842,0.580704
4020,0.579398,0.568371,0.580664
4021,0.579329,0.568299,0.580602
4022,0.579242,0.568207,0.580519
4023,0.579163,0.568125,0.580442
4024,0.579083,0.56804,0.580362
4025,0.579053,0.568009,0.580331
4026,0.578968,0.567919,0.580246
4027,0.578948,0.567898,0.580227
4028,0.578872,0.567819,0.580154
4029,0.578838,0.567783,0.580123
4030,0.578789,0.567731,0.580078
4031,0.578724,0.567664,0.58002
4032,0.578635,0.56757,0.579934
4033,0.578557,0.567488,0.579858
4034,0.578505,0.567433,0.579806
4035,0.578478,0.567405,0.579782
4036,0.578388,0.56731,0.579696
4037,0.578298,0.567217,0.579607
4038,0.57824,0.567156,0.579548
4039,0.578195,0.567108,0.579503
4040,0.578127,0.567037,0.579436
4041,0.578057,0.566963,0.579365
4042,0.57802,0.566924,0.579329
4043,0.577974,0.566875,0.579285
4044,0.577924,0.566824,0.579241
4045,0.577843,0.566739,0.579164
4046,0.577759,0.566651,0.579082
4047,0.577697,0.566585,0.579021
4048,0.577619,0.566504,0.578943
4049,0.577568,0.56645,0.578891
4050,0.577478,0.566355,0.5788
4051,0.577405,0.566279,0.578723
4052,0.57736,0.566231,0.578674
4053,0.577309,0.566178,0.578621
4054,0.57729,0.566158,0.578603
4055,0.577244,0.566109,0.578561
4056,0.577171,0.566032,0.578492
4057,0.577117,0.565976,0.578443
4058,0.577036,0.565891,0.578366
4059,0.576956,0.565807,0.578289
4060,0.576899,0.565748,0.578233
4061,0.57684,0.565686,0.578176
4062,0.576771,0.565613,0.578109
4063,0.576739,0.565579,0.57808
4064,0.576659,0.565496,0.578004
4065,0.576573,0.565405,0.57792
4066,0.57649,0.565318,0.577837
4067,0.57642,0.565244,0.577764
4068,0.576338,0.565159,0.577679
4069,0.576271,0.565087,0.577606
4070,0.576201,0.565014,0.57753
4071,0.576168,0.56498,0.577492
4072,0.576125,0.564934,0.577446
4073,0.576063,0.56487,0.577384
4074,0.575979,0.564781,0.577297
4075,0.575921,0.56472,0.577235
4076,0.575883,0.56468,0.577195
4077,0.575796,0.564589,0.577107
4078,0.575761,0.564552,0.577069
4079,0.575698,0.564487,0.577005
4080,0.575617,0.564401,0.576922
4081,0.575575,0.564357,0.576877
4082,0.575516,0.564295,0.576817
4083,0.575445,0.564221,0.576745
4084,0.57536,0.564131,0.576655
4085,0.575291,0.564059,0.576581
4086,0.575246,0.564011,0.576529
4087,0.575209,0.563973,0.576489
4088,0.575128,0.563887,0.576404
4089,0.575054,0.56381,0.576325
4090,0.574997,0.56375,0.576261
4091,0.574943,0.563693,0.5762
4092,0.574853,0.563598,0.576102
4093,0.5748,0.563543,0.57604
4094,0.574745,0.563485,0.575975
4095,0.574721,0.56346,0.575943
4096,0.57463,0.563365,0.575844
4097,0.574602,0.563335,0.575807
4098,0.574523,0.563252,0.57572
4099,0.574499,0.563227,0.575687
4100,0.574453,0.563178,0.575634
4101,0.574419,0.563143,0.575596
4102,0.574333,0.563053,0.575505
4103,0.574303,0.563022,0.575468
4104,0.574257,0.562973,0.575418
4105,0.57423,0.562944,0.575387
4106,0.574153,0.562864,0.575309
4107,0.574088,0.562796,0.575239
4108,0.574036,0.562741,0.575182
4109,0.574008,0.562712,0.575149
4110,0.573974,0.562676,0.575112
4111,0.573921,0.562621,0.575059
4112,0.573891,0.562589,0.575029
4113,0.573853,0.562549,0.574993
4114,0.573801,0.562495,0.574944
4115,0.573734,0.562424,0.574879
4116,0.573679,0.562367,0.574826
4117,0.573642,0.562327,0.57479
4118,0.573567,0.562249,0.574717
4119,0.573541,0.562222,0.574693
4120,0.57351,0.562189,0.574666
4121,0.573418,0.562093,0.574578
4122,0.573333,0.562003,0.574493
4123,0.573267,0.561934,0.574424
4124,0.573244,0.561909,0.574398
4125,0.573156,0.561817,0.574309
4126,0.573137,0.561797,0.574286
4127,0.573116,0.561775,0.574267
4128,0.573065,0.561722,0.574219
4129,0.572987,0.56164,0.574144
4130,0.572939,0.56159,0.574097
4131,0.572854,0.561499,0.574011
4132,0.572822,0.561466,0.573977
4133,0.572729,0.561369,0.573883
4134,0.572675,0.561312,0.573824
4135,0.572647,0.561282,0.573792
4136,0.572594,0.561227,0.573737
4137,0.57256,0.561192,0.573703
4138,0.572509,0.561138,0.573652
4139,0.57246,0.561086,0.573603
4140,0.572414,0.561038,0.573559
4141,0.572332,0.560951,0.573477
4142,0.572306,0.560924,0.57345
4143,0.572225,0.560839,0.573369
4144,0.572206,0.560819,0.57335
4145,0.572178,0.56079,0.573326
4146,0.572147,0.560757,0.5733
4147,0.572105,0.560714,0.573267
4148,0.572054,0.56066,0.573226
4149,0.571985,0.560587,0.573166
4150,0.571895,0.560493,0.573083
4151,0.571844,0.560439,0.573036
4152,0.571768,0.56036,0.572964
4153,0.571694,0.560282,0.572892
4154,0.571649,0.560234,0.572847
4155,0.571621,0.560205,0.572823
4156,0.571595,0.560178,0.572803
4157,0.571513,0.560092,0.572729
4158,0.571427,0.560001,0.572648
4159,0.571377,0.559949,0.572601
4160,0.571307,0.559876,0.572534
4161,0.571227,0.559791,0.572455
4162,0.571165,0.559726,0.572392
4163,0.571087,0.559645,0.572313
4164,0.571065,0.559622,0.57229
4165,0.571027,0.559582,0.572253
4166,0.570986,0.559538,0.572216
4167,0.570896,0.559444,0.57213
4168,0.570811,0.559355,0.572046
4169,0.570723,0.559262,0.571955
4170,0.570631,0.559166,0.571857
4171,0.570588,0.55912,0.571805
4172,0.570566,0.559098,0.571777
4173,0.570483,0.55901,0.571689
4174,0.570424,0.558948,0.571623
4175,0.570393,0.558916,0.571587
4176,0.570318,0.558837,0.571507
4177,0.570291,0.558809,0.571475
4178,0.57025,0.558766,0.571432
4179,0.570184,0.558696,0.571363
4180,0.570144,0.558654,0.571321
4181,0.570102,0.55861,0.571279
4182,0.570013,0.558517,0.571189
4183,0.569953,0.558454,0.571125
4184,0.56993,0.55843,0.571099
4185,0.56989,0.558388,0.571059
4186,0.569824,0.558318,0.570993
4187,0.56977,0.558262,0.57094
4188,0.569693,0.558181,0.570861
4189,0.569659,0.558145,0.570824
4190,0.5696,0.558083,0.570765
4191,0.569508,0.557987,0.57067
4192,0.569445,0.557921,0.570601
4193,0.569408,0.557882,0.570558
4194,0.569325,0.557794,0.570468
4195,0.569261,0.557727,0.570394
4196,0.569236,0.557701,0.57036
4197,0.569211,0.557675,0.57033
4198,0.569149,0.557609,0.570263
4199,0.569091,0.557548,0.570199
4200,0.569053,0.557508,0.570156
4201,0.568997,0.557451,0.570095
4202,0.568971,0.557423,0.570065
4203,0.568936,0.557386,0.570028
4204,0.568913,0.557362,0.570006
4205,0.568873,0.55732,0.569969
4206,0.568824,0.557269,0.569924
4207,0.568753,0.557194,0.569855
4208,0.568728,0.557167,0.569833
4209,0.568694,0.557132,0.569804
4210,0.568675,0.557112,0.569794
4211,0.568594,0.557027,0.569722
4212,0.568541,0.556971,0.569676
4213,0.568468,0.556895,0.56961
4214,0.568429,0.556853,0.569577
4215,0.568338,0.556758,0.569491
4216,0.568264,0.55668,0.569418
4217,0.568224,0.556638,0.569379
4218,0.568142,0.556552,0.569298
4219,0.568108,0.556517,0.569264
4220,0.568088,0.556496,0.569247
4221,0.568043,0.556449,0.569207
4222,0.567997,0.5564,0.569168
4223,0.56792,0.556319,0.569097
4224,0.567841,0.556236,0.569022
4225,0.56779,0.556182,0.568973
4226,0.567759,0.556151,0.568947
4227,0.567674,0.556061,0.568866
4228,0.567598,0.555981,0.568792
4229,0.567521,0.5559,0.568714
4230,0.567501,0.555879,0.568693
4231,0.56744,0.555815,0.568635
4232,0.567368,0.555739,0.568563
4233,0.567326,0.555696,0.568522
4234,0.567259,0.555625,0.568457
4235,0.56722,0.555584,0.568418
4236,0.567135,0.555495,0.568335
4237,0.567087,0.555445,0.568287
4238,0.567065,0.555422,0.568267
4239,0.567016,0.55537,0.568222
4240,0.566987,0.55534,0.5682
4241,0.566908,0.555257,0.568129
4242,0.566832,0.555177,0.568058
4243,0.566796,0.555139,0.568027
4244,0.566704,0.555043,0.567941
4245,0.566634,0.554969,0.567873
4246,0.56658,0.554912,0.567821
4247,0.566497,0.554825,0.56774
4248,0.566409,0.554733,0.56765
4249,0.566318,0.554637,0.567554
4250,0.566244,0.55456,0.567471
4251,0.566186,0.554499,0.567403
4252,0.566152,0.554463,0.56736
4253,0.566095,0.554403,0.567296
4254,0.566015,0.554318,0.567207
4255,0.565965,0.554267,0.567148
4256,0.565943,0.554244,0.567118
4257,0.565916,0.554215,0.567087
4258,0.565829,0.554123,0.566995
4259,0.565809,0.554103,0.566971
4260,0.565776,0.554068,0.566937
4261,0.565704,0.553992,0.566863
4262,0.565655,0.553941,0.566813
4263,0.565602,0.553886,0.566759
4264,0.565548,0.553828,0.566703
4265,0.565507,0.553786,0.566662
4266,0.565436,0.553711,0.56659
4267,0.565395,0.553668,0.566547
4268,0.565333,0.553603,0.566485
4269,0.565268,0.553534,0.566418
4270,0.565246,0.553511,0.566395
4271,0.565197,0.55346,0.566347
4272,0.565163,0.553425,0.566316
4273,0.565116,0.553375,0.566273
4274,0.565034,0.553289,0.566195
4275,0.565001,0.553254,0.566163
4276,0.564947,0.553197,0.566114
4277,0.564881,0.553128,0.566051
4278,0.564808,0.553051,0.56598
4279,0.564732,0.552972,0.565905
4280,0.564683,0.552921,0.565854
4281,0.56462,0.552854,0.56579
4282,0.56457,0.552802,0.565738
4283,0.564543,0.552774,0.565711
4284,0.56451,0.552739,0.565681
4285,0.564467,0.552694,0.565644
4286,0.564407,0.552631,0.565589
4287,0.564359,0.552581,0.565548
4288,0.564321,0.55254,0.565517
4289,0.564245,0.55246,0.565449
4290,0.564175,0.552387,0.565385
4291,0.564121,0.55233,0.565336
4292,0.564041,0.552246,0.565261
4293,0.564005,0.552209,0.565229
4294,0.563931,0.552131,0.56516
4295,0.563858,0.552054,0.565091
4296,0.563811,0.552005,0.565047
4297,0.563759,0.55195,0.564999
4298,0.563693,0.551881,0.564937
4299,0.563629,0.551814,0.564877
4300,0.563547,0.551727,0.564797
4301,0.563519,0.551698,0.564771
4302,0.56344,0.551615,0.564696
4303,0.563358,0.551529,0.564615
4304,0.56329,0.551458,0.564547
4305,0.563243,0.551408,0.564499
4306,0.563218,0.551382,0.564476
4307,0.563128,0.551288,0.56439
4308,0.563045,0.551201,0.564306
4309,0.562957,0.551109,0.564216
4310,0.56289,0.551038,0.564143
4311,0.562838,0.550983,0.564085
4312,0.562801,0.550945,0.564044
4313,0.562712,0.550851,0.563951
4314,0.56264,0.550775,0.563872
4315,0.562599,0.550732,0.563824
4316,0.562554,0.550685,0.563774
4317,0.562478,0.550605,0.563692
4318,0.562443,0.550569,0.563652
4319,0.562359,0.55048,0.563562
4320,0.562294,0.550411,0.563489
4321,0.562252,0.550367,0.563439
4322,0.562224,0.550338,0.563405
4323,0.56218,0.550292,0.563358
4324,0.562143,0.550254,0.56332
4325,0.56208,0.550187,0.563256
4326,0.561999,0.550102,0.563172
4327,0.561947,0.550048,0.563116
4328,0.561912,0.550011,0.563078
4329,0.561886,0.549983,0.56305
4330,0.561844,0.549939,0.56301
4331,0.561762,0.549853,0.56293
4332,0.561686,0.549774,0.562853
4333,0.561604,0.549688,0.562766
4334,0.561586,0.549668,0.562743
4335,0.561527,0.549606,0.562682
4336,0.561486,0.549564,0.562639
4337,0.561445,0.549521,0.562597
4338,0.561367,0.549439,0.562518
4339,0.561333,0.549403,0.562483
4340,0.561277,0.549344,0.562426
4341,0.561253,0.549318,0.562403
4342,0.561174,0.549236,0.562325
4343,0.561133,0.549193,0.562285
4344,0.561054,0.54911,0.562206
4345,0.560989,0.549041,0.562139
4346,0.560918,0.548967,0.562064
4347,0.560863,0.54891,0.562004
4348,0.560808,0.548851,0.561943
4349,0.560748,0.548789,0.561877
4350,0.560722,0.548761,0.561846
4351,0.560689,0.548727,0.561811
4352,0.560658,0.548694,0.561779
4353,0.560628,0.548663,0.561751
4354,0.560566,0.548597,0.561693
4355,0.56052,0.548549,0.56165
4356,0.560432,0.548456,0.561564
4357,0.56039,0.548413,0.561522
4358,0.560365,0.548386,0.561499
4359,0.560317,0.548336,0.561456
4360,0.560256,0.548272,0.5614
4361,0.560178,0.54819,0.561324
4362,0.560131,0.548141,0.561279
4363,0.560102,0.548111,0.561253
4364,0.560057,0.548063,0.561213
4365,0.560018,0.548022,0.561181
4366,0.559943,0.547943,0.561113
4367,0.559915,0.547914,0.561093
4368,0.559851,0.547847,0.561038
4369,0.559784,0.547777,0.560979
4370,0.559729,0.547719,0.560932
4371,0.55964,0.547625,0.560848
4372,0.559548,0.547528,0.560758
4373,0.559503,0.547481,0.560714
4374,0.559438,0.547413,0.56065
4375,0.559413,0.547386,0.560627
4376,0.559351,0.547322,0.56057
4377,0.559275,0.547242,0.560497
4378,0.559206,0.54717,0.56043
4379,0.559149,0.547109,0.560373
4380,0.559065,0.547021,0.560288
4381,0.559002,0.546955,0.560223
4382,0.558935,0.546885,0.560154
4383,0.558905,0.546854,0.560121
4384,0.558819,0.546763,0.560033
4385,0.558782,0.546725,0.559994
4386,0.558707,0.546645,0.559916
4387,0.558627,0.546562,0.559832
4388,0.558581,0.546513,0.55978
4389,0.558501,0.546429,0.559694
4390,0.558478,0.546405,0.559664
4391,0.558443,0.546368,0.559627
4392,0.55841,0.546334,0.559594
4393,0.558365,0.546287,0.559551
4394,0.558292,0.54621,0.55948
4395,0.558258,0.546174,0.559447
4396,0.558225,0.54614,0.559419
4397,0.558185,0.546098,0.559387
4398,0.558106,0.546014,0.559314
4399,0.558038,0.545943,0.559252
4400,0.557953,0.545854,0.55917
4401,0.55788,0.545778,0.559098
4402,0.557821,0.545716,0.559039
4403,0.557743,0.545633,0.558959
4404,0.557656,0.545542,0.558867
4405,0.557586,0.545468,0.55879
4406,0.557555,0.545436,0.558753
4407,0.557526,0.545406,0.55872
4408,0.557499,0.545377,0.558692
4409,0.557429,0.545303,0.558623
4410,0.557354,0.545225,0.558548
4411,0.557321,0.54519,0.558513
4412,0.55729,0.545158,0.558485
4413,0.55726,0.545126,0.558459
4414,0.55722,0.545085,0.558428
4415,0.557143,0.545003,0.558359
4416,0.557052,0.544908,0.558274
4417,0.556965,0.544816,0.558188
4418,0.556937,0.544787,0.558161
4419,0.556856,0.544702,0.558083
4420,0.55678,0.544622,0.558006
4421,0.556758,0.544599,0.557984
4422,0.556694,0.544532,0.557922
4423,0.556618,0.544453,0.557848
4424,0.556544,0.544375,0.557774
4425,0.556517,0.544346,0.557746
4426,0.556494,0.544322,0.557727
4427,0.556433,0.544258,0.557672
4428,0.556345,0.544166,0.55759
4429,0.556296,0.544114,0.557544
4430,0.556214,0.544028,0.557465
4431,0.556127,0.543936,0.557378
4432,0.55608,0.543887,0.55733
4433,0.556023,0.543827,0.557272
4434,0.555937,0.543738,0.557186
4435,0.555886,0.543684,0.557132
4436,0.5558,0.543593,0.557042
4437,0.555712,0.543501,0.556947
4438,0.555663,0.54345,0.55689
4439,0.555618,0.543402,0.556837
4440,0.55558,0.543363,0.556795
4441,0.55555,0.543331,0.556762
4442,0.5555,0.543278,0.556711
4443,0.555409,0.543183,0.556619
4444,0.555353,0.543124,0.556559
4445,0.55527,0.543036,0.55647
4446,0.555226,0.542991,0.55642
4447,0.555143,0.542904,0.556331
4448,0.555098,0.542856,0.556276
4449,0.555058,0.542815,0.55623
4450,0.555025,0.54278,0.556192
4451,0.554953,0.542704,0.556115
4452,0.554902,0.542651,0.556059
4453,0.554882,0.542629,0.556034
4454,0.554836,0.542581,0.555987
4455,0.55476,0.542501,0.55591
4456,0.554727,0.542467,0.555875
4457,0.554695,0.542433,0.555843
4458,0.55464,0.542375,0.55579
4459,0.554605,0.542338,0.555758
4460,0.554572,0.542304,0.55573
4461,0.554482,0.542209,0.555645
4462,0.55445,0.542175,0.555616
4463,0.554397,0.54212,0.555569
4464,0.554371,0.542092,0.55555
4465,0.554311,0.54203,0.555499
4466,0.554275,0.541992,0.555473
4467,0.554208,0.541921,0.555417
4468,0.554167,0.541879,0.555387
4469,0.554086,0.541793,0.555318
4470,0.553999,0.541703,0.55524
4471,0.553924,0.541623,0.55517
4472,0.553887,0.541585,0.55514
4473,0.553799,0.541493,0.555058
4474,0.553721,0.54141,0.554984
4475,0.553647,0.541333,0.554912
4476,0.553569,0.541251,0.554834
4477,0.553504,0.541183,0.554767
4478,0.553444,0.541119,0.554706
4479,0.553371,0.541043,0.554631
4480,0.553299,0.540967,0.554555
4481,0.553261,0.540928,0.554514
4482,0.553195,0.540858,0.554445
4483,0.553157,0.540818,0.554405
4484,0.553078,0.540735,0.554326
4485,0.553025,0.540679,0.55427
4486,0.552967,0.540619,0.554211
4487,0.552907,0.540556,0.55415
4488,0.552819,0.540463,0.554058
4489,0.55277,0.540412,0.554005
4490,0.552705,0.540343,0.553936
4491,0.552671,0.540308,0.553898
4492,0.552588,0.54022,0.553813
4493,0.552535,0.540165,0.553755
4494,0.55245,0.540076,0.553665
4495,0.552416,0.54004,0.553625
4496,0.552363,0.539984,0.553566
4497,0.5523,0.539918,0.553499
4498,0.552249,0.539865,0.553444
4499,0.552208,0.539821,0.553398
4500,0.55212,0.539729,0.553306
4501,0.55207,0.539677,0.55325
4502,0.552038,0.539643,0.553213
4503,0.552015,0.539619,0.553188
4504,0.551981,0.539583,0.553155
4505,0.551919,0.539519,0.553097
4506,0.551869,0.539466,0.553049
4507,0.551848,0.539444,0.553033
4508,0.551771,0.539362,0.552962
4509,0.551736,0.539326,0.552933
4510,0.551659,0.539245,0.552863
4511,0.551615,0.539199,0.552825
4512,0.551546,0.539127,0.552763
4513,0.5515,0.539078,0.552722
4514,0.551456,0.539032,0.552686
4515,0.551367,0.538938,0.552605
4516,0.551278,0.538845,0.55252
4517,0.551235,0.5388,0.552479
4518,0.551145,0.538706,0.552392
4519,0.551053,0.538609,0.552298
4520,0.55102,0.538574,0.552263
4521,0.55096,0.538512,0.552203
4522,0.550893,0.53844,0.552134
4523,0.550872,0.538419,0.552114
4524,0.550783,0.538325,0.552027
4525,0.550718,0.538257,0.551962
4526,0.550629,0.538163,0.551869
4527,0.550565,0.538097,0.551801
4528,0.550517,0.538047,0.551749
4529,0.550483,0.538011,0.551712
4530,0.550396,0.537919,0.551622
4531,0.550318,0.537837,0.551539
4532,0.550295,0.537813,0.551511
4533,0.550203,0.537717,0.551414
4534,0.550174,0.537686,0.551379
4535,0.550106,0.537614,0.551306
4536,0.550059,0.537566,0.551255
4537,0.550019,0.537524,0.551212
4538,0.54994,0.53744,0.551129
4539,0.54989,0.537388,0.551075
4540,0.549814,0.537307,0.550993
4541,0.549772,0.537264,0.550945
4542,0.549745,0.537235,0.550914
4543,0.549691,0.537179,0.550859
4544,0.549611,0.537095,0.550776
4545,0.54959,0.537072,0.550751
4546,0.549556,0.537037,0.550718
4547,0.549508,0.536986,0.550671
4548,0.549488,0.536965,0.550656
4549,0.549454,0.53693,0.55063
4550,0.549406,0.53688,0.550592
4551,0.549318,0.536787,0.550513
4552,0.549248,0.536713,0.550449
4553,0.549227,0.536691,0.550435
4554,0.549147,0.536608,0.550364
4555,0.549103,0.536562,0.550328
4556,0.549025,0.536479,0.550258
4557,0.548938,0.536388,0.550176
4558,0.548879,0.536326,0.55012
4559,0.548803,0.536247,0.550048
4560,0.548753,0.536194,0.55
4561,0.548697,0.536135,0.549947
4562,0.548637,0.536072,0.54989
4563,0.548594,0.536027,0.549851
4564,0.548524,0.535953,0.549786
4565,0.548445,0.53587,0.549711
4566,0.548376,0.535798,0.549644
4567,0.548343,0.535763,0.549613
4568,0.548299,0.535717,0.549576
4569,0.548221,0.535635,0.549504
4570,0.54813,0.53554,0.549417
4571,0.548061,0.535467,0.549349
4572,0.547996,0.5354,0.549286
4573,0.547966,0.535368,0.549258
4574,0.5479,0.535298,0.549196
4575,0.547816,0.53521,0.549115
4576,0.547796,0.535189,0.549099
4577,0.547723,0.535112,0.549032
4578,0.547632,0.535017,0.548946
4579,0.547557,0.534938,0.548873
4580,0.547468,0.534844,0.548784
4581,0.547406,0.534779,0.54872
4582,0.547374,0.534746,0.548688
4583,0.547284,0.534652,0.548599
4584,0.547196,0.534559,0.548508
4585,0.547104,0.534463,0.548411
4586,0.547027,0.534382,0.548326
4587,0.546966,0.534318,0.548256
4588,0.546921,0.53427,0.548201
4589,0.546864,0.53421,0.548137
4590,0.546832,0.534177,0.5481
4591,0.54675,0.534091,0.548013
4592,0.546697,0.534035,0.547954
4593,0.546678,0.534015,0.547932
4594,0.546598,0.533931,0.54785
4595,0.546528,0.533858,0.547777
4596,0.546493,0.533821,0.547739
4597,0.546464,0.533791,0.54771
4598,0.546388,0.533711,0.547635
4599,0.546347,0.533667,0.547595
4600,0.54628,0.533597,0.54753
4601,0.546259,0.533575,0.547512
4602,0.546204,0.533518,0.547464
4603,0.546114,0.533423,0.547379
4604,0.546028,0.533333,0.547296
4605,0.546007,0.533311,0.547277
4606,0.545987,0.53329,0.547264
4607,0.545897,0.533195,0.547182
4608,0.545835,0.533131,0.547128
4609,0.545747,0.533037,0.547044
4610,0.545667,0.532954,0.546968
4611,0.545576,0.532858,0.546877
4612,0.545551,0.532831,0.546851
4613,0.545508,0.532786,0.546812
4614,0.545437,0.532712,0.546746
4615,0.545405,0.532679,0.546721
4616,0.545326,0.532595,0.546648
4617,0.545239,0.532504,0.546566
4618,0.545152,0.532413,0.546482
4619,0.545099,0.532357,0.546431
4620,0.545027,0.532282,0.546361
4621,0.544957,0.532209,0.546292
4622,0.54487,0.532116,0.546204
4623,0.544832,0.532077,0.546166
4624,0.544747,0.531987,0.54608
4625,0.544668,0.531905,0.546
4626,0.544578,0.53181,0.545905
4627,0.544514,0.531743,0.545835
4628,0.544433,0.531658,0.545747
4629,0.544356,0.531578,0.54566
4630,0.544313,0.531532,0.545607
4631,0.544286,0.531503,0.545573
4632,0.544208,0.531422,0.545491
4633,0.544163,0.531375,0.54544
4634,0.544113,0.531322,0.545386
4635,0.544056,0.531262,0.545326
4636,0.543997,0.5312,0.545265
4637,0.543916,0.531115,0.54518
4638,0.543868,0.531065,0.545127
4639,0.543848,0.531044,0.545106
4640,0.543761,0.530952,0.545018
4641,0.54368,0.530867,0.544933
4642,0.5436,0.530783,0.544847
4643,0.54357,0.530752,0.544811
4644,0.543513,0.530692,0.54475
4645,0.543457,0.530633,0.54469
4646,0.543436,0.530611,0.544667
4647,0.543353,0.530524,0.544584
4648,0.543278,0.530445,0.544505
4649,0.543228,0.530393,0.544451
4650,0.543204,0.530368,0.544426
4651,0.543154,0.530315,0.544376
4652,0.543076,0.530233,0.544298
4653,0.543054,0.53021,0.544277
4654,0.542974,0.530126,0.544199
4655,0.542918,0.530067,0.544143
4656,0.542851,0.529996,0.544077
4657,0.542807,0.52995,0.544033
4658,0.542718,0.529857,0.543944
4659,0.542642,0.529777,0.543865
4660,0.542613,0.529747,0.543832
4661,0.542548,0.529679,0.543766
4662,0.542507,0.529636,0.543724
4663,0.542449,0.529575,0.543666
4664,0.542388,0.529511,0.543604
4665,0.542335,0.529455,0.543551
4666,0.542272,0.529389,0.543488
4667,0.542181,0.529293,0.543394
4668,0.542111,0.52922,0.543319
4669,0.542026,0.529131,0.543226
4670,0.541987,0.52909,0.543178
4671,0.541933,0.529033,0.543116
4672,0.5419,0.528998,0.543076
4673,0.541878,0.528975,0.543051
4674,0.541835,0.52893,0.543007
4675,0.541777,0.528869,0.54295
4676,0.541738,0.528828,0.542912
4677,0.541656,0.528742,0.54283
4678,0.541568,0.528649,0.542739
4679,0.541495,0.528573,0.542661
4680,0.541434,0.528509,0.542592
4681,0.541405,0.528478,0.542555
4682,0.541334,0.528404,0.542478
4683,0.541279,0.528346,0.542416
4684,0.541229,0.528294,0.542358
4685,0.541197,0.52826,0.542319
4686,0.541177,0.528239,0.542296
4687,0.541141,0.528201,0.542259
4688,0.541086,0.528143,0.542204
4689,0.541049,0.528104,0.542168
4690,0.540967,0.528019,0.542088
4691,0.54093,0.52798,0.54205
4692,0.540861,0.527907,0.54198
4693,0.540795,0.527838,0.541912
4694,0.54076,0.527802,0.541875
4695,0.540725,0.527765,0.541839
4696,0.540666,0.527703,0.541781
4697,0.540616,0.52765,0.541731
4698,0.540526,0.527556,0.541639
4699,0.54049,0.527518,0.5416
4700,0.540466,0.527493,0.541575
4701,0.540435,0.52746,0.541546
4702,0.540352,0.527373,0.541465
4703,0.540323,0.527343,0.541438
4704,0.540271,0.527288,0.541388
4705,0.540191,0.527204,0.54131
4706,0.540156,0.527167,0.541276
4707,0.540125,0.527134,0.541247
4708,0.540052,0.527058,0.541177
4709,0.540005,0.527008,0.541132
4710,0.539919,0.526918,0.541048
4711,0.539849,0.526844,0.540976
4712,0.539799,0.526793,0.540923
4713,0.53977,0.526762,0.540893
4714,0.539731,0.526721,0.540854
4715,0.539702,0.526691,0.540829
4716,0.539634,0.526619,0.540765
4717,0.539582,0.526564,0.540716
4718,0.539557,0.526538,0.540696
4719,0.539533,0.526513,0.540681
4720,0.539483,0.52646,0.540642
4721,0.53942,0.526394,0.540591
4722,0.539365,0.526337,0.540547
4723,0.53932,0.526289,0.540514
4724,0.539255,0.526221,0.540462
4725,0.539179,0.526141,0.540397
4726,0.539092,0.52605,0.540319
4727,0.539029,0.525983,0.540263
4728,0.538939,0.525889,0.540178
4729,0.53888,0.525827,0.540123
4730,0.538833,0.525778,0.54008
4731,0.538792,0.525735,0.540046
4732,0.5387,0.525639,0.53996
4733,0.538616,0.52555,0.539878
4734,0.538526,0.525455,0.539789
4735,0.538438,0.525364,0.539698
4736,0.538357,0.525278,0.53961
4737,0.538334,0.525254,0.539581
4738,0.538259,0.525175,0.539503
4739,0.538237,0.525152,0.539478
4740,0.538153,0.525064,0.539392
4741,0.538084,0.524991,0.539319
4742,0.538042,0.524947,0.539274
4743,0.538012,0.524916,0.539243
4744,0.537948,0.524849,0.53918
4745,0.537888,0.524786,0.539121
4746,0.537825,0.52472,0.539059
4747,0.537766,0.524658,0.539
4748,0.537685,0.524572,0.538918
4749,0.537614,0.524498,0.538845
4750,0.537527,0.524406,0.538752
4751,0.537448,0.524323,0.538665
4752,0.537424,0.524299,0.538634
4753,0.537387,0.52426,0.538593
4754,0.537295,0.524163,0.538496
4755,0.537272,0.524139,0.538467
4756,0.537182,0.524045,0.538372
4757,0.537151,0.524012,0.538336
4758,0.537132,0.523992,0.538314
4759,0.5371,0.523958,0.538284
4760,0.537033,0.523887,0.538219
4761,0.536971,0.523823,0.538159
4762,0.536888,0.523736,0.538077
4763,0.536833,0.523678,0.53802
4764,0.536808,0.523651,0.537995
4765,0.536753,0.523593,0.537942
4766,0.536668,0.523505,0.537859
4767,0.536621,0.523455,0.537811
4768,0.536552,0.523382,0.537742
4769,0.536515,0.523344,0.537705
4770,0.536467,0.523293,0.537658
4771,0.536397,0.523221,0.537591
4772,0.536375,0.523197,0.537571
4773,0.536322,0.523141,0.537524
4774,0.536243,0.523058,0.537449
4775,0.536191,0.523004,0.537401
4776,0.536099,0.522907,0.537312
4777,0.536016,0.52282,0.537227
4778,0.535984,0.522786,0.537193
4779,0.535892,0.52269,0.5371
4780,0.53586,0.522656,0.537065
4781,0.535825,0.522619,0.53703
4782,0.535733,0.522523,0.536939
4783,0.535687,0.522475,0.536891
4784,0.535637,0.522422,0.536841
4785,0.535579,0.522361,0.536783
4786,0.535544,0.522325,0.536749
4787,0.535462,0.522239,0.536669
4788,0.5354,0.522174,0.536607
4789,0.53532,0.522089,0.536525
4790,0.535232,0.521997,0.536432
4791,0.535205,0.521969,0.5364
4792,0.535127,0.521886,0.536318
4793,0.535065,0.521822,0.53625
4794,0.534989,0.521742,0.536166
4795,0.534952,0.521702,0.53612
4796,0.534925,0.521675,0.536088
4797,0.534872,0.521619,0.536031
4798,0.534831,0.521576,0.535988
4799,0.534757,0.521498,0.535912
4800,0.534707,0.521446,0.535858
4801,0.53467,0.521406,0.535818
4802,0.534594,0.521327,0.53574
4803,0.534567,0.521298,0.53571
4804,0.534481,0.521208,0.535622
4805,0.53443,0.521155,0.535567
4806,0.534374,0.521096,0.535506
4807,0.534354,0.521075,0.535483
4808,0.534297,0.521015,0.535426
4809,0.534253,0.520969,0.535381
4810,0.534202,0.520915,0.53533
4811,0.534166,0.520878,0.535296
4812,0.534135,0.520844,0.535268
4813,0.534045,0.52075,0.535181
4814,0.534018,0.520722,0.535156
4815,0.533947,0.520647,0.535089
4816,0.533919,0.520618,0.535064
4817,0.533899,0.520597,0.535052
4818,0.533823,0.520517,0.534985
4819,0.533759,0.52045,0.534928
4820,0.533716,0.520405,0.534893
4821,0.533667,0.520354,0.534853
4822,0.533577,0.520259,0.53477
4823,0.533512,0.520191,0.534711
4824,0.533455,0.520131,0.534659
4825,0.533423,0.520097,0.534633
4826,0.533345,0.520016,0.534562
4827,0.533274,0.519941,0.534497
4828,0.533234,0.519899,0.534462
4829,0.533171,0.519832,0.534406
4830,0.533113,0.519772,0.534355
4831,0.533058,0.519714,0.534307
4832,0.532983,0.519636,0.53424
4833,0.5329,0.519548,0.534162
4834,0.532818,0.519462,0.534083
4835,0.532754,0.519394,0.53402
4836,0.532665,0.519301,0.53393
4837,0.532622,0.519256,0.533886
4838,0.532552,0.519183,0.533816
4839,0.53252,0.519149,0.533785
4840,0.532443,0.519069,0.53371
4841,0.532417,0.519041,0.533686
4842,0.532328,0.518948,0.533601
4843,0.532276,0.518893,0.533552
4844,0.532194,0.518806,0.533472
4845,0.532143,0.518754,0.533423
4846,0.532054,0.518659,0.533334
4847,0.531964,0.518565,0.533242
4848,0.531908,0.518507,0.533183
4849,0.53187,0.518467,0.533142
4850,0.531777,0.51837,0.533048
4851,0.531719,0.518308,0.532985
4852,0.531665,0.518252,0.532927
4853,0.531645,0.518231,0.532906
4854,0.531591,0.518174,0.532855
4855,0.531544,0.518124,0.53281
4856,0.531454,0.51803,0.532724
4857,0.531396,0.517969,0.532667
4858,0.531326,0.517896,0.532598
4859,0.531247,0.517813,0.532519
4860,0.531186,0.517748,0.532456
4861,0.531104,0.517662,0.532371
4862,0.53102,0.517575,0.532283
4863,0.530933,0.517483,0.532187
4864,0.53091,0.517459,0.532155
4865,0.530822,0.517366,0.53206
4866,0.530801,0.517344,0.532031
4867,0.530756,0.517297,0.531982
4868,0.530704,0.517242,0.531927
4869,0.530619,0.517153,0.531839
4870,0.530595,0.517128,0.531811
4871,0.530521,0.51705,0.531735
4872,0.53049,0.517017,0.531701
4873,0.530435,0.51696,0.531647
4874,0.530388,0.516911,0.531601
4875,0.530325,0.516845,0.531539
4876,0.530253,0.516769,0.531467
4877,0.530173,0.516685,0.531386
4878,0.530087,0.516594,0.531294
4879,0.53002,0.516524,0.531219
4880,0.53,0.516503,0.531193
4881,0.529946,0.516447,0.531136
4882,0.529868,0.516364,0.531053
4883,0.529816,0.51631,0.530995
4884,0.529773,0.516265,0.530947
4885,0.529751,0.516242,0.530923
4886,0.529688,0.516176,0.530859
4887,0.529648,0.516133,0.530819
4888,0.529602,0.516085,0.530774
4889,0.529521,0.516,0.530694
4890,0.529492,0.51597,0.530665
4891,0.52941,0.515884,0.530584
4892,0.52938,0.515852,0.530554
4893,0.529331,0.515801,0.530508
4894,0.529257,0.515723,0.530436
4895,0.529176,0.515638,0.530355
4896,0.529111,0.51557,0.530288
4897,0.52904,0.515495,0.530212
4898,0.529001,0.515455,0.530169
4899,0.528956,0.515407,0.530121
4900,0.528867,0.515313,0.530029
4901,0.528819,0.515263,0.529975
4902,0.528799,0.515242,0.529951
4903,0.52873,0.51517,0.529881
4904,0.528709,0.515148,0.529859
4905,0.528655,0.515091,0.529806
4906,0.528588,0.515021,0.52974
4907,0.528569,0.515001,0.529723
4908,0.528489,0.514917,0.529646
4909,0.528432,0.514857,0.52959
4910,0.528356,0.514777,0.529514
4911,0.528337,0.514757,0.529495
4912,0.528279,0.514696,0.52944
4913,0.528193,0.514606,0.529355
4914,0.528103,0.514511,0.529262
4915,0.528078,0.514485,0.529234
4916,0.528029,0.514434,0.529184
4917,0.527939,0.51434,0.529091
4918,0.527901,0.5143,0.529049
4919,0.527862,0.514259,0.529007
4920,0.527842,0.514238,0.528988
4921,0.527809,0.514203,0.528959
4922,0.527719,0.514108,0.528873
4923,0.527669,0.514055,0.528824
4924,0.527635,0.51402,0.528793
4925,0.527545,0.513926,0.528707
4926,0.527479,0.513857,0.528641
4927,0.527395,0.513768,0.528554
4928,0.527316,0.513685,0.52847
4929,0.527284,0.513652,0.528432
4930,0.527259,0.513625,0.528403
4931,0.527213,0.513577,0.528357
4932,0.527144,0.513504,0.528287
4933,0.527119,0.513479,0.528263
4934,0.527091,0.513449,0.528238
4935,0.527026,0.51338,0.528177
4936,0.526956,0.513307,0.528111
4937,0.526902,0.513251,0.52806
4938,0.52682,0.513165,0.527979
4939,0.526763,0.513104,0.527921
4940,0.526689,0.513027,0.527846
4941,0.52664,0.512975,0.527794
4942,0.52657,0.512902,0.527721
4943,0.526518,0.512847,0.527664
4944,0.526463,0.512789,0.527606
4945,0.526411,0.512735,0.52755
4946,0.526377,0.512699,0.527513
4947,0.526354,0.512675,0.527491
4948,0.526271,0.512588,0.52741
4949,0.526194,0.512507,0.52733
4950,0.526165,0.512477,0.527299
4951,0.52612,0.512429,0.527254
4952,0.526101,0.512409,0.527237
4953,0.526037,0.512342,0.527178
4954,0.525952,0.512253,0.527096
4955,0.525893,0.512191,0.527036
4956,0.525848,0.512143,0.526991
4957,0.525772,0.512063,0.526915
4958,0.525733,0.512023,0.526876
4959,0.525705,0.511993,0.526849
4960,0.525647,0.511932,0.526794
4961,0.525588,0.51187,0.526738
4962,0.525546,0.511826,0.5267
4963,0.525456,0.511732,0.526613
4964,0.525412,0.511686,0.52657
4965,0.525337,0.511607,0.526496
4966,0.525258,0.511524,0.526415
4967,0.525213,0.511477,0.526368
4968,0.525121,0.51138,0.526271
4969,0.525092,0.51135,0.526237
4970,0.52506,0.511316,0.526203
4971,0.524982,0.511235,0.526123
4972,0.52491,0.511159,0.526047
4973,0.524873,0.51112,0.526005
4974,0.52479,0.511033,0.525916
4975,0.524734,0.510974,0.525853
4976,0.524661,0.510898,0.525772
4977,0.524583,0.510815,0.525682
4978,0.52454,0.510771,0.525626
4979,0.524508,0.510736,0.525582
4980,0.524471,0.510698,0.525536
4981,0.52444,0.510665,0.525496
4982,0.524383,0.510605,0.525432
4983,0.524359,0.51058,0.525402
4984,0.524274,0.510491,0.525311
4985,0.524231,0.510445,0.525259
4986,0.524212,0.510425,0.525232
4987,0.524191,0.510403,0.525208
4988,0.524121,0.51033,0.525135
4989,0.524096,0.510304,0.525106
4990,0.524062,0.510268,0.525071
4991,0.524041,0.510246,0.525051
4992,0.524012,0.510216,0.525026
4993,0.523926,0.510125,0.524942
4994,0.52389,0.510088,0.524908
4995,0.523863,0.51006,0.524884
4996,0.523833,0.510028,0.524859
4997,0.523805,0.509998,0.524838
4998,0.523762,0.509954,0.524806
4999,0.5237,0.509889,0.524753
5000,0.523632,0.509817,0.524693
5001,0.523566,0.509748,0.524633
5002,0.523521,0.509701,0.524593
5003,0.523499,0.509677,0.524578
5004,0.523407,0.50958,0.524493
5005,0.523338,0.509508,0.524428
5006,0.523305,0.509473,0.524399
5007,0.523264,0.509431,0.524364
5008,0.523216,0.50938,0.524323
5009,0.523176,0.509339,0.524292
5010,0.523125,0.509285,0.52425
5011,0.52305,0.509206,0.524184
5012,0.522959,0.50911,0.524098
5013,0.522909,0.509058,0.524052
5014,0.522843,0.508988,0.523989
5015,0.522756,0.508897,0.523904
5016,0.522707,0.508846,0.523854
5017,0.522676,0.508813,0.523824
5018,0.522601,0.508734,0.523751
5019,0.522534,0.508664,0.523684
5020,0.522473,0.5086,0.523622
5021,0.52245,0.508576,0.523599
5022,0.522377,0.508499,0.523528
5023,0.522318,0.508437,0.523469
5024,0.522279,0.508396,0.523432
5025,0.522224,0.508338,0.523379
5026,0.522176,0.508288,0.523334
5027,0.522083,0.508191,0.523243
5028,0.522027,0.508132,0.523187
5029,0.521986,0.508089,0.523146
5030,0.521914,0.508013,0.523075
5031,0.521855,0.507951,0.523015
5032,0.521822,0.507916,0.522982
5033,0.521792,0.507885,0.522955
5034,0.521716,0.507805,0.522883
5035,0.521642,0.507727,0.522812
5036,0.521575,0.507657,0.522745
5037,0.521544,0.507625,0.522715
5038,0.521495,0.507573,0.522669
5039,0.521463,0.507539,0.522643
5040,0.521403,0.507476,0.522589
5041,0.521348,0.507418,0.522541
5042,0.521291,0.507359,0.522493
5043,0.521199,0.507262,0.522406
5044,0.521155,0.507216,0.522367
5045,0.521064,0.507121,0.522281
5046,0.520989,0.507041,0.522206
5047,0.520899,0.506948,0.522115
5048,0.520823,0.506868,0.522035
5049,0.520775,0.506817,0.521982
5050,0.520741,0.506782,0.521944
5051,0.520666,0.506702,0.521867
5052,0.520582,0.506614,0.521778
5053,0.520534,0.506564,0.521724
5054,0.520461,0.506487,0.521645
5055,0.52043,0.506455,0.521608
5056,0.520396,0.506419,0.521571
5057,0.520314,0.506333,0.521486
5058,0.520266,0.506283,0.521434
5059,0.520237,0.506252,0.521403
5060,0.520196,0.506209,0.521362
5061,0.52013,0.50614,0.521298
5062,0.520098,0.506106,0.521267
5063,0.520049,0.506054,0.521222
5064,0.519999,0.506002,0.521177
5065,0.519907,0.505906,0.521089
5066,0.51987,0.505867,0.521054
5067,0.51982,0.505814,0.521008
5068,0.519741,0.505731,0.520932
5069,0.519692,0.50568,0.520886
5070,0.519638,0.505623,0.520835
5071,0.519602,0.505586,0.520805
5072,0.519521,0.5055,0.520729
5073,0.519454,0.50543,0.520665
5074,0.519416,0.50539,0.520632
5075,0.519351,0.505322,0.520571
5076,0.519258,0.505225,0.520482
5077,0.519176,0.505138,0.520399
5078,0.519103,0.505061,0.520324
5079,0.519058,0.505014,0.520276
5080,0.51897,0.504922,0.520185
5081,0.518924,0.504873,0.520134
5082,0.518872,0.504819,0.520079
5083,0.518786,0.504729,0.519989
5084,0.518744,0.504684,0.51994
5085,0.518665,0.504601,0.519856
5086,0.518595,0.504528,0.519778
5087,0.518537,0.504467,0.519711
5088,0.518482,0.50441,0.519647
5089,0.518426,0.50435,0.519582
5090,0.518396,0.504319,0.519544
5091,0.518366,0.504287,0.519509
5092,0.518275,0.504192,0.519413
5093,0.518244,0.504159,0.519375
5094,0.518222,0.504136,0.51935
5095,0.518151,0.504062,0.519277
5096,0.518129,0.504039,0.519253
5097,0.518091,0.503999,0.519217
5098,0.518023,0.503927,0.519151
5099,0.517968,0.503869,0.519096
5100,0.517928,0.503828,0.519058
5101,0.517875,0.503772,0.519007
5102,0.517848,0.503744,0.518984
5103,0.517778,0.50367,0.518919
5104,0.517705,0.503593,0.518849
5105,0.517658,0.503545,0.518805
5106,0.517624,0.503508,0.518774
5107,0.517556,0.503437,0.518711
5108,0.517483,0.503361,0.518642
5109,0.517421,0.503295,0.518581
5110,0.51733,0.5032,0.51849
5111,0.517256,0.503122,0.518412
5112,0.517222,0.503086,0.518373
5113,0.517151,0.503012,0.518299
5114,0.517073,0.502929,0.518215
5115,0.517041,0.502896,0.518176
5116,0.516994,0.502847,0.518125
5117,0.516956,0.502807,0.518084
5118,0.516936,0.502786,0.518063
5119,0.516877,0.502724,0.518006
5120,0.516799,0.502642,0.517928
5121,0.516765,0.502607,0.517894
5122,0.516729,0.502569,0.51786
5123,0.516643,0.502478,0.517775
5124,0.516621,0.502455,0.517754
5125,0.516592,0.502425,0.51773
5126,0.516512,0.502341,0.517656
5127,0.51647,0.502297,0.517618
5128,0.51641,0.502234,0.517563
5129,0.516358,0.502179,0.517516
5130,0.516303,0.502122,0.517467
5131,0.516232,0.502047,0.5174
5132,0.516164,0.501976,0.517335
5133,0.516098,0.501906,0.517271
5134,0.51602,0.501825,0.517194
5135,0.515943,0.501743,0.517114
5136,0.515853,0.501649,0.517018
5137,0.515829,0.501623,0.516988
5138,0.515774,0.501565,0.516929
5139,0.51569,0.501478,0.51684
5140,0.515654,0.50144,0.516797
5141,0.515572,0.501354,0.516709
5142,0.515485,0.501263,0.516611
5143,0.515439,0.501214,0.516552
5144,0.515416,0.501191,0.516519
5145,0.515392,0.501165,0.516487
5146,0.51536,0.501131,0.516451
5147,0.51532,0.501089,0.516409
5148,0.51529,0.501058,0.516379
5149,0.515264,0.501031,0.516356
5150,0.515212,0.500975,0.516308
5151,0.515172,0.500934,0.516274
5152,0.515136,0.500896,0.516244
5153,0.515089,0.500846,0.516206
5154,0.515005,0.500758,0.51613
5155,0.514959,0.50071,0.51609
5156,0.514904,0.500653,0.516042
5157,0.514818,0.500562,0.515961
5158,0.514738,0.500479,0.515884
5159,0.514679,0.500416,0.515824
5160,0.514639,0.500374,0.515784
5161,0.514552,0.500283,0.515697
5162,0.514509,0.500238,0.515653
5163,0.514434,0.500159,0.515575
5164,0.514379,0.500102,0.515518
5165,0.514325,0.500044,0.51546
5166,0.514284,0.500002,0.515417
5167,0.514223,0.499938,0.515354
5168,0.514204,0.499918,0.515334
5169,0.514162,0.499873,0.515294
5170,0.514112,0.499821,0.515248
5171,0.51407,0.499776,0.51521
5172,0.514027,0.499732,0.515175
5173,0.514007,0.499711,0.515164
5174,0.513955,0.499656,0.515124
5175,0.513869,0.499565,0.515049
5176,0.513827,0.499522,0.515017
5177,0.513739,0.499429,0.514939
5178,0.513652,0.499338,0.514858
5179,0.513577,0.499259,0.514787
5180,0.513488,0.499166,0.514699
5181,0.513406,0.499079,0.514615
5182,0.513344,0.499014,0.514548
5183,0.513262,0.498929,0.514461
5184,0.513198,0.498861,0.514389
5185,0.51313,0.49879,0.514313
5186,0.513084,0.498742,0.514258
5187,0.513048,0.498704,0.514215
5188,0.512996,0.498649,0.514157
5189,0.512968,0.49862,0.514126
5190,0.512931,0.49858,0.514088
5191,0.512849,0.498495,0.514006
5192,0.512771,0.498413,0.513924
5193,0.512747,0.498388,0.513896
5194,0.512696,0.498334,0.513843
5195,0.512613,0.498247,0.513758
5196,0.512576,0.498208,0.513717
5197,0.51252,0.498149,0.513659
5198,0.51245,0.498076,0.513586
5199,0.512372,0.497993,0.513502
5200,0.512351,0.497972,0.513476
5201,0.512285,0.497903,0.513405
5202,0.512198,0.497811,0.513312
5203,0.512176,0.497788,0.513282
5204,0.512156,0.497767,0.513259
5205,0.512132,0.497742,0.513235
5206,0.512085,0.497693,0.51319
5207,0.512031,0.497635,0.513138
5208,0.511961,0.497563,0.513071
5209,0.511915,0.497514,0.513025
5210,0.511836,0.497431,0.512946
5211,0.511804,0.497398,0.512914
5212,0.511733,0.497323,0.512843
5213,0.511696,0.497284,0.512805
5214,0.511609,0.497193,0.512717
5215,0.511554,0.497135,0.512658
5216,0.511478,0.497055,0.512577
5217,0.511456,0.497032,0.51255
5218,0.511397,0.49697,0.512487
5219,0.511346,0.496917,0.512433
5220,0.511321,0.49689,0.512405
5221,0.511274,0.496841,0.512357
5222,0.511242,0.496807,0.512326
5223,0.511157,0.496718,0.512242
5224,0.511105,0.496663,0.512188
5225,0.511054,0.49661,0.512135
5226,0.511024,0.496579,0.512105
5227,0.510997,0.496551,0.512081
5228,0.510958,0.49651,0.512046
5229,0.510931,0.496481,0.512026
5230,0.51086,0.496407,0.511963
5231,0.51084,0.496385,0.511951
5232,0.510778,0.49632,0.5119
5233,0.510689,0.496227,0.511819
5234,0.510626,0.49616,0.511761
5235,0.510569,0.4961,0.511709
5236,0.510522,0.496051,0.511667
5237,0.510429,0.495954,0.511579
5238,0.510389,0.495911,0.51154
5239,0.510329,0.495849,0.511484
5240,0.51026,0.495776,0.511417
5241,0.510207,0.495721,0.511366
5242,0.510141,0.495652,0.511301
5243,0.510057,0.495563,0.511216
5244,0.510028,0.495533,0.511186
5245,0.509973,0.495475,0.511132
5246,0.509895,0.495392,0.511053
5247,0.509855,0.495351,0.511012
5248,0.509791,0.495284,0.510949
5249,0.509755,0.495246,0.510912
5250,0.509687,0.495175,0.510846
5251,0.509626,0.49511,0.510785
5252,0.509594,0.495077,0.510754
5253,0.509528,0.495008,0.510691
5254,0.509448,0.494924,0.510611
5255,0.509378,0.494851,0.51054
5256,0.509344,0.494815,0.510504
5257,0.509259,0.494726,0.510418
5258,0.509241,0.494706,0.510397
5259,0.509161,0.494622,0.510318
5260,0.509099,0.494558,0.510254
5261,0.509044,0.4945,0.510196
5262,0.509008,0.494462,0.510158
5263,0.508948,0.494398,0.510098
5264,0.50886,0.494306,0.510007
5265,0.508799,0.494243,0.509942
5266,0.508751,0.494192,0.509889
5267,0.508694,0.494132,0.509827
5268,0.508628,0.494062,0.509755
5269,0.508579,0.494011,0.509701
5270,0.508553,0.493984,0.50967
5271,0.508466,0.493892,0.509579
5272,0.508437,0.493863,0.509545
5273,0.508414,0.493838,0.509519
5274,0.508371,0.493793,0.509477
5275,0.508297,0.493715,0.509403
5276,0.508272,0.493689,0.509378
5277,0.508207,0.493621,0.509314
5278,0.508169,0.493581,0.509278
5279,0.5081,0.493508,0.50921
5280,0.508057,0.493463,0.509169
5281,0.508028,0.493433,0.509143
5282,0.507971,0.493372,0.50909
5283,0.507917,0.493316,0.509041
5284,0.507856,0.493252,0.508985
5285,0.50782,0.493214,0.508954
5286,0.507761,0.493153,0.508901
5287,0.507671,0.493058,0.508815
5288,0.507619,0.493004,0.508765
5289,0.507562,0.492944,0.50871
5290,0.507524,0.492904,0.508675
5291,0.507433,0.492808,0.508587
5292,0.507357,0.492728,0.508509
5293,0.507338,0.492708,0.508489
5294,0.507265,0.492631,0.508417
5295,0.507206,0.49257,0.508359
5296,0.507176,0.492538,0.508329
5297,0.5071,0.492459,0.508255
5298,0.507031,0.492386,0.508185
5299,0.506966,0.492318,0.508119
5300,0.506907,0.492255,0.508057
5301,0.506884,0.492232,0.508033
5302,0.506823,0.492167,0.507973
5303,0.506784,0.492127,0.507936
5304,0.506733,0.492073,0.507887
5305,0.506696,0.492034,0.507855
5306,0.506631,0.491965,0.507795
5307,0.506544,0.491874,0.507711
5308,0.50648,0.491807,0.507647
5309,0.506449,0.491774,0.507618
5310,0.506398,0.491721,0.507571
5311,0.506311,0.49163,0.507487
5312,0.506286,0.491604,0.507464
5313,0.506225,0.49154,0.507407
5314,0.506152,0.491463,0.507338
5315,0.506066,0.491373,0.507253
5316,0.506002,0.491306,0.507187
5317,0.505932,0.491232,0.507115
5318,0.505841,0.491136,0.507018
5319,0.505818,0.491112,0.506989
5320,0.505725,0.491014,0.506891
5321,0.505702,0.490991,0.506862
5322,0.505656,0.490942,0.506812
5323,0.505603,0.490886,0.506756
5324,0.505544,0.490825,0.506695
5325,0.505473,0.49075,0.50662
5326,0.505445,0.490721,0.506589
5327,0.505382,0.490654,0.506524
5328,0.505308,0.490577,0.506446
5329,0.505243,0.490509,0.506376
5330,0.505179,0.490441,0.506305
5331,0.505159,0.49042,0.506279
5332,0.505113,0.490372,0.50623
5333,0.505089,0.490346,0.506204
5334,0.50501,0.490263,0.506125
5335,0.504974,0.490225,0.506088
5336,0.504888,0.490136,0.506001
5337,0.504856,0.490102,0.505966
5338,0.504772,0.490014,0.505879
5339,0.504738,0.489979,0.505841
5340,0.504688,0.489926,0.505789
5341,0.504669,0.489905,0.505768
5342,0.504643,0.489879,0.505746
5343,0.504552,0.489783,0.505658
5344,0.504508,0.489737,0.505614
5345,0.504471,0.489698,0.505579
5346,0.504398,0.489622,0.505509
5347,0.504322,0.489542,0.505433
5348,0.504303,0.489521,0.505413
5349,0.504227,0.489441,0.505338
5350,0.504166,0.489378,0.505276
5351,0.504112,0.489321,0.505221
5352,0.504088,0.489295,0.505197
5353,0.50406,0.489266,0.505172
5354,0.503983,0.489186,0.5051
5355,0.503907,0.489105,0.505025
5356,0.503871,0.489068,0.50499
5357,0.503842,0.489037,0.504964
5358,0.503804,0.488998,0.504932
5359,0.503729,0.488918,0.504863
5360,0.503677,0.488864,0.504816
5361,0.503653,0.488839,0.504799
5362,0.503576,0.488758,0.50473
5363,0.503531,0.488711,0.504692
5364,0.503476,0.488653,0.504645
5365,0.50339,0.488563,0.504566
5366,0.503322,0.488491,0.504503
5367,0.503261,0.488427,0.504445
5368,0.503175,0.488337,0.504362
5369,0.503091,0.488249,0.504277
5370,0.503031,0.488186,0.504214
5371,0.502947,0.488097,0.504125
5372,0.502879,0.488026,0.50405
5373,0.502816,0.48796,0.503979
5374,0.502775,0.487917,0.503929
5375,0.502729,0.487868,0.503876
5376,0.502697,0.487836,0.50384
5377,0.502606,0.487739,0.503744
5378,0.50257,0.487702,0.503701
5379,0.502515,0.487644,0.50364
5380,0.502471,0.487598,0.503592
5381,0.502432,0.487557,0.503549
5382,0.502382,0.487504,0.503496
5383,0.502328,0.487447,0.50344
5384,0.502284,0.487402,0.503395
5385,0.502242,0.487358,0.503352
5386,0.502199,0.487312,0.50331
5387,0.502146,0.487257,0.503259
5388,0.502085,0.487192,0.503198
5389,0.502032,0.487137,0.503147
5390,0.501976,0.487078,0.503091
5391,0.501911,0.48701,0.503026
5392,0.501852,0.486948,0.502966
5393,0.501797,0.48689,0.502909
5394,0.501768,0.486859,0.502879
5395,0.501692,0.48678,0.502803
5396,0.501655,0.486741,0.502765
5397,0.501608,0.486691,0.502719
5398,0.501547,0.486627,0.502659
5399,0.501509,0.486587,0.502621
5400,0.50144,0.486515,0.502554
5401,0.501367,0.486438,0.50248
5402,0.501341,0.486411,0.502454
5403,0.501303,0.486371,0.502418
5404,0.501213,0.486277,0.502329
5405,0.501163,0.486224,0.502278
5406,0.501094,0.486152,0.502208
5407,0.50101,0.486064,0.502119
5408,0.500967,0.486019,0.50207
5409,0.50091,0.485959,0.502008
5410,0.500882,0.48593,0.501975
5411,0.500827,0.485871,0.501917
5412,0.50075,0.485791,0.501835
5413,0.500667,0.485703,0.501744
5414,0.500623,0.485657,0.50169
5415,0.500592,0.485625,0.50165
5416,0.500555,0.485586,0.501607
5417,0.500482,0.485509,0.501527
5418,0.500459,0.485485,0.501497
5419,0.500407,0.48543,0.501439
5420,0.500384,0.485406,0.501411
5421,0.500349,0.485369,0.501374
5422,0.50026,0.485276,0.501282
5423,0.500227,0.485241,0.501244
5424,0.500205,0.485218,0.501218
5425,0.500179,0.485192,0.501193
5426,0.500125,0.485134,0.501139
5427,0.500083,0.48509,0.501098
5428,0.500043,0.485048,0.50106
5429,0.499959,0.484961,0.500977
5430,0.499932,0.484932,0.500949
5431,0.499863,0.484859,0.50088
5432,0.49984,0.484835,0.500856
5433,0.499795,0.484788,0.500813
5434,0.499744,0.484735,0.500763
5435,0.499671,0.484658,0.50069
5436,0.499637,0.484622,0.500655
5437,0.499609,0.484593,0.500628
5438,0.49959,0.484573,0.500613
5439,0.499521,0.484501,0.50055
5440,0.499475,0.484452,0.500507
5441,0.499432,0.484407,0.50047
5442,0.499372,0.484343,0.500414
5443,0.499325,0.484295,0.500371
5444,0.499243,0.484208,0.500292
5445,0.499224,0.484188,0.500275
5446,0.499198,0.484161,0.500255
5447,0.499135,0.484095,0.500199
5448,0.499102,0.48406,0.500173
5449,0.499037,0.483993,0.500117
5450,0.498952,0.483903,0.500037
5451,0.498866,0.483813,0.499953
5452,0.498818,0.483762,0.499904
5453,0.498727,0.483667,0.499812
5454,0.498693,0.483631,0.499773
5455,0.49865,0.483585,0.499728
5456,0.498593,0.483526,0.499669
5457,0.498569,0.483501,0.499645
5458,0.498478,0.483405,0.499553
5459,0.498441,0.483367,0.499514
5460,0.49842,0.483344,0.499493
5461,0.498399,0.483322,0.499476
5462,0.498371,0.483292,0.499454
5463,0.498291,0.483209,0.499383
5464,0.498201,0.483114,0.499297
5465,0.498169,0.48308,0.499267
5466,0.498127,0.483036,0.49923
5467,0.498041,0.482946,0.499148
5468,0.497984,0.482886,0.499093
5469,0.497928,0.482828,0.499039
5470,0.497864,0.48276,0.498975
5471,0.497784,0.482676,0.498894
5472,0.497701,0.482589,0.498807
5473,0.497674,0.482561,0.498775
5474,0.497598,0.482481,0.498693
5475,0.497569,0.482451,0.498659
5476,0.497499,0.482378,0.498586
5477,0.497472,0.482349,0.498554
5478,0.497395,0.482268,0.498473
5479,0.497363,0.482234,0.498437
5480,0.497338,0.482208,0.49841
5481,0.497284,0.482151,0.498356
5482,0.497192,0.482055,0.498262
5483,0.497172,0.482034,0.498238
5484,0.497139,0.481999,0.498205
5485,0.497108,0.481967,0.498176
5486,0.497023,0.481877,0.498093
5487,0.496969,0.48182,0.498038
5488,0.496945,0.481795,0.498015
5489,0.496862,0.481709,0.497933
5490,0.496833,0.481678,0.497904
5491,0.496791,0.481633,0.497863
5492,0.496754,0.481595,0.497831
5493,0.496664,0.481501,0.497743
5494,0.496623,0.481458,0.497703
5495,0.496534,0.481364,0.497614
5496,0.496465,0.481291,0.49754
5497,0.496424,0.481249,0.497494
5498,0.496351,0.481171,0.497416
5499,0.496281,0.481099,0.497339
5500,0.496229,0.481043,0.497277
5501,0.496193,0.481006,0.497233
5502,0.496167,0.480979,0.4972
5503,0.496107,0.480916,0.497134
5504,0.496043,0.480848,0.497063
5505,0.496023,0.480828,0.497036
5506,0.496,0.480804,0.49701
5507,0.495981,0.480784,0.49699
5508,0.495912,0.480711,0.496921
5509,0.495866,0.480663,0.496875
5510,0.49584,0.480636,0.49685
5511,0.495806,0.480599,0.496818
5512,0.49573,0.480519,0.496744
5513,0.495698,0.480486,0.496714
5514,0.495643,0.480429,0.496661
5515,0.495607,0.48039,0.496627
5516,0.495572,0.480354,0.496596
5517,0.495528,0.480308,0.496558
5518,0.495504,0.480282,0.496541
5519,0.495441,0.480216,0.496486
5520,0.495405,0.480179,0.496459
5521,0.495339,0.480109,0.496401
5522,0.495251,0.480017,0.496319
5523,0.495187,0.47995,0.496258
5524,0.495147,0.479908,0.496221
5525,0.495125,0.479884,0.496203
5526,0.49506,0.479816,0.496145
5527,0.495015,0.479769,0.496106
5528,0.49495,0.479701,0.496048
5529,0.494868,0.479615,0.49597
5530,0.494843,0.479588,0.495948
5531,0.494807,0.47955,0.495919
5532,0.494759,0.479501,0.49588
5533,0.494708,0.479446,0.495838
5534,0.494634,0.479369,0.495773
5535,0.494572,0.479304,0.495718
5536,0.494484,0.479211,0.495635
5537,0.494438,0.479163,0.495593
5538,0.494362,0.479083,0.495521
5539,0.494334,0.479054,0.495496
5540,0.494272,0.478989,0.49544
5541,0.494214,0.478928,0.495388
5542,0.494151,0.478861,0.49533
5543,0.494131,0.478841,0.495317
5544,0.494059,0.478765,0.495254
5545,0.493989,0.478692,0.495192
5546,0.493908,0.478607,0.495117
5547,0.493824,0.478519,0.495037
5548,0.493744,0.478435,0.494958
5549,0.493689,0.478377,0.494902
5550,0.493631,0.478316,0.494844
5551,0.493554,0.478235,0.494767
5552,0.493471,0.478147,0.49468
5553,0.493422,0.478097,0.494628
5554,0.493363,0.478035,0.494566
5555,0.493271,0.477938,0.494468
5556,0.493241,0.477906,0.494432
5557,0.493182,0.477844,0.494369
5558,0.493091,0.477748,0.494272
5559,0.493027,0.477681,0.494199
5560,0.492976,0.477628,0.494139
5561,0.492944,0.477594,0.4941
5562,0.492898,0.477547,0.494049
5563,0.492856,0.477502,0.494004
5564,0.492766,0.477407,0.493909
5565,0.492725,0.477364,0.493861
5566,0.492649,0.477285,0.493779
5567,0.492587,0.47722,0.493708
5568,0.492567,0.477199,0.493681
5569,0.49251,0.477138,0.493618
5570,0.492456,0.477082,0.493559
5571,0.4924,0.477023,0.493496
5572,0.49236,0.476981,0.493451
5573,0.492341,0.476961,0.493429
5574,0.492322,0.476942,0.493411
5575,0.492237,0.476852,0.493327
5576,0.49217,0.476781,0.493258
5577,0.492109,0.476718,0.493194
5578,0.492047,0.476653,0.493128
5579,0.491984,0.476586,0.493059
5580,0.491919,0.476518,0.492987
5581,0.491855,0.476451,0.492913
5582,0.491813,0.476407,0.492862
5583,0.49178,0.476372,0.49282
5584,0.491741,0.476331,0.492774
5585,0.491717,0.476306,0.492745
5586,0.491663,0.476249,0.492687
5587,0.491643,0.476228,0.492665
5588,0.491622,0.476206,0.492644
5589,0.491596,0.476179,0.492623
5590,0.491576,0.476158,0.49261
5591,0.491524,0.476104,0.492567
5592,0.491504,0.476082,0.492557
5593,0.491473,0.47605,0.49254
5594,0.491402,0.475976,0.492483
5595,0.491317,0.475887,0.49241
5596,0.491261,0.475827,0.492363
5597,0.491224,0.475788,0.492335
5598,0.491165,0.475727,0.492288
5599,0.49113,0.47569,0.492264
5600,0.491056,0.475612,0.492202
5601,0.490965,0.475516,0.492121
5602,0.490884,0.475432,0.492046
5603,0.490838,0.475383,0.492004
5604,0.490772,0.475314,0.491944
5605,0.490699,0.475237,0.491874
5606,0.490627,0.475162,0.491805
5607,0.490563,0.475094,0.491741
5608,0.490483,0.475011,0.491661
5609,0.490441,0.474966,0.491616
5610,0.490382,0.474904,0.491557
5611,0.49034,0.47486,0.491515
5612,0.490312,0.474831,0.49149
5613,0.490248,0.474764,0.491431
5614,0.490213,0.474727,0.491402
5615,0.490141,0.474651,0.491336
5616,0.490048,0.474554,0.491248
5617,0.489991,0.474494,0.491192
5618,0.489944,0.474444,0.491148
5619,0.489903,0.474402,0.491111
5620,0.489821,0.474315,0.491034
5621,0.489741,0.474231,0.490956
5622,0.489702,0.474191,0.490918
5623,0.489634,0.474119,0.490853
5624,0.489566,0.474048,0.490787
5625,0.489491,0.473969,0.490713
5626,0.489424,0.473899,0.490645
5627,0.489342,0.473812,0.49056
5628,0.489288,0.473756,0.490502
5629,0.489211,0.473675,0.49042
5630,0.489132,0.473592,0.490335
5631,0.489073,0.47353,0.490268
5632,0.489,0.473454,0.490186
5633,0.488953,0.473403,0.490128
5634,0.488909,0.473358,0.490076
5635,0.48882,0.473264,0.489977
5636,0.488764,0.473205,0.489909
5637,0.488735,0.473175,0.489869
5638,0.488707,0.473146,0.489834
5639,0.488664,0.473101,0.489786
5640,0.488602,0.473035,0.489718
5641,0.488582,0.473015,0.489694
5642,0.488559,0.47299,0.489671
5643,0.488508,0.472937,0.489622
5644,0.488476,0.472904,0.489594
5645,0.488407,0.472831,0.489528
5646,0.488351,0.472772,0.489476
5647,0.488268,0.472684,0.489393
5648,0.488216,0.47263,0.48934
5649,0.488142,0.472552,0.489265
5650,0.488113,0.472522,0.489234
5651,0.48806,0.472467,0.489182
5652,0.487979,0.472381,0.489099
5653,0.487908,0.472307,0.489024
5654,0.487868,0.472264,0.488978
5655,0.487831,0.472226,0.488939
5656,0.487765,0.472157,0.48887
5657,0.487736,0.472126,0.488838
5658,0.487697,0.472085,0.488799
5659,0.487671,0.472058,0.488775
5660,0.487628,0.472013,0.488737
5661,0.487549,0.47193,0.488662
5662,0.4875,0.471878,0.488616
5663,0.487447,0.471823,0.488566
5664,0.487407,0.471781,0.48853
5665,0.487327,0.471697,0.488454
5666,0.487286,0.471653,0.488414
5667,0.487258,0.471624,0.488391
5668,0.487167,0.471528,0.488305
5669,0.487083,0.471441,0.488222
5670,0.487011,0.471365,0.488148
5671,0.48694,0.47129,0.488073
5672,0.486905,0.471254,0.488033
5673,0.486861,0.471207,0.487987
5674,0.486825,0.471169,0.487949
5675,0.486803,0.471147,0.48793
5676,0.486726,0.471066,0.487856
5677,0.486669,0.471006,0.487801
5678,0.4866,0.470934,0.487733
5679,0.486523,0.470852,0.487654
5680,0.486502,0.47083,0.487631
5681,0.486479,0.470806,0.487611
5682,0.486448,0.470773,0.487586
5683,0.486413,0.470737,0.48756
5684,0.486329,0.470649,0.487486
5685,0.486269,0.470585,0.487432
5686,0.486178,0.47049,0.487346
5687,0.486134,0.470444,0.487306
5688,0.486095,0.470403,0.487272
5689,0.486012,0.470316,0.487195
5690,0.485929,0.470229,0.487114
5691,0.485879,0.470177,0.487065
5692,0.485805,0.470098,0.486991
5693,0.485751,0.470042,0.486937
5694,0.485707,0.469996,0.486894
5695,0.485643,0.469928,0.486831
5696,0.485563,0.469844,0.486751
5697,0.485491,0.469769,0.486677
5698,0.485442,0.469717,0.486624
5699,0.48537,0.469642,0.486549
5700,0.48533,0.4696,0.486506
5701,0.485264,0.46953,0.486437
5702,0.485188,0.469451,0.486357
5703,0.485138,0.469398,0.486302
5704,0.48512,0.469379,0.48628
5705,0.485037,0.469292,0.486195
5706,0.484995,0.469247,0.48615
5707,0.484916,0.469165,0.486068
5708,0.48484,0.469085,0.485987
5709,0.484796,0.469039,0.485936
5710,0.484751,0.468991,0.485885
5711,0.484726,0.468965,0.485856
5712,0.484655,0.468891,0.485783
5713,0.484598,0.468831,0.485722
5714,0.484578,0.46881,0.4857
5715,0.484512,0.468741,0.485634
5716,0.484452,0.468677,0.485572
5717,0.4844,0.468624,0.485518
5718,0.484356,0.468578,0.485473
5719,0.484294,0.468511,0.485409
5720,0.484241,0.468457,0.485355
5721,0.484209,0.468423,0.485322
5722,0.484178,0.46839,0.485293
5723,0.484096,0.468304,0.485213
5724,0.484019,0.468223,0.485134
5725,0.483992,0.468195,0.485106
5726,0.483919,0.468119,0.485033
5727,0.483867,0.468064,0.484979
5728,0.483844,0.468039,0.484955
5729,0.483779,0.467972,0.484892
5730,0.483758,0.467949,0.484872
5731,0.483729,0.467918,0.484848
5732,0.483656,0.467842,0.484782
5733,0.483611,0.467795,0.484743
5734,0.483549,0.46773,0.484687
5735,0.483487,0.467665,0.48463
5736,0.483419,0.467593,0.484566
5737,0.48335,0.467521,0.4845
5738,0.483281,0.467448,0.484431
5739,0.483223,0.467387,0.484373
5740,0.483134,0.467294,0.484282
5741,0.483115,0.467274,0.48426
5742,0.483034,0.467189,0.484179
5743,0.482982,0.467135,0.484124
5744,0.482953,0.467104,0.484094
5745,0.482889,0.467036,0.484029
5746,0.482849,0.466994,0.483989
5747,0.482827,0.466972,0.48397
5748,0.482795,0.466937,0.483945
5749,0.482715,0.466854,0.483872
5750,0.482667,0.466804,0.48383
5751,0.482604,0.466738,0.483774
5752,0.482541,0.466671,0.483716
5753,0.48245,0.466576,0.483629
5754,0.482394,0.466517,0.483574
5755,0.482329,0.466449,0.48351
5756,0.482241,0.466357,0.483421
5757,0.48219,0.466303,0.483367
5758,0.482169,0.466281,0.483345
5759,0.482149,0.46626,0.483329
5760,0.48208,0.466188,0.483267
5761,0.482021,0.466125,0.483212
5762,0.481994,0.466097,0.483192
5763,0.481928,0.466027,0.483134
5764,0.481842,0.465938,0.483056
5765,0.481751,0.465842,0.482968
5766,0.481717,0.465807,0.482937
5767,0.481626,0.46571,0.482848
5768,0.481574,0.465656,0.482798
5769,0.481508,0.465587,0.482733
5770,0.481418,0.465492,0.482642
5771,0.481371,0.465443,0.482593
5772,0.481311,0.46538,0.482532
5773,0.481234,0.465299,0.482453
5774,0.481173,0.465235,0.482388
5775,0.48111,0.465168,0.48232
5776,0.481075,0.465132,0.482282
5777,0.480995,0.465048,0.4822
5778,0.48094,0.46499,0.482141
5779,0.480854,0.4649,0.48205
5780,0.480833,0.464878,0.482024
5781,0.4808,0.464843,0.48199
5782,0.480729,0.464769,0.481919
5783,0.480673,0.46471,0.481861
5784,0.480632,0.464667,0.48182
5785,0.480609,0.464643,0.4818
5786,0.480552,0.464583,0.481747
5787,0.480503,0.464531,0.481704
5788,0.480457,0.464483,0.481666
5789,0.480422,0.464446,0.481639
5790,0.480364,0.464385,0.481593
5791,0.480276,0.464293,0.481515
5792,0.480186,0.464199,0.481432
5793,0.480097,0.464105,0.481346
5794,0.480017,0.464021,0.481266
5795,0.479933,0.463933,0.48118
5796,0.47986,0.463856,0.481103
5797,0.479839,0.463834,0.481078
5798,0.479773,0.463765,0.481011
5799,0.479724,0.463713,0.480961
5800,0.47965,0.463635,0.480886
5801,0.479603,0.463586,0.480838
5802,0.479514,0.463493,0.480748
5803,0.479437,0.463412,0.480667
5804,0.479371,0.463343,0.480595
5805,0.479297,0.463265,0.480512
5806,0.479267,0.463234,0.480476
5807,0.479191,0.463154,0.480394
5808,0.479109,0.463068,0.480303
5809,0.479051,0.463007,0.480234
5810,0.479017,0.462971,0.48019
5811,0.478996,0.462949,0.480163
5812,0.478966,0.462917,0.48013
5813,0.478901,0.46285,0.480065
5814,0.478865,0.462811,0.480027
5815,0.478782,0.462725,0.479944
5816,0.478763,0.462704,0.479923
5817,0.478703,0.462641,0.479864
5818,0.478665,0.462602,0.479828
5819,0.478614,0.462548,0.479781
5820,0.478557,0.462488,0.479727
5821,0.478501,0.46243,0.479675
5822,0.478465,0.462391,0.479643
5823,0.478372,0.462294,0.479555
5824,0.478286,0.462204,0.47947
5825,0.478212,0.462126,0.479393
5826,0.478161,0.462072,0.479338
5827,0.478104,0.462013,0.479278
5828,0.478062,0.461968,0.479233
5829,0.478014,0.461918,0.479184
5830,0.477926,0.461825,0.479093
5831,0.477859,0.461755,0.479022
5832,0.477787,0.46168,0.478943
5833,0.477741,0.461632,0.478889
5834,0.477696,0.461584,0.478837
5835,0.477654,0.46154,0.47879
5836,0.477588,0.461471,0.478719
5837,0.477517,0.461397,0.478641
5838,0.477481,0.461358,0.478597
5839,0.477441,0.461316,0.478552
5840,0.47741,0.461284,0.478517
5841,0.477359,0.46123,0.478464
5842,0.477276,0.461143,0.478377
5843,0.477246,0.461111,0.478342
5844,0.477196,0.461059,0.478289
5845,0.477141,0.461001,0.47823
5846,0.47709,0.460948,0.478176
5847,0.477049,0.460905,0.478132
5848,0.477018,0.460873,0.4781
5849,0.476973,0.460825,0.478054
5850,0.476922,0.460771,0.478004
5851,0.476891,0.460739,0.477975
5852,0.476846,0.460692,0.477934
5853,0.476771,0.460613,0.477861
5854,0.476751,0.460592,0.477844
5855,0.476668,0.460505,0.477765
5856,0.476626,0.460461,0.477725
5857,0.476585,0.460417,0.477687
5858,0.476519,0.460348,0.477624
5859,0.476434,0.460259,0.47754
5860,0.476359,0.46018,0.477462
5861,0.476308,0.460127,0.477408
5862,0.476251,0.460067,0.477347
5863,0.476221,0.460035,0.477313
5864,0.476174,0.459985,0.477264
5865,0.476128,0.459937,0.477217
5866,0.476073,0.45988,0.477161
5867,0.476021,0.459825,0.477108
5868,0.476001,0.459804,0.477089
5869,0.475953,0.459754,0.477044
5870,0.475915,0.459714,0.47701
5871,0.475881,0.459679,0.476982
5872,0.475813,0.459607,0.476921
5873,0.475739,0.459529,0.476851
5874,0.47569,0.459477,0.476805
5875,0.475625,0.45941,0.476744
5876,0.475535,0.459315,0.476655
5877,0.475491,0.459269,0.476609
5878,0.475406,0.45918,0.476522
5879,0.475381,0.459153,0.476493
5880,0.475359,0.45913,0.476471
5881,0.475339,0.459109,0.476456
5882,0.475248,0.459014,0.476371
5883,0.47522,0.458984,0.476346
5884,0.475176,0.458939,0.476309
5885,0.475109,0.458867,0.476247
5886,0.475024,0.458779,0.476167
5887,0.474995,0.458748,0.476141
5888,0.474967,0.458719,0.476119
5889,0.474884,0.458631,0.476043
5890,0.474808,0.458552,0.475973
5891,0.474764,0.458505,0.475932
5892,0.474678,0.458415,0.47585
5893,0.474625,0.45836,0.475799
5894,0.474537,0.458267,0.47571
5895,0.4745,0.458229,0.475673
5896,0.474432,0.458157,0.475604
5897,0.474382,0.458105,0.475554
5898,0.474323,0.458043,0.475495
5899,0.474233,0.457948,0.475403
5900,0.474202,0.457915,0.475369
5901,0.474173,0.457885,0.47534
5902,0.474083,0.457791,0.475251
5903,0.473998,0.457702,0.475163
5904,0.473947,0.457647,0.475106
5905,0.473895,0.457593,0.475049
5906,0.473874,0.457571,0.475025
5907,0.473802,0.457496,0.474953
5908,0.47374,0.45743,0.474888
5909,0.473662,0.457348,0.474805
5910,0.473623,0.457308,0.474762
5911,0.473585,0.457267,0.47472
5912,0.473566,0.457247,0.474701
5913,0.473521,0.4572,0.474659
5914,0.473466,0.457143,0.474608
5915,0.473398,0.457071,0.474542
5916,0.473327,0.456997,0.474472
5917,0.473304,0.456973,0.474451
5918,0.473226,0.456891,0.474376
5919,0.473157,0.456818,0.474307
5920,0.473116,0.456775,0.474266
5921,0.47303,0.456685,0.474181
5922,0.472985,0.456638,0.474134
5923,0.472916,0.456565,0.474063
5924,0.472872,0.456519,0.474017
5925,0.472849,0.456495,0.473994
5926,0.472815,0.456459,0.473964
5927,0.472733,0.456373,0.473886
5928,0.472667,0.456303,0.473821
5929,0.472582,0.456214,0.473735
5930,0.472535,0.456165,0.473686
5931,0.472503,0.456131,0.473653
5932,0.472413,0.456037,0.473563
5933,0.47238,0.456002,0.473527
5934,0.472332,0.455952,0.47348
5935,0.47228,0.455897,0.473428
5936,0.472229,0.455843,0.473378
5937,0.472183,0.455795,0.473334
5938,0.472132,0.455742,0.473285
5939,0.472104,0.455712,0.473262
5940,0.472028,0.455632,0.473191
5941,0.471945,0.455545,0.473111
5942,0.471897,0.455496,0.473065
5943,0.471843,0.455439,0.473013
5944,0.471773,0.455365,0.472944
5945,0.471684,0.455271,0.472854
5946,0.471649,0.455235,0.472817
5947,0.471621,0.455205,0.472789
5948,0.471536,0.455116,0.472706
5949,0.47146,0.455036,0.472629
5950,0.471433,0.455008,0.4726
5951,0.471384,0.454957,0.472552
5952,0.471297,0.454865,0.472464
5953,0.471235,0.4548,0.4724
5954,0.471212,0.454776,0.472375
5955,0.471147,0.454708,0.472311
5956,0.471098,0.454656,0.472262
5957,0.471006,0.454559,0.472169
5958,0.470927,0.454476,0.472084
5959,0.470874,0.454421,0.472026
5960,0.470802,0.454345,0.471946
5961,0.470776,0.454318,0.471913
5962,0.470712,0.454251,0.471843
5963,0.470651,0.454187,0.471776
5964,0.470614,0.454148,0.471732
5965,0.470553,0.454084,0.471665
5966,0.470502,0.45403,0.471607
5967,0.470478,0.454006,0.471579
5968,0.470436,0.453961,0.471534
5969,0.470415,0.453939,0.471513
5970,0.470369,0.453891,0.47147
5971,0.470327,0.453847,0.471432
5972,0.470298,0.453817,0.471408
5973,0.470221,0.453736,0.471337
5974,0.470172,0.453684,0.471292
5975,0.470081,0.453588,0.471204
5976,0.470025,0.453529,0.471148
5977,0.469947,0.453447,0.471069
5978,0.469914,0.453413,0.471034
5979,0.469882,0.453379,0.471002
5980,0.46983,0.453325,0.470954
5981,0.469753,0.453244,0.470877
5982,0.469716,0.453205,0.47084
5983,0.469643,0.453129,0.470769
5984,0.469593,0.453076,0.470718
5985,0.46954,0.45302,0.470665
5986,0.469509,0.452987,0.470635
5987,0.469426,0.452901,0.470554
5988,0.469389,0.452862,0.470517
5989,0.469307,0.452776,0.470435
5990,0.469274,0.452741,0.470401
5991,0.469255,0.452721,0.470384
5992,0.469163,0.452625,0.470295
5993,0.469077,0.452534,0.470207
5994,0.469044,0.4525,0.470173
5995,0.469011,0.452465,0.470139
5996,0.468921,0.45237,0.470049
5997,0.46886,0.452306,0.469984
5998,0.468823,0.452267,0.469944
5999,0.468737,0.452178,0.469856
6000,0.468718,0.452157,0.469832
6001,0.468681,0.452119,0.469795
6002,0.468625,0.452059,0.469739
6003,0.468561,0.451992,0.469675
6004,0.468511,0.45194,0.469624
6005,0.468453,0.451879,0.469564
6006,0.468425,0.451849,0.469536
6007,0.468376,0.451798,0.469489
6008,0.468342,0.451762,0.469458
6009,0.468287,0.451704,0.469407
6010,0.468203,0.451616,0.469326
6011,0.468153,0.451563,0.469277
6012,0.468116,0.451525,0.469242
6013,0.468038,0.451443,0.469166
6014,0.46801,0.451414,0.46914
6015,0.467953,0.451354,0.469087
6016,0.467887,0.451284,0.469023
6017,0.467817,0.451212,0.468955
6018,0.467745,0.451135,0.468882
6019,0.467711,0.4511,0.468847
6020,0.467632,0.451017,0.468768
6021,0.467589,0.450972,0.468723
6022,0.467561,0.450942,0.468695
6023,0.467477,0.450854,0.468612
6024,0.467414,0.450787,0.468547
6025,0.467327,0.450697,0.468457
6026,0.467309,0.450677,0.468433
6027,0.467277,0.450644,0.468401
6028,0.467239,0.450604,0.468363
6029,0.46717,0.450532,0.468297
6030,0.467124,0.450483,0.468252
6031,0.467062,0.450419,0.468191
6032,0.466988,0.45034,0.468117
6033,0.466922,0.450271,0.468049
6034,0.466888,0.450236,0.468013
6035,0.46687,0.450216,0.467996
6036,0.466837,0.450182,0.467967
6037,0.466744,0.450084,0.467879
6038,0.466705,0.450044,0.467843
6039,0.466625,0.449959,0.467765
6040,0.466573,0.449905,0.467714
6041,0.466495,0.449823,0.467636
6042,0.466459,0.449786,0.4676
6043,0.466377,0.449699,0.467516
6044,0.466329,0.449649,0.467466
6045,0.466285,0.449602,0.46742
6046,0.466232,0.449547,0.467367
6047,0.466185,0.449498,0.46732
6048,0.46611,0.449419,0.467244
6049,0.466039,0.449344,0.46717
6050,0.466018,0.449322,0.467146
6051,0.465944,0.449244,0.467071
6052,0.465904,0.449203,0.467029
6053,0.465833,0.449128,0.466956
6054,0.465777,0.449069,0.466897
6055,0.465737,0.449027,0.466854
6056,0.465694,0.448982,0.46681
6057,0.465643,0.448928,0.466758
6058,0.465599,0.448882,0.466714
6059,0.465564,0.448846,0.466681
6060,0.465525,0.448804,0.466646
6061,0.4655,0.448778,0.466627
6062,0.465428,0.448703,0.466564
6063,0.465367,0.448639,0.466509
6064,0.465302,0.44857,0.466448
6065,0.465211,0.448475,0.466361
6066,0.465167,0.448428,0.466317
6067,0.465123,0.448382,0.466275
6068,0.465055,0.448311,0.46621
6069,0.465013,0.448267,0.466171
6070,0.46496,0.448211,0.466121
6071,0.464922,0.448171,0.466088
6072,0.464842,0.448087,0.466013
6073,0.464775,0.448017,0.465949
6074,0.464714,0.447953,0.465889
6075,0.46465,0.447886,0.465827
6076,0.464628,0.447863,0.465808
6077,0.46456,0.447791,0.465744
6078,0.464526,0.447756,0.465716
6079,0.464435,0.44766,0.465629
6080,0.464372,0.447594,0.46557
6081,0.464317,0.447536,0.465516
6082,0.46429,0.447507,0.465493
6083,0.464197,0.447411,0.465406
6084,0.464128,0.447337,0.465338
6085,0.464059,0.447265,0.46527
6086,0.463979,0.447182,0.46519
6087,0.463909,0.447108,0.465116
6088,0.46383,0.447025,0.465032
6089,0.463754,0.446945,0.464949
6090,0.463735,0.446925,0.464923
6091,0.463694,0.446882,0.464879
6092,0.463646,0.446832,0.464829
6093,0.463582,0.446764,0.464763
6094,0.463561,0.446742,0.464742
6095,0.463512,0.446691,0.464696
6096,0.463447,0.446623,0.464634
6097,0.463381,0.446553,0.46457
6098,0.463301,0.446469,0.46449
6099,0.463254,0.44642,0.464442
6100,0.463182,0.446344,0.464369
6101,0.463119,0.446278,0.464304
6102,0.463097,0.446255,0.464281
6103,0.463051,0.446207,0.464237
6104,0.46297,0.446122,0.464158
6105,0.462915,0.446064,0.464103
6106,0.462871,0.446018,0.46406
6107,0.462831,0.445975,0.464023
6108,0.46279,0.445933,0.463987
6109,0.4627,0.445838,0.463902
6110,0.462652,0.445788,0.463857
6111,0.462603,0.445737,0.463812
6112,0.462532,0.445661,0.463744
6113,0.46247,0.445597,0.463686
6114,0.462438,0.445563,0.463658
6115,0.462384,0.445507,0.463611
6116,0.462316,0.445435,0.463549
6117,0.462278,0.445395,0.463518
6118,0.462191,0.445304,0.463439
6119,0.462123,0.445233,0.463376
6120,0.462094,0.445201,0.463353
6121,0.462018,0.445122,0.463285
6122,0.461968,0.44507,0.463243
6123,0.461904,0.445003,0.463188
6124,0.461826,0.44492,0.463117
6125,0.461764,0.444856,0.463063
6126,0.461676,0.444763,0.46298
6127,0.461594,0.444677,0.462902
6128,0.461518,0.444597,0.462827
6129,0.461438,0.444513,0.462747
6130,0.461367,0.444438,0.462674
6131,0.461296,0.444364,0.462601
6132,0.461264,0.44433,0.462567
6133,0.461177,0.444239,0.46248
6134,0.461098,0.444156,0.462398
6135,0.461047,0.444103,0.462344
6136,0.460994,0.444046,0.462288
6137,0.460956,0.444007,0.46225
6138,0.460904,0.443952,0.4622
6139,0.460817,0.443861,0.462114
6140,0.460761,0.443802,0.462059
6141,0.460686,0.443723,0.461984
6142,0.46064,0.443675,0.461939
6143,0.460574,0.443606,0.461874
6144,0.460482,0.443509,0.461782
6145,0.460406,0.443429,0.461703
6146,0.460343,0.443363,0.461636
6147,0.460255,0.443271,0.461543
6148,0.460189,0.443201,0.461469
6149,0.460154,0.443165,0.461428
6150,0.460083,0.443091,0.461352
6151,0.460039,0.443044,0.461302
6152,0.459964,0.442966,0.461223
6153,0.459923,0.442922,0.461177
6154,0.459896,0.442894,0.461149
6155,0.459823,0.442818,0.461076
6156,0.459731,0.442721,0.460981
6157,0.459695,0.442683,0.460941
6158,0.459631,0.442616,0.460874
6159,0.459564,0.442545,0.460804
6160,0.459502,0.44248,0.460738
6161,0.459438,0.442413,0.460669
6162,0.459413,0.442386,0.460641
6163,0.459362,0.442334,0.46059
6164,0.459285,0.442252,0.460512
6165,0.459208,0.442172,0.460432
6166,0.459133,0.442093,0.460351
6167,0.459082,0.442039,0.460294
6168,0.459031,0.441986,0.460238
6169,0.45895,0.441901,0.460151
6170,0.45888,0.441827,0.460071
6171,0.458856,0.441802,0.460039
6172,0.458809,0.441753,0.459986
6173,0.458735,0.441675,0.459906
6174,0.458712,0.441651,0.459877
6175,0.458655,0.441591,0.459815
6176,0.458623,0.441558,0.45978
6177,0.458585,0.441517,0.459741
6178,0.458527,0.441457,0.459684
6179,0.458457,0.441384,0.459614
6180,0.458436,0.441361,0.459592
6181,0.45835,0.441271,0.459507
6182,0.458283,0.4412,0.459437
6183,0.458247,0.441163,0.459399
6184,0.458215,0.441129,0.459367
6185,0.458179,0.441091,0.459333
6186,0.458127,0.441037,0.459285
6187,0.458036,0.440941,0.459197
6188,0.457985,0.440887,0.459145
6189,0.457963,0.440865,0.459125
6190,0.45788,0.440777,0.459045
6191,0.457792,0.440684,0.458955
6192,0.457766,0.440657,0.458928
6193,0.457698,0.440587,0.45886
6194,0.457678,0.440565,0.45884
6195,0.457628,0.440512,0.458793
6196,0.457561,0.440443,0.45873
6197,0.457508,0.440386,0.458678
6198,0.457432,0.440307,0.458604
6199,0.457346,0.440216,0.458516
6200,0.457326,0.440195,0.458494
6201,0.45724,0.440106,0.458408
6202,0.457183,0.440046,0.458347
6203,0.457096,0.439954,0.458255
6204,0.457037,0.439892,0.458188
6205,0.457001,0.439854,0.458145
6206,0.456934,0.439784,0.458072
6207,0.456891,0.439739,0.458023
6208,0.456859,0.439705,0.457985
6209,0.456786,0.439629,0.457908
6210,0.456737,0.439577,0.457852
6211,0.456708,0.439547,0.457818
6212,0.45666,0.439496,0.457767
6213,0.456596,0.439429,0.4577
6214,0.456515,0.439344,0.457613
6215,0.456484,0.439312,0.457576
6216,0.456433,0.439258,0.457518
6217,0.45641,0.439234,0.457491
6218,0.456383,0.439206,0.457463
6219,0.456302,0.43912,0.457381
6220,0.456248,0.439063,0.457324
6221,0.456219,0.439033,0.457292
6222,0.456137,0.438947,0.457208
6223,0.456099,0.438907,0.457165
6224,0.456068,0.438874,0.457131
6225,0.456047,0.438852,0.457109
6226,0.455986,0.438789,0.457051
6227,0.455961,0.438762,0.457027
6228,0.45589,0.438688,0.456959
6229,0.455835,0.43863,0.456904
6230,0.455751,0.438542,0.45682
6231,0.455732,0.438522,0.456799
6232,0.455682,0.438469,0.456748
6233,0.455618,0.438402,0.456684
6234,0.455582,0.438364,0.456647
6235,0.455558,0.438339,0.456624
6236,0.455509,0.438288,0.456578
6237,0.455469,0.438245,0.456542
6238,0.455449,0.438224,0.456528
6239,0.455385,0.438158,0.456472
6240,0.455343,0.438113,0.456438
6241,0.455284,0.438052,0.456387
6242,0.455224,0.437989,0.456334
6243,0.45514,0.4379,0.456256
6244,0.455097,0.437855,0.456216
6245,0.455057,0.437813,0.456181
6246,0.455001,0.437754,0.456131
6247,0.454913,0.437662,0.456048
6248,0.454879,0.437626,0.456017
6249,0.454815,0.437559,0.455957
6250,0.454781,0.437523,0.455927
6251,0.454695,0.437433,0.455845
6252,0.454634,0.437369,0.455786
6253,0.454544,0.437275,0.455696
6254,0.45452,0.437249,0.45567
6255,0.454468,0.437194,0.45562
6256,0.454392,0.437115,0.455545
6257,0.454339,0.437059,0.45549
6258,0.454273,0.43699,0.455424
6259,0.454231,0.436945,0.45538
6260,0.454187,0.436899,0.455336
6261,0.454105,0.436814,0.455255
6262,0.454068,0.436775,0.455216
6263,0.454018,0.436723,0.455167
6264,0.453936,0.436636,0.455084
6265,0.453897,0.436595,0.455043
6266,0.453861,0.436558,0.455007
6267,0.453821,0.436516,0.45497
6268,0.453753,0.436444,0.454904
6269,0.453681,0.436368,0.454833
6270,0.453659,0.436345,0.454812
6271,0.453598,0.436282,0.454756
6272,0.45351,0.436189,0.454669
6273,0.45343,0.436104,0.454587
6274,0.453354,0.436025,0.454506
6275,0.453317,0.435986,0.454464
6276,0.453296,0.435965,0.454441
6277,0.453263,0.435929,0.454409
6278,0.453202,0.435865,0.45435
6279,0.453143,0.435804,0.454293
6280,0.453063,0.435719,0.454213
6281,0.453022,0.435677,0.454172
6282,0.452988,0.435641,0.454139
6283,0.452914,0.435563,0.454067
6284,0.452882,0.435529,0.454036
6285,0.452808,0.435452,0.453964
6286,0.452724,0.435364,0.45388
6287,0.452657,0.435293,0.45381
6288,0.452635,0.43527,0.453785
6289,0.452554,0.435185,0.453703
6290,0.452509,0.435137,0.453655
6291,0.452479,0.435107,0.453625
6292,0.452441,0.435067,0.453589
6293,0.452385,0.435007,0.453535
6294,0.452339,0.434959,0.453492
6295,0.452261,0.434877,0.453417
6296,0.452179,0.434791,0.453335
6297,0.452148,0.434758,0.453303
6298,0.452088,0.434696,0.453244
6299,0.452011,0.434614,0.453166
6300,0.451918,0.434518,0.453069
6301,0.451879,0.434476,0.453024
6302,0.451817,0.434411,0.452957
6303,0.451769,0.434361,0.452903
6304,0.451745,0.434336,0.452875
6305,0.451717,0.434306,0.452846
6306,0.451659,0.434245,0.452789
6307,0.451612,0.434195,0.452743
6308,0.451583,0.434165,0.452717
6309,0.451562,0.434144,0.452703
6310,0.451499,0.434077,0.452647
6311,0.451439,0.434014,0.452595
6312,0.451355,0.433926,0.452517
6313,0.451277,0.433844,0.452441
6314,0.451193,0.433756,0.452358
6315,0.451171,0.433733,0.452335
6316,0.451084,0.433641,0.452248
6317,0.451059,0.433615,0.452222
6318,0.450998,0.433551,0.452163
6319,0.45095,0.433501,0.452116
6320,0.450916,0.433465,0.452085
6321,0.450839,0.433384,0.452012
6322,0.450801,0.433345,0.451978
6323,0.450717,0.433256,0.451897
6324,0.450631,0.433166,0.45181
6325,0.450558,0.433089,0.451734
6326,0.450506,0.433034,0.451677
6327,0.450465,0.432991,0.451633
6328,0.450427,0.432952,0.451594
6329,0.450346,0.432866,0.451511
6330,0.4503,0.432819,0.451463
6331,0.450252,0.432768,0.451413
6332,0.450214,0.432728,0.451374
6333,0.450171,0.432682,0.451332
6334,0.450104,0.432612,0.451267
6335,0.450044,0.43255,0.451208
6336,0.449998,0.432501,0.451163
6337,0.449973,0.432475,0.451142
6338,0.449934,0.432434,0.451108
6339,0.449842,0.432337,0.451022
6340,0.449789,0.432281,0.450972
6341,0.449722,0.432211,0.450908
6342,0.449665,0.432152,0.450855
6343,0.449617,0.432101,0.450809
6344,0.449538,0.432018,0.450733
6345,0.449466,0.431943,0.450661
6346,0.449416,0.431891,0.450611
6347,0.449348,0.431819,0.450542
6348,0.449278,0.431745,0.45047
6349,0.44921,0.431673,0.450399
6350,0.449177,0.431639,0.450363
6351,0.44913,0.43159,0.450315
6352,0.449095,0.431553,0.450281
6353,0.449019,0.431473,0.450206
6354,0.448945,0.431395,0.450131
6355,0.448881,0.431328,0.450065
6356,0.448844,0.431289,0.450026
6357,0.448807,0.43125,0.44999
6358,0.448727,0.431166,0.44991
6359,0.448702,0.43114,0.449886
6360,0.448623,0.431057,0.449809
6361,0.448531,0.430961,0.449715
6362,0.448453,0.430879,0.449632
6363,0.448394,0.430817,0.449566
6364,0.448356,0.430777,0.449521
6365,0.448311,0.43073,0.449471
6366,0.448271,0.430687,0.449427
6367,0.448219,0.430633,0.449373
6368,0.448196,0.430609,0.449349
6369,0.448104,0.430512,0.449257
6370,0.448075,0.430482,0.449226
6371,0.44799,0.430392,0.44914
6372,0.447931,0.430331,0.449078
6373,0.447895,0.430293,0.449038
6374,0.447855,0.430251,0.448997
6375,0.447814,0.430208,0.448956
6376,0.447755,0.430146,0.448898
6377,0.447727,0.430117,0.448872
6378,0.447636,0.430021,0.448783
6379,0.447595,0.429979,0.448742
6380,0.447528,0.429907,0.448674
6381,0.447484,0.429862,0.44863
6382,0.447424,0.429798,0.44857
6383,0.447336,0.429706,0.448481
6384,0.447285,0.429653,0.448426
6385,0.447238,0.429603,0.448375
6386,0.447204,0.429568,0.448339
6387,0.447175,0.429537,0.44831
6388,0.447094,0.429452,0.44823
6389,0.447062,0.429419,0.448198
6390,0.446977,0.429329,0.448112
6391,0.446897,0.429245,0.448028
6392,0.446858,0.429204,0.447984
6393,0.446821,0.429165,0.447944
6394,0.446773,0.429114,0.447893
6395,0.446744,0.429084,0.447864
6396,0.446699,0.429037,0.447821
6397,0.446637,0.428972,0.44776
6398,0.446613,0.428947,0.44774
6399,0.446582,0.428914,0.447714
6400,0.446513,0.428842,0.447652
6401,0.446475,0.428802,0.447621
6402,0.446387,0.428709,0.447538
6403,0.446334,0.428654,0.447489
6404,0.446287,0.428605,0.447447
6405,0.446234,0.428549,0.447399
6406,0.446158,0.428469,0.447327
6407,0.446101,0.428409,0.447273
6408,0.446025,0.42833,0.447199
6409,0.445981,0.428283,0.447156
6410,0.445895,0.428193,0.44707
6411,0.445813,0.428106,0.446985
6412,0.44573,0.42802,0.446896
6413,0.445707,0.427996,0.446866
6414,0.445658,0.427944,0.446813
6415,0.445624,0.427909,0.446777
6416,0.445552,0.427833,0.446702
6417,0.445528,0.427807,0.446676
6418,0.445494,0.427772,0.446643
6419,0.445418,0.427692,0.446569
6420,0.445339,0.42761,0.446489
6421,0.445272,0.427539,0.446419
6422,0.445219,0.427483,0.446361
6423,0.445185,0.427448,0.446324
6424,0.445129,0.427389,0.446266
6425,0.44507,0.427327,0.446204
6426,0.445028,0.427282,0.446159
6427,0.444986,0.427238,0.446116
6428,0.444948,0.427198,0.446079
6429,0.444915,0.427164,0.446049
6430,0.444884,0.427132,0.446023
6431,0.444822,0.427066,0.445967
6432,0.444746,0.426986,0.445896
6433,0.44468,0.426917,0.445833
6434,0.44461,0.426844,0.445765
6435,0.444526,0.426755,0.445679
6436,0.4445,0.426728,0.445651
6437,0.444442,0.426667,0.445593
6438,0.444365,0.426587,0.445515
6439,0.444312,0.426531,0.445459
6440,0.444231,0.426446,0.445374
6441,0.444143,0.426353,0.445278
6442,0.444098,0.426306,0.445223
6443,0.444064,0.426271,0.44518
6444,0.444044,0.42625,0.445155
6445,0.444026,0.42623,0.445134
6446,0.443979,0.426181,0.445088
6447,0.443946,0.426146,0.445057
6448,0.443901,0.426099,0.445016
6449,0.443821,0.426016,0.44494
6450,0.443785,0.425978,0.444906
6451,0.443718,0.425907,0.444841
6452,0.443655,0.425841,0.444779
6453,0.443632,0.425817,0.444757
6454,0.443565,0.425747,0.444694
6455,0.443502,0.42568,0.444633
6456,0.443467,0.425644,0.4446
6457,0.443427,0.425602,0.444564
6458,0.443339,0.42551,0.44448
6459,0.443294,0.425462,0.444436
6460,0.443273,0.42544,0.444419
6461,0.443244,0.425409,0.444397
6462,0.443158,0.425319,0.444319
6463,0.443074,0.425231,0.44424
6464,0.442992,0.425145,0.444159
6465,0.442967,0.425118,0.444134
6466,0.442897,0.425045,0.444067
6467,0.442857,0.425003,0.444029
6468,0.442818,0.424962,0.443994
6469,0.442749,0.424889,0.443929
6470,0.442712,0.424851,0.443897
6471,0.442687,0.424824,0.443879
6472,0.442621,0.424755,0.443823
6473,0.442536,0.424666,0.443745
6474,0.442444,0.42457,0.443658
6475,0.44237,0.424492,0.443585
6476,0.442327,0.424447,0.443543
6477,0.442261,0.424377,0.443478
6478,0.442211,0.424324,0.443429
6479,0.442169,0.424281,0.443391
6480,0.442105,0.424213,0.44333
6481,0.442013,0.424117,0.443241
6482,0.441953,0.424054,0.44318
6483,0.441925,0.424024,0.443152
6484,0.441841,0.423936,0.44307
6485,0.441765,0.423857,0.442994
6486,0.441696,0.423784,0.442922
6487,0.441632,0.423717,0.442855
6488,0.441605,0.423688,0.442825
6489,0.441534,0.423614,0.442754
6490,0.441475,0.423551,0.442693
6491,0.441401,0.423474,0.442616
6492,0.441321,0.423391,0.442532
6493,0.441289,0.423357,0.442494
6494,0.441268,0.423335,0.442472
6495,0.441182,0.423245,0.442385
6496,0.441146,0.423207,0.442348
6497,0.441089,0.423147,0.442291
6498,0.441015,0.423069,0.442216
6499,0.440971,0.423023,0.44217
6500,0.440922,0.422971,0.44212
6501,0.440889,0.422937,0.442089
6502,0.440839,0.422884,0.442043
6503,0.440767,0.422809,0.441974
6504,0.440734,0.422774,0.441944
6505,0.440667,0.422703,0.441882
6506,0.440611,0.422644,0.44183
6507,0.440542,0.422572,0.441765
6508,0.440479,0.422506,0.441705
6509,0.440443,0.422468,0.441673
6510,0.440399,0.422422,0.441635
6511,0.440323,0.422343,0.441566
6512,0.440241,0.422257,0.441488
6513,0.440173,0.422185,0.441422
6514,0.44011,0.422119,0.441361
6515,0.440064,0.422071,0.441317
6516,0.440021,0.422025,0.441277
6517,0.439973,0.421975,0.441235
6518,0.439883,0.421881,0.441151
6519,0.43981,0.421804,0.44108
6520,0.439733,0.421723,0.441004
6521,0.439657,0.421643,0.440927
6522,0.439577,0.421559,0.440843
6523,0.439521,0.4215,0.440783
6524,0.439487,0.421465,0.440747
6525,0.439395,0.421368,0.440652
6526,0.439362,0.421333,0.440615
6527,0.439284,0.421251,0.440535
6528,0.43923,0.421195,0.440477
6529,0.43919,0.421152,0.440434
6530,0.439099,0.421058,0.440342
6531,0.439029,0.420984,0.440266
6532,0.438968,0.420919,0.440198
6533,0.43894,0.420891,0.440165
6534,0.438915,0.420864,0.440138
6535,0.438865,0.420811,0.440089
6536,0.438798,0.420741,0.440023
6537,0.438744,0.420685,0.43997
6538,0.438723,0.420662,0.439951
6539,0.438674,0.420611,0.439909
6540,0.438631,0.420566,0.439873
6541,0.438561,0.420492,0.439811
6542,0.438473,0.4204,0.439728
6543,0.438433,0.420358,0.439693
6544,0.438354,0.420275,0.43962
6545,0.43829,0.420208,0.43956
6546,0.438224,0.420139,0.439498
6547,0.438139,0.420049,0.439414
6548,0.438081,0.419988,0.439356
6549,0.437988,0.419891,0.439263
6550,0.437935,0.419835,0.439207
6551,0.437882,0.41978,0.439151
6552,0.437811,0.419705,0.439078
6553,0.437742,0.419633,0.439006
6554,0.43765,0.419536,0.438908
6555,0.437603,0.419486,0.438853
6556,0.437518,0.419397,0.43876
6557,0.437457,0.419333,0.438689
6558,0.437436,0.419311,0.438659
6559,0.43739,0.419263,0.438608
6560,0.437368,0.41924,0.438583
6561,0.437313,0.419182,0.438527
6562,0.43723,0.419095,0.438443
6563,0.437183,0.419046,0.438392
6564,0.437123,0.418983,0.43833
6565,0.437097,0.418956,0.438302
6566,0.437041,0.418897,0.438247
6567,0.437016,0.41887,0.438224
6568,0.436972,0.418824,0.438185
6569,0.436881,0.418728,0.438098
6570,0.436811,0.418654,0.43803
6571,0.436761,0.418602,0.437981
6572,0.436736,0.418576,0.437959
6573,0.436675,0.418512,0.437903
6574,0.4366,0.418433,0.437832
6575,0.436521,0.418351,0.437755
6576,0.436453,0.418279,0.437687
6577,0.436383,0.418206,0.437616
6578,0.436353,0.418174,0.437585
6579,0.436266,0.418082,0.437497
6580,0.436174,0.417986,0.437402
6581,0.43614,0.417951,0.437363
6582,0.436071,0.417878,0.437289
6583,0.436,0.417803,0.437212
6584,0.435959,0.41776,0.437165
6585,0.435926,0.417725,0.437127
6586,0.435871,0.417667,0.43707
6587,0.435799,0.417593,0.436995
6588,0.435723,0.417512,0.436914
6589,0.4357,0.417489,0.436886
6590,0.43564,0.417425,0.436822
6591,0.435552,0.417333,0.436729
6592,0.435503,0.417281,0.436672
6593,0.435484,0.417261,0.436648
6594,0.435446,0.417221,0.436608
6595,0.435419,0.417193,0.436581
6596,0.435337,0.417107,0.4365
6597,0.435313,0.417082,0.436476
6598,0.435232,0.416997,0.436397
6599,0.435208,0.416972,0.436374
6600,0.435169,0.416931,0.436338
6601,0.435085,0.416842,0.436257
6602,0.435001,0.416754,0.436173
6603,0.434932,0.416682,0.436101
6604,0.434906,0.416655,0.436072
6605,0.434861,0.416607,0.436027
6606,0.434833,0.416578,0.436
6607,0.434753,0.416494,0.435923
6608,0.434692,0.41643,0.435863
6609,0.434673,0.416409,0.435844
6610,0.434622,0.416356,0.435797
6611,0.434541,0.416272,0.43572
6612,0.434449,0.416175,0.435627
6613,0.434399,0.416122,0.435575
6614,0.434371,0.416092,0.435545
6615,0.434331,0.416051,0.435507
6616,0.434239,0.415954,0.435416
6617,0.434171,0.415883,0.435346
6618,0.434144,0.415855,0.435317
6619,0.434087,0.415794,0.435259
6620,0.434068,0.415774,0.435241
6621,0.433989,0.415692,0.435165
6622,0.433955,0.415656,0.435133
6623,0.433872,0.415569,0.435053
6624,0.433813,0.415507,0.434994
6625,0.433769,0.415461,0.434951
6626,0.433719,0.415408,0.434902
6627,0.433658,0.415344,0.434842
6628,0.43363,0.415315,0.434818
6629,0.433575,0.415257,0.434767
6630,0.433539,0.41522,0.434737
6631,0.433487,0.415164,0.434692
6632,0.433442,0.415118,0.434656
6633,0.433372,0.415044,0.434595
6634,0.433316,0.414985,0.434547
6635,0.43324,0.414906,0.434479
6636,0.433191,0.414853,0.434436
6637,0.433118,0.414777,0.434371
6638,0.433038,0.414693,0.434296
6639,0.432965,0.414617,0.434226
6640,0.432898,0.414546,0.434161
6641,0.432819,0.414463,0.434083
6642,0.432745,0.414386,0.434007
6643,0.432673,0.41431,0.433932
6644,0.432592,0.414225,0.433846
6645,0.432569,0.414201,0.433818
6646,0.432477,0.414104,0.433722
6647,0.432401,0.414024,0.433639
6648,0.432318,0.413937,0.433546
6649,0.432299,0.413917,0.433518
6650,0.432252,0.413868,0.433464
6651,0.43219,0.413803,0.433396
6652,0.432143,0.413754,0.433343
6653,0.432077,0.413685,0.433271
6654,0.432058,0.413664,0.433246
6655,0.431992,0.413595,0.433178
6656,0.431944,0.413544,0.433126
6657,0.431881,0.413478,0.43306
6658,0.43186,0.413457,0.433037
6659,0.43178,0.413372,0.432955
6660,0.431748,0.413338,0.432921
6661,0.431714,0.413303,0.432888
6662,0.431684,0.413271,0.432861
6663,0.431626,0.413211,0.432808
6664,0.431546,0.413127,0.432732
6665,0.431522,0.413101,0.432711
6666,0.431448,0.413024,0.432642
6667,0.43139,0.412963,0.432588
6668,0.431324,0.412893,0.432524
6669,0.431234,0.412799,0.432435
6670,0.431191,0.412754,0.43239
6671,0.431161,0.412722,0.432361
6672,0.431121,0.41268,0.432325
6673,0.431065,0.412622,0.432274
6674,0.43101,0.412564,0.432224
6675,0.430958,0.412509,0.432177
6676,0.430872,0.412419,0.432096
6677,0.4308,0.412343,0.432025
6678,0.430749,0.41229,0.431976
6679,0.43069,0.412228,0.431918
6680,0.430616,0.412151,0.431845
6681,0.430593,0.412126,0.431824
6682,0.430544,0.412075,0.431779
6683,0.430511,0.41204,0.431752
6684,0.430437,0.411962,0.431685
6685,0.430359,0.41188,0.431612
6686,0.430297,0.411815,0.431554
6687,0.430216,0.41173,0.431476
6688,0.430141,0.411651,0.431401
6689,0.430049,0.411554,0.431307
6690,0.429974,0.411476,0.431226
6691,0.429955,0.411456,0.431203
6692,0.429874,0.411371,0.43112
6693,0.429825,0.41132,0.431067
6694,0.4298,0.411293,0.43104
6695,0.429743,0.411233,0.430984
6696,0.429651,0.411136,0.430891
6697,0.429585,0.411068,0.430821
6698,0.429528,0.411008,0.43076
6699,0.429452,0.410928,0.430679
6700,0.429432,0.410907,0.430655
6701,0.429369,0.41084,0.430589
6702,0.429315,0.410784,0.430533
6703,0.429229,0.410694,0.430443
6704,0.429168,0.41063,0.430376
6705,0.429109,0.410568,0.43031
6706,0.429038,0.410493,0.430231
6707,0.42901,0.410464,0.430196
6708,0.42897,0.410422,0.430151
6709,0.42893,0.410379,0.430107
6710,0.428847,0.410293,0.430021
6711,0.428782,0.410225,0.429949
6712,0.428762,0.410203,0.429923
6713,0.428714,0.410153,0.429873
6714,0.428655,0.410091,0.429811
6715,0.428596,0.410029,0.429748
6716,0.428578,0.41001,0.429727
6717,0.428556,0.409987,0.429707
6718,0.428498,0.409926,0.429653
6719,0.428413,0.409837,0.429569
6720,0.428384,0.409806,0.42954
6721,0.42835,0.409771,0.42951
6722,0.428304,0.409722,0.429469
6723,0.428281,0.409698,0.429453
6724,0.428207,0.409621,0.429388
6725,0.428185,0.409597,0.429374
6726,0.428139,0.409549,0.42934
6727,0.428059,0.409465,0.429272
6728,0.42797,0.409372,0.429192
6729,0.427893,0.409291,0.429119
6730,0.427809,0.409203,0.429038
6731,0.427724,0.409113,0.428952
6732,0.427672,0.409059,0.428898
6733,0.427615,0.408999,0.428839
6734,0.427579,0.408961,0.428803
6735,0.427506,0.408884,0.42873
6736,0.42746,0.408836,0.428684
6737,0.427377,0.408749,0.4286
6738,0.427315,0.408684,0.428535
6739,0.427243,0.408609,0.428459
6740,0.427184,0.408546,0.428394
6741,0.427145,0.408505,0.428351
6742,0.427062,0.408419,0.428264
6743,0.427031,0.408386,0.428228
6744,0.427003,0.408356,0.428197
6745,0.426913,0.408262,0.428104
6746,0.426846,0.408192,0.428033
6747,0.426789,0.408132,0.427969
6748,0.42673,0.40807,0.427904
6749,0.426706,0.408044,0.427873
6750,0.426673,0.40801,0.427838
6751,0.426584,0.407916,0.427746
6752,0.426505,0.407834,0.427661
6753,0.426471,0.407797,0.427619
6754,0.426444,0.40777,0.427588
6755,0.426412,0.407736,0.427553
6756,0.426388,0.40771,0.427529
6757,0.426314,0.407633,0.427457
6758,0.426233,0.407548,0.427375
6759,0.426184,0.407496,0.427323
6760,0.426136,0.407446,0.427272
6761,0.426112,0.407421,0.427247
6762,0.426067,0.407373,0.427203
6763,0.426013,0.407317,0.427151
6764,0.425968,0.407269,0.427107
6765,0.425889,0.407187,0.42703
6766,0.425804,0.407097,0.426942
6767,0.425745,0.407036,0.426878
6768,0.425719,0.407008,0.426848
6769,0.425659,0.406945,0.426786
6770,0.425636,0.406921,0.426761
6771,0.42561,0.406894,0.426735
6772,0.425584,0.406867,0.426714
6773,0.425558,0.406839,0.426695
6774,0.425527,0.406807,0.426675
6775,0.42544,0.406716,0.426599
6776,0.425368,0.40664,0.426534
6777,0.425345,0.406616,0.426519
6778,0.425264,0.40653,0.426446
6779,0.425183,0.406445,0.426371
6780,0.425132,0.406392,0.426325
6781,0.425088,0.406346,0.426286
6782,0.425029,0.406283,0.426233
6783,0.424961,0.406212,0.42617
6784,0.424922,0.406172,0.426137
6785,0.424838,0.406084,0.426059
6786,0.424762,0.406004,0.425986
6787,0.42471,0.405949,0.425936
6788,0.424667,0.405904,0.425896
6789,0.424582,0.405814,0.425813
6790,0.424544,0.405775,0.425778
6791,0.42448,0.405707,0.425717
6792,0.424411,0.405635,0.42565
6793,0.424375,0.405597,0.425617
6794,0.424317,0.405536,0.425563
6795,0.424234,0.405449,0.425483
6796,0.42415,0.405361,0.4254
6797,0.42407,0.405277,0.425317
6798,0.424006,0.405209,0.425249
6799,0.423928,0.405127,0.425165
6800,0.423852,0.405048,0.425082
6801,0.423832,0.405027,0.425054
6802,0.423784,0.404977,0.425001
6803,0.423729,0.404919,0.424942
6804,0.423678,0.404866,0.424888
6805,0.423636,0.404821,0.424844
6806,0.42361,0.404793,0.424817
6807,0.423548,0.404729,0.424758
6808,0.423491,0.404668,0.424701
6809,0.423401,0.404574,0.424611
6810,0.423365,0.404536,0.424574
6811,0.42328,0.404448,0.424488
6812,0.423262,0.404428,0.424467
6813,0.423185,0.404347,0.42439
6814,0.42316,0.404321,0.424365
6815,0.423101,0.404259,0.424308
6816,0.423012,0.404166,0.424219
6817,0.42298,0.404132,0.424186
6818,0.422893,0.404041,0.424098
6819,0.422837,0.403982,0.424039
6820,0.422798,0.403941,0.423998
6821,0.422777,0.403919,0.423978
6822,0.422743,0.403884,0.423948
6823,0.422651,0.403787,0.42386
6824,0.422613,0.403747,0.423824
6825,0.422538,0.403668,0.423752
6826,0.422491,0.403619,0.423707
6827,0.422407,0.40353,0.423624
6828,0.422316,0.403435,0.423531
6829,0.422232,0.403347,0.423441
6830,0.422168,0.40328,0.423369
6831,0.422121,0.403231,0.423313
6832,0.422072,0.403179,0.423256
6833,0.422017,0.403121,0.423193
6834,0.421945,0.403045,0.423112
6835,0.421911,0.40301,0.42307
6836,0.421869,0.402966,0.42302
6837,0.421807,0.402901,0.422951
6838,0.421765,0.402856,0.422901
6839,0.42174,0.402831,0.422872
6840,0.4217,0.402788,0.422828
6841,0.421661,0.402747,0.422787
6842,0.421587,0.40267,0.422712
6843,0.421565,0.402646,0.422688
6844,0.421495,0.402573,0.422616
6845,0.421416,0.40249,0.422534
6846,0.421356,0.402427,0.422468
6847,0.421326,0.402396,0.422432
6848,0.421303,0.402372,0.422406
6849,0.421283,0.40235,0.422386
6850,0.42123,0.402294,0.422335
6851,0.421168,0.40223,0.422275
6852,0.421141,0.402201,0.422249
6853,0.421116,0.402176,0.422229
6854,0.421038,0.402093,0.422156
6855,0.420987,0.402039,0.422108
6856,0.420938,0.401988,0.422063
6857,0.420876,0.401923,0.422004
6858,0.420787,0.40183,0.421916
6859,0.420753,0.401794,0.421881
6860,0.420682,0.401719,0.421809
6861,0.420624,0.401659,0.421749
6862,0.420602,0.401635,0.421725
6863,0.420543,0.401573,0.421667
6864,0.420523,0.401553,0.421648
6865,0.420433,0.401458,0.42156
6866,0.420396,0.401419,0.421523
6867,0.420333,0.401353,0.42146
6868,0.420314,0.401333,0.421442
6869,0.420256,0.401272,0.421387
6870,0.420173,0.401185,0.421306
6871,0.42012,0.401129,0.421251
6872,0.420043,0.401049,0.421173
6873,0.420003,0.401007,0.42113
6874,0.419982,0.400984,0.421107
6875,0.419893,0.40089,0.421017
6876,0.419866,0.400863,0.420989
6877,0.419803,0.400796,0.420925
6878,0.419752,0.400743,0.420872
6879,0.4197,0.400688,0.420819
6880,0.419663,0.400649,0.42078
6881,0.419613,0.400597,0.420731
6882,0.419577,0.400559,0.420696
6883,0.419489,0.400467,0.420607
6884,0.419464,0.400441,0.420582
6885,0.419407,0.40038,0.420525
6886,0.419329,0.400298,0.420445
6887,0.419283,0.40025,0.420397
6888,0.419208,0.400171,0.420318
6889,0.419164,0.400126,0.420269
6890,0.419123,0.400083,0.420224
6891,0.419078,0.400035,0.420176
6892,0.41901,0.399963,0.420103
6893,0.41895,0.399901,0.420038
6894,0.418911,0.399859,0.419993
6895,0.418856,0.399802,0.419933
6896,0.418832,0.399777,0.419904
6897,0.418811,0.399755,0.419882
6898,0.418764,0.399706,0.419836
6899,0.418732,0.399672,0.419805
6900,0.418688,0.399626,0.419764
6901,0.418639,0.399574,0.419718
6902,0.418611,0.399545,0.419694
6903,0.418574,0.399506,0.419663
6904,0.418519,0.399448,0.419616
6905,0.418499,0.399428,0.419605
6906,0.418424,0.399348,0.419539
6907,0.418344,0.399265,0.419466
6908,0.418297,0.399215,0.419423
6909,0.418236,0.399151,0.419368
6910,0.418217,0.399131,0.419354
6911,0.418174,0.399086,0.41932
6912,0.418123,0.399033,0.419279
6913,0.418078,0.398985,0.419245
6914,0.418032,0.398937,0.419211
6915,0.417964,0.398866,0.419155
6916,0.417891,0.398789,0.419092
6917,0.417865,0.398761,0.419077
6918,0.417772,0.398664,0.418996
6919,0.417686,0.398573,0.418918
6920,0.417607,0.398491,0.418844
6921,0.417522,0.398401,0.41876
6922,0.417436,0.398312,0.418675
6923,0.41737,0.398242,0.418605
6924,0.417297,0.398166,0.418528
6925,0.417235,0.3981,0.41846
6926,0.417211,0.398075,0.418432
6927,0.417139,0.397999,0.418356
6928,0.417064,0.397921,0.418278
6929,0.417009,0.397863,0.418216
6930,0.416984,0.397837,0.418187
6931,0.416961,0.397813,0.418164
6932,0.416911,0.39776,0.418115
6933,0.416844,0.397689,0.41805
6934,0.416766,0.397608,0.417972
6935,0.416727,0.397567,0.417933
6936,0.416667,0.397503,0.417873
6937,0.416604,0.397437,0.417809
6938,0.416524,0.397354,0.417728
6939,0.416443,0.397268,0.417642
6940,0.416416,0.39724,0.41761
6941,0.416394,0.397217,0.417587
6942,0.416323,0.397142,0.417515
6943,0.416236,0.397051,0.417426
6944,0.416204,0.397017,0.417389
6945,0.416153,0.396964,0.417337
6946,0.416117,0.396926,0.4173
6947,0.41607,0.396877,0.417254
6948,0.416012,0.396816,0.417197
6949,0.415985,0.396788,0.417172
6950,0.415896,0.396694,0.417085
6951,0.415862,0.396659,0.417053
6952,0.415777,0.396569,0.416969
6953,0.415699,0.396487,0.416889
6954,0.415619,0.396403,0.416804
6955,0.415595,0.396378,0.416775
6956,0.415539,0.396319,0.416716
6957,0.41551,0.396289,0.416685
6958,0.415482,0.396259,0.416658
6959,0.415426,0.396201,0.416605
6960,0.415361,0.396132,0.416541
6961,0.415304,0.396072,0.416485
6962,0.415239,0.396005,0.416422
6963,0.415166,0.395927,0.416347
6964,0.415146,0.395906,0.416326
6965,0.415102,0.39586,0.416285
6966,0.41503,0.395785,0.416215
6967,0.414954,0.395705,0.416138
6968,0.414863,0.395609,0.416044
6969,0.414827,0.395571,0.416003
6970,0.41477,0.395512,0.415942
6971,0.414709,0.395448,0.415876
6972,0.414675,0.395413,0.415838
6973,0.414627,0.395362,0.415788
6974,0.414608,0.395342,0.415768
6975,0.414565,0.395297,0.415727
6976,0.414494,0.395222,0.415658
6977,0.414472,0.395199,0.415638
6978,0.414397,0.39512,0.415567
6979,0.414325,0.395045,0.415496
6980,0.414241,0.394957,0.415411
6981,0.414207,0.394921,0.415374
6982,0.414153,0.394864,0.415319
6983,0.414109,0.394817,0.415273
6984,0.414055,0.394761,0.415219
6985,0.413999,0.394703,0.415163
6986,0.413962,0.394663,0.415126
6987,0.413871,0.394567,0.415034
6988,0.413825,0.39452,0.414986
6989,0.413797,0.39449,0.414956
6990,0.413715,0.394404,0.414873
6991,0.413644,0.39433,0.414799
6992,0.413565,0.394246,0.414713
6993,0.413514,0.394193,0.414654
6994,0.413491,0.394169,0.414625
6995,0.413463,0.39414,0.414593
6996,0.413426,0.3941,0.414555
6997,0.413368,0.39404,0.414496
6998,0.413331,0.394001,0.414459
6999,0.413257,0.393923,0.414384
7000,0.413199,0.393862,0.414323
7001,0.413113,0.393772,0.414232
7002,0.413067,0.393723,0.414179
7003,0.413037,0.393692,0.414144
7004,0.413018,0.393672,0.414122
7005,0.412952,0.393603,0.414054
7006,0.412925,0.393575,0.414026
7007,0.412881,0.393529,0.413982
7008,0.412835,0.39348,0.413936
7009,0.412809,0.393452,0.413912
7010,0.412742,0.393382,0.413848
7011,0.412706,0.393344,0.413815
7012,0.412659,0.393295,0.413772
7013,0.41262,0.393254,0.413738
7014,0.412576,0.393208,0.4137
7015,0.41254,0.39317,0.413671
7016,0.41249,0.393117,0.413629
7017,0.412441,0.393067,0.41359
7018,0.412355,0.392976,0.413511
7019,0.412304,0.392923,0.413466
7020,0.412265,0.392882,0.413434
7021,0.412192,0.392805,0.413367
7022,0.412132,0.392742,0.413313
7023,0.412073,0.39268,0.413258
7024,0.412046,0.392652,0.413237
7025,0.412001,0.392604,0.413201
7026,0.41192,0.392519,0.413128
7027,0.411849,0.392444,0.413062
7028,0.411772,0.392364,0.412989
7029,0.411711,0.3923,0.412931
7030,0.411622,0.392206,0.412842
7031,0.411561,0.392143,0.412779
7032,0.411488,0.392065,0.412703
7033,0.4114,0.391974,0.41261
7034,0.411311,0.39188,0.412511
7035,0.41129,0.391858,0.41248
7036,0.411231,0.391796,0.412412
7037,0.411199,0.391762,0.412372
7038,0.411155,0.391716,0.412322
7039,0.41113,0.39169,0.412294
7040,0.411073,0.39163,0.412235
7041,0.41105,0.391606,0.412211
7042,0.410969,0.391521,0.41213
7043,0.410885,0.391433,0.412042
7044,0.410838,0.391383,0.411989
7045,0.410782,0.391324,0.411928
7046,0.410759,0.3913,0.411901
7047,0.410734,0.391274,0.411875
7048,0.410691,0.391229,0.411834
7049,0.41062,0.391155,0.411764
7050,0.41059,0.391123,0.411735
7051,0.410534,0.391064,0.41168
7052,0.410483,0.39101,0.411631
7053,0.410421,0.390945,0.411571
7054,0.41036,0.390881,0.41151
7055,0.410332,0.390851,0.411483
7056,0.410279,0.390796,0.411433
7057,0.410209,0.390723,0.411366
7058,0.410118,0.390627,0.411274
7059,0.410057,0.390563,0.411208
7060,0.410031,0.390535,0.411179
7061,0.409999,0.390502,0.411146
7062,0.409947,0.390447,0.411095
7063,0.409918,0.390417,0.411068
7064,0.409896,0.390394,0.411052
7065,0.409833,0.390328,0.410995
7066,0.409785,0.390277,0.410954
7067,0.409707,0.390196,0.410881
7068,0.409615,0.390099,0.410791
7069,0.40954,0.39002,0.410715
7070,0.409457,0.389933,0.410628
7071,0.409439,0.389914,0.410605
7072,0.40942,0.389894,0.410586
7073,0.409385,0.389858,0.410554
7074,0.409294,0.389762,0.410465
7075,0.409258,0.389724,0.41043
7076,0.409186,0.389649,0.410359
7077,0.409148,0.389609,0.410322
7078,0.40912,0.389579,0.410296
7079,0.409046,0.389502,0.410226
7080,0.408992,0.389445,0.410174
7081,0.408969,0.38942,0.410155
7082,0.40893,0.38938,0.410124
7083,0.408887,0.389335,0.410089
7084,0.408815,0.389259,0.410025
7085,0.408743,0.389184,0.409961
7086,0.408699,0.389137,0.409924
7087,0.408636,0.389071,0.409867
7088,0.408555,0.388986,0.409792
7089,0.408482,0.388909,0.409722
7090,0.408401,0.388824,0.409643
7091,0.408375,0.388797,0.409618
7092,0.408283,0.3887,0.409528
7093,0.408226,0.38864,0.40947
7094,0.408169,0.38858,0.409413
7095,0.408093,0.388501,0.409336
7096,0.408038,0.388443,0.409279
7097,0.407978,0.38838,0.409215
7098,0.407931,0.38833,0.409166
7099,0.407892,0.38829,0.409127
7100,0.407827,0.388221,0.409062
7101,0.407751,0.388141,0.408985
7102,0.407721,0.388111,0.408954
7103,0.407648,0.388033,0.408881
7104,0.407582,0.387964,0.408813
7105,0.407513,0.387892,0.408741
7106,0.407452,0.387827,0.408675
7107,0.407407,0.387781,0.408627
7108,0.407326,0.387695,0.408541
7109,0.407304,0.387673,0.408515
7110,0.407271,0.387638,0.408481
7111,0.407202,0.387565,0.408411
7112,0.407141,0.387501,0.408348
7113,0.407068,0.387425,0.408272
7114,0.407001,0.387354,0.408201
7115,0.40697,0.387322,0.408165
7116,0.406945,0.387296,0.408139
7117,0.406863,0.38721,0.408056
7118,0.406794,0.387137,0.407983
7119,0.406757,0.387098,0.407943
7120,0.40672,0.387059,0.407904
7121,0.406686,0.387024,0.40787
7122,0.406615,0.386949,0.4078
7123,0.406571,0.386902,0.407755
7124,0.406548,0.386879,0.407735
7125,0.406491,0.386819,0.407682
7126,0.406443,0.386768,0.407638
7127,0.406407,0.38673,0.407608
7128,0.406378,0.3867,0.407587
7129,0.406286,0.386604,0.407504
7130,0.406201,0.386515,0.407424
7131,0.406122,0.386431,0.407346
7132,0.406086,0.386394,0.407311
7133,0.406025,0.38633,0.407252
7134,0.405979,0.386282,0.407209
7135,0.405908,0.386206,0.407139
7136,0.405845,0.386141,0.407078
7137,0.405777,0.386069,0.40701
7138,0.405735,0.386025,0.406968
7139,0.405693,0.385981,0.406927
7140,0.405613,0.385897,0.406849
7141,0.405566,0.385848,0.406803
7142,0.405526,0.385806,0.406764
7143,0.405466,0.385743,0.406707
7144,0.405384,0.385657,0.406627
7145,0.405317,0.385586,0.406559
7146,0.405237,0.385502,0.406476
7147,0.405188,0.385451,0.406423
7148,0.405163,0.385425,0.406397
7149,0.405125,0.385385,0.40636
7150,0.405051,0.385307,0.406288
7151,0.404976,0.385228,0.406212
7152,0.40495,0.385201,0.406186
7153,0.404891,0.385139,0.406129
7154,0.404843,0.385088,0.406083
7155,0.404799,0.385042,0.406042
7156,0.404737,0.384977,0.405984
7157,0.404686,0.384924,0.405937
7158,0.404605,0.384839,0.405859
7159,0.404528,0.384758,0.405783
7160,0.404481,0.384709,0.405736
7161,0.404456,0.384682,0.405713
7162,0.404364,0.384586,0.405624
7163,0.404285,0.384502,0.405544
7164,0.404231,0.384446,0.405488
7165,0.404168,0.38438,0.405424
7166,0.404107,0.384316,0.40536
7167,0.404065,0.384272,0.405316
7168,0.403986,0.384188,0.405234
7169,0.403923,0.384122,0.405168
7170,0.403858,0.384054,0.405098
7171,0.403778,0.38397,0.405011
7172,0.403752,0.383943,0.404978
7173,0.40373,0.383919,0.404953
7174,0.403687,0.383874,0.40491
7175,0.403619,0.383804,0.404842
7176,0.40356,0.383742,0.404783
7177,0.403477,0.383654,0.404696
7178,0.403441,0.383616,0.404656
7179,0.403356,0.383527,0.404567
7180,0.403297,0.383465,0.404502
7181,0.403248,0.383414,0.404447
7182,0.403218,0.383383,0.404412
7183,0.403158,0.383319,0.404348
7184,0.403072,0.383229,0.404257
7185,0.403038,0.383193,0.404216
7186,0.403009,0.383163,0.404182
7187,0.402923,0.383072,0.404091
7188,0.402895,0.383043,0.404057
7189,0.402864,0.383011,0.404023
7190,0.402838,0.382984,0.403996
7191,0.402758,0.382899,0.403915
7192,0.402714,0.382853,0.403869
7193,0.402643,0.382778,0.403795
7194,0.402558,0.382689,0.403705
7195,0.402527,0.382656,0.403667
7196,0.402457,0.382583,0.40359
7197,0.402421,0.382545,0.403547
7198,0.402379,0.382501,0.403499
7199,0.402349,0.382469,0.403464
7200,0.402324,0.382443,0.403437
7201,0.402262,0.382378,0.403374
7202,0.402239,0.382355,0.403351
7203,0.402157,0.382269,0.403269
7204,0.402116,0.382225,0.403225
7205,0.402046,0.382152,0.403153
7206,0.402018,0.382122,0.403121
7207,0.401994,0.382097,0.403097
7208,0.401951,0.382052,0.403055
7209,0.401873,0.381969,0.402977
7210,0.401836,0.381931,0.402939
7211,0.40181,0.381904,0.402915
7212,0.40177,0.381862,0.402877
7213,0.401735,0.381825,0.402847
7214,0.401682,0.381769,0.402799
7215,0.401631,0.381716,0.402753
7216,0.401591,0.381674,0.402718
7217,0.401572,0.381654,0.402708
7218,0.401494,0.381572,0.402638
7219,0.401454,0.38153,0.402606
7220,0.401375,0.381447,0.402533
7221,0.401317,0.381387,0.402481
7222,0.40124,0.381305,0.402407
7223,0.40121,0.381273,0.402381
7224,0.401155,0.381216,0.402331
7225,0.401085,0.381142,0.402264
7226,0.401039,0.381094,0.402222
7227,0.401004,0.381057,0.402191
7228,0.400924,0.380973,0.402116
7229,0.400873,0.38092,0.402069
7230,0.400826,0.380871,0.402026
7231,0.400804,0.380847,0.40201
7232,0.400744,0.380784,0.401958
7233,0.400663,0.380699,0.401884
7234,0.400615,0.380648,0.401841
7235,0.400529,0.380559,0.40176
7236,0.400457,0.380483,0.40169
7237,0.400372,0.380393,0.401604
7238,0.400299,0.380317,0.401528
7239,0.400253,0.380269,0.401479
7240,0.400225,0.380239,0.401448
7241,0.400172,0.380184,0.401397
7242,0.400101,0.380109,0.401325
7243,0.400026,0.380031,0.401248
7244,0.39998,0.379983,0.401199
7245,0.399959,0.37996,0.401177
7246,0.399936,0.379936,0.401157
7247,0.399877,0.379874,0.401104
7248,0.399806,0.379799,0.401037
7249,0.399748,0.379738,0.400982
7250,0.399682,0.379669,0.400919
7251,0.399602,0.379585,0.400839
7252,0.399568,0.37955,0.400807
7253,0.39952,0.379499,0.400761
7254,0.399432,0.379406,0.400674
7255,0.399353,0.379324,0.400594
7256,0.399329,0.379299,0.400568
7257,0.399241,0.379207,0.40048
7258,0.399202,0.379165,0.400438
7259,0.399162,0.379124,0.400399
7260,0.399142,0.379103,0.400381
7261,0.399058,0.379014,0.400301
7262,0.398988,0.378941,0.400232
7263,0.398903,0.378851,0.400146
7264,0.398831,0.378776,0.40007
7265,0.398798,0.378741,0.400034
7266,0.398706,0.378645,0.399938
7267,0.398646,0.378582,0.399872
7268,0.398598,0.378531,0.399817
7269,0.398567,0.378498,0.399781
7270,0.398522,0.378451,0.399733
7271,0.398441,0.378366,0.399649
7272,0.398415,0.378339,0.399619
7273,0.398385,0.378307,0.399588
7274,0.398343,0.378263,0.399547
7275,0.398304,0.378222,0.39951
7276,0.398275,0.378192,0.399487
7277,0.398216,0.37813,0.399434
7278,0.39817,0.378082,0.399395
7279,0.398079,0.377986,0.39931
7280,0.397989,0.377891,0.399222
7281,0.397964,0.377866,0.399198
7282,0.397895,0.377793,0.399132
7283,0.397808,0.377702,0.399045
7284,0.397762,0.377654,0.398998
7285,0.397673,0.37756,0.398906
7286,0.397613,0.377497,0.398841
7287,0.39756,0.377441,0.398783
7288,0.397476,0.377353,0.398693
7289,0.397441,0.377316,0.39865
7290,0.39737,0.377242,0.398573
7291,0.397333,0.377202,0.398528
7292,0.39729,0.377158,0.39848
7293,0.397265,0.377131,0.398451
7294,0.397207,0.37707,0.39839
7295,0.397183,0.377046,0.398366
7296,0.397137,0.376997,0.39832
7297,0.397116,0.376975,0.398303
7298,0.397054,0.37691,0.398245
7299,0.39699,0.376843,0.398185
7300,0.396915,0.376764,0.398113
7301,0.396833,0.376678,0.39803
7302,0.396751,0.376592,0.397943
7303,0.396725,0.376564,0.397913
7304,0.396678,0.376515,0.397863
7305,0.396634,0.376469,0.397818
7306,0.39656,0.376391,0.397741
7307,0.396525,0.376355,0.397704
7308,0.396491,0.376319,0.397669
7309,0.396471,0.376298,0.397651
7310,0.396426,0.376251,0.397611
7311,0.396384,0.376206,0.397574
7312,0.396326,0.376146,0.397524
7313,0.396243,0.376058,0.397445
7314,0.396195,0.376008,0.397401
7315,0.396175,0.375987,0.397386
7316,0.396083,0.37589,0.397299
7317,0.395996,0.375799,0.397215
7318,0.395948,0.375748,0.397166
7319,0.395924,0.375723,0.397144
7320,0.39587,0.375667,0.397095
7321,0.395803,0.375596,0.397031
7322,0.395712,0.375501,0.396941
7323,0.39569,0.375477,0.39692
7324,0.39561,0.375394,0.396842
7325,0.395591,0.375374,0.396825
7326,0.395533,0.375313,0.396771
7327,0.395498,0.375276,0.396741
7328,0.395407,0.37518,0.396654
7329,0.395374,0.375146,0.396625
7330,0.395296,0.375065,0.396552
7331,0.395226,0.37499,0.396484
7332,0.395185,0.374948,0.396445
7333,0.395096,0.374854,0.396358
7334,0.395026,0.37478,0.396287
7335,0.394992,0.374745,0.396253
7336,0.394953,0.374704,0.396216
7337,0.394907,0.374655,0.396173
7338,0.39484,0.374585,0.39611
7339,0.394801,0.374544,0.396075
7340,0.394725,0.374464,0.396004
7341,0.394682,0.374419,0.395966
7342,0.394645,0.374381,0.395935
7343,0.394553,0.374284,0.395849
7344,0.394499,0.374227,0.3958
7345,0.394423,0.374148,0.395728
7346,0.394382,0.374104,0.395691
7347,0.39429,0.374008,0.395603
7348,0.394245,0.37396,0.39556
7349,0.394157,0.373868,0.395474
7350,0.394097,0.373806,0.395414
7351,0.394039,0.373744,0.395355
7352,0.393954,0.373655,0.39527
7353,0.39389,0.373588,0.395203
7354,0.393858,0.373554,0.395169
7355,0.393799,0.373492,0.39511
7356,0.393778,0.37347,0.395091
7357,0.393735,0.373425,0.395054
7358,0.393656,0.373342,0.39498
7359,0.393608,0.373292,0.394937
7360,0.393524,0.373204,0.394858
7361,0.393438,0.373113,0.394773
7362,0.393361,0.373033,0.394696
7363,0.393269,0.372936,0.394601
7364,0.393246,0.372911,0.394574
7365,0.393207,0.37287,0.394535
7366,0.393128,0.372787,0.394457
7367,0.393048,0.372704,0.394375
7368,0.393028,0.372683,0.394354
7369,0.39297,0.372622,0.394298
7370,0.392948,0.372599,0.39428
7371,0.392882,0.372529,0.394219
7372,0.392852,0.372498,0.394196
7373,0.392777,0.372419,0.39413
7374,0.392695,0.372333,0.394055
7375,0.392615,0.372248,0.393979
7376,0.392553,0.372183,0.39392
7377,0.392524,0.372153,0.393897
7378,0.392433,0.372058,0.393812
7379,0.392376,0.371998,0.39376
7380,0.392339,0.371959,0.393728
7381,0.392248,0.371864,0.393644
7382,0.39216,0.371771,0.39356
7383,0.392088,0.371696,0.39349
7384,0.391996,0.371599,0.393397
7385,0.391945,0.371546,0.393345
7386,0.391869,0.371466,0.393268
7387,0.39182,0.371414,0.393217
7388,0.391744,0.371334,0.393141
7389,0.391672,0.371259,0.393066
7390,0.391609,0.371192,0.393001
7391,0.391543,0.371124,0.392932
7392,0.391476,0.371053,0.392862
7393,0.391389,0.370962,0.392769
7394,0.391337,0.370908,0.392712
7395,0.391305,0.370873,0.392675
7396,0.39125,0.370816,0.392619
7397,0.391165,0.370727,0.392532
7398,0.391105,0.370664,0.392468
7399,0.391082,0.37064,0.392443
7400,0.391025,0.370579,0.392385
7401,0.390968,0.37052,0.39233
7402,0.390881,0.370428,0.392242
7403,0.390809,0.370353,0.392168
7404,0.390765,0.370306,0.392121
7405,0.390677,0.370214,0.392031
7406,0.390608,0.370142,0.391958
7407,0.39056,0.370091,0.391905
7408,0.390474,0.370001,0.391813
7409,0.390422,0.369946,0.391754
7410,0.390335,0.369855,0.39166
7411,0.390271,0.369788,0.391586
7412,0.390251,0.369767,0.391557
7413,0.390192,0.369705,0.391492
7414,0.390132,0.369642,0.391426
7415,0.390057,0.369563,0.391342
7416,0.389998,0.369501,0.391274
7417,0.389964,0.369466,0.391232
7418,0.389904,0.369403,0.391166
7419,0.389838,0.369334,0.391091
7420,0.389814,0.369308,0.39106
7421,0.389761,0.369253,0.391002
7422,0.38969,0.369178,0.390924
7423,0.389647,0.369132,0.390874
7424,0.389619,0.369104,0.390841
7425,0.389528,0.369008,0.390745
7426,0.389505,0.368983,0.390715
7427,0.389439,0.368914,0.390644
7428,0.389416,0.36889,0.390615
7429,0.389387,0.36886,0.390585
7430,0.38933,0.3688,0.390527
7431,0.389263,0.36873,0.390459
7432,0.389224,0.368688,0.390417
7433,0.389135,0.368595,0.390325
7434,0.389091,0.368549,0.390276
7435,0.389063,0.36852,0.390245
7436,0.389035,0.36849,0.390215
7437,0.389005,0.368458,0.390186
7438,0.388961,0.368412,0.390146
7439,0.388915,0.368364,0.390104
7440,0.388895,0.368343,0.39009
7441,0.388832,0.368277,0.390035
7442,0.388754,0.368195,0.389962
7443,0.3887,0.368138,0.389912
7444,0.38867,0.368107,0.389888
7445,0.38861,0.368043,0.389834
7446,0.388549,0.36798,0.389779
7447,0.388479,0.367906,0.389713
7448,0.388424,0.367849,0.389663
7449,0.388376,0.367798,0.389619
7450,0.388297,0.367715,0.389543
7451,0.388227,0.367642,0.389474
7452,0.388147,0.367557,0.389393
7453,0.388078,0.367485,0.389321
7454,0.388059,0.367465,0.389299
7455,0.38803,0.367435,0.389271
7456,0.38795,0.367351,0.389193
7457,0.387887,0.367285,0.38913
7458,0.387807,0.367201,0.389048
7459,0.387779,0.367171,0.389017
7460,0.387715,0.367104,0.388952
7461,0.387677,0.367064,0.388913
7462,0.3876,0.366983,0.388835
7463,0.387572,0.366953,0.388805
7464,0.387514,0.366893,0.388748
7465,0.387487,0.366865,0.388723
7466,0.387438,0.366813,0.388677
7467,0.387352,0.366723,0.388594
7468,0.387277,0.366645,0.388519
7469,0.387208,0.366571,0.388446
7470,0.387158,0.366519,0.388393
7471,0.387137,0.366497,0.388371
7472,0.387099,0.366457,0.388335
7473,0.38702,0.366374,0.388257
7474,0.386957,0.366308,0.388194
7475,0.386914,0.366263,0.388151
7476,0.386886,0.366234,0.388125
7477,0.386847,0.366193,0.38809
7478,0.386817,0.366162,0.388067
7479,0.386734,0.366074,0.38799
7480,0.386667,0.366004,0.387928
7481,0.386605,0.365938,0.38787
7482,0.386512,0.365841,0.387779
7483,0.38646,0.365786,0.387726
7484,0.386404,0.365728,0.387671
7485,0.386329,0.365649,0.387595
7486,0.386271,0.365588,0.387534
7487,0.38623,0.365545,0.387492
7488,0.386187,0.365499,0.387448
7489,0.386135,0.365445,0.387398
7490,0.386048,0.365354,0.387311
7491,0.386011,0.365314,0.387272
7492,0.385947,0.365248,0.387208
7493,0.385893,0.365191,0.387153
7494,0.385853,0.365149,0.387113
7495,0.385811,0.365104,0.387072
7496,0.385752,0.365043,0.387016
7497,0.385685,0.364972,0.38695
7498,0.385623,0.364908,0.38689
7499,0.385576,0.364858,0.386843
7500,0.385499,0.364777,0.386766
7501,0.385412,0.364686,0.386677
7502,0.385352,0.364623,0.386613
7503,0.385281,0.364548,0.386536
7504,0.385221,0.364485,0.386469
7505,0.385143,0.364404,0.386383
7506,0.385097,0.364355,0.386327
7507,0.385068,0.364324,0.38629
7508,0.385036,0.364291,0.386253
7509,0.385017,0.364271,0.386232
7510,0.384978,0.36423,0.386194
7511,0.384926,0.364175,0.386143
7512,0.384888,0.364136,0.386108
7513,0.384851,0.364097,0.386075
7514,0.384798,0.364041,0.386028
7515,0.384768,0.364009,0.386004
7516,0.384741,0.363982,0.385988
7517,0.384683,0.36392,0.385941
7518,0.384605,0.363839,0.385874
7519,0.384517,0.363746,0.385793
7520,0.384428,0.363653,0.385708
7521,0.384396,0.363619,0.385679
7522,0.384311,0.36353,0.385598
7523,0.384222,0.363436,0.385509
7524,0.384189,0.363401,0.385475
7525,0.384101,0.363309,0.385387
7526,0.38406,0.363266,0.385344
7527,0.383993,0.363196,0.385276
7528,0.383938,0.363138,0.385219
7529,0.383852,0.363048,0.38513
7530,0.383805,0.362999,0.385079
7531,0.383761,0.362952,0.385031
7532,0.383727,0.362917,0.384996
7533,0.383685,0.362873,0.384955
7534,0.383614,0.362798,0.384885
7535,0.383571,0.362752,0.384841
7536,0.383494,0.362672,0.384766
7537,0.383467,0.362644,0.384739
7538,0.383412,0.362586,0.384686
7539,0.383326,0.362496,0.384601
7540,0.383268,0.362434,0.384542
7541,0.383249,0.362414,0.384524
7542,0.383157,0.362318,0.384433
7543,0.383133,0.362293,0.38441
7544,0.383066,0.362223,0.384346
7545,0.382999,0.362152,0.384279
7546,0.382926,0.362075,0.384206
7547,0.382872,0.362019,0.384151
7548,0.382805,0.361949,0.384083
7549,0.382785,0.361927,0.384062
7550,0.382728,0.361867,0.384007
7551,0.382639,0.361774,0.383918
7552,0.382554,0.361685,0.38383
7553,0.382521,0.361651,0.383793
7554,0.382483,0.36161,0.383753
7555,0.382463,0.361589,0.383734
7556,0.382421,0.361545,0.383697
7557,0.382337,0.361457,0.383617
7558,0.382246,0.361362,0.383526
7559,0.382167,0.361279,0.383444
7560,0.382076,0.361183,0.383347
7561,0.382027,0.361132,0.383291
7562,0.382005,0.361109,0.383262
7563,0.381938,0.361038,0.383191
7564,0.381888,0.360986,0.383136
7565,0.381856,0.360952,0.383099
7566,0.381788,0.36088,0.383028
7567,0.381761,0.360853,0.382999
7568,0.381719,0.360808,0.382956
7569,0.381635,0.36072,0.382871
7570,0.381589,0.360672,0.382823
7571,0.381569,0.360651,0.382803
7572,0.381543,0.360623,0.382779
7573,0.381496,0.360574,0.382738
7574,0.381419,0.360494,0.382665
7575,0.381341,0.360411,0.382589
7576,0.381286,0.360353,0.382535
7577,0.381258,0.360324,0.382509
7578,0.381195,0.360258,0.382448
7579,0.381159,0.36022,0.382417
7580,0.381134,0.360193,0.382398
7581,0.381053,0.360109,0.382325
7582,0.380984,0.360037,0.382261
7583,0.380947,0.359997,0.382228
7584,0.38087,0.359916,0.382157
7585,0.380804,0.359847,0.382095
7586,0.380712,0.359751,0.382005
7587,0.380633,0.359668,0.381924
7588,0.380546,0.359576,0.381832
7589,0.38051,0.359538,0.381791
7590,0.380432,0.359456,0.381707
7591,0.380408,0.359432,0.381679
7592,0.380316,0.359335,0.381582
7593,0.380288,0.359306,0.381548
7594,0.380259,0.359275,0.381516
7595,0.380215,0.359229,0.381471
7596,0.380185,0.359198,0.381443
7597,0.380148,0.359158,0.381409
7598,0.380066,0.359073,0.38133
7599,0.379975,0.358977,0.38124
7600,0.379909,0.358907,0.381171
7601,0.379855,0.358851,0.381113
7602,0.379808,0.358801,0.381063
7603,0.379778,0.35877,0.381032
7604,0.37971,0.358699,0.380964
7605,0.379625,0.358609,0.380876
7606,0.379605,0.358589,0.380854
7607,0.37958,0.358562,0.380829
7608,0.379559,0.358541,0.380813
7609,0.379486,0.358464,0.380746
7610,0.379439,0.358415,0.380704
7611,0.379379,0.358352,0.380649
7612,0.379301,0.358269,0.380574
7613,0.379244,0.358209,0.38052
7614,0.379153,0.358114,0.38043
7615,0.37907,0.358027,0.380344
7616,0.379008,0.357962,0.380278
7617,0.37894,0.35789,0.380203
7618,0.3789,0.357848,0.380158
7619,0.37881,0.357754,0.380061
7620,0.378758,0.3577,0.380001
7621,0.378703,0.357641,0.379936
7622,0.378664,0.357601,0.379889
7623,0.378582,0.357515,0.379798
7624,0.378562,0.357494,0.379769
7625,0.378531,0.357461,0.379731
7626,0.378467,0.357393,0.379661
7627,0.378434,0.357359,0.379623
7628,0.378412,0.357336,0.379597
7629,0.378328,0.357247,0.37951
7630,0.378293,0.357211,0.379471
7631,0.378273,0.35719,0.379449
7632,0.378249,0.357165,0.379427
7633,0.378184,0.357097,0.379364
7634,0.378112,0.357021,0.379292
7635,0.378072,0.356979,0.379252
7636,0.378051,0.356957,0.379233
7637,0.377992,0.356895,0.379177
7638,0.377963,0.356864,0.379152
7639,0.377871,0.356768,0.379064
7640,0.377807,0.356701,0.378999
7641,0.377765,0.356657,0.378958
7642,0.377714,0.356603,0.378907
7643,0.377666,0.356553,0.37886
7644,0.377642,0.356527,0.378838
7645,0.377605,0.356488,0.378806
7646,0.377529,0.356409,0.378735
7647,0.377451,0.356327,0.378659
7648,0.377376,0.356248,0.378583
7649,0.377319,0.356188,0.378523
7650,0.377288,0.356156,0.378491
7651,0.377226,0.356091,0.378428
7652,0.377202,0.356065,0.378404
7653,0.377154,0.356015,0.378359
7654,0.377127,0.355987,0.378335
7655,0.377102,0.355961,0.378317
7656,0.377046,0.355901,0.378268
7657,0.376968,0.35582,0.378198
7658,0.376898,0.355746,0.378132
7659,0.376861,0.355707,0.378099
7660,0.3768,0.355644,0.378045
7661,0.376741,0.355581,0.37799
7662,0.376681,0.355518,0.377935
7663,0.376597,0.35543,0.377853
7664,0.376552,0.355383,0.37781
7665,0.37648,0.355308,0.377739
7666,0.376401,0.355224,0.377659
7667,0.376339,0.355159,0.377594
7668,0.376303,0.355122,0.377557
7669,0.376256,0.355072,0.377508
7670,0.376223,0.355037,0.377476
7671,0.376135,0.354945,0.377389
7672,0.376112,0.354921,0.377366
7673,0.376049,0.354854,0.377305
7674,0.376017,0.354821,0.377275
7675,0.375947,0.354748,0.377209
7676,0.375883,0.354681,0.377147
7677,0.375831,0.354626,0.377097
7678,0.375796,0.354589,0.377065
7679,0.375713,0.354502,0.376985
7680,0.375654,0.354439,0.376926
7681,0.375631,0.354416,0.376907
7682,0.375567,0.354349,0.376846
7683,0.375493,0.354271,0.376775
7684,0.375453,0.354229,0.376738
7685,0.375364,0.354135,0.376651
7686,0.375315,0.354084,0.376603
7687,0.375245,0.35401,0.376533
7688,0.375178,0.35394,0.376464
7689,0.375117,0.353876,0.376402
7690,0.375053,0.353809,0.376335
7691,0.375015,0.353769,0.376295
7692,0.374971,0.353723,0.37625
7693,0.374881,0.353629,0.376159
7694,0.37484,0.353585,0.376115
7695,0.37477,0.353511,0.376042
7696,0.374737,0.353477,0.376006
7697,0.37468,0.353417,0.375948
7698,0.374624,0.353358,0.37589
7699,0.37456,0.353291,0.375825
7700,0.374505,0.353233,0.375767
7701,0.374445,0.35317,0.375704
7702,0.374395,0.353118,0.375651
7703,0.374362,0.353084,0.375617
7704,0.37431,0.353028,0.375564
7705,0.374281,0.352999,0.375537
7706,0.374258,0.352974,0.375518
7707,0.374178,0.35289,0.375443
7708,0.374104,0.352812,0.375372
7709,0.374073,0.35278,0.375344
7710,0.373999,0.352703,0.375274
7711,0.373954,0.352655,0.375231
7712,0.373904,0.352602,0.375185
7713,0.373833,0.352528,0.375117
7714,0.373754,0.352445,0.37504
7715,0.373682,0.352369,0.374967
7716,0.373614,0.352298,0.374897
7717,0.37358,0.352262,0.374861
7718,0.373511,0.35219,0.374791
7719,0.373446,0.352122,0.374723
7720,0.37342,0.352094,0.374695
7721,0.373391,0.352064,0.374668
7722,0.373323,0.351992,0.374602
7723,0.37325,0.351915,0.37453
7724,0.373222,0.351886,0.374503
7725,0.373183,0.351845,0.374468
7726,0.373098,0.351757,0.374387
7727,0.373048,0.351704,0.374338
7728,0.37298,0.351632,0.374272
7729,0.372907,0.351556,0.374199
7730,0.372836,0.351481,0.374127
7731,0.372807,0.351451,0.374096
7732,0.372761,0.351403,0.374051
7733,0.372694,0.351332,0.373985
7734,0.372607,0.35124,0.373897
7735,0.372576,0.351208,0.373864
7736,0.372525,0.351154,0.373813
7737,0.372435,0.35106,0.373722
7738,0.372397,0.35102,0.373681
7739,0.372327,0.350947,0.373609
7740,0.37227,0.350886,0.373549
7741,0.372251,0.350867,0.373528
7742,0.372162,0.350773,0.373438
7743,0.372107,0.350716,0.373381
7744,0.372038,0.350643,0.373308
7745,0.372014,0.350618,0.37328
7746,0.371946,0.350546,0.37321
7747,0.371875,0.350472,0.373136
7748,0.371823,0.350417,0.37308
7749,0.371772,0.350364,0.373024
7750,0.37174,0.35033,0.372989
7751,0.371667,0.350254,0.372914
7752,0.371632,0.350217,0.372876
7753,0.371545,0.350126,0.372786
7754,0.371523,0.350102,0.372759
7755,0.371504,0.350083,0.37274
7756,0.371446,0.350022,0.372683
7757,0.371426,0.350001,0.372666
7758,0.371362,0.349934,0.372606
7759,0.371304,0.349872,0.372551
7760,0.371214,0.349778,0.372462
7761,0.371186,0.349748,0.372434
7762,0.371138,0.349698,0.372388
7763,0.371118,0.349677,0.372373
7764,0.371033,0.349588,0.372293
7765,0.370957,0.349508,0.372219
7766,0.370872,0.349419,0.372133
7767,0.370844,0.34939,0.372104
7768,0.370807,0.349351,0.372068
7769,0.370725,0.349265,0.371987
7770,0.370664,0.349201,0.371924
7771,0.370609,0.349143,0.371868
7772,0.37058,0.349112,0.371838
7773,0.370545,0.349076,0.371805
7774,0.370485,0.349013,0.371748
7775,0.370452,0.348978,0.371718
7776,0.370419,0.348943,0.371691
7777,0.370373,0.348894,0.371652
7778,0.370285,0.348803,0.371572
7779,0.370235,0.34875,0.371527
7780,0.370163,0.348674,0.37146
7781,0.370112,0.348621,0.371413
7782,0.370032,0.348537,0.371337
7783,0.369948,0.348449,0.371254
7784,0.369924,0.348424,0.371231
7785,0.369876,0.348373,0.371185
7786,0.369813,0.348307,0.371126
7787,0.369721,0.34821,0.371035
7788,0.369656,0.348142,0.370969
7789,0.369585,0.348067,0.370896
7790,0.369519,0.347998,0.370827
7791,0.369486,0.347963,0.37079
7792,0.36945,0.347926,0.370755
7793,0.369364,0.347836,0.370668
7794,0.36933,0.347799,0.370632
7795,0.369246,0.347711,0.370546
7796,0.369199,0.347662,0.370497
7797,0.369166,0.347627,0.370463
7798,0.369102,0.34756,0.370399
7799,0.369061,0.347518,0.370359
7800,0.369017,0.347471,0.370316
7801,0.368976,0.347428,0.370278
7802,0.368924,0.347373,0.370231
7803,0.368853,0.347299,0.370164
7804,0.36883,0.347274,0.370145
7805,0.368751,0.347192,0.370073
7806,0.368731,0.347171,0.370059
7807,0.368646,0.347081,0.369982
7808,0.368569,0.347001,0.36991
7809,0.368539,0.346969,0.369885
7810,0.368463,0.34689,0.369816
7811,0.368412,0.346836,0.36977
7812,0.368336,0.346756,0.3697
7813,0.368287,0.346705,0.369657
7814,0.368201,0.346614,0.369575
7815,0.368138,0.346548,0.369514
7816,0.368079,0.346487,0.369459
7817,0.368033,0.346438,0.369416
7818,0.367957,0.346358,0.369344
7819,0.367883,0.346281,0.369272
7820,0.367826,0.34622,0.369216
7821,0.367759,0.34615,0.369151
7822,0.367729,0.346118,0.369123
7823,0.367679,0.346066,0.369078
7824,0.367654,0.34604,0.369061
7825,0.367561,0.345942,0.368976
7826,0.3675,0.345879,0.368922
7827,0.367423,0.345797,0.368851
7828,0.367353,0.345724,0.368786
7829,0.367263,0.345629,0.368698
7830,0.3672,0.345563,0.368637
7831,0.367156,0.345517,0.368596
7832,0.36709,0.345447,0.368532
7833,0.367069,0.345426,0.368517
7834,0.366977,0.345329,0.368432
7835,0.366899,0.345247,0.368358
7836,0.366826,0.34517,0.368287
7837,0.366748,0.345089,0.368212
7838,0.36668,0.345017,0.368144
7839,0.366602,0.344935,0.368066
7840,0.36652,0.344849,0.367982
7841,0.366443,0.344769,0.367902
7842,0.366355,0.344676,0.367808
7843,0.366306,0.344625,0.367752
7844,0.366227,0.344542,0.367667
7845,0.36616,0.344472,0.367592
7846,0.366108,0.344417,0.367532
7847,0.366057,0.344363,0.367474
7848,0.365969,0.344271,0.367378
7849,0.365939,0.344239,0.367341
7850,0.365916,0.344215,0.367313
7851,0.365833,0.344128,0.367227
7852,0.365771,0.344063,0.36716
7853,0.3657,0.343988,0.367083
7854,0.365649,0.343935,0.367026
7855,0.365601,0.343885,0.366973
7856,0.365519,0.343798,0.366886
7857,0.365447,0.343722,0.366805
7858,0.365411,0.343685,0.366762
7859,0.36534,0.34361,0.366684
7860,0.365301,0.343569,0.366638
7861,0.365245,0.34351,0.366575
7862,0.365204,0.343468,0.366529
7863,0.365123,0.343382,0.366442
7864,0.365056,0.343312,0.366367
7865,0.365019,0.343273,0.366322
7866,0.365,0.343253,0.366297
7867,0.364933,0.343183,0.366226
7868,0.364882,0.34313,0.366171
7869,0.364815,0.343059,0.366098
7870,0.364781,0.343023,0.366059
7871,0.364696,0.342935,0.36597
7872,0.364659,0.342895,0.365926
7873,0.36464,0.342875,0.365903
7874,0.36459,0.342823,0.365852
7875,0.364509,0.342738,0.365768
7876,0.364488,0.342716,0.365744
7877,0.36447,0.342696,0.365725
7878,0.364445,0.342671,0.365704
7879,0.364378,0.3426,0.365642
7880,0.364349,0.342569,0.365618
7881,0.364284,0.342501,0.365559
7882,0.36421,0.342424,0.36549
7883,0.364187,0.342399,0.365471
7884,0.364119,0.342328,0.36541
7885,0.364054,0.34226,0.365349
7886,0.364002,0.342206,0.365302
7887,0.363912,0.342111,0.365215
7888,0.363882,0.34208,0.365187
7889,0.363818,0.342012,0.365126
7890,0.363772,0.341964,0.365083
7891,0.363728,0.341918,0.365044
7892,0.363645,0.341831,0.364965
7893,0.36356,0.341741,0.36488
7894,0.363523,0.341703,0.364844
7895,0.363462,0.341638,0.364784
7896,0.363377,0.341549,0.364698
7897,0.363285,0.341453,0.364602
7898,0.363205,0.341368,0.364514
7899,0.363136,0.341296,0.364436
7900,0.363117,0.341276,0.364408
7901,0.363078,0.341235,0.364362
7902,0.363018,0.341172,0.364297
7903,0.362995,0.341148,0.364269
7904,0.362943,0.341094,0.364215
7905,0.362875,0.341022,0.364144
7906,0.36285,0.340996,0.364116
7907,0.36278,0.340922,0.364044
7908,0.362717,0.340856,0.363978
7909,0.362667,0.340803,0.363923
7910,0.362636,0.340771,0.36389
7911,0.362553,0.340684,0.363804
7912,0.362528,0.340658,0.363776
7913,0.362495,0.340623,0.363742
7914,0.362403,0.340527,0.363648
7915,0.36233,0.34045,0.36357
7916,0.362257,0.340374,0.36349
7917,0.362235,0.34035,0.36346
7918,0.362209,0.340323,0.36343
7919,0.362172,0.340284,0.363391
7920,0.362132,0.340242,0.36335
7921,0.362111,0.34022,0.363331
7922,0.362087,0.340195,0.363311
7923,0.362017,0.340121,0.363245
7924,0.361973,0.340075,0.363206
7925,0.36195,0.340051,0.36319
7926,0.361864,0.339961,0.36311
7927,0.361799,0.339892,0.363049
7928,0.361721,0.339811,0.362973
7929,0.361691,0.339778,0.362944
7930,0.361628,0.339713,0.362884
7931,0.361551,0.339631,0.362807
7932,0.361523,0.339603,0.362781
7933,0.361482,0.33956,0.362743
7934,0.361435,0.33951,0.362699
7935,0.36141,0.339483,0.362679
7936,0.361321,0.339391,0.362597
7937,0.361272,0.339339,0.362551
7938,0.361192,0.339255,0.362474
7939,0.361118,0.339177,0.3624
7940,0.361049,0.339104,0.36233
7941,0.361011,0.339065,0.362291
7942,0.36094,0.33899,0.362219
7943,0.360868,0.338915,0.362144
7944,0.360798,0.338841,0.362069
7945,0.360747,0.338787,0.362012
7946,0.360698,0.338736,0.361958
7947,0.36063,0.338664,0.361883
7948,0.360571,0.338603,0.361818
7949,0.360525,0.338555,0.361764
7950,0.360455,0.338481,0.361686
7951,0.360428,0.338453,0.361652
7952,0.360394,0.338417,0.361611
7953,0.360364,0.338385,0.361578
7954,0.360313,0.338331,0.361524
7955,0.360276,0.338293,0.361485
7956,0.36023,0.338244,0.361438
7957,0.360177,0.33819,0.361385
7958,0.360155,0.338166,0.361364
7959,0.360129,0.338139,0.361341
7960,0.360045,0.338051,0.36126
7961,0.360019,0.338023,0.361236
7962,0.359998,0.338001,0.361221
7963,0.359948,0.337948,0.361179
7964,0.359896,0.337894,0.361134
7965,0.359816,0.33781,0.361061
7966,0.359757,0.337748,0.361007
7967,0.359705,0.337693,0.360959
7968,0.359633,0.337617,0.36089
7969,0.359555,0.337536,0.360813
7970,0.359495,0.337473,0.360753
7971,0.359456,0.337432,0.360714
7972,0.359433,0.337408,0.360693
7973,0.359398,0.337371,0.360663
7974,0.359329,0.337299,0.360599
7975,0.359237,0.337202,0.360509
7976,0.359145,0.337105,0.360416
7977,0.359113,0.337072,0.360381
7978,0.359094,0.337052,0.360362
7979,0.359036,0.336991,0.360307
7980,0.358965,0.336916,0.360236
7981,0.358923,0.336872,0.360195
7982,0.358836,0.336782,0.360108
7983,0.358787,0.33673,0.360057
7984,0.358763,0.336705,0.360033
7985,0.358711,0.33665,0.359983
7986,0.358644,0.336579,0.359916
7987,0.358562,0.336494,0.359833
7988,0.358536,0.336466,0.359806
7989,0.358457,0.336383,0.359726
7990,0.358417,0.336341,0.359684
7991,0.358345,0.336266,0.35961
7992,0.358306,0.336224,0.359568
7993,0.358277,0.336194,0.359539
7994,0.358195,0.336108,0.359457
7995,0.35813,0.33604,0.35939
7996,0.358102,0.336011,0.35936
7997,0.358043,0.335948,0.359299
7998,0.357961,0.335862,0.359214
7999,0.357932,0.335832,0.359182
8000,0.357894,0.335792,0.359143
8001,0.357848,0.335744,0.359097
8002,0.357796,0.335689,0.359045
8003,0.357748,0.335639,0.358998
8004,0.357702,0.33559,0.358953
8005,0.357631,0.335516,0.358883
8006,0.3576,0.335483,0.358853
8007,0.357572,0.335454,0.358828
8008,0.357531,0.335411,0.358793
8009,0.357509,0.335388,0.358778
8010,0.357437,0.335312,0.358715
8011,0.357389,0.335262,0.358675
8012,0.357347,0.335218,0.358642
8013,0.357257,0.335123,0.35856
8014,0.357168,0.335029,0.358475
8015,0.357127,0.334987,0.358438
8016,0.35704,0.334895,0.358354
8017,0.357,0.334853,0.358315
8018,0.356923,0.334773,0.358241
8019,0.356862,0.334708,0.358179
8020,0.356797,0.33464,0.358114
8021,0.356728,0.334568,0.358043
8022,0.356639,0.334474,0.35795
8023,0.356615,0.334449,0.357922
8024,0.356589,0.334421,0.357894
8025,0.356551,0.334382,0.357858
8026,0.356463,0.334289,0.35777
8027,0.356376,0.334198,0.35768
8028,0.356322,0.334142,0.357623
8029,0.356241,0.334056,0.357535
8030,0.356182,0.333994,0.357468
8031,0.356152,0.333963,0.357431
8032,0.35613,0.333939,0.357405
8033,0.356087,0.333895,0.357361
8034,0.356023,0.333828,0.357296
8035,0.355951,0.333752,0.357221
8036,0.355895,0.333693,0.35716
8037,0.355864,0.33366,0.357125
8038,0.355822,0.333616,0.357082
8039,0.35578,0.333572,0.357039
8040,0.355733,0.333523,0.356993
8041,0.355676,0.333463,0.356936
8042,0.355638,0.333424,0.356899
8043,0.355573,0.333355,0.356835
8044,0.355513,0.333292,0.356775
8045,0.355462,0.333238,0.356723
8046,0.355441,0.333217,0.356704
8047,0.355376,0.333148,0.356641
8048,0.355319,0.333088,0.356586
8049,0.355251,0.333017,0.35652
8050,0.355162,0.332923,0.356428
8051,0.355138,0.332899,0.356402
8052,0.355083,0.332841,0.356346
8053,0.355002,0.332755,0.356262
8054,0.354942,0.332693,0.356198
8055,0.354887,0.332634,0.356138
8056,0.354829,0.332574,0.356074
8057,0.354737,0.332477,0.355974
8058,0.354662,0.332398,0.355887
8059,0.354625,0.33236,0.355838
8060,0.354607,0.33234,0.355809
8061,0.354573,0.332305,0.355768
8062,0.354548,0.332278,0.355737
8063,0.35449,0.332217,0.355674
8064,0.35446,0.332186,0.355639
8065,0.354423,0.332147,0.355599
8066,0.354394,0.332117,0.355569
8067,0.35434,0.33206,0.355515
8068,0.354304,0.332023,0.355478
8069,0.354279,0.331996,0.355454
8070,0.354211,0.331924,0.355388
8071,0.354178,0.33189,0.355357
8072,0.354088,0.331796,0.355268
8073,0.354056,0.331762,0.355234
8074,0.354012,0.331716,0.35519
8075,0.353972,0.331674,0.355151
8076,0.353903,0.331602,0.355082
8077,0.353837,0.331533,0.355015
8078,0.353817,0.331511,0.354993
8079,0.35376,0.331451,0.354936
8080,0.353707,0.331396,0.354882
8081,0.353673,0.33136,0.354847
8082,0.353636,0.331321,0.354812
8083,0.353583,0.331265,0.35476
8084,0.353557,0.331238,0.354737
8085,0.353498,0.331177,0.354681
8086,0.35341,0.331084,0.354593
8087,0.353376,0.331048,0.354558
8088,0.353323,0.330993,0.354505
8089,0.3533,0.330968,0.354483
8090,0.353262,0.330928,0.354447
8091,0.353216,0.33088,0.354406
8092,0.353171,0.330833,0.354365
8093,0.353117,0.330776,0.354316
8094,0.353085,0.330742,0.354288
8095,0.353015,0.330669,0.354224
8096,0.352953,0.330604,0.354165
8097,0.352934,0.330584,0.35415
8098,0.352864,0.33051,0.354086
8099,0.35282,0.330464,0.354047
8100,0.352739,0.330379,0.35397
8101,0.352679,0.330316,0.353911
8102,0.352626,0.330261,0.35386
8103,0.352537,0.330167,0.353769
8104,0.352482,0.33011,0.353712
8105,0.352447,0.330072,0.353674
8106,0.352369,0.329991,0.353594
8107,0.352344,0.329964,0.353566
8108,0.352313,0.329932,0.353534
8109,0.352282,0.329899,0.353504
8110,0.352241,0.329857,0.353467
8111,0.352178,0.32979,0.353407
8112,0.352125,0.329734,0.353356
8113,0.352096,0.329704,0.353331
8114,0.352036,0.329642,0.353277
8115,0.351983,0.329585,0.353227
8116,0.35196,0.329561,0.353209
8117,0.351885,0.329483,0.353141
8118,0.351817,0.329411,0.353077
8119,0.351797,0.32939,0.353062
8120,0.351714,0.329303,0.352985
8121,0.351642,0.329227,0.352916
8122,0.351558,0.32914,0.352832
8123,0.3515,0.329078,0.352773
8124,0.351448,0.329024,0.352719
8125,0.351402,0.328975,0.352671
8126,0.351372,0.328943,0.352642
8127,0.35131,0.328879,0.352582
8128,0.351259,0.328826,0.352532
8129,0.351224,0.328789,0.352498
8130,0.351135,0.328695,0.352411
8131,0.351112,0.328671,0.352388
8132,0.351044,0.328599,0.352322
8133,0.350961,0.328512,0.352239
8134,0.350918,0.328467,0.352194
8135,0.350857,0.328403,0.352132
8136,0.350823,0.328368,0.352097
8137,0.350783,0.328325,0.352057
8138,0.350713,0.328252,0.351989
8139,0.350677,0.328214,0.351954
8140,0.350637,0.328172,0.351916
8141,0.350571,0.328103,0.351852
8142,0.350534,0.328064,0.351819
8143,0.350468,0.327994,0.351755
8144,0.350423,0.327947,0.351713
8145,0.350404,0.327928,0.3517
8146,0.350342,0.327862,0.351644
8147,0.350298,0.327816,0.351608
8148,0.350211,0.327725,0.351527
8149,0.350131,0.327641,0.351451
8150,0.350056,0.327562,0.351376
8151,0.349993,0.327496,0.351313
8152,0.349921,0.327421,0.35124
8153,0.349884,0.327382,0.351201
8154,0.349816,0.32731,0.351131
8155,0.349755,0.327246,0.351068
8156,0.349675,0.327162,0.350983
8157,0.349646,0.327131,0.35095
8158,0.34958,0.327062,0.350881
8159,0.349491,0.326969,0.350786
8160,0.349443,0.326918,0.35073
8161,0.349411,0.326885,0.350693
8162,0.349373,0.326845,0.35065
8163,0.349298,0.326767,0.350571
8164,0.349214,0.326678,0.35048
8165,0.349156,0.326617,0.350412
8166,0.349121,0.32658,0.350368
8167,0.349072,0.326529,0.350311
8168,0.349005,0.326459,0.350235
8169,0.348982,0.326434,0.350203
8170,0.34896,0.326412,0.350175
8171,0.348919,0.326369,0.35013
8172,0.348896,0.326344,0.350104
8173,0.348877,0.326324,0.350086
8174,0.348839,0.326285,0.350052
8175,0.348811,0.326255,0.350028
8176,0.348786,0.326228,0.35001
8177,0.348708,0.326147,0.34994
8178,0.348637,0.326073,0.349874
8179,0.348554,0.325985,0.349793
8180,0.348534,0.325964,0.349775
8181,0.348442,0.325867,0.349684
8182,0.348393,0.325816,0.349635
8183,0.348324,0.325744,0.349565
8184,0.348279,0.325696,0.349518
8185,0.348259,0.325675,0.349498
8186,0.348215,0.325629,0.349456
8187,0.348138,0.325548,0.349381
8188,0.3481,0.325508,0.349342
8189,0.348043,0.325448,0.349286
8190,0.347997,0.3254,0.349241
8191,0.347924,0.325323,0.349169
8192,0.347904,0.325303,0.349149
8193,0.347819,0.325213,0.349064
8194,0.347748,0.325139,0.348991
8195,0.347716,0.325105,0.348957
8196,0.347672,0.325059,0.348912
8197,0.347628,0.325012,0.348867
8198,0.347604,0.324988,0.348845
8199,0.347536,0.324916,0.348779
8200,0.347458,0.324834,0.348701
8201,0.347411,0.324785,0.348653
8202,0.347344,0.324714,0.348583
8203,0.347316,0.324685,0.348553
8204,0.347255,0.324621,0.348492
8205,0.347208,0.324571,0.348443
8206,0.347176,0.324538,0.348411
8207,0.34715,0.324511,0.348387
8208,0.347066,0.324423,0.348305
8209,0.347046,0.324402,0.348286
8210,0.347012,0.324366,0.348257
8211,0.34698,0.324333,0.348231
8212,0.34692,0.324269,0.348177
8213,0.346837,0.324182,0.348099
8214,0.346747,0.324088,0.34801
8215,0.346703,0.324042,0.347966
8216,0.346659,0.323995,0.347922
8217,0.346633,0.323968,0.347899
8218,0.346598,0.323931,0.347868
8219,0.346568,0.3239,0.347846
8220,0.346533,0.323863,0.34782
8221,0.346488,0.323816,0.347786
8222,0.34641,0.323734,0.347717
8223,0.346338,0.323658,0.347653
8224,0.346282,0.3236,0.347604
8225,0.346191,0.323504,0.347518
8226,0.346152,0.323463,0.347484
8227,0.34609,0.323398,0.347427
8228,0.346001,0.323304,0.347341
8229,0.345942,0.323243,0.347283
8230,0.345889,0.323186,0.34723
8231,0.345812,0.323105,0.347153
8232,0.345788,0.32308,0.34713
8233,0.345699,0.322987,0.347041
8234,0.345647,0.322932,0.346988
8235,0.345594,0.322877,0.346935
8236,0.345529,0.322809,0.346869
8237,0.345496,0.322774,0.346836
8238,0.345445,0.32272,0.346786
8239,0.345426,0.322701,0.346771
8240,0.345349,0.32262,0.346698
8241,0.345304,0.322572,0.346657
8242,0.345211,0.322475,0.346567
8243,0.345127,0.322386,0.346482
8244,0.345087,0.322344,0.346441
8245,0.345007,0.322261,0.34636
8246,0.344951,0.322202,0.3463
8247,0.344909,0.322157,0.346256
8248,0.344888,0.322136,0.346235
8249,0.344814,0.322058,0.346162
8250,0.344759,0.322,0.346107
8251,0.344712,0.321951,0.346062
8252,0.344622,0.321856,0.345971
8253,0.344593,0.321826,0.345941
8254,0.344511,0.321739,0.345858
8255,0.344483,0.321711,0.34583
8256,0.344412,0.321636,0.345759
8257,0.344344,0.321564,0.345689
8258,0.344304,0.321522,0.345647
8259,0.344244,0.321459,0.345586
8260,0.344201,0.321414,0.345543
8261,0.344178,0.32139,0.345522
8262,0.344142,0.321352,0.34549
8263,0.344058,0.321264,0.34541
8264,0.343995,0.321198,0.34535
8265,0.343952,0.321153,0.345309
8266,0.343869,0.321066,0.345229
8267,0.343789,0.320981,0.345148
8268,0.343743,0.320934,0.345101
8269,0.343684,0.320871,0.345041
8270,0.343604,0.320788,0.344959
8271,0.343536,0.320716,0.344886
8272,0.34346,0.320636,0.344804
8273,0.343413,0.320587,0.34475
8274,0.343375,0.320547,0.344707
8275,0.343297,0.320465,0.344623
8276,0.343223,0.320387,0.34454
8277,0.343204,0.320367,0.344513
8278,0.343144,0.320304,0.344447
8279,0.343077,0.320234,0.344372
8280,0.343045,0.3202,0.344334
8281,0.343011,0.320165,0.344295
8282,0.342983,0.320135,0.344263
8283,0.34295,0.320101,0.34423
8284,0.342925,0.320074,0.344205
8285,0.342894,0.320042,0.344178
8286,0.342829,0.319974,0.344118
8287,0.342758,0.319899,0.34405
8288,0.342729,0.319869,0.344025
8289,0.342673,0.31981,0.343973
8290,0.342606,0.319739,0.343908
8291,0.342525,0.319654,0.343829
8292,0.342465,0.319591,0.343768
8293,0.342418,0.319542,0.343721
8294,0.342376,0.319498,0.343679
8295,0.342311,0.319429,0.343614
8296,0.342253,0.319369,0.343556
8297,0.342209,0.319322,0.343511
8298,0.342147,0.319258,0.343449
8299,0.342066,0.319173,0.343366
8300,0.342039,0.319144,0.343336
8301,0.34201,0.319114,0.343307
8302,0.341966,0.319068,0.343265
8303,0.341893,0.318991,0.343193
8304,0.341851,0.318947,0.343152
8305,0.341807,0.3189,0.343109
8306,0.341775,0.318867,0.343081
8307,0.341725,0.318815,0.343036
8308,0.341661,0.318747,0.342976
8309,0.341624,0.318708,0.342943
8310,0.341585,0.318668,0.342911
8311,0.341506,0.318585,0.342838
8312,0.341454,0.31853,0.342791
8313,0.34138,0.318453,0.342722
8314,0.341305,0.318373,0.342648
8315,0.341223,0.318288,0.342566
8316,0.341189,0.318252,0.342532
8317,0.341151,0.318212,0.342495
8318,0.341068,0.318124,0.342412
8319,0.341034,0.318089,0.342379
8320,0.34097,0.318022,0.342316
8321,0.340927,0.317976,0.342274
8322,0.340847,0.317893,0.342196
8323,0.340814,0.317858,0.342163
8324,0.340781,0.317823,0.342133
8325,0.340696,0.317735,0.342051
8326,0.340655,0.317691,0.342011
8327,0.340565,0.317596,0.341922
8328,0.340479,0.317506,0.341833
8329,0.340446,0.317472,0.341797
8330,0.340374,0.317396,0.341723
8331,0.34029,0.317308,0.341634
8332,0.34026,0.317276,0.341598
8333,0.340182,0.317195,0.341515
8334,0.340137,0.317147,0.341463
8335,0.34005,0.317056,0.341369
8336,0.340021,0.317026,0.341332
8337,0.339972,0.316974,0.341276
8338,0.339954,0.316954,0.341252
8339,0.339907,0.316906,0.341203
8340,0.33987,0.316867,0.341164
8341,0.339836,0.316831,0.34113
8342,0.339786,0.316779,0.341082
8343,0.339722,0.316711,0.341018
8344,0.339634,0.316619,0.340928
8345,0.339565,0.316546,0.340854
8346,0.339528,0.316508,0.340813
8347,0.339486,0.316463,0.340766
8348,0.339424,0.316399,0.340701
8349,0.339375,0.316347,0.340648
8350,0.339287,0.316254,0.340554
8351,0.33926,0.316227,0.34052
8352,0.339238,0.316203,0.340493
8353,0.339213,0.316177,0.340468
8354,0.339195,0.316158,0.34045
8355,0.339145,0.316106,0.340404
8356,0.339111,0.31607,0.340374
8357,0.339064,0.31602,0.340332
8358,0.339002,0.315955,0.340275
8359,0.338922,0.315872,0.340198
8360,0.338849,0.315794,0.340125
8361,0.338789,0.315732,0.340065
8362,0.338767,0.315708,0.340042
8363,0.33874,0.31568,0.340018
8364,0.338701,0.315639,0.339984
8365,0.33866,0.315596,0.339949
8366,0.338605,0.315538,0.339899
8367,0.338562,0.315494,0.339864
8368,0.338487,0.315415,0.339796
8369,0.338417,0.315341,0.339729
8370,0.338328,0.315248,0.339642
8371,0.338259,0.315175,0.339572
8372,0.338232,0.315147,0.339545
8373,0.338186,0.315099,0.3395
8374,0.338114,0.315022,0.339428
8375,0.338033,0.314938,0.339347
8376,0.338001,0.314905,0.339313
8377,0.337959,0.31486,0.33927
8378,0.33789,0.314788,0.3392
8379,0.337848,0.314744,0.339158
8380,0.337818,0.314712,0.339128
8381,0.337795,0.314688,0.339109
8382,0.337729,0.314618,0.339048
8383,0.337666,0.314553,0.338989
8384,0.337613,0.314497,0.338939
8385,0.337525,0.314404,0.338853
8386,0.337498,0.314377,0.338827
8387,0.337407,0.31428,0.338736
8388,0.337386,0.314258,0.338716
8389,0.33736,0.314231,0.338694
8390,0.337269,0.314135,0.338606
8391,0.337203,0.314067,0.338541
8392,0.337146,0.314007,0.338484
8393,0.337098,0.313956,0.338436
8394,0.337073,0.31393,0.338413
8395,0.336985,0.313838,0.338328
8396,0.336943,0.313794,0.338287
8397,0.336861,0.313707,0.338205
8398,0.336815,0.313659,0.338157
8399,0.336771,0.313613,0.338114
8400,0.336688,0.313525,0.33803
8401,0.336642,0.313478,0.337983
8402,0.336561,0.313393,0.337899
8403,0.336482,0.313309,0.337814
8404,0.336408,0.313231,0.337732
8405,0.336345,0.313166,0.337661
8406,0.336298,0.313116,0.337603
8407,0.336234,0.313049,0.337529
8408,0.33621,0.313023,0.337495
8409,0.336178,0.31299,0.337456
8410,0.336155,0.312966,0.337429
8411,0.336091,0.312899,0.337361
8412,0.336027,0.312831,0.33729
8413,0.336,0.312803,0.337259
8414,0.335977,0.312779,0.337233
8415,0.335956,0.312757,0.337212
8416,0.335883,0.312681,0.337141
8417,0.335845,0.31264,0.337102
8418,0.335753,0.312543,0.337008
8419,0.335703,0.312491,0.336955
8420,0.335638,0.312424,0.336886
8421,0.335585,0.312367,0.336827
8422,0.33554,0.312321,0.336777
8423,0.335521,0.3123,0.336753
8424,0.335492,0.31227,0.336723
8425,0.335468,0.312244,0.3367
8426,0.335425,0.312199,0.33666
8427,0.335384,0.312157,0.336623
8428,0.335357,0.312128,0.3366
8429,0.335321,0.312091,0.336572
8430,0.335243,0.312009,0.3365
8431,0.335185,0.311948,0.336447
8432,0.335121,0.31188,0.336386
8433,0.335087,0.311845,0.336356
8434,0.335055,0.311811,0.33633
8435,0.334991,0.311744,0.336271
8436,0.334953,0.311704,0.33624
8437,0.334873,0.31162,0.336165
8438,0.334807,0.311551,0.336102
8439,0.33478,0.311523,0.336079
8440,0.334708,0.311446,0.336011
8441,0.334642,0.311378,0.335948
8442,0.334575,0.311307,0.335882
8443,0.334503,0.311231,0.335809
8444,0.334473,0.311199,0.335779
8445,0.334436,0.311162,0.335744
8446,0.334349,0.31107,0.335658
8447,0.334325,0.311045,0.335634
8448,0.334286,0.311003,0.335597
8449,0.334255,0.310972,0.335572
8450,0.334188,0.310901,0.33551
8451,0.334105,0.310814,0.335429
8452,0.334051,0.310757,0.335377
8453,0.334017,0.310721,0.335344
8454,0.333929,0.310628,0.335258
8455,0.333873,0.31057,0.335203
8456,0.333784,0.310477,0.335112
8457,0.333744,0.310435,0.335068
8458,0.333697,0.310385,0.335018
8459,0.333633,0.310318,0.334952
8460,0.333544,0.310224,0.334858
8461,0.33352,0.310199,0.334828
8462,0.333499,0.310177,0.334805
8463,0.333445,0.310121,0.33475
8464,0.333375,0.310047,0.334678
8465,0.333333,0.310002,0.334633
8466,0.333306,0.309975,0.334606
8467,0.33328,0.309948,0.334582
8468,0.333243,0.309908,0.334549
8469,0.333218,0.309882,0.334531
8470,0.333131,0.309791,0.33445
8471,0.333091,0.309749,0.334415
8472,0.333046,0.309701,0.334376
8473,0.332983,0.309636,0.33432
8474,0.332953,0.309604,0.334297
8475,0.33291,0.309559,0.334263
8476,0.332842,0.309487,0.334204
8477,0.332785,0.309427,0.334155
8478,0.332692,0.30933,0.334069
8479,0.332671,0.309308,0.334054
8480,0.332633,0.309268,0.334026
8481,0.332548,0.309179,0.333949
8482,0.33251,0.309139,0.33392
8483,0.332423,0.309048,0.333841
8484,0.33236,0.308981,0.333784
8485,0.332272,0.308889,0.333701
8486,0.332181,0.308793,0.333611
8487,0.3321,0.308709,0.333529
8488,0.33206,0.308667,0.333488
8489,0.332027,0.308631,0.333454
8490,0.331993,0.308596,0.333424
8491,0.33191,0.308509,0.333344
8492,0.331846,0.308441,0.333282
8493,0.3318,0.308393,0.333237
8494,0.331711,0.3083,0.33315
8495,0.331666,0.308253,0.333105
8496,0.331592,0.308175,0.333031
8497,0.331517,0.308096,0.332954
8498,0.331449,0.308024,0.332883
8499,0.331423,0.307997,0.332855
8500,0.331397,0.30797,0.332831
8501,0.331342,0.307912,0.332779
8502,0.331254,0.30782,0.332693
8503,0.331171,0.307733,0.332609
8504,0.331138,0.307698,0.332575
8505,0.331077,0.307635,0.332515
8506,0.331013,0.307567,0.33245
8507,0.330954,0.307505,0.33239
8508,0.330905,0.307453,0.33234
8509,0.330851,0.307397,0.332287
8510,0.330778,0.30732,0.332214
8511,0.330757,0.307298,0.332194
8512,0.330711,0.307249,0.332151
8513,0.330624,0.307158,0.332066
8514,0.330592,0.307125,0.332037
8515,0.33054,0.307071,0.33199
8516,0.330488,0.307015,0.331942
8517,0.33045,0.306976,0.33191
8518,0.330377,0.3069,0.331844
8519,0.330302,0.306821,0.331774
8520,0.330244,0.306759,0.33172
8521,0.330181,0.306693,0.331661
8522,0.330135,0.306645,0.331621
8523,0.330061,0.306568,0.331552
8524,0.330002,0.306505,0.331497
8525,0.329934,0.306434,0.331434
8526,0.329841,0.306337,0.331343
8527,0.329751,0.306242,0.331252
8528,0.32966,0.306146,0.331157
8529,0.329634,0.306118,0.331127
8530,0.329557,0.306038,0.331047
8531,0.329485,0.305962,0.330971
8532,0.329455,0.305931,0.330937
8533,0.329393,0.305866,0.330873
8534,0.329361,0.305832,0.330839
8535,0.329317,0.305786,0.330796
8536,0.329229,0.305694,0.330709
8537,0.329151,0.305612,0.330628
8538,0.329104,0.305562,0.330579
8539,0.329041,0.305497,0.330514
8540,0.328958,0.305409,0.330427
8541,0.328901,0.30535,0.330366
8542,0.328877,0.305324,0.330338
8543,0.328815,0.305259,0.330275
8544,0.328759,0.3052,0.330217
8545,0.328698,0.305137,0.330155
8546,0.328622,0.305056,0.330076
8547,0.328601,0.305035,0.330053
8548,0.328557,0.304988,0.330009
8549,0.328472,0.304899,0.329924
8550,0.328432,0.304857,0.329883
8551,0.328393,0.304816,0.329845
8552,0.328331,0.304751,0.329785
8553,0.328283,0.304701,0.32974
8554,0.328255,0.304671,0.329715
8555,0.328179,0.304591,0.329645
8556,0.328087,0.304495,0.329555
8557,0.328013,0.304417,0.329481
8558,0.327982,0.304384,0.32945
8559,0.327954,0.304354,0.329425
8560,0.327872,0.304269,0.329347
8561,0.327784,0.304176,0.32926
8562,0.327696,0.304084,0.32917
8563,0.32763,0.304015,0.3291
8564,0.327557,0.303938,0.329022
8565,0.327533,0.303913,0.328994
8566,0.327463,0.30384,0.328921
8567,0.327427,0.303802,0.328882
8568,0.327361,0.303732,0.328814
8569,0.327298,0.303666,0.328748
8570,0.32722,0.303585,0.328667
8571,0.327182,0.303544,0.328623
8572,0.327128,0.303488,0.328567
8573,0.327074,0.303431,0.32851
8574,0.326999,0.303352,0.328431
8575,0.326944,0.303294,0.328371
8576,0.326869,0.303215,0.32829
8577,0.326846,0.303192,0.328262
8578,0.326816,0.30316,0.32823
8579,0.326783,0.303125,0.328196
8580,0.326755,0.303096,0.328172
8581,0.326734,0.303074,0.328156
8582,0.326654,0.30299,0.328082
8583,0.326575,0.302907,0.328008
8584,0.32651,0.302839,0.327946
8585,0.326448,0.302773,0.327885
8586,0.32639,0.302712,0.327828
8587,0.326303,0.302622,0.327742
8588,0.326233,0.302548,0.32767
8589,0.32618,0.302492,0.327614
8590,0.326123,0.302432,0.327554
8591,0.326084,0.302392,0.327514
8592,0.325992,0.302295,0.327419
8593,0.325949,0.30225,0.327372
8594,0.325875,0.302172,0.327293
8595,0.325851,0.302147,0.327266
8596,0.325783,0.302076,0.327195
8597,0.325699,0.301987,0.327106
8598,0.325648,0.301933,0.327049
8599,0.325613,0.301897,0.327009
8600,0.325593,0.301876,0.326987
8601,0.325513,0.301792,0.326905
8602,0.325445,0.30172,0.326833
8603,0.325384,0.301656,0.326766
8604,0.325345,0.301615,0.326723
8605,0.325265,0.301532,0.326638
8606,0.325227,0.301492,0.326594
8607,0.325206,0.301469,0.326568
8608,0.325179,0.301441,0.326541
8609,0.325099,0.301357,0.32646
8610,0.325045,0.3013,0.326403
8611,0.325018,0.301272,0.326375
8612,0.324983,0.301236,0.326342
8613,0.324953,0.301204,0.326315
8614,0.324935,0.301185,0.326302
8615,0.324888,0.301136,0.326264
8616,0.324845,0.301091,0.32623
8617,0.324753,0.300993,0.326145
8618,0.324723,0.300962,0.326122
8619,0.324648,0.300884,0.326056
8620,0.32457,0.300802,0.325983
8621,0.324515,0.300744,0.325933
8622,0.324447,0.300673,0.325868
8623,0.324364,0.300585,0.325787
8624,0.324328,0.300548,0.325753
8625,0.324263,0.30048,0.325691
8626,0.324221,0.300436,0.325651
8627,0.32414,0.30035,0.325572
8628,0.3241,0.300308,0.325533
8629,0.324058,0.300264,0.325495
8630,0.323987,0.30019,0.325427
8631,0.323935,0.300135,0.325379
8632,0.323868,0.300065,0.325314
8633,0.323807,0.3,0.325255
8634,0.323749,0.29994,0.325199
8635,0.323706,0.299895,0.325159
8636,0.323671,0.299857,0.325127
8637,0.323584,0.299767,0.325045
8638,0.323548,0.299728,0.325012
8639,0.323465,0.299641,0.324933
8640,0.32342,0.299594,0.324891
8641,0.32334,0.29951,0.324813
8642,0.323267,0.299434,0.324742
8643,0.323176,0.299338,0.324649
8644,0.323111,0.29927,0.324581
8645,0.323071,0.299228,0.324537
8646,0.323001,0.299155,0.324465
8647,0.322928,0.299077,0.324387
8648,0.3229,0.299048,0.324355
8649,0.322856,0.299002,0.32431
8650,0.322798,0.298941,0.324251
8651,0.322768,0.29891,0.324222
8652,0.322739,0.29888,0.324196
8653,0.322703,0.298841,0.324165
8654,0.322623,0.298758,0.324091
8655,0.322557,0.298688,0.324029
8656,0.322483,0.29861,0.323958
8657,0.322414,0.298538,0.323891
8658,0.322342,0.298462,0.323819
8659,0.322274,0.298391,0.323751
8660,0.3222,0.298314,0.323675
8661,0.32216,0.298271,0.323633
8662,0.322134,0.298244,0.323608
8663,0.322068,0.298175,0.323543
8664,0.322024,0.298129,0.323501
8665,0.321954,0.298055,0.323433
8666,0.321881,0.297979,0.323361
8667,0.321856,0.297952,0.323338
8668,0.321786,0.297879,0.32327
8669,0.321713,0.297802,0.323199
8670,0.321631,0.297715,0.323116
8671,0.321603,0.297687,0.323089
8672,0.321538,0.297618,0.323024
8673,0.321461,0.297537,0.322947
8674,0.321403,0.297476,0.322888
8675,0.32134,0.29741,0.322824
8676,0.32126,0.297326,0.322741
8677,0.321169,0.29723,0.322644
8678,0.32114,0.297201,0.32261
8679,0.321119,0.297178,0.322586
8680,0.321048,0.297104,0.322514
8681,0.321023,0.297077,0.322487
8682,0.320997,0.29705,0.322464
8683,0.32092,0.296969,0.32239
8684,0.320868,0.296915,0.322341
8685,0.32079,0.296833,0.322265
8686,0.320711,0.29675,0.322185
8687,0.320653,0.296689,0.322126
8688,0.320573,0.296605,0.322043
8689,0.320506,0.296534,0.321971
8690,0.320473,0.2965,0.321934
8691,0.320425,0.29645,0.321885
8692,0.320395,0.296418,0.321854
8693,0.320357,0.296378,0.321818
8694,0.320313,0.296332,0.321778
8695,0.320261,0.296277,0.321729
8696,0.320221,0.296235,0.321695
8697,0.320174,0.296186,0.321656
8698,0.320103,0.296112,0.321592
8699,0.32005,0.296056,0.321545
8700,0.319962,0.295963,0.321463
8701,0.319911,0.29591,0.321416
8702,0.319847,0.295843,0.321357
8703,0.319765,0.295756,0.321278
8704,0.3197,0.295688,0.321215
8705,0.319638,0.295623,0.321154
8706,0.319551,0.295532,0.321068
8707,0.319464,0.29544,0.320978
8708,0.319427,0.295401,0.320938
8709,0.319381,0.295353,0.32089
8710,0.31935,0.29532,0.32086
8711,0.319278,0.295246,0.32079
8712,0.319232,0.295197,0.320745
8713,0.319157,0.295118,0.320671
8714,0.319101,0.295059,0.320616
8715,0.319041,0.294996,0.320556
8716,0.318977,0.294929,0.320493
8717,0.318941,0.294892,0.320459
8718,0.318861,0.294808,0.32038
8719,0.318784,0.294726,0.320302
8720,0.318753,0.294694,0.320271
8721,0.318689,0.294627,0.320209
8722,0.318629,0.294564,0.32015
8723,0.318547,0.294477,0.320068
8724,0.318506,0.294435,0.320027
8725,0.318482,0.29441,0.320005
8726,0.31842,0.294344,0.319946
8727,0.318381,0.294303,0.319912
8728,0.318296,0.294214,0.319832
8729,0.318207,0.29412,0.319745
8730,0.318124,0.294034,0.319662
8731,0.318071,0.293978,0.319607
8732,0.317984,0.293886,0.319517
8733,0.317959,0.29386,0.319491
8734,0.317895,0.293793,0.319426
8735,0.317837,0.293732,0.319367
8736,0.317764,0.293656,0.319293
8737,0.317679,0.293567,0.319205
8738,0.317616,0.2935,0.319136
8739,0.317569,0.293451,0.319085
8740,0.31755,0.293431,0.319064
8741,0.317488,0.293366,0.319002
8742,0.317402,0.293275,0.318913
8743,0.317337,0.293207,0.318845
8744,0.317292,0.29316,0.318797
8745,0.317246,0.293111,0.318748
8746,0.317173,0.293035,0.318674
8747,0.317131,0.292991,0.318629
8748,0.317091,0.292949,0.318588
8749,0.317043,0.292899,0.318541
8750,0.316957,0.292808,0.318455
8751,0.316925,0.292774,0.318422
8752,0.316879,0.292726,0.318378
8753,0.316832,0.292677,0.318333
8754,0.316778,0.29262,0.318283
8755,0.316688,0.292526,0.318195
8756,0.31663,0.292465,0.318137
8757,0.316559,0.292391,0.318066
8758,0.316515,0.292344,0.318021
8759,0.316468,0.292294,0.317975
8760,0.316383,0.292206,0.317891
8761,0.316344,0.292165,0.317852
8762,0.316276,0.292093,0.317784
8763,0.316222,0.292036,0.31773
8764,0.316168,0.29198,0.317677
8765,0.316095,0.291904,0.317604
8766,0.316059,0.291865,0.317568
8767,0.315967,0.291769,0.317476
8768,0.315938,0.291738,0.317446
8769,0.315892,0.29169,0.317402
8770,0.315802,0.291595,0.317312
8771,0.315746,0.291537,0.317256
8772,0.315723,0.291513,0.317234
8773,0.315631,0.291416,0.317142
8774,0.315544,0.291324,0.317053
8775,0.315523,0.291303,0.317031
8776,0.315495,0.291273,0.317004
8777,0.315459,0.291236,0.316973
8778,0.315371,0.291143,0.316888
8779,0.315282,0.291049,0.3168
8780,0.315206,0.29097,0.316723
8781,0.315122,0.290881,0.316634
8782,0.31507,0.290827,0.316578
8783,0.314983,0.290735,0.316485
8784,0.314953,0.290704,0.316449
8785,0.314897,0.290645,0.316389
8786,0.314855,0.290601,0.316342
8787,0.314802,0.290545,0.316286
8788,0.31475,0.29049,0.316231
8789,0.314722,0.290461,0.316202
8790,0.314683,0.29042,0.316164
8791,0.314608,0.290341,0.31609
8792,0.314519,0.290248,0.315999
8793,0.314429,0.290154,0.315905
8794,0.314351,0.290072,0.315819
8795,0.31431,0.290028,0.31577
8796,0.314273,0.28999,0.315727
8797,0.314236,0.289951,0.315686
8798,0.31415,0.289861,0.315594
8799,0.314088,0.289796,0.315525
8800,0.314042,0.289747,0.315471
8801,0.314018,0.289722,0.315442
8802,0.313984,0.289686,0.315404
8803,0.313953,0.289654,0.315373
8804,0.31387,0.289567,0.315288
8805,0.31385,0.289546,0.315266
8806,0.313762,0.289453,0.315177
8807,0.313705,0.289393,0.315116
8808,0.313645,0.28933,0.315053
8809,0.313606,0.28929,0.31501
8810,0.31358,0.289262,0.314983
8811,0.313561,0.289242,0.314965
8812,0.313499,0.289177,0.314906
8813,0.313447,0.289123,0.314856
8814,0.313396,0.289069,0.314808
8815,0.313364,0.289036,0.31478
8816,0.313306,0.288975,0.314726
8817,0.313216,0.28888,0.314638
8818,0.313143,0.288803,0.314565
8819,0.313095,0.288753,0.314516
8820,0.313056,0.288712,0.314477
8821,0.312977,0.288629,0.314398
8822,0.312887,0.288534,0.314305
8823,0.312867,0.288514,0.314282
8824,0.312823,0.288468,0.314237
8825,0.312796,0.288439,0.31421
8826,0.312708,0.288347,0.314122
8827,0.312675,0.288312,0.314088
8828,0.312616,0.28825,0.31403
8829,0.312532,0.288162,0.313943
8830,0.312507,0.288136,0.313917
8831,0.312457,0.288083,0.313867
8832,0.31237,0.287992,0.313778
8833,0.312294,0.287912,0.313697
8834,0.312262,0.287878,0.31366
8835,0.312224,0.287838,0.313619
8836,0.312169,0.28778,0.313562
8837,0.312134,0.287744,0.313525
8838,0.312106,0.287714,0.313497
8839,0.31208,0.287687,0.313474
8840,0.311991,0.287594,0.313388
8841,0.311915,0.287514,0.313311
8842,0.311871,0.287468,0.313266
8843,0.311792,0.287385,0.313184
8844,0.311757,0.287348,0.313147
8845,0.311714,0.287302,0.313102
8846,0.311685,0.287273,0.313074
8847,0.311606,0.287189,0.312995
8848,0.311576,0.287158,0.312965
8849,0.31155,0.287131,0.312942
8850,0.311465,0.287042,0.312859
8851,0.311374,0.286946,0.312766
8852,0.311325,0.286894,0.312714
8853,0.311276,0.286843,0.312663
8854,0.311247,0.286813,0.312632
8855,0.311185,0.286748,0.31257
8856,0.311151,0.286712,0.312535
8857,0.311131,0.286691,0.312517
8858,0.311097,0.286655,0.312487
8859,0.311053,0.286609,0.31245
8860,0.310967,0.286519,0.312368
8861,0.31094,0.28649,0.312346
8862,0.310913,0.286462,0.312326
8863,0.310857,0.286403,0.312278
8864,0.310767,0.286309,0.312195
8865,0.310692,0.28623,0.312123
8866,0.31062,0.286155,0.312054
8867,0.310598,0.286131,0.312035
8868,0.310527,0.286056,0.311967
8869,0.310486,0.286014,0.31193
8870,0.310436,0.285961,0.311885
8871,0.31036,0.285881,0.311812
8872,0.310301,0.285819,0.311756
8873,0.310275,0.285792,0.311734
8874,0.310201,0.285714,0.311665
8875,0.310124,0.285634,0.311591
8876,0.310064,0.28557,0.311532
8877,0.30998,0.285482,0.311448
8878,0.309928,0.285428,0.311396
8879,0.309845,0.28534,0.31131
8880,0.309788,0.28528,0.311249
8881,0.309757,0.285248,0.311216
8882,0.309713,0.285202,0.311171
8883,0.30963,0.285115,0.311086
8884,0.309554,0.285035,0.311007
8885,0.309522,0.285002,0.310971
8886,0.309476,0.284953,0.310923
8887,0.309457,0.284933,0.310903
8888,0.309426,0.2849,0.310875
8889,0.309336,0.284806,0.310787
8890,0.309284,0.284752,0.310736
8891,0.309195,0.284658,0.310647
8892,0.309151,0.284611,0.3106
8893,0.30911,0.284569,0.310559
8894,0.309058,0.284514,0.310507
8895,0.308973,0.284425,0.31042
8896,0.308939,0.284389,0.310385
8897,0.308913,0.284362,0.31036
8898,0.30888,0.284327,0.31033
8899,0.308794,0.284237,0.310247
8900,0.308758,0.2842,0.310213
8901,0.308707,0.284146,0.310165
8902,0.308645,0.28408,0.310106
8903,0.308602,0.284035,0.310067
8904,0.308533,0.283963,0.310002
8905,0.308442,0.283868,0.309912
8906,0.308367,0.283788,0.309835
8907,0.308337,0.283757,0.309804
8908,0.308271,0.283688,0.309738
8909,0.308251,0.283667,0.309719
8910,0.308224,0.283638,0.309696
8911,0.308147,0.283558,0.309624
8912,0.30807,0.283477,0.309549
8913,0.307981,0.283383,0.30946
8914,0.30791,0.283309,0.309387
8915,0.307852,0.283247,0.309325
8916,0.307814,0.283208,0.309285
8917,0.30776,0.283151,0.309229
8918,0.307699,0.283087,0.309166
8919,0.307609,0.282993,0.309072
8920,0.307557,0.282938,0.309015
8921,0.307482,0.282859,0.308933
8922,0.307461,0.282837,0.308906
8923,0.307371,0.282743,0.308811
8924,0.307335,0.282705,0.308767
8925,0.307282,0.282649,0.308709
8926,0.307259,0.282625,0.308681
8927,0.307229,0.282594,0.308649
8928,0.307187,0.28255,0.308607
8929,0.307122,0.282481,0.308541
8930,0.307069,0.282426,0.308487
8931,0.307051,0.282406,0.308469
8932,0.307006,0.28236,0.308427
8933,0.306934,0.282284,0.308357
8934,0.306907,0.282256,0.308333
8935,0.306851,0.282197,0.30828
8936,0.306811,0.282155,0.308245
8937,0.306746,0.282087,0.308184
8938,0.306705,0.282043,0.308148
8939,0.306679,0.282017,0.308129
8940,0.306631,0.281966,0.308088
8941,0.306583,0.281915,0.30805
8942,0.306508,0.281837,0.307984
8943,0.306424,0.281749,0.307906
8944,0.306402,0.281725,0.30789
8945,0.30636,0.281681,0.307858
8946,0.306272,0.281589,0.307779
8947,0.306241,0.281556,0.307756
8948,0.306185,0.281497,0.307709
8949,0.306113,0.281422,0.307647
8950,0.306021,0.281326,0.307562
8951,0.305937,0.281237,0.307482
8952,0.305911,0.281209,0.30746
8953,0.305856,0.281152,0.307412
8954,0.305774,0.281065,0.307336
8955,0.305688,0.280975,0.307253
8956,0.305609,0.280893,0.307176
8957,0.305577,0.280859,0.307145
8958,0.305484,0.280762,0.307055
8959,0.305403,0.280676,0.306972
8960,0.305376,0.280648,0.306944
8961,0.305304,0.280572,0.306873
8962,0.305272,0.280538,0.306842
8963,0.305202,0.280465,0.306774
8964,0.305119,0.280378,0.306691
8965,0.305028,0.280283,0.306598
8966,0.304968,0.28022,0.306534
8967,0.304882,0.280129,0.306443
8968,0.304798,0.280042,0.306351
8969,0.304758,0.279999,0.306303
8970,0.304734,0.279974,0.306273
8971,0.304706,0.279945,0.306243
8972,0.304634,0.279869,0.306169
8973,0.304598,0.279831,0.306131
8974,0.304514,0.279743,0.306045
8975,0.304481,0.279708,0.30601
8976,0.304426,0.27965,0.305954
8977,0.304377,0.2796,0.305905
8978,0.304327,0.279546,0.305855
8979,0.304239,0.279454,0.305767
8980,0.304221,0.279435,0.305748
8981,0.304128,0.279338,0.305655
8982,0.304062,0.279269,0.305587
8983,0.303998,0.279201,0.305519
8984,0.303916,0.279115,0.305432
8985,0.303893,0.279091,0.305405
8986,0.303829,0.279023,0.305337
8987,0.303775,0.278967,0.30528
8988,0.303698,0.278886,0.305198
8989,0.30362,0.278804,0.305113
8990,0.30358,0.278762,0.305066
8991,0.303541,0.278722,0.305022
8992,0.303499,0.278677,0.304975
8993,0.303449,0.278625,0.304922
8994,0.303403,0.278576,0.304873
8995,0.303333,0.278503,0.3048
8996,0.303295,0.278463,0.304758
8997,0.303227,0.278391,0.304687
8998,0.303202,0.278366,0.304659
8999,0.303184,0.278346,0.304641
9000,0.303135,0.278295,0.304595
9001,0.303069,0.278226,0.304531
9002,0.303018,0.278172,0.304482
9003,0.302939,0.278089,0.304403
9004,0.302866,0.278013,0.304329
9005,0.302826,0.277971,0.304287
9006,0.302782,0.277925,0.304242
9007,0.302755,0.277896,0.304216
9008,0.302685,0.277823,0.304148
9009,0.302638,0.277774,0.304103
9010,0.302564,0.277696,0.304029
9011,0.302536,0.277667,0.304002
9012,0.302517,0.277647,0.303987
9013,0.302426,0.27755,0.303899
9014,0.302348,0.277469,0.303822
9015,0.302264,0.27738,0.303736
9016,0.302244,0.277359,0.303715
9017,0.302181,0.277293,0.303652
9018,0.302143,0.277253,0.303614
9019,0.302053,0.277159,0.303523
9020,0.302021,0.277125,0.30349
9021,0.301984,0.277087,0.303454
9022,0.301893,0.276991,0.303363
9023,0.301838,0.276933,0.303306
9024,0.301782,0.276874,0.303248
9025,0.301738,0.276828,0.303202
9026,0.301705,0.276794,0.303168
9027,0.301622,0.276707,0.303085
9028,0.301596,0.276679,0.303058
9029,0.301567,0.276648,0.30303
9030,0.301487,0.276564,0.302952
9031,0.301408,0.276481,0.302872
9032,0.301375,0.276447,0.302838
9033,0.301328,0.276398,0.302792
9034,0.301298,0.276366,0.302764
9035,0.301262,0.276328,0.302731
9036,0.301189,0.276252,0.302662
9037,0.301131,0.276191,0.302608
9038,0.301111,0.27617,0.302592
9039,0.301024,0.276078,0.302509
9040,0.300932,0.275982,0.302418
9041,0.300868,0.275914,0.302354
9042,0.300847,0.275892,0.302333
9043,0.300776,0.275818,0.302263
9044,0.30072,0.27576,0.302208
9045,0.300699,0.275737,0.302189
9046,0.300622,0.275656,0.302115
9047,0.300564,0.275596,0.302058
9048,0.300512,0.275541,0.302008
9049,0.300422,0.275446,0.301918
9050,0.300361,0.275382,0.301855
9051,0.300327,0.275346,0.30182
9052,0.300234,0.275249,0.301726
9053,0.300189,0.275202,0.301677
9054,0.300125,0.275134,0.30161
9055,0.300098,0.275106,0.301581
9056,0.300056,0.275062,0.301539
9057,0.30002,0.275024,0.301504
9058,0.299948,0.274948,0.301433
9059,0.299894,0.274892,0.301379
9060,0.299846,0.274842,0.301332
9061,0.299755,0.274746,0.301241
9062,0.299672,0.274659,0.301154
9063,0.299633,0.274618,0.301111
9064,0.299573,0.274555,0.301047
9065,0.299551,0.274531,0.301022
9066,0.299503,0.274482,0.300974
9067,0.299442,0.274417,0.300912
9068,0.299421,0.274396,0.300892
9069,0.299392,0.274364,0.300865
9070,0.299364,0.274335,0.300843
9071,0.299272,0.274239,0.300756
9072,0.299209,0.274172,0.300695
9073,0.299149,0.27411,0.300638
9074,0.299106,0.274065,0.300598
9075,0.299015,0.273969,0.300509
9076,0.298983,0.273935,0.300478
9077,0.298901,0.273849,0.300396
9078,0.29886,0.273807,0.300356
9079,0.298779,0.273721,0.300274
9080,0.298756,0.273697,0.300252
9081,0.29868,0.273617,0.300176
9082,0.298596,0.273529,0.300091
9083,0.298576,0.273508,0.300069
9084,0.298552,0.273483,0.300046
9085,0.298482,0.27341,0.299979
9086,0.298438,0.273364,0.299938
9087,0.298401,0.273324,0.299904
9088,0.29833,0.27325,0.299836
9089,0.298241,0.273156,0.299749
9090,0.298167,0.273079,0.299674
9091,0.298079,0.272986,0.299582
9092,0.298048,0.272953,0.299547
9093,0.298018,0.272922,0.299516
9094,0.297982,0.272884,0.299481
9095,0.297929,0.272829,0.29943
9096,0.297904,0.272802,0.299407
9097,0.297836,0.272731,0.299344
9098,0.297813,0.272707,0.299326
9099,0.297763,0.272654,0.299282
9100,0.297682,0.272569,0.299208
9101,0.297643,0.272529,0.299175
9102,0.29757,0.272452,0.299107
9103,0.297519,0.272398,0.299062
9104,0.297485,0.272362,0.299034
9105,0.297399,0.272272,0.298955
9106,0.297338,0.272208,0.298899
9107,0.297258,0.272124,0.298823
9108,0.297174,0.272036,0.298741
9109,0.297097,0.271955,0.298663
9110,0.297022,0.271876,0.298586
9111,0.296942,0.271793,0.298503
9112,0.296873,0.27172,0.298428
9113,0.296816,0.27166,0.298365
9114,0.296746,0.271586,0.298288
9115,0.296683,0.27152,0.298217
9116,0.296593,0.271426,0.298117
9117,0.296555,0.271386,0.298069
9118,0.296511,0.27134,0.298016
9119,0.296482,0.271309,0.297979
9120,0.296445,0.27127,0.297936
9121,0.296424,0.271248,0.297912
9122,0.2964,0.271223,0.297887
9123,0.29638,0.271202,0.29787
9124,0.296305,0.271124,0.297798
9125,0.296266,0.271083,0.297762
9126,0.29623,0.271045,0.297731
9127,0.296144,0.270955,0.297649
9128,0.296094,0.270902,0.297602
9129,0.296011,0.270814,0.29752
9130,0.295955,0.270756,0.297465
9131,0.295895,0.270692,0.297404
9132,0.295852,0.270648,0.297362
9133,0.295782,0.270574,0.297293
9134,0.295752,0.270542,0.297263
9135,0.295693,0.270481,0.297207
9136,0.295657,0.270443,0.297173
9137,0.295573,0.270354,0.29709
9138,0.29552,0.270299,0.297039
9139,0.295463,0.270239,0.296982
9140,0.295437,0.270212,0.296959
9141,0.295346,0.270117,0.29687
9142,0.295302,0.27007,0.296827
9143,0.295273,0.27004,0.296801
9144,0.295233,0.269998,0.296766
9145,0.29515,0.269911,0.296688
9146,0.295059,0.269815,0.296598
9147,0.295016,0.26977,0.296555
9148,0.294974,0.269726,0.296516
9149,0.294937,0.269687,0.296482
9150,0.294895,0.269643,0.296444
9151,0.294825,0.26957,0.29638
9152,0.294734,0.269474,0.296292
9153,0.294665,0.269401,0.296223
9154,0.294608,0.269341,0.296167
9155,0.294532,0.269262,0.296091
9156,0.294494,0.269221,0.296051
9157,0.294418,0.269142,0.295975
9158,0.294376,0.269098,0.295933
9159,0.294332,0.269052,0.295889
9160,0.294255,0.26897,0.295812
9161,0.294234,0.268949,0.295793
9162,0.294159,0.26887,0.295719
9163,0.294079,0.268786,0.295639
9164,0.294038,0.268743,0.295597
9165,0.294006,0.268709,0.295566
9166,0.293963,0.268664,0.295527
9167,0.293875,0.268572,0.295441
9168,0.293793,0.268486,0.295359
9169,0.29374,0.26843,0.295305
9170,0.293689,0.268377,0.295253
9171,0.293598,0.268281,0.29516
9172,0.29356,0.268241,0.29512
9173,0.293502,0.26818,0.29506
9174,0.293423,0.268097,0.294978
9175,0.293354,0.268025,0.294904
9176,0.293296,0.267964,0.294841
9177,0.293242,0.267907,0.294781
9178,0.293201,0.267865,0.294736
9179,0.293118,0.267778,0.294648
9180,0.2931,0.267758,0.294625
9181,0.293069,0.267725,0.294592
9182,0.293037,0.267692,0.29456
9183,0.293002,0.267656,0.294527
9184,0.292924,0.267573,0.294451
9185,0.292866,0.267512,0.294394
9186,0.292809,0.267452,0.294337
9187,0.292719,0.267358,0.294246
9188,0.292669,0.267306,0.294194
9189,0.292609,0.267242,0.294131
9190,0.29253,0.26716,0.294049
9191,0.292505,0.267133,0.29402
9192,0.292483,0.26711,0.293997
9193,0.292421,0.267046,0.293936
9194,0.292353,0.266974,0.293866
9195,0.292318,0.266937,0.293831
9196,0.29225,0.266866,0.293763
9197,0.292159,0.26677,0.29367
9198,0.292119,0.266728,0.293626
9199,0.292067,0.266673,0.293571
9200,0.291978,0.26658,0.293478
9201,0.291945,0.266546,0.29344
9202,0.291882,0.266479,0.293372
9203,0.291847,0.266442,0.293333
9204,0.291788,0.266381,0.293271
9205,0.291747,0.266337,0.293226
9206,0.291669,0.266255,0.293144
9207,0.291646,0.266232,0.293117
9208,0.291587,0.26617,0.293056
9209,0.291546,0.266127,0.293012
9210,0.291471,0.266047,0.292933
9211,0.291438,0.266013,0.292897
9212,0.291397,0.26597,0.292854
9213,0.291327,0.265896,0.292781
9214,0.291293,0.26586,0.292745
9215,0.291214,0.265778,0.292663
9216,0.291188,0.26575,0.292634
9217,0.291108,0.265666,0.29255
9218,0.291041,0.265597,0.292479
9219,0.29102,0.265574,0.292453
9220,0.29096,0.265512,0.292389
9221,0.290923,0.265472,0.292348
9222,0.290888,0.265436,0.292311
9223,0.290848,0.265394,0.29227
9224,0.290813,0.265357,0.292235
9225,0.290741,0.265281,0.292163
9226,0.290691,0.265229,0.292111
9227,0.290661,0.265197,0.292081
9228,0.290609,0.265142,0.292029
9229,0.290531,0.265061,0.291951
9230,0.290498,0.265027,0.291917
9231,0.29047,0.264997,0.291889
9232,0.290389,0.264911,0.291808
9233,0.290354,0.264875,0.291773
9234,0.290288,0.264805,0.291706
9235,0.290231,0.264746,0.291648
9236,0.290147,0.264658,0.29156
9237,0.290118,0.264628,0.291527
9238,0.290064,0.264571,0.29147
9239,0.29001,0.264514,0.291412
9240,0.28997,0.264472,0.291369
9241,0.28995,0.26445,0.291346
9242,0.289916,0.264415,0.291313
9243,0.289873,0.26437,0.291272
9244,0.289796,0.264289,0.291194
9245,0.289776,0.264268,0.291175
9246,0.289726,0.264216,0.291127
9247,0.289696,0.264184,0.2911
9248,0.289641,0.264126,0.291048
9249,0.289579,0.264062,0.290989
9250,0.289539,0.264019,0.290951
9251,0.289466,0.263942,0.29088
9252,0.289402,0.263876,0.290817
9253,0.289335,0.263805,0.290749
9254,0.28926,0.263726,0.290671
9255,0.289241,0.263706,0.290649
9256,0.289217,0.263681,0.290626
9257,0.289187,0.26365,0.290598
9258,0.289109,0.263567,0.290521
9259,0.289042,0.263498,0.290455
9260,0.289023,0.263477,0.290436
9261,0.289001,0.263454,0.290418
9262,0.288961,0.263413,0.290383
9263,0.288937,0.263387,0.290366
9264,0.288884,0.263332,0.290321
9265,0.288794,0.263237,0.290237
9266,0.288761,0.263202,0.29021
9267,0.288707,0.263146,0.290162
9268,0.288642,0.263077,0.290103
9269,0.288569,0.263001,0.290034
9270,0.28849,0.262918,0.289957
9271,0.288466,0.262893,0.289936
9272,0.288377,0.262799,0.289848
9273,0.288322,0.262741,0.289793
9274,0.288293,0.262711,0.289767
9275,0.288243,0.262658,0.289719
9276,0.288208,0.262621,0.289687
9277,0.288127,0.262537,0.28961
9278,0.288082,0.26249,0.289567
9279,0.28804,0.262446,0.289529
9280,0.287963,0.262364,0.289454
9281,0.287927,0.262327,0.289421
9282,0.287873,0.26227,0.28937
9283,0.28784,0.262235,0.289341
9284,0.287811,0.262204,0.289319
9285,0.287757,0.262148,0.289272
9286,0.287708,0.262097,0.289232
9287,0.287647,0.262033,0.289179
9288,0.287569,0.261951,0.289108
9289,0.287492,0.26187,0.289036
9290,0.287424,0.261799,0.288972
9291,0.287353,0.261724,0.288903
9292,0.287269,0.261636,0.288819
9293,0.287189,0.261551,0.288737
9294,0.287165,0.261526,0.288711
9295,0.287118,0.261477,0.288665
9296,0.287075,0.261432,0.288623
9297,0.287032,0.261387,0.288582
9298,0.286949,0.2613,0.288502
9299,0.2869,0.261248,0.288453
9300,0.286829,0.261174,0.288383
9301,0.286764,0.261105,0.288317
9302,0.286733,0.261073,0.288287
9303,0.286714,0.261053,0.28827
9304,0.28666,0.260996,0.288221
9305,0.286609,0.260943,0.288175
9306,0.286588,0.260921,0.288162
9307,0.286518,0.260847,0.288099
9308,0.286432,0.260756,0.288019
9309,0.286369,0.260691,0.287961
9310,0.28633,0.26065,0.287927
9311,0.286249,0.260564,0.287851
9312,0.286205,0.260519,0.287812
9313,0.286165,0.260477,0.287779
9314,0.286092,0.2604,0.287712
9315,0.286021,0.260325,0.287646
9316,0.285979,0.260281,0.28761
9317,0.285903,0.260202,0.28754
9318,0.28585,0.260146,0.287492
9319,0.285784,0.260077,0.287431
9320,0.285726,0.260015,0.287378
9321,0.285646,0.259931,0.287302
9322,0.285553,0.259834,0.287211
9323,0.285495,0.259773,0.287154
9324,0.285423,0.259698,0.287082
9325,0.285346,0.259616,0.287003
9326,0.285262,0.259529,0.286916
9327,0.285182,0.259445,0.28683
9328,0.285158,0.259419,0.286802
9329,0.285119,0.259379,0.286761
9330,0.285053,0.259309,0.286693
9331,0.284965,0.259217,0.286601
9332,0.28492,0.259169,0.286552
9333,0.284855,0.259102,0.286484
9334,0.284806,0.25905,0.286431
9335,0.284747,0.258988,0.286368
9336,0.284696,0.258934,0.286313
9337,0.284659,0.258895,0.286274
9338,0.284616,0.25885,0.286231
9339,0.284568,0.2588,0.286183
9340,0.284483,0.258711,0.286098
9341,0.284453,0.258679,0.286067
9342,0.284361,0.258583,0.285975
9343,0.28428,0.258497,0.28589
9344,0.284217,0.258431,0.285822
9345,0.284141,0.258351,0.285741
9346,0.284106,0.258315,0.2857
9347,0.284065,0.258272,0.285655
9348,0.28404,0.258245,0.285627
9349,0.284019,0.258224,0.285607
9350,0.283934,0.258134,0.285523
9351,0.283879,0.258076,0.285468
9352,0.283797,0.25799,0.285384
9353,0.283753,0.257944,0.285338
9354,0.283729,0.257918,0.285314
9355,0.283689,0.257877,0.285276
9356,0.283655,0.257841,0.285246
9357,0.283576,0.257758,0.285171
9358,0.283502,0.25768,0.285098
9359,0.283447,0.257622,0.285044
9360,0.283373,0.257545,0.284971
9361,0.283319,0.257488,0.284917
9362,0.283247,0.257412,0.284844
9363,0.283207,0.257371,0.284804
9364,0.283158,0.257319,0.284755
9365,0.283126,0.257285,0.284724
9366,0.283035,0.25719,0.284635
9367,0.283013,0.257167,0.284614
9368,0.282922,0.257072,0.284524
9369,0.282876,0.257023,0.284478
9370,0.282797,0.25694,0.284399
9371,0.28272,0.256859,0.284319
9372,0.282643,0.256778,0.284238
9373,0.282612,0.256746,0.284203
9374,0.282524,0.256654,0.28411
9375,0.28249,0.256617,0.284071
9376,0.282447,0.256573,0.284025
9377,0.282358,0.256479,0.283931
9378,0.282328,0.256448,0.283896
9379,0.282308,0.256427,0.283874
9380,0.282268,0.256385,0.283834
9381,0.282233,0.256348,0.283801
9382,0.282172,0.256283,0.283741
9383,0.282092,0.256199,0.283662
9384,0.282072,0.256179,0.283643
9385,0.281999,0.256102,0.283572
9386,0.281951,0.256052,0.283525
9387,0.281893,0.255991,0.283469
9388,0.281837,0.255933,0.283415
9389,0.281764,0.255855,0.283341
9390,0.281716,0.255805,0.283294
9391,0.281674,0.255761,0.283253
9392,0.281593,0.255676,0.283172
9393,0.281502,0.25558,0.283078
9394,0.281451,0.255527,0.283024
9395,0.281368,0.255439,0.282935
9396,0.28128,0.255347,0.28284
9397,0.281246,0.255312,0.282798
9398,0.28121,0.255274,0.282755
9399,0.281187,0.25525,0.282728
9400,0.281146,0.255206,0.282684
9401,0.281123,0.255182,0.28266
9402,0.281031,0.255086,0.282567
9403,0.28101,0.255064,0.282544
9404,0.280943,0.254993,0.282477
9405,0.280892,0.25494,0.282424
9406,0.280811,0.254855,0.282341
9407,0.280756,0.254797,0.282282
9408,0.280696,0.254734,0.282218
9409,0.280604,0.254638,0.28212
9410,0.280576,0.254608,0.282084
9411,0.280511,0.254539,0.282012
9412,0.280458,0.254484,0.281952
9413,0.280401,0.254425,0.281887
9414,0.280375,0.254397,0.281854
9415,0.280344,0.254365,0.281819
9416,0.280297,0.254315,0.281767
9417,0.28026,0.254276,0.281727
9418,0.280233,0.254248,0.281699
9419,0.280172,0.254184,0.281637
9420,0.280153,0.254164,0.281617
9421,0.280085,0.254092,0.281549
9422,0.280037,0.254042,0.281501
9423,0.279986,0.253988,0.28145
9424,0.279958,0.253959,0.281423
9425,0.279921,0.25392,0.281389
9426,0.279847,0.253843,0.281317
9427,0.279801,0.253795,0.281272
9428,0.279714,0.253703,0.281185
9429,0.279669,0.253656,0.281138
9430,0.279626,0.253611,0.281094
9431,0.279607,0.253591,0.281076
9432,0.279519,0.253498,0.280988
9433,0.279433,0.253408,0.280899
9434,0.279349,0.25332,0.28081
9435,0.279318,0.253287,0.280772
9436,0.279281,0.253248,0.28073
9437,0.279211,0.253174,0.280654
9438,0.27916,0.253121,0.280596
9439,0.279137,0.253097,0.280568
9440,0.279114,0.253073,0.280542
9441,0.279059,0.253015,0.280485
9442,0.279005,0.252959,0.280428
9443,0.278982,0.252934,0.280402
9444,0.278924,0.252874,0.280344
9445,0.278904,0.252852,0.280323
9446,0.278818,0.252763,0.280236
9447,0.278782,0.252724,0.280198
9448,0.278759,0.2527,0.280175
9449,0.278739,0.25268,0.280157
9450,0.278685,0.252622,0.280106
9451,0.278646,0.252582,0.280071
9452,0.278597,0.25253,0.280026
9453,0.278524,0.252453,0.279955
9454,0.278451,0.252377,0.279883
9455,0.278432,0.252356,0.279865
9456,0.278369,0.25229,0.279803
9457,0.278331,0.252251,0.279768
9458,0.278283,0.2522,0.279721
9459,0.278208,0.252122,0.279649
9460,0.278118,0.252027,0.279556
9461,0.278069,0.251975,0.279504
9462,0.278022,0.251926,0.279453
9463,0.277984,0.251886,0.279413
9464,0.277964,0.251866,0.279392
9465,0.277885,0.251782,0.279312
9466,0.277828,0.251722,0.279252
9467,0.277804,0.251697,0.279226
9468,0.277729,0.251619,0.27915
9469,0.277707,0.251596,0.279126
9470,0.277672,0.251559,0.279091
9471,0.277614,0.251498,0.279033
9472,0.27759,0.251473,0.27901
9473,0.277553,0.251434,0.278975
9474,0.277521,0.2514,0.278947
9475,0.277477,0.251354,0.278908
9476,0.277437,0.251312,0.278873
9477,0.277379,0.251251,0.278821
9478,0.277341,0.251211,0.278789
9479,0.277261,0.251127,0.278713
9480,0.277194,0.251057,0.278649
9481,0.277169,0.251031,0.278628
9482,0.277121,0.250981,0.278585
9483,0.277033,0.250887,0.278499
9484,0.276954,0.250805,0.278421
9485,0.276896,0.250744,0.278362
9486,0.276875,0.250722,0.278341
9487,0.276803,0.250647,0.278269
9488,0.276763,0.250605,0.278229
9489,0.276691,0.250529,0.278156
9490,0.276637,0.250472,0.2781
9491,0.276592,0.250425,0.278054
9492,0.276572,0.250404,0.278034
9493,0.276539,0.250369,0.278003
9494,0.276501,0.250329,0.277968
9495,0.276436,0.250261,0.277906
9496,0.276385,0.250208,0.277858
9497,0.276344,0.250165,0.277821
9498,0.276301,0.25012,0.277782
9499,0.276223,0.250038,0.277707
9500,0.2762,0.250013,0.277687
9501,0.27614,0.249951,0.277632
9502,0.276112,0.249921,0.277608
9503,0.276037,0.249842,0.277538
9504,0.275986,0.249789,0.277492
9505,0.275955,0.249756,0.277466
9506,0.275885,0.249683,0.277401
9507,0.275798,0.249591,0.277317
9508,0.275732,0.249521,0.277252
9509,0.275666,0.249452,0.277186
9510,0.275598,0.249381,0.277117
9511,0.275579,0.249361,0.277098
9512,0.275513,0.249292,0.277033
9513,0.275489,0.249266,0.277009
9514,0.275405,0.249179,0.276927
9515,0.275342,0.249113,0.276863
9516,0.275291,0.249059,0.27681
9517,0.275234,0.248999,0.276752
9518,0.275157,0.248918,0.276672
9519,0.275108,0.248867,0.27662
9520,0.27507,0.248827,0.27658
9521,0.275045,0.2488,0.276553
9522,0.275002,0.248755,0.276511
9523,0.274927,0.248677,0.276436
9524,0.274861,0.248607,0.276368
9525,0.274822,0.248566,0.276327
9526,0.274751,0.248492,0.276254
9527,0.274707,0.248446,0.276208
9528,0.274672,0.248409,0.276172
9529,0.274609,0.248343,0.276107
9530,0.274586,0.248318,0.276084
9531,0.27455,0.248281,0.276049
9532,0.274491,0.248219,0.275992
9533,0.274457,0.248183,0.275961
9534,0.274414,0.248138,0.275921
9535,0.27438,0.248102,0.275891
9536,0.274321,0.24804,0.275837
9537,0.274286,0.248004,0.275809
9538,0.274236,0.247951,0.275765
9539,0.274162,0.247874,0.275698
9540,0.274093,0.247801,0.275632
9541,0.274007,0.247711,0.275549
9542,0.273973,0.247675,0.275516
9543,0.273915,0.247614,0.27546
9544,0.273829,0.247523,0.275375
9545,0.273783,0.247475,0.275328
9546,0.273761,0.247452,0.275308
9547,0.273676,0.247363,0.275224
9548,0.273624,0.247308,0.275172
9549,0.273557,0.247238,0.275104
9550,0.273506,0.247185,0.275052
9551,0.273447,0.247122,0.274991
9552,0.273411,0.247085,0.274955
9553,0.273344,0.247014,0.274887
9554,0.273298,0.246967,0.274841
9555,0.273225,0.24689,0.274766
9556,0.273183,0.246845,0.274722
9557,0.273115,0.246774,0.274652
9558,0.273096,0.246754,0.274631
9559,0.273052,0.246708,0.274588
9560,0.273002,0.246655,0.274539
9561,0.27293,0.246579,0.274466
9562,0.272851,0.246497,0.274386
9563,0.27282,0.246464,0.274353
9564,0.272745,0.246385,0.274275
9565,0.272689,0.246326,0.274216
9566,0.27262,0.246254,0.274143
9567,0.2726,0.246233,0.274119
9568,0.272569,0.246201,0.274088
9569,0.272547,0.246177,0.274066
9570,0.272523,0.246152,0.274045
9571,0.27247,0.246096,0.273997
9572,0.272417,0.246041,0.273949
9573,0.272326,0.245946,0.273861
9574,0.272294,0.245911,0.27383
9575,0.272275,0.245892,0.273816
9576,0.272241,0.245857,0.27379
9577,0.272194,0.245807,0.27375
9578,0.272126,0.245735,0.273689
9579,0.272063,0.24567,0.273634
9580,0.27204,0.245646,0.273619
9581,0.271967,0.245569,0.273554
9582,0.271902,0.2455,0.273496
9583,0.271846,0.245441,0.273446
9584,0.27177,0.245362,0.273376
9585,0.271702,0.24529,0.273312
9586,0.271666,0.245253,0.273282
9587,0.271578,0.24516,0.273197
9588,0.271514,0.245093,0.273136
9589,0.271449,0.245024,0.273072
9590,0.271383,0.244955,0.273007
9591,0.271325,0.244894,0.27295
9592,0.271238,0.244804,0.272862
9593,0.271192,0.244755,0.272815
9594,0.271144,0.244704,0.272765
9595,0.271109,0.244668,0.27273
9596,0.271043,0.244598,0.272664
9597,0.270955,0.244506,0.272575
9598,0.270936,0.244486,0.272555
9599,0.270885,0.244432,0.272505
9600,0.270796,0.244339,0.272414
9601,0.27076,0.244301,0.272377
9602,0.270723,0.244263,0.272341
9603,0.270674,0.244211,0.272293
9604,0.270618,0.244152,0.272239
9605,0.270563,0.244095,0.272186
9606,0.270522,0.244051,0.272147
9607,0.270481,0.244008,0.272109
9608,0.270455,0.243981,0.272089
9609,0.270363,0.243885,0.272003
9610,0.270275,0.243791,0.271916
9611,0.270209,0.243723,0.271851
9612,0.270158,0.24367,0.271801
9613,0.270072,0.243579,0.271714
9614,0.270013,0.243517,0.271652
9615,0.269947,0.243448,0.271584
9616,0.269924,0.243423,0.271559
9617,0.269894,0.243392,0.27153
9618,0.269865,0.243361,0.271504
9619,0.269793,0.243286,0.271435
9620,0.269739,0.243229,0.271384
9621,0.269691,0.243179,0.27134
9622,0.269661,0.243147,0.271315
9623,0.269579,0.243061,0.271238
9624,0.269514,0.242993,0.271176
9625,0.26943,0.242904,0.271094
9626,0.269383,0.242856,0.271049
9627,0.269342,0.242813,0.271011
9628,0.269269,0.242735,0.270939
9629,0.269218,0.242682,0.270891
9630,0.269126,0.242586,0.2708
9631,0.269035,0.24249,0.270706
9632,0.268949,0.2424,0.270615
9633,0.268919,0.242368,0.27058
9634,0.268859,0.242305,0.270515
9635,0.268824,0.242269,0.270478
9636,0.268799,0.242243,0.270452
9637,0.268731,0.242171,0.270383
9638,0.268672,0.242109,0.270323
9639,0.268606,0.242039,0.270255
9640,0.268563,0.241994,0.27021
9641,0.268534,0.241964,0.270182
9642,0.268444,0.24187,0.270091
9643,0.268422,0.241846,0.270069
9644,0.268361,0.241782,0.270009
9645,0.268313,0.241732,0.269962
9646,0.268226,0.241641,0.269875
9647,0.26819,0.241603,0.269839
9648,0.268132,0.241542,0.269781
9649,0.268113,0.241522,0.269764
9650,0.268057,0.241464,0.269712
9651,0.268006,0.241409,0.269664
9652,0.267928,0.241328,0.269589
9653,0.267848,0.241243,0.269509
9654,0.26779,0.241183,0.269451
9655,0.267736,0.241126,0.269397
9656,0.267686,0.241074,0.269347
9657,0.267611,0.240995,0.269272
9658,0.26754,0.24092,0.269199
9659,0.267488,0.240865,0.269144
9660,0.267418,0.240792,0.269072
9661,0.267393,0.240766,0.269044
9662,0.267339,0.24071,0.26899
9663,0.267248,0.240614,0.268896
9664,0.267218,0.240582,0.268863
9665,0.267167,0.240529,0.268811
9666,0.267113,0.240472,0.268756
9667,0.267034,0.240389,0.268675
9668,0.266982,0.240334,0.268619
9669,0.266953,0.240303,0.268588
9670,0.266921,0.240271,0.268557
9671,0.266831,0.240176,0.268466
9672,0.266801,0.240144,0.268435
9673,0.266775,0.240117,0.268411
9674,0.266723,0.240062,0.268361
9675,0.266631,0.239966,0.26827
9676,0.266576,0.239908,0.268215
9677,0.266544,0.239875,0.268184
9678,0.266475,0.239802,0.268116
9679,0.266437,0.239762,0.268079
9680,0.266412,0.239736,0.268057
9681,0.266384,0.239706,0.268035
9682,0.26636,0.239682,0.268021
9683,0.266279,0.239596,0.267948
9684,0.266251,0.239567,0.267929
9685,0.266169,0.239481,0.267856
9686,0.266108,0.239417,0.267803
9687,0.266052,0.239357,0.267754
9688,0.265975,0.239277,0.267685
9689,0.265891,0.239189,0.267606
9690,0.265831,0.239125,0.267549
9691,0.265745,0.239036,0.267467
9692,0.265685,0.238973,0.267409
9693,0.265628,0.238913,0.267353
9694,0.265596,0.238879,0.267324
9695,0.26552,0.2388,0.267251
9696,0.265468,0.238745,0.267202
9697,0.265377,0.238649,0.267112
9698,0.265292,0.238559,0.267026
9699,0.265249,0.238515,0.266982
9700,0.265208,0.238472,0.266941
9701,0.265121,0.23838,0.266853
9702,0.265086,0.238344,0.266818
9703,0.265021,0.238275,0.266753
9704,0.264983,0.238235,0.266715
9705,0.264953,0.238204,0.266688
9706,0.264893,0.238141,0.266632
9707,0.264811,0.238055,0.266553
9708,0.26475,0.237991,0.266494
9709,0.264682,0.23792,0.266427
9710,0.264631,0.237866,0.266377
9711,0.264543,0.237774,0.266289
9712,0.264454,0.23768,0.266197
9713,0.264369,0.237591,0.266107
9714,0.264314,0.237533,0.266046
9715,0.264236,0.237451,0.265961
9716,0.264195,0.237408,0.265913
9717,0.264162,0.237373,0.265875
9718,0.264142,0.237352,0.265853
9719,0.264078,0.237285,0.265787
9720,0.264009,0.237213,0.265716
9721,0.263948,0.237149,0.265652
9722,0.263898,0.237096,0.265599
9723,0.263835,0.23703,0.265533
9724,0.263772,0.236964,0.265466
9725,0.263703,0.236891,0.265392
9726,0.263652,0.236838,0.265336
9727,0.263619,0.236803,0.2653
9728,0.263595,0.236778,0.265274
9729,0.263569,0.236751,0.26525
9730,0.263524,0.236704,0.265208
9731,0.263439,0.236614,0.265124
9732,0.263351,0.236522,0.265035
9733,0.263297,0.236465,0.26498
9734,0.26322,0.236384,0.2649
9735,0.263178,0.23634,0.264855
9736,0.263142,0.236303,0.264817
9737,0.263103,0.236261,0.264778
9738,0.263031,0.236186,0.264706
9739,0.262982,0.236135,0.264656
9740,0.26292,0.23607,0.264594
9741,0.262865,0.236012,0.264537
9742,0.262827,0.235972,0.264499
9743,0.262749,0.235889,0.26442
9744,0.262693,0.235831,0.264363
9745,0.262649,0.235785,0.264318
9746,0.262621,0.235755,0.264291
9747,0.262546,0.235677,0.264217
9748,0.262515,0.235645,0.264187
9749,0.262469,0.235596,0.264143
9750,0.26244,0.235565,0.264119
9751,0.262376,0.235498,0.264059
9752,0.262355,0.235476,0.264044
9753,0.262272,0.235389,0.263967
9754,0.262232,0.235347,0.263934
9755,0.262146,0.235257,0.263853
9756,0.262083,0.23519,0.263794
9757,0.262026,0.23513,0.26374
9758,0.261949,0.235049,0.263666
9759,0.261863,0.23496,0.263581
9760,0.261776,0.234868,0.263492
9761,0.261698,0.234786,0.26341
9762,0.261666,0.234753,0.263375
9763,0.261613,0.234697,0.263319
9764,0.261557,0.234638,0.263261
9765,0.26152,0.234599,0.263222
9766,0.261494,0.234572,0.263197
9767,0.261437,0.234512,0.263142
9768,0.261359,0.234431,0.263065
9769,0.261305,0.234374,0.26301
9770,0.261284,0.234352,0.262991
9771,0.26126,0.234326,0.262971
9772,0.26119,0.234252,0.262906
9773,0.261137,0.234198,0.262859
9774,0.261061,0.234118,0.262787
9775,0.260992,0.234045,0.262721
9776,0.26094,0.23399,0.262671
9777,0.260891,0.233939,0.262626
9778,0.260849,0.233894,0.262588
9779,0.260768,0.23381,0.262512
9780,0.260686,0.233724,0.262432
9781,0.260611,0.233645,0.262357
9782,0.260592,0.233625,0.262339
9783,0.260509,0.233538,0.262259
9784,0.260446,0.233471,0.262196
9785,0.260383,0.233405,0.262133
9786,0.260308,0.233327,0.262057
9787,0.260256,0.233272,0.262004
9788,0.260177,0.233189,0.261923
9789,0.260111,0.23312,0.261854
9790,0.260063,0.233069,0.261802
9791,0.260003,0.233007,0.26174
9792,0.259923,0.232922,0.261655
9793,0.259886,0.232884,0.261615
9794,0.259835,0.23283,0.26156
9795,0.259784,0.232776,0.261507
9796,0.259761,0.232753,0.261483
9797,0.259707,0.232696,0.26143
9798,0.259627,0.232611,0.261349
9799,0.259578,0.23256,0.261298
9800,0.259554,0.232535,0.261275
9801,0.259473,0.23245,0.261195
9802,0.259452,0.232428,0.261175
9803,0.259418,0.232392,0.261145
9804,0.259332,0.232302,0.261063
9805,0.259256,0.232222,0.260988
9806,0.25918,0.232143,0.260912
9807,0.259123,0.232083,0.260855
9808,0.259041,0.231997,0.26077
9809,0.259002,0.231955,0.260728
9810,0.258933,0.231883,0.260657
9811,0.258855,0.231801,0.260576
9812,0.25881,0.231754,0.260527
9813,0.258778,0.23172,0.260492
9814,0.258744,0.231685,0.260458
9815,0.258681,0.231619,0.260395
9816,0.258596,0.231529,0.260307
9817,0.258513,0.231442,0.26022
9818,0.25846,0.231387,0.260163
9819,0.258403,0.231326,0.2601
9820,0.258361,0.231282,0.260053
9821,0.258311,0.23123,0.26
9822,0.258235,0.23115,0.259919
9823,0.258163,0.231074,0.25984
9824,0.258109,0.231018,0.259779
9825,0.258069,0.230976,0.259733
9826,0.258035,0.23094,0.259693
9827,0.257953,0.230854,0.259605
9828,0.257916,0.230815,0.259563
9829,0.257889,0.230787,0.259531
9830,0.257835,0.230731,0.259474
9831,0.257791,0.230684,0.259426
9832,0.257754,0.230645,0.259388
9833,0.257733,0.230623,0.259366
9834,0.257644,0.23053,0.259277
9835,0.257599,0.230482,0.259229
9836,0.257511,0.23039,0.259139
9837,0.257421,0.230296,0.259043
9838,0.257389,0.230262,0.259004
9839,0.257347,0.230217,0.258956
9840,0.257315,0.230184,0.25892
9841,0.257287,0.230155,0.258889
9842,0.257241,0.230106,0.258842
9843,0.257164,0.230025,0.258762
9844,0.257128,0.229988,0.258724
9845,0.257085,0.229942,0.258679
9846,0.257054,0.22991,0.258648
9847,0.256995,0.229848,0.258588
9848,0.256956,0.229807,0.258549
9849,0.256906,0.229755,0.2585
9850,0.256843,0.229688,0.258437
9851,0.256779,0.229622,0.258372
9852,0.256726,0.229566,0.258318
9853,0.256689,0.229527,0.25828
9854,0.256669,0.229506,0.258261
9855,0.256614,0.229448,0.258208
9856,0.256543,0.229374,0.258138
9857,0.256521,0.22935,0.258117
9858,0.256494,0.229322,0.258094
9859,0.256418,0.229242,0.258022
9860,0.256363,0.229184,0.257969
9861,0.256304,0.229122,0.257913
9862,0.25627,0.229087,0.257882
9863,0.256215,0.229029,0.25783
9864,0.256183,0.228995,0.257802
9865,0.256094,0.228902,0.257717
9866,0.256058,0.228864,0.257684
9867,0.256002,0.228806,0.257631
9868,0.255957,0.228758,0.257589
9869,0.255924,0.228724,0.257562
9870,0.255833,0.228628,0.257474
9871,0.255749,0.22854,0.257391
9872,0.255666,0.228453,0.257307
9873,0.255635,0.22842,0.257274
9874,0.255591,0.228374,0.25723
9875,0.255514,0.228293,0.257151
9876,0.255433,0.228208,0.257067
9877,0.255348,0.228119,0.256976
9878,0.255328,0.228098,0.256951
9879,0.255302,0.228071,0.256922
9880,0.255269,0.228036,0.256888
9881,0.25525,0.228016,0.256869
9882,0.255186,0.227948,0.256807
9883,0.25513,0.22789,0.256752
9884,0.255072,0.227829,0.256694
9885,0.255011,0.227765,0.256633
9886,0.254962,0.227713,0.256583
9887,0.254902,0.227651,0.256523
9888,0.254827,0.227572,0.256446
9889,0.254808,0.227552,0.256426
9890,0.254772,0.227514,0.256391
9891,0.254753,0.227494,0.256374
9892,0.254684,0.227421,0.256309
9893,0.254614,0.227348,0.256241
9894,0.254587,0.22732,0.256217
9895,0.254534,0.227264,0.256167
9896,0.254497,0.227225,0.256134
9897,0.254461,0.227187,0.256104
9898,0.254398,0.227121,0.256046
9899,0.254353,0.227074,0.256008
9900,0.254312,0.227031,0.255974
9901,0.254287,0.227005,0.255958
9902,0.254257,0.226974,0.255939
9903,0.254172,0.226884,0.255864
9904,0.254101,0.22681,0.255802
9905,0.254064,0.22677,0.255775
9906,0.253976,0.226678,0.255695
9907,0.253889,0.226586,0.255614
9908,0.2538,0.226493,0.255528
9909,0.253742,0.226432,0.255472
9910,0.253653,0.226339,0.255384
9911,0.253612,0.226296,0.255343
9912,0.253582,0.226265,0.255316
9913,0.25351,0.226189,0.255246
9914,0.25343,0.226105,0.255166
9915,0.253381,0.226053,0.255117
9916,0.253346,0.226016,0.255083
9917,0.253254,0.225919,0.254992
9918,0.253184,0.225847,0.254921
9919,0.253149,0.225809,0.254884
9920,0.253125,0.225784,0.254862
9921,0.253074,0.225731,0.254814
9922,0.252998,0.225651,0.254739
9923,0.252926,0.225576,0.254668
9924,0.252877,0.225524,0.254619
9925,0.252856,0.225502,0.254601
9926,0.25278,0.225423,0.254528
9927,0.252723,0.225363,0.254473
9928,0.252693,0.225331,0.254447
9929,0.252618,0.225253,0.254375
9930,0.252534,0.225164,0.254292
9931,0.252455,0.225081,0.254213
9932,0.252429,0.225054,0.254187
9933,0.252366,0.224987,0.254125
9934,0.252278,0.224895,0.254037
9935,0.252239,0.224854,0.253996
9936,0.252216,0.22483,0.253975
9937,0.252187,0.224799,0.253949
9938,0.252133,0.224743,0.253901
9939,0.252052,0.224658,0.253824
9940,0.251996,0.224599,0.253771
9941,0.251973,0.224575,0.253753
9942,0.251922,0.224522,0.253709
9943,0.251846,0.224442,0.253639
9944,0.251754,0.224345,0.25355
9945,0.25171,0.224299,0.25351
9946,0.251671,0.224258,0.253476
9947,0.251619,0.224203,0.253429
9948,0.251568,0.224149,0.253384
9949,0.251498,0.224076,0.253321
9950,0.251419,0.223993,0.253246
9951,0.251327,0.223896,0.253157
9952,0.251237,0.223802,0.253067
9953,0.251213,0.223777,0.253044
9954,0.251171,0.223732,0.253004
9955,0.251112,0.223671,0.252948
9956,0.25103,0.223585,0.252869
9957,0.250939,0.22349,0.252778
9958,0.25086,0.223406,0.252697
9959,0.250774,0.223316,0.252606
9960,0.250692,0.22323,0.252519
9961,0.25064,0.223176,0.25246
9962,0.250588,0.223121,0.252402
9963,0.250561,0.223093,0.252371
9964,0.250535,0.223065,0.252343
9965,0.250473,0.223,0.252279
9966,0.250402,0.222926,0.252207
9967,0.250312,0.222831,0.252112
9968,0.250281,0.222799,0.252078
9969,0.250224,0.222738,0.252018
9970,0.250201,0.222715,0.251994
9971,0.250144,0.222655,0.251937
9972,0.250056,0.222562,0.251847
9973,0.250017,0.222521,0.251806
9974,0.249953,0.222453,0.25174
9975,0.249917,0.222416,0.251704
9976,0.249865,0.222361,0.251651
9977,0.249797,0.22229,0.251583
9978,0.249708,0.222197,0.251492
9979,0.249617,0.222101,0.251397
9980,0.249547,0.222028,0.25132
9981,0.249527,0.222006,0.251294
9982,0.249468,0.221945,0.25123
9983,0.249402,0.221875,0.251159
9984,0.249367,0.221839,0.251119
9985,0.249324,0.221794,0.251073
9986,0.24925,0.221716,0.250995
9987,0.249212,0.221676,0.250954
9988,0.249133,0.221593,0.25087
9989,0.249092,0.221549,0.250824
9990,0.249,0.221453,0.250726
9991,0.248966,0.221418,0.250686
9992,0.248943,0.221393,0.250658
9993,0.248903,0.221352,0.250616
9994,0.248828,0.221272,0.250537
9995,0.248807,0.221251,0.250514
9996,0.248787,0.221229,0.250494
9997,0.248768,0.22121,0.250478
9998,0.248743,0.221184,0.250459
9999,0.248669,0.221106,0.25039
10000,0.248635,0.22107,0.250362
10001,0.248566,0.220998,0.2503
10002,0.248504,0.220933,0.250243
10003,0.248454,0.22088,0.250198
10004,0.248417,0.220841,0.250167
10005,0.248324,0.220744,0.25008
10006,0.248238,0.220653,0.249996
10007,0.248152,0.220563,0.24991
10008,0.248082,0.220489,0.249839
10009,0.248042,0.220448,0.249798
10010,0.248006,0.22041,0.249762
10011,0.247932,0.220332,0.249687
10012,0.247911,0.22031,0.249667
10013,0.247828,0.220223,0.249585
10014,0.247797,0.22019,0.249555
10015,0.247716,0.220105,0.249475
10016,0.247676,0.220063,0.249435
10017,0.247611,0.219995,0.249371
10018,0.247553,0.219934,0.249313
10019,0.247504,0.219883,0.249265
10020,0.247432,0.219807,0.249192
10021,0.247372,0.219744,0.249131
10022,0.247333,0.219703,0.249092
10023,0.24726,0.219626,0.249018
10024,0.247185,0.219547,0.24894
10025,0.247096,0.219454,0.248847
10026,0.24704,0.219396,0.248786
10027,0.246997,0.21935,0.248737
10028,0.246923,0.219273,0.248658
10029,0.246861,0.219207,0.248589
10030,0.246837,0.219182,0.248559
10031,0.246773,0.219115,0.24849
10032,0.246722,0.219061,0.248433
10033,0.246702,0.21904,0.248409
10034,0.246647,0.218983,0.248351
10035,0.246621,0.218955,0.248323
10036,0.246562,0.218894,0.248263
10037,0.246506,0.218835,0.248205
10038,0.246466,0.218793,0.248165
10039,0.246419,0.218743,0.248117
10040,0.246385,0.218707,0.248083
10041,0.246362,0.218683,0.248063
10042,0.246269,0.218586,0.247973
10043,0.246249,0.218564,0.247954
10044,0.246194,0.218507,0.247903
10045,0.246124,0.218433,0.247835
10046,0.246079,0.218386,0.247792
10047,0.246048,0.218354,0.247766
10048,0.245958,0.218259,0.247678
10049,0.245931,0.218231,0.247654
10050,0.245859,0.218155,0.247585
10051,0.245777,0.218069,0.247504
10052,0.245757,0.218048,0.247485
10053,0.245679,0.217966,0.247409
10054,0.245639,0.217924,0.247371
10055,0.2456,0.217884,0.247335
10056,0.245559,0.21784,0.247298
10057,0.245508,0.217786,0.247251
10058,0.24548,0.217757,0.24723
10059,0.245416,0.217691,0.247173
10060,0.245333,0.217603,0.247095
10061,0.245261,0.217527,0.247026
10062,0.24518,0.217442,0.246947
10063,0.245123,0.217383,0.24689
10064,0.24506,0.217316,0.246827
10065,0.244974,0.217226,0.24674
10066,0.244951,0.217202,0.246716
10067,0.244923,0.217172,0.24669
10068,0.244838,0.217083,0.246606
10069,0.244775,0.217017,0.246543
10070,0.244713,0.216952,0.24648
10071,0.244656,0.216892,0.246422
10072,0.244611,0.216845,0.246376
10073,0.244524,0.216754,0.246287
10074,0.244473,0.2167,0.246233
10075,0.244454,0.21668,0.246214
10076,0.244432,0.216657,0.246194
10077,0.244396,0.216619,0.246161
10078,0.244345,0.216565,0.246115
10079,0.244304,0.216523,0.246079
10080,0.244223,0.216438,0.246004
10081,0.244183,0.216395,0.245968
10082,0.244159,0.21637,0.245951
10083,0.244106,0.216314,0.245906
10084,0.244017,0.216221,0.245824
10085,0.243945,0.216145,0.245757
10086,0.243854,0.21605,0.245669
10087,0.243794,0.215987,0.245611
10088,0.243716,0.215905,0.245533
10089,0.243661,0.215848,0.245479
10090,0.243618,0.215802,0.245437
10091,0.24354,0.21572,0.245359
10092,0.243489,0.215667,0.245308
10093,0.243439,0.215614,0.245258
10094,0.243416,0.21559,0.245238
10095,0.24333,0.215499,0.245154
10096,0.243256,0.215422,0.24508
10097,0.243207,0.215371,0.245032
10098,0.243139,0.2153,0.244964
10099,0.243093,0.215251,0.244918
10100,0.243035,0.21519,0.24486
10101,0.242972,0.215124,0.244798
10102,0.242913,0.215062,0.244739
10103,0.242882,0.215029,0.244708
10104,0.242801,0.214944,0.244628
10105,0.242718,0.214857,0.244544
10106,0.242653,0.214789,0.244477
10107,0.242588,0.21472,0.244408
10108,0.2425,0.214628,0.244315
10109,0.242476,0.214603,0.244287
10110,0.242417,0.214541,0.244224
10111,0.242382,0.214505,0.244187
10112,0.242326,0.214446,0.244128
10113,0.242301,0.214419,0.244103
10114,0.242261,0.214377,0.244064
10115,0.24223,0.214344,0.244035
10116,0.242149,0.21426,0.243957
10117,0.24211,0.214218,0.24392
10118,0.24208,0.214187,0.243895
10119,0.242027,0.214131,0.243847
10120,0.241946,0.214047,0.243771
10121,0.241889,0.213987,0.243717
10122,0.241799,0.213893,0.243629
10123,0.241768,0.21386,0.2436
10124,0.241725,0.213814,0.243561
10125,0.24164,0.213725,0.243478
10126,0.24155,0.21363,0.243389
10127,0.241503,0.213581,0.243341
10128,0.241453,0.213529,0.243292
10129,0.241406,0.21348,0.243247
10130,0.241324,0.213393,0.243165
10131,0.241252,0.213318,0.243092
10132,0.241232,0.213296,0.243072
10133,0.241148,0.213208,0.242988
10134,0.241109,0.213168,0.242949
10135,0.24106,0.213117,0.242901
10136,0.241005,0.213059,0.242848
10137,0.240921,0.21297,0.242763
10138,0.240857,0.212903,0.242699
10139,0.240825,0.21287,0.242667
10140,0.240798,0.212842,0.242642
10141,0.240741,0.212782,0.242588
10142,0.240664,0.212701,0.242514
10143,0.240608,0.212642,0.242459
10144,0.240557,0.212588,0.24241
10145,0.240482,0.212509,0.242337
10146,0.240408,0.212431,0.242262
10147,0.240328,0.212348,0.242181
10148,0.240265,0.212281,0.242115
10149,0.240206,0.21222,0.242054
10150,0.240127,0.212137,0.241971
10151,0.240074,0.212081,0.241913
10152,0.240039,0.212045,0.241875
10153,0.240017,0.212021,0.241852
10154,0.23998,0.211982,0.241816
10155,0.239914,0.211913,0.241751
10156,0.239878,0.211876,0.241717
10157,0.239816,0.21181,0.241657
10158,0.239738,0.211728,0.24158
10159,0.239659,0.211645,0.2415
10160,0.239637,0.211622,0.241479
10161,0.239598,0.211582,0.241442
10162,0.239546,0.211526,0.241392
10163,0.239458,0.211434,0.241306
10164,0.239394,0.211367,0.241242
10165,0.239347,0.211318,0.241196
10166,0.239307,0.211276,0.241158
10167,0.239242,0.211208,0.241095
10168,0.239208,0.211172,0.241063
10169,0.239122,0.211082,0.24098
10170,0.239075,0.211032,0.240934
10171,0.238987,0.210939,0.240846
10172,0.238907,0.210856,0.240765
10173,0.238879,0.210826,0.240736
10174,0.238811,0.210755,0.240667
10175,0.238724,0.210664,0.240579
10176,0.238649,0.210585,0.2405
10177,0.238619,0.210553,0.240466
10178,0.238597,0.210531,0.240444
10179,0.238532,0.210462,0.240378
10180,0.238485,0.210412,0.240331
10181,0.238427,0.210352,0.240273
10182,0.238378,0.210301,0.240225
10183,0.238288,0.210206,0.240133
10184,0.23826,0.210176,0.240104
10185,0.238181,0.210093,0.240025
10186,0.23812,0.210029,0.239961
10187,0.238044,0.20995,0.239883
10188,0.237965,0.209867,0.2398
10189,0.237919,0.209818,0.239749
10190,0.237885,0.209782,0.239711
10191,0.237864,0.209761,0.239689
10192,0.237816,0.20971,0.239641
10193,0.237734,0.209624,0.239558
10194,0.237707,0.209596,0.239531
10195,0.237682,0.209569,0.239507
10196,0.237621,0.209505,0.239449
10197,0.237601,0.209484,0.239434
10198,0.237514,0.209393,0.23935
10199,0.237463,0.20934,0.239303
10200,0.237374,0.209246,0.239215
10201,0.237293,0.209161,0.239134
10202,0.237247,0.209112,0.239087
10203,0.237165,0.209026,0.239003
10204,0.237085,0.208942,0.238919
10205,0.236999,0.208853,0.238828
10206,0.236975,0.208826,0.238798
10207,0.236955,0.208806,0.238776
10208,0.236889,0.208737,0.238708
10209,0.236867,0.208714,0.238685
10210,0.236844,0.208689,0.238664
10211,0.236807,0.20865,0.23863
10212,0.236759,0.2086,0.238587
10213,0.236689,0.208527,0.238521
10214,0.236628,0.208462,0.238463
10215,0.236558,0.208389,0.238396
10216,0.236531,0.208361,0.238372
10217,0.236488,0.208316,0.238335
10218,0.23643,0.208255,0.238282
10219,0.23635,0.208171,0.238206
10220,0.236284,0.208102,0.238144
10221,0.236203,0.208017,0.238065
10222,0.23613,0.20794,0.237992
10223,0.236098,0.207907,0.237961
10224,0.236056,0.207862,0.237921
10225,0.235987,0.20779,0.237855
10226,0.235938,0.207738,0.237808
10227,0.235872,0.207669,0.237744
10228,0.235781,0.207573,0.237653
10229,0.235729,0.207518,0.237601
10230,0.235649,0.207435,0.23752
10231,0.235584,0.207366,0.237451
10232,0.235501,0.207279,0.237365
10233,0.235458,0.207234,0.237317
10234,0.235429,0.207203,0.237285
10235,0.235379,0.207151,0.237234
10236,0.235339,0.207109,0.237194
10237,0.235312,0.207081,0.237169
10238,0.235229,0.206994,0.237086
10239,0.235199,0.206962,0.237057
10240,0.235179,0.206942,0.237042
10241,0.235087,0.206845,0.236953
10242,0.235014,0.206768,0.236881
10243,0.234931,0.206681,0.236798
10244,0.23489,0.206638,0.236758
10245,0.234816,0.20656,0.236683
10246,0.234737,0.206477,0.236602
10247,0.234698,0.206436,0.23656
10248,0.234634,0.206369,0.236494
10249,0.234599,0.206332,0.236458
10250,0.234519,0.206248,0.236376
10251,0.23443,0.206155,0.236284
10252,0.234406,0.206129,0.236255
10253,0.234349,0.20607,0.236196
10254,0.234259,0.205976,0.236102
10255,0.234229,0.205943,0.236067
10256,0.234155,0.205866,0.235988
10257,0.234109,0.205817,0.235938
10258,0.234073,0.20578,0.235899
10259,0.233996,0.205699,0.235818
10260,0.233937,0.205637,0.235753
10261,0.2339,0.205598,0.235712
10262,0.233823,0.205517,0.23563
10263,0.233799,0.205492,0.235602
10264,0.233738,0.205428,0.235537
10265,0.233668,0.205354,0.235462
10266,0.233649,0.205335,0.23544
10267,0.233579,0.205261,0.235366
10268,0.233496,0.205174,0.235278
10269,0.233434,0.205109,0.235209
10270,0.233405,0.205079,0.235174
10271,0.233375,0.205047,0.23514
10272,0.233337,0.205007,0.235099
10273,0.23331,0.204979,0.235071
10274,0.233267,0.204934,0.235028
10275,0.233228,0.204892,0.234989
10276,0.23318,0.204842,0.234943
10277,0.23314,0.2048,0.234905
10278,0.233047,0.204703,0.234813
10279,0.233025,0.20468,0.234792
10280,0.232942,0.204593,0.23471
10281,0.232915,0.204564,0.234683
10282,0.23283,0.204475,0.234598
10283,0.232792,0.204435,0.234559
10284,0.232752,0.204392,0.23452
10285,0.232693,0.204331,0.234463
10286,0.232675,0.204312,0.234446
10287,0.232589,0.204222,0.234363
10288,0.232518,0.204147,0.234291
10289,0.232492,0.20412,0.234266
10290,0.232471,0.204098,0.234248
10291,0.232439,0.204064,0.234221
10292,0.232393,0.204016,0.234181
10293,0.232326,0.203946,0.23412
10294,0.232271,0.203888,0.23407
10295,0.23223,0.203844,0.234034
10296,0.232165,0.203776,0.233975
10297,0.232092,0.2037,0.233907
10298,0.232054,0.20366,0.233874
10299,0.232029,0.203634,0.233856
10300,0.231945,0.203545,0.233778
10301,0.231894,0.203492,0.233733
10302,0.23187,0.203467,0.233716
10303,0.231778,0.20337,0.233631
10304,0.231697,0.203285,0.233554
10305,0.231648,0.203234,0.23351
10306,0.231573,0.203155,0.233438
10307,0.231503,0.203081,0.23337
10308,0.231484,0.203061,0.233355
10309,0.231418,0.202993,0.233294
10310,0.231339,0.202909,0.233217
10311,0.231281,0.202848,0.233162
10312,0.2312,0.202763,0.233081
10313,0.231157,0.202718,0.233039
10314,0.231109,0.202668,0.232994
10315,0.231038,0.202593,0.232924
10316,0.230947,0.202498,0.232833
10317,0.230884,0.202431,0.232767
10318,0.230815,0.202359,0.232696
10319,0.230759,0.2023,0.232636
10320,0.23072,0.202259,0.232595
10321,0.230689,0.202226,0.232564
10322,0.230618,0.202152,0.232492
10323,0.230561,0.202093,0.232435
10324,0.230471,0.201998,0.232341
10325,0.230433,0.201958,0.232301
10326,0.230399,0.201922,0.232265
10327,0.230369,0.201891,0.232235
10328,0.230322,0.201841,0.23219
10329,0.230281,0.201798,0.232151
10330,0.230222,0.201737,0.232096
10331,0.23013,0.201639,0.232004
10332,0.230044,0.201549,0.231916
10333,0.22998,0.201482,0.23185
10334,0.229895,0.201393,0.231761
10335,0.229807,0.2013,0.231665
10336,0.229723,0.201212,0.231572
10337,0.229636,0.201121,0.231474
10338,0.229611,0.201094,0.231437
10339,0.229569,0.201051,0.231385
10340,0.229543,0.201023,0.231351
10341,0.229512,0.200991,0.231313
10342,0.229489,0.200967,0.231286
10343,0.229466,0.200943,0.231261
10344,0.229423,0.200898,0.231217
10345,0.229373,0.200844,0.231165
10346,0.229283,0.20075,0.231073
10347,0.229232,0.200697,0.231018
10348,0.229206,0.200669,0.23099
10349,0.229147,0.200608,0.23093
10350,0.229127,0.200586,0.230909
10351,0.229059,0.200515,0.230841
10352,0.229003,0.200456,0.230784
10353,0.228959,0.20041,0.230739
10354,0.228893,0.200341,0.230673
10355,0.228862,0.200308,0.230641
10356,0.228798,0.200241,0.230577
10357,0.228741,0.200182,0.230519
10358,0.228695,0.200133,0.230472
10359,0.228656,0.200092,0.230434
10360,0.228637,0.200072,0.230416
10361,0.228558,0.199989,0.230339
10362,0.228522,0.199952,0.230306
10363,0.228498,0.199926,0.230285
10364,0.228476,0.199903,0.230269
10365,0.228434,0.199859,0.230234
10366,0.228356,0.199777,0.230163
10367,0.228294,0.199712,0.230106
10368,0.228259,0.199675,0.230078
10369,0.228183,0.199596,0.230008
10370,0.22811,0.199519,0.229938
10371,0.22802,0.199424,0.22985
10372,0.22797,0.199372,0.229802
10373,0.227893,0.199291,0.229725
10374,0.227865,0.199261,0.229698
10375,0.227825,0.199219,0.22966
10376,0.227794,0.199187,0.229633
10377,0.227712,0.199101,0.229555
10378,0.227646,0.199032,0.22949
10379,0.227614,0.198998,0.229461
10380,0.22759,0.198972,0.229441
10381,0.227509,0.198888,0.229365
10382,0.227458,0.198834,0.229318
10383,0.227373,0.198745,0.229236
10384,0.227316,0.198685,0.22918
10385,0.227239,0.198605,0.229104
10386,0.227148,0.198509,0.229012
10387,0.227085,0.198442,0.228945
10388,0.227041,0.198396,0.228898
10389,0.226978,0.19833,0.228832
10390,0.226951,0.198302,0.228804
10391,0.226867,0.198214,0.228717
10392,0.226812,0.198155,0.228658
10393,0.226769,0.198111,0.228613
10394,0.226738,0.198078,0.22858
10395,0.226649,0.197984,0.228488
10396,0.226596,0.197929,0.228432
10397,0.226567,0.197898,0.228401
10398,0.226535,0.197865,0.228368
10399,0.226505,0.197833,0.228339
10400,0.22645,0.197775,0.228286
10401,0.226403,0.197727,0.228241
10402,0.226347,0.197668,0.228187
10403,0.226314,0.197633,0.228157
10404,0.226245,0.19756,0.228091
10405,0.226158,0.197469,0.228006
10406,0.226094,0.197401,0.227941
10407,0.226021,0.197325,0.227866
10408,0.225999,0.197302,0.227844
10409,0.225926,0.197225,0.22777
10410,0.225879,0.197176,0.227722
10411,0.225854,0.19715,0.227698
10412,0.225786,0.197079,0.227632
10413,0.225719,0.197008,0.227564
10414,0.225654,0.19694,0.227498
10415,0.225604,0.196887,0.227447
10416,0.225549,0.19683,0.227392
10417,0.225491,0.196769,0.227332
10418,0.22545,0.196726,0.22729
10419,0.225395,0.196668,0.227235
10420,0.225322,0.196591,0.22716
10421,0.225272,0.196539,0.227109
10422,0.225244,0.196509,0.22708
10423,0.225161,0.196423,0.226997
10424,0.225081,0.196339,0.226914
10425,0.225021,0.196275,0.226849
10426,0.224993,0.196246,0.226818
10427,0.224927,0.196177,0.226748
10428,0.224872,0.196119,0.22669
10429,0.224823,0.196067,0.226637
10430,0.224778,0.19602,0.226588
10431,0.224734,0.195974,0.226542
10432,0.22471,0.195949,0.226517
10433,0.224644,0.195879,0.22645
10434,0.224594,0.195827,0.226398
10435,0.224551,0.195782,0.226355
10436,0.224528,0.195757,0.226332
10437,0.224478,0.195705,0.226284
10438,0.22444,0.195665,0.226249
10439,0.224349,0.19557,0.226159
10440,0.224261,0.195477,0.226069
10441,0.224206,0.19542,0.226012
10442,0.224176,0.195388,0.22598
10443,0.224155,0.195366,0.225959
10444,0.224102,0.19531,0.225908
10445,0.224034,0.195239,0.22584
10446,0.224015,0.195219,0.225823
10447,0.223939,0.195139,0.225748
10448,0.223877,0.195074,0.225687
10449,0.223805,0.194999,0.225614
10450,0.223745,0.194936,0.225553
10451,0.223668,0.194855,0.225473
10452,0.223636,0.194821,0.225437
10453,0.223609,0.194793,0.22541
10454,0.223537,0.194717,0.225336
10455,0.223506,0.194685,0.225304
10456,0.223486,0.194664,0.225286
10457,0.22344,0.194615,0.225242
10458,0.223415,0.194589,0.225221
10459,0.223375,0.194547,0.225186
10460,0.223338,0.194508,0.225156
10461,0.223315,0.194484,0.225141
10462,0.223236,0.194401,0.225069
10463,0.223209,0.194372,0.225051
10464,0.223133,0.194293,0.224983
10465,0.223114,0.194273,0.224974
10466,0.223039,0.194195,0.224908
10467,0.222963,0.194115,0.22484
10468,0.222892,0.19404,0.224776
10469,0.222819,0.193963,0.224708
10470,0.222751,0.193892,0.224645
10471,0.222692,0.193829,0.224589
10472,0.222649,0.193785,0.224551
10473,0.222585,0.193718,0.224492
10474,0.222499,0.193627,0.224408
10475,0.222439,0.193564,0.22435
10476,0.222388,0.193511,0.224301
10477,0.222313,0.193432,0.224227
10478,0.222293,0.193411,0.22421
10479,0.222211,0.193325,0.22413
10480,0.222138,0.193248,0.224058
10481,0.2221,0.193208,0.224021
10482,0.222032,0.193137,0.223954
10483,0.22197,0.193071,0.223892
10484,0.221941,0.193041,0.223864
10485,0.221866,0.192963,0.223791
10486,0.221778,0.19287,0.223702
10487,0.221689,0.192776,0.22361
10488,0.221654,0.19274,0.223572
10489,0.221574,0.192656,0.223488
10490,0.221542,0.192622,0.223452
10491,0.221495,0.192573,0.223404
10492,0.221416,0.19249,0.223321
10493,0.221366,0.192437,0.223267
10494,0.221298,0.192366,0.223196
10495,0.221275,0.192342,0.22317
10496,0.221186,0.192249,0.223077
10497,0.221165,0.192226,0.223052
10498,0.22113,0.192189,0.223016
10499,0.221047,0.192103,0.222931
10500,0.220991,0.192044,0.222872
10501,0.220972,0.192024,0.222851
10502,0.220897,0.191945,0.222775
10503,0.220843,0.191888,0.222718
10504,0.220803,0.191846,0.222676
10505,0.220752,0.191793,0.222625
10506,0.220682,0.19172,0.222553
10507,0.220595,0.191628,0.222461
10508,0.22055,0.19158,0.222411
10509,0.220492,0.19152,0.22235
10510,0.220448,0.191474,0.222302
10511,0.220385,0.191408,0.222234
10512,0.220361,0.191383,0.222207
10513,0.2203,0.191319,0.222143
10514,0.220228,0.191243,0.222066
10515,0.220201,0.191214,0.222035
10516,0.220163,0.191174,0.221995
10517,0.220077,0.191084,0.221905
10518,0.220047,0.191053,0.221872
10519,0.219996,0.190999,0.221819
10520,0.219929,0.190929,0.221748
10521,0.219859,0.190855,0.221673
10522,0.219774,0.190766,0.221581
10523,0.219741,0.190732,0.221542
10524,0.219707,0.190696,0.221502
10525,0.219679,0.190666,0.221469
10526,0.219652,0.190637,0.221439
10527,0.219627,0.190612,0.221414
10528,0.219601,0.190584,0.221389
10529,0.219532,0.190512,0.221321
10530,0.219454,0.19043,0.221242
10531,0.219393,0.190366,0.221179
10532,0.219358,0.190329,0.221141
10533,0.219324,0.190293,0.221107
10534,0.219298,0.190266,0.221083
10535,0.219273,0.19024,0.221061
10536,0.219195,0.190159,0.220985
10537,0.219171,0.190133,0.220964
10538,0.219123,0.190082,0.220919
10539,0.219031,0.189986,0.22083
10540,0.218998,0.189951,0.220799
10541,0.218941,0.189892,0.220744
10542,0.218853,0.189799,0.220656
10543,0.218831,0.189776,0.220634
10544,0.218784,0.189727,0.220589
10545,0.218704,0.189642,0.220509
10546,0.218628,0.189563,0.220432
10547,0.218586,0.189518,0.220388
10548,0.218547,0.189477,0.220348
10549,0.218502,0.189431,0.220303
10550,0.218446,0.189372,0.220246
10551,0.218357,0.189278,0.220155
10552,0.218327,0.189246,0.220122
10553,0.218269,0.189186,0.220062
10554,0.21825,0.189165,0.220042
10555,0.218205,0.189118,0.219997
10556,0.218128,0.189038,0.21992
10557,0.218086,0.188993,0.219876
10558,0.218065,0.188971,0.219856
10559,0.218033,0.188938,0.219826
10560,0.217984,0.188887,0.21978
10561,0.217952,0.188852,0.219751
10562,0.217923,0.188822,0.219728
10563,0.217895,0.188793,0.219707
10564,0.217821,0.188715,0.21964
10565,0.217752,0.188643,0.219576
10566,0.217664,0.18855,0.219491
10567,0.217637,0.188522,0.219468
10568,0.217556,0.188437,0.219389
10569,0.21748,0.188357,0.219314
10570,0.217453,0.188328,0.219289
10571,0.217414,0.188288,0.219253
10572,0.21736,0.188231,0.219202
10573,0.217311,0.188179,0.219156
10574,0.217247,0.188113,0.219096
10575,0.217223,0.188088,0.219076
10576,0.21719,0.188053,0.219048
10577,0.217171,0.188033,0.219037
10578,0.217096,0.187954,0.21897
10579,0.217067,0.187924,0.21895
10580,0.217034,0.187889,0.218926
10581,0.216987,0.18784,0.218891
10582,0.216903,0.187751,0.218817
10583,0.216812,0.187656,0.218734
10584,0.21674,0.18758,0.218667
10585,0.216652,0.187487,0.218583
10586,0.216605,0.187438,0.21854
10587,0.216514,0.187343,0.218452
10588,0.216485,0.187312,0.218425
10589,0.216444,0.18727,0.218389
10590,0.21639,0.187213,0.218339
10591,0.216352,0.187173,0.218307
10592,0.216262,0.187079,0.218222
10593,0.216198,0.187011,0.21816
10594,0.216136,0.186946,0.218101
10595,0.216058,0.186864,0.218025
10596,0.216011,0.186815,0.21798
10597,0.215963,0.186764,0.217934
10598,0.215922,0.186722,0.217896
10599,0.215852,0.186648,0.217829
10600,0.215811,0.186604,0.217791
10601,0.21574,0.18653,0.217723
10602,0.21568,0.186468,0.217666
10603,0.21559,0.186372,0.217576
10604,0.215569,0.18635,0.217557
10605,0.215493,0.186271,0.217483
10606,0.215406,0.18618,0.217396
10607,0.215351,0.186122,0.21734
10608,0.215312,0.186081,0.217302
10609,0.215263,0.186029,0.217253
10610,0.215194,0.185957,0.217185
10611,0.215141,0.185901,0.217133
10612,0.215059,0.185815,0.21705
10613,0.21502,0.185774,0.21701
10614,0.214949,0.185699,0.216938
10615,0.214878,0.185625,0.216865
10616,0.21482,0.185564,0.216805
10617,0.2148,0.185543,0.216785
10618,0.214748,0.185489,0.216733
10619,0.214717,0.185456,0.216704
10620,0.214645,0.18538,0.216633
10621,0.214599,0.185332,0.216589
10622,0.214525,0.185254,0.216516
10623,0.214505,0.185234,0.216499
10624,0.214443,0.185168,0.216439
10625,0.214406,0.185129,0.216406
10626,0.214336,0.185056,0.21634
10627,0.214285,0.185002,0.216293
10628,0.214247,0.184962,0.216259
10629,0.214204,0.184918,0.216223
10630,0.214115,0.184824,0.216138
10631,0.214024,0.184728,0.21605
10632,0.213942,0.184642,0.215968
10633,0.213877,0.184574,0.215903
10634,0.213835,0.18453,0.215862
10635,0.213756,0.184447,0.215782
10636,0.213715,0.184404,0.21574
10637,0.213695,0.184383,0.215723
10638,0.213635,0.18432,0.215665
10639,0.213611,0.184295,0.215646
10640,0.213521,0.1842,0.215558
10641,0.21346,0.184136,0.2155
10642,0.213405,0.184078,0.215448
10643,0.213359,0.18403,0.215406
10644,0.213291,0.183959,0.215341
10645,0.213207,0.18387,0.215258
10646,0.213118,0.183777,0.215169
10647,0.213077,0.183734,0.215128
10648,0.212987,0.183639,0.215035
10649,0.212948,0.183598,0.214995
10650,0.212862,0.183508,0.214907
10651,0.212803,0.183446,0.214845
10652,0.212751,0.183391,0.214789
10653,0.212699,0.183337,0.214735
10654,0.212634,0.183269,0.214667
10655,0.212603,0.183236,0.214634
10656,0.21255,0.183181,0.21458
10657,0.212522,0.183152,0.214553
10658,0.21243,0.183055,0.21446
10659,0.212348,0.182969,0.214375
10660,0.21226,0.182876,0.214282
10661,0.212186,0.182798,0.214202
10662,0.21215,0.182761,0.21416
10663,0.212122,0.182732,0.214128
10664,0.212039,0.182644,0.21404
10665,0.211981,0.182583,0.213976
10666,0.211896,0.182494,0.213883
10667,0.21183,0.182425,0.213809
10668,0.211787,0.18238,0.213758
10669,0.211759,0.18235,0.213723
10670,0.211718,0.182307,0.213676
10671,0.211673,0.18226,0.213626
10672,0.21162,0.182204,0.213568
10673,0.211537,0.182117,0.213479
10674,0.211498,0.182076,0.213433
10675,0.211459,0.182035,0.213389
10676,0.211397,0.18197,0.213322
10677,0.211354,0.181925,0.213274
10678,0.211307,0.181876,0.213222
10679,0.21127,0.181837,0.213181
10680,0.211244,0.181809,0.213152
10681,0.211197,0.18176,0.213104
10682,0.211131,0.181691,0.213037
10683,0.211057,0.181613,0.212959
10684,0.210982,0.181535,0.212879
10685,0.210941,0.181491,0.212833
10686,0.210902,0.18145,0.212789
10687,0.210835,0.18138,0.212718
10688,0.210766,0.181307,0.212643
10689,0.210746,0.181287,0.212619
10690,0.210692,0.18123,0.21256
10691,0.21067,0.181207,0.212535
10692,0.210593,0.181126,0.212455
10693,0.210574,0.181106,0.212433
10694,0.210506,0.181035,0.212362
10695,0.210454,0.18098,0.212307
10696,0.21043,0.180955,0.212281
10697,0.210389,0.180912,0.212239
10698,0.210328,0.180848,0.212177
10699,0.210268,0.180784,0.212114
10700,0.210235,0.18075,0.21208
10701,0.210169,0.180681,0.212012
10702,0.210135,0.180645,0.211977
10703,0.210066,0.180573,0.211906
10704,0.210038,0.180543,0.211877
10705,0.209988,0.180491,0.211826
10706,0.209964,0.180465,0.211803
10707,0.209932,0.180432,0.211773
10708,0.209873,0.18037,0.211717
10709,0.209785,0.180278,0.211629
10710,0.209751,0.180242,0.211595
10711,0.209663,0.180149,0.211505
10712,0.209643,0.180128,0.211484
10713,0.209583,0.180065,0.211424
10714,0.209521,0.180001,0.211361
10715,0.209499,0.179978,0.211339
10716,0.209434,0.179909,0.211274
10717,0.209394,0.179867,0.211233
10718,0.209341,0.179811,0.21118
10719,0.209292,0.17976,0.211132
10720,0.209231,0.179696,0.21107
10721,0.209154,0.179615,0.210991
10722,0.209113,0.179572,0.210948
10723,0.20908,0.179537,0.210914
10724,0.209034,0.179488,0.210867
10725,0.208959,0.17941,0.210791
10726,0.208917,0.179366,0.210747
10727,0.208866,0.179313,0.210695
10728,0.208801,0.179245,0.210627
10729,0.20877,0.179212,0.210594
10730,0.208747,0.179188,0.210571
10731,0.208668,0.179105,0.210492
10732,0.208639,0.179074,0.210462
10733,0.208609,0.179043,0.210433
10734,0.20857,0.179002,0.210396
10735,0.208521,0.17895,0.210348
10736,0.208431,0.178856,0.210259
10737,0.208409,0.178832,0.210237
10738,0.208382,0.178805,0.210213
10739,0.208356,0.178777,0.210191
10740,0.208319,0.178739,0.21016
10741,0.208255,0.178671,0.210101
10742,0.208178,0.17859,0.210028
10743,0.208152,0.178563,0.210005
10744,0.208102,0.17851,0.20996
10745,0.208018,0.178422,0.209879
10746,0.207993,0.178396,0.209858
10747,0.207923,0.178323,0.209793
10748,0.207852,0.178247,0.209723
10749,0.207831,0.178225,0.209705
10750,0.207795,0.178188,0.209675
10751,0.207726,0.178115,0.20961
10752,0.207678,0.178065,0.209566
10753,0.207606,0.17799,0.209498
10754,0.207578,0.17796,0.209474
10755,0.207526,0.177906,0.209427
10756,0.207436,0.177811,0.209339
10757,0.207349,0.17772,0.209253
10758,0.207272,0.177639,0.209174
10759,0.20723,0.177594,0.20913
10760,0.207201,0.177564,0.209102
10761,0.207168,0.177529,0.20907
10762,0.207132,0.177492,0.209036
10763,0.20709,0.177448,0.208998
10764,0.207026,0.17738,0.208936
10765,0.206953,0.177304,0.208865
10766,0.206926,0.177276,0.208842
10767,0.206903,0.177252,0.208823
10768,0.206852,0.177198,0.208778
10769,0.206785,0.177128,0.208716
10770,0.206726,0.177066,0.208661
10771,0.206703,0.177042,0.208644
10772,0.206667,0.177003,0.208614
10773,0.206579,0.176911,0.208532
10774,0.206492,0.17682,0.20845
10775,0.206422,0.176747,0.208382
10776,0.20633,0.17665,0.20829
10777,0.206299,0.176618,0.20826
10778,0.206247,0.176563,0.208208
10779,0.206214,0.176528,0.208177
10780,0.206138,0.176448,0.208103
10781,0.206055,0.176361,0.20802
10782,0.205988,0.176291,0.207951
10783,0.205935,0.176235,0.207896
10784,0.205882,0.17618,0.207841
10785,0.205815,0.176109,0.207771
10786,0.205737,0.176027,0.207689
10787,0.205718,0.176007,0.207667
10788,0.205642,0.175927,0.207587
10789,0.20557,0.175852,0.207511
10790,0.205519,0.175798,0.207454
10791,0.205433,0.175708,0.207362
10792,0.205392,0.175665,0.207314
10793,0.205368,0.17564,0.207284
10794,0.205316,0.175585,0.207227
10795,0.205245,0.17551,0.20715
10796,0.205223,0.175488,0.207123
10797,0.205168,0.17543,0.207064
10798,0.205082,0.17534,0.206972
10799,0.205058,0.175314,0.206941
10800,0.204993,0.175246,0.20687
10801,0.204943,0.175194,0.206814
10802,0.204894,0.175141,0.206758
10803,0.204851,0.175097,0.20671
10804,0.204821,0.175065,0.206675
10805,0.204755,0.174996,0.206603
10806,0.204727,0.174967,0.206571
10807,0.204706,0.174945,0.206547
10808,0.204681,0.174918,0.20652
10809,0.204656,0.174892,0.206496
10810,0.204628,0.174863,0.206471
10811,0.204606,0.17484,0.206453
10812,0.20455,0.174781,0.206401
10813,0.204486,0.174713,0.20634
10814,0.204425,0.174649,0.206281
10815,0.204337,0.174557,0.206194
10816,0.204305,0.174524,0.206163
10817,0.204266,0.174482,0.206125
10818,0.204228,0.174443,0.20609
10819,0.204165,0.174377,0.206029
10820,0.204075,0.174282,0.205939
10821,0.204048,0.174254,0.205912
10822,0.204024,0.174228,0.20589
10823,0.203932,0.174132,0.205799
10824,0.203853,0.174049,0.205718
10825,0.203823,0.174018,0.205687
10826,0.203774,0.173966,0.205637
10827,0.203754,0.173945,0.205618
10828,0.203695,0.173883,0.20556
10829,0.203664,0.173851,0.205531
10830,0.20364,0.173825,0.205509
10831,0.203562,0.173744,0.205435
10832,0.203542,0.173722,0.205417
10833,0.203501,0.17368,0.205382
10834,0.203409,0.173583,0.205292
10835,0.203385,0.173558,0.205272
10836,0.203335,0.173505,0.205226
10837,0.203262,0.173428,0.205156
10838,0.203198,0.173362,0.205094
10839,0.203176,0.173338,0.205074
10840,0.203091,0.173248,0.204992
10841,0.203062,0.173218,0.204965
10842,0.202995,0.173148,0.204901
10843,0.20296,0.173111,0.204868
10844,0.202896,0.173044,0.204807
10845,0.202872,0.173019,0.204787
10846,0.202784,0.172927,0.204701
10847,0.20272,0.172859,0.204638
10848,0.202667,0.172804,0.204587
10849,0.202621,0.172755,0.204541
10850,0.202532,0.172662,0.204452
10851,0.202472,0.172599,0.20439
10852,0.202427,0.172551,0.204343
10853,0.202393,0.172516,0.204309
10854,0.202346,0.172466,0.204261
10855,0.202294,0.172412,0.20421
10856,0.202275,0.172392,0.204192
10857,0.202214,0.172328,0.204133
10858,0.202195,0.172308,0.204117
10859,0.202148,0.172259,0.204075
10860,0.202071,0.172178,0.204001
10861,0.202017,0.172122,0.20395
10862,0.201933,0.172033,0.203867
10863,0.201893,0.171991,0.203828
10864,0.201865,0.171962,0.203802
10865,0.201839,0.171934,0.203779
10866,0.201787,0.171879,0.203732
10867,0.201699,0.171787,0.203647
10868,0.201631,0.171716,0.203581
10869,0.201578,0.17166,0.203529
10870,0.201553,0.171634,0.203506
10871,0.201485,0.171563,0.203442
10872,0.201427,0.171501,0.203385
10873,0.201401,0.171475,0.203363
10874,0.20132,0.17139,0.203284
10875,0.201269,0.171336,0.203235
10876,0.201242,0.171307,0.203211
10877,0.201181,0.171243,0.203153
10878,0.201157,0.171218,0.203134
10879,0.201128,0.171187,0.203111
10880,0.201036,0.171091,0.203024
10881,0.201017,0.171072,0.203012
10882,0.200957,0.171008,0.202957
10883,0.200892,0.17094,0.202899
10884,0.200872,0.170919,0.202887
10885,0.200788,0.170831,0.20281
10886,0.200703,0.170741,0.202729
10887,0.200641,0.170676,0.202671
10888,0.200603,0.170637,0.202638
10889,0.200547,0.170578,0.202587
10890,0.200471,0.170498,0.202514
10891,0.200447,0.170473,0.202495
10892,0.200359,0.17038,0.202411
10893,0.200311,0.170329,0.202367
10894,0.200286,0.170304,0.202348
10895,0.200249,0.170265,0.202318
10896,0.200215,0.170229,0.202293
10897,0.200148,0.170158,0.202233
10898,0.20009,0.170098,0.202184
10899,0.20001,0.170014,0.202112
10900,0.199926,0.169925,0.202033
10901,0.199834,0.169829,0.201944
10902,0.199794,0.169787,0.201908
10903,0.199736,0.169726,0.201854
10904,0.199651,0.169637,0.201772
10905,0.199567,0.169548,0.201688
10906,0.199489,0.169467,0.201609
10907,0.199417,0.169391,0.201535
10908,0.199357,0.169328,0.201473
10909,0.199306,0.169275,0.201419
10910,0.199283,0.16925,0.201396
10911,0.199239,0.169204,0.201353
10912,0.199174,0.169136,0.201288
10913,0.199084,0.169041,0.201196
10914,0.199035,0.16899,0.201146
10915,0.198947,0.168898,0.201056
10916,0.198922,0.168871,0.201028
10917,0.19887,0.168817,0.200975
10918,0.198786,0.168729,0.200889
10919,0.19875,0.16869,0.20085
10920,0.198707,0.168645,0.200806
10921,0.198655,0.168591,0.200753
10922,0.19861,0.168544,0.200709
10923,0.198543,0.168473,0.200641
10924,0.198453,0.168379,0.200549
10925,0.198431,0.168356,0.200526
10926,0.198392,0.168315,0.200487
10927,0.198315,0.168234,0.200409
10928,0.198262,0.168179,0.200356
10929,0.198195,0.168108,0.200287
10930,0.198108,0.168017,0.200197
10931,0.198076,0.167983,0.200162
10932,0.198034,0.167939,0.200118
10933,0.197985,0.167888,0.200068
10934,0.197908,0.167807,0.19999
10935,0.19787,0.167767,0.19995
10936,0.197795,0.167688,0.199873
10937,0.197757,0.167649,0.199833
10938,0.197727,0.167617,0.199802
10939,0.197702,0.16759,0.199779
10940,0.197674,0.167561,0.199755
10941,0.19759,0.167472,0.199673
10942,0.19755,0.167431,0.199636
10943,0.197477,0.167354,0.199565
10944,0.197423,0.167298,0.199514
10945,0.197346,0.167216,0.199437
10946,0.197317,0.167186,0.19941
10947,0.197269,0.167136,0.199365
10948,0.197208,0.167072,0.199307
10949,0.197157,0.167018,0.199258
10950,0.197079,0.166936,0.199183
10951,0.197027,0.166881,0.199132
10952,0.196971,0.166823,0.199078
10953,0.196899,0.166747,0.199007
10954,0.196833,0.166678,0.198941
10955,0.196781,0.166623,0.198889
10956,0.196734,0.166574,0.198843
10957,0.196703,0.166541,0.198813
10958,0.196662,0.166498,0.198776
10959,0.196587,0.16642,0.198703
10960,0.196518,0.166348,0.198636
10961,0.196475,0.166302,0.198595
10962,0.196393,0.166216,0.198514
10963,0.196374,0.166196,0.198497
10964,0.196319,0.166139,0.198446
10965,0.196236,0.166051,0.198364
10966,0.196147,0.165958,0.198275
10967,0.196124,0.165934,0.198253
10968,0.196053,0.165859,0.198182
10969,0.195974,0.165776,0.198102
10970,0.195881,0.165678,0.198006
10971,0.195828,0.165622,0.197949
10972,0.195738,0.165529,0.197855
10973,0.195687,0.165474,0.197797
10974,0.19566,0.165447,0.197767
10975,0.195637,0.165423,0.197742
10976,0.195603,0.165386,0.197706
10977,0.195584,0.165366,0.197688
10978,0.19554,0.16532,0.197647
10979,0.195498,0.165276,0.197609
10980,0.195418,0.165192,0.197532
10981,0.195357,0.165128,0.197473
10982,0.195335,0.165105,0.197455
10983,0.195268,0.165034,0.197391
10984,0.195225,0.16499,0.197353
10985,0.195168,0.164929,0.1973
10986,0.195086,0.164843,0.197221
10987,0.195043,0.164798,0.197181
10988,0.195014,0.164768,0.197157
10989,0.194959,0.16471,0.197107
10990,0.19489,0.164638,0.197043
10991,0.194829,0.164574,0.196987
10992,0.194744,0.164484,0.196905
10993,0.19467,0.164407,0.196832
10994,0.194616,0.16435,0.196781
10995,0.194586,0.164318,0.196753
10996,0.194505,0.164234,0.196675
10997,0.194443,0.164168,0.196614
10998,0.194364,0.164086,0.196536
10999,0.19433,0.16405,0.196503
11000,0.1943,0.164018,0.196475
11001,0.194216,0.163931,0.196394
11002,0.194126,0.163836,0.196304
11003,0.19406,0.163767,0.196237
11004,0.194031,0.163736,0.196209
11005,0.193959,0.163661,0.196137
11006,0.193899,0.163597,0.196076
11007,0.193838,0.163533,0.196015
11008,0.193806,0.163499,0.195983
11009,0.193779,0.163471,0.195958
11010,0.193729,0.163419,0.195912
11011,0.193641,0.163326,0.195825
11012,0.193606,0.163289,0.195793
11013,0.193571,0.163253,0.195762
11014,0.193512,0.16319,0.195707
11015,0.193434,0.163109,0.195633
11016,0.19335,0.163021,0.19555
11017,0.193266,0.162933,0.195466
11018,0.193193,0.162855,0.195391
11019,0.193148,0.162808,0.195345
11020,0.193116,0.162775,0.195314
11021,0.19304,0.162695,0.195238
11022,0.192959,0.16261,0.195156
11023,0.19288,0.162527,0.195073
11024,0.19281,0.162454,0.195
11025,0.19273,0.16237,0.194914
11026,0.192706,0.162345,0.194886
11027,0.192687,0.162325,0.194865
11028,0.192659,0.162295,0.194837
11029,0.192608,0.162241,0.194786
11030,0.192579,0.162211,0.194759
11031,0.192508,0.162136,0.194691
11032,0.192424,0.162049,0.194608
11033,0.19239,0.162012,0.194574
11034,0.192325,0.161945,0.194511
11035,0.192233,0.161847,0.194418
11036,0.192194,0.161807,0.194379
11037,0.19217,0.161782,0.194356
11038,0.192083,0.161691,0.19427
11039,0.192019,0.161623,0.194205
11040,0.191993,0.161596,0.19418
11041,0.191916,0.161515,0.194104
11042,0.191861,0.161457,0.194049
11043,0.191822,0.161417,0.194012
11044,0.191791,0.161384,0.193984
11045,0.191761,0.161352,0.193958
11046,0.191678,0.161265,0.193879
11047,0.191586,0.161168,0.193788
11048,0.191546,0.161127,0.193751
11049,0.191508,0.161086,0.193715
11050,0.191432,0.161007,0.193642
11051,0.191346,0.160916,0.193557
11052,0.191294,0.160862,0.193506
11053,0.191207,0.160771,0.193418
11054,0.191128,0.160688,0.193337
11055,0.191069,0.160625,0.193275
11056,0.19102,0.160575,0.193224
11057,0.190991,0.160544,0.193194
11058,0.190958,0.160509,0.193161
11059,0.190877,0.160424,0.19308
11060,0.190817,0.160361,0.19302
11061,0.190791,0.160333,0.192994
11062,0.19075,0.160291,0.192956
11063,0.190686,0.160223,0.192893
11064,0.190632,0.160167,0.192842
11065,0.190576,0.160108,0.192788
11066,0.190504,0.160033,0.192717
11067,0.190414,0.159937,0.192626
11068,0.19038,0.159902,0.192593
11069,0.190354,0.159875,0.192569
11070,0.190323,0.159842,0.192542
11071,0.190255,0.159771,0.192478
11072,0.190196,0.159709,0.192423
11073,0.190123,0.159632,0.192352
11074,0.190042,0.159548,0.192273
11075,0.189993,0.159496,0.192226
11076,0.189916,0.159415,0.19215
11077,0.189825,0.159319,0.192057
11078,0.189782,0.159274,0.192013
11079,0.189745,0.159235,0.191976
11080,0.189666,0.159153,0.191897
11081,0.189591,0.159074,0.19182
11082,0.1895,0.158979,0.191726
11083,0.189446,0.158921,0.191667
11084,0.189356,0.158827,0.191572
11085,0.189302,0.15877,0.191511
11086,0.189261,0.158727,0.191464
11087,0.189225,0.158689,0.191424
11088,0.189188,0.15865,0.191384
11089,0.189133,0.158593,0.191326
11090,0.189057,0.158513,0.191247
11091,0.18902,0.158474,0.191206
11092,0.188929,0.158379,0.191111
11093,0.188907,0.158355,0.191085
11094,0.188843,0.158288,0.191017
11095,0.188756,0.158197,0.190926
11096,0.188692,0.158129,0.190855
11097,0.188667,0.158104,0.190826
11098,0.188607,0.15804,0.19076
11099,0.188573,0.158005,0.190723
11100,0.188535,0.157965,0.190682
11101,0.188467,0.157894,0.190611
11102,0.188415,0.157839,0.190555
11103,0.188339,0.157759,0.190475
11104,0.188292,0.15771,0.190424
11105,0.188271,0.157688,0.1904
11106,0.188238,0.157653,0.190366
11107,0.188205,0.157619,0.190333
11108,0.188168,0.157579,0.190297
11109,0.188113,0.157522,0.190243
11110,0.18804,0.157446,0.190172
11111,0.187967,0.157368,0.190097
11112,0.187882,0.157279,0.19001
11113,0.187858,0.157254,0.189985
11114,0.187774,0.157166,0.189899
11115,0.187713,0.157102,0.189834
11116,0.187624,0.157009,0.18974
11117,0.187595,0.156978,0.189706
11118,0.187553,0.156934,0.189661
11119,0.187487,0.156864,0.18959
11120,0.18746,0.156837,0.189561
11121,0.187429,0.156804,0.189528
11122,0.187408,0.156782,0.189507
11123,0.187358,0.156729,0.189457
11124,0.187315,0.156684,0.189416
11125,0.187227,0.156592,0.189328
11126,0.187171,0.156533,0.189272
11127,0.187117,0.156476,0.189216
11128,0.187096,0.156454,0.189196
11129,0.187011,0.156365,0.189111
11130,0.186982,0.156335,0.189082
11131,0.186915,0.156264,0.189015
11132,0.186857,0.156203,0.188956
11133,0.186838,0.156183,0.188939
11134,0.1868,0.156143,0.188903
11135,0.186764,0.156105,0.188871
11136,0.186694,0.156032,0.188804
11137,0.186674,0.156011,0.188789
11138,0.186583,0.155916,0.188701
11139,0.186539,0.15587,0.18866
11140,0.186496,0.155824,0.188621
11141,0.186426,0.155751,0.188554
11142,0.186342,0.155662,0.188471
11143,0.186293,0.155611,0.188423
11144,0.186261,0.155577,0.188393
11145,0.186233,0.155548,0.18837
11146,0.186172,0.155483,0.188313
11147,0.186119,0.155428,0.188264
11148,0.186083,0.15539,0.188233
11149,0.186039,0.155344,0.188195
11150,0.185967,0.155269,0.188129
11151,0.185932,0.155232,0.1881
11152,0.185873,0.15517,0.188047
11153,0.185808,0.155102,0.187989
11154,0.185733,0.155023,0.187918
11155,0.185657,0.154943,0.187845
11156,0.185601,0.154885,0.187793
11157,0.185532,0.154811,0.187726
11158,0.1855,0.154779,0.187698
11159,0.185471,0.154748,0.187674
11160,0.185388,0.15466,0.187595
11161,0.185368,0.15464,0.187581
11162,0.185286,0.154553,0.187504
11163,0.185205,0.154469,0.187427
11164,0.185162,0.154423,0.187388
11165,0.185131,0.15439,0.187362
11166,0.185096,0.154354,0.187334
11167,0.185075,0.154332,0.187322
11168,0.185022,0.154276,0.187279
11169,0.18493,0.15418,0.187196
11170,0.184842,0.154087,0.187113
11171,0.18482,0.154065,0.1871
11172,0.184749,0.15399,0.187036
11173,0.184663,0.153899,0.186956
11174,0.184581,0.153814,0.18688
11175,0.184531,0.15376,0.186834
11176,0.184443,0.153668,0.186749
11177,0.184352,0.153572,0.18666
11178,0.184325,0.153544,0.186636
11179,0.184252,0.153468,0.186565
11180,0.184178,0.15339,0.186493
11181,0.184105,0.153314,0.18642
11182,0.184013,0.153217,0.186327
11183,0.183967,0.153169,0.186279
11184,0.183883,0.153081,0.186193
11185,0.183837,0.153032,0.186145
11186,0.183745,0.152936,0.186049
11187,0.183684,0.152871,0.185983
11188,0.183592,0.152775,0.185885
11189,0.183552,0.152733,0.18584
11190,0.18348,0.152657,0.185761
11191,0.183428,0.152603,0.185703
11192,0.183388,0.152561,0.185657
11193,0.183367,0.152539,0.185633
11194,0.183308,0.152476,0.18557
11195,0.183253,0.152419,0.185512
11196,0.183205,0.152369,0.185462
11197,0.183172,0.152334,0.185428
11198,0.183096,0.152254,0.185349
11199,0.183004,0.152158,0.185253
11200,0.182973,0.152124,0.185218
11201,0.182924,0.152073,0.185167
11202,0.182894,0.152042,0.185135
11203,0.182863,0.15201,0.185105
11204,0.182796,0.151939,0.185037
11205,0.182763,0.151905,0.185005
11206,0.182712,0.151851,0.184956
11207,0.182622,0.151757,0.184866
11208,0.18257,0.151702,0.184813
11209,0.182528,0.151658,0.184772
11210,0.182449,0.151574,0.184692
11211,0.182385,0.151507,0.184627
11212,0.182325,0.151445,0.184565
11213,0.182244,0.15136,0.184481
11214,0.182216,0.151331,0.184452
11215,0.182185,0.151298,0.18442
11216,0.182143,0.151254,0.184379
11217,0.182098,0.151206,0.184335
11218,0.182021,0.151126,0.184259
11219,0.181957,0.151058,0.184194
11220,0.181908,0.151007,0.184146
11221,0.181872,0.150969,0.18411
11222,0.181828,0.150923,0.184069
11223,0.181772,0.150864,0.184015
11224,0.181737,0.150827,0.183983
11225,0.1817,0.150788,0.18395
11226,0.181634,0.150719,0.183889
11227,0.181552,0.150633,0.18381
11228,0.181482,0.150559,0.183741
11229,0.181444,0.150519,0.183706
11230,0.181402,0.150476,0.183668
11231,0.181358,0.150429,0.183628
11232,0.181305,0.150373,0.18358
11233,0.181248,0.150314,0.183528
11234,0.181175,0.150237,0.183459
11235,0.181086,0.150144,0.183373
11236,0.181,0.150053,0.183287
11237,0.18094,0.14999,0.183227
11238,0.180877,0.149924,0.183164
11239,0.180854,0.1499,0.183143
11240,0.180809,0.149852,0.183099
11241,0.180768,0.14981,0.183062
11242,0.180725,0.149764,0.183022
11243,0.180674,0.149711,0.182977
11244,0.18061,0.149644,0.182917
11245,0.18053,0.14956,0.182841
11246,0.180439,0.149465,0.182752
11247,0.180389,0.149412,0.182703
11248,0.180303,0.149322,0.182617
11249,0.180257,0.149273,0.182571
11250,0.180164,0.149176,0.182477
11251,0.1801,0.149109,0.182411
11252,0.180074,0.149081,0.182383
11253,0.180031,0.149036,0.182341
11254,0.179956,0.148957,0.182265
11255,0.179866,0.148862,0.182174
11256,0.179801,0.148794,0.182105
11257,0.179764,0.148755,0.182066
11258,0.179684,0.148672,0.181984
11259,0.179616,0.1486,0.181911
11260,0.179534,0.148514,0.181824
11261,0.179485,0.148463,0.18177
11262,0.179466,0.148442,0.181747
11263,0.179396,0.148369,0.181673
11264,0.179375,0.148347,0.18165
11265,0.179336,0.148306,0.181609
11266,0.179297,0.148265,0.181571
11267,0.179206,0.14817,0.181479
11268,0.179123,0.148082,0.181392
11269,0.179074,0.148031,0.18134
11270,0.178987,0.147939,0.181248
11271,0.178933,0.147883,0.181189
11272,0.17891,0.147858,0.181162
11273,0.178873,0.147819,0.181123
11274,0.178835,0.14778,0.181084
11275,0.178785,0.147728,0.181034
11276,0.178748,0.147689,0.180997
11277,0.178666,0.147603,0.180914
11278,0.178643,0.147579,0.180891
11279,0.178592,0.147525,0.180841
11280,0.178559,0.14749,0.18081
11281,0.178539,0.147469,0.180795
11282,0.178466,0.147393,0.180726
11283,0.178387,0.147309,0.180649
11284,0.178347,0.147268,0.180613
11285,0.178299,0.147217,0.180568
11286,0.178252,0.147168,0.180525
11287,0.178203,0.147117,0.180482
11288,0.178134,0.147043,0.180416
11289,0.178056,0.146962,0.180342
11290,0.177987,0.146889,0.180274
11291,0.177912,0.14681,0.1802
11292,0.177863,0.14676,0.180153
11293,0.177797,0.146691,0.180088
11294,0.177734,0.146623,0.180024
11295,0.17765,0.146536,0.17994
11296,0.177628,0.146512,0.179917
11297,0.177604,0.146487,0.179896
11298,0.177522,0.146401,0.179815
11299,0.17746,0.146336,0.179754
11300,0.177435,0.14631,0.179732
11301,0.177395,0.146268,0.179695
11302,0.177358,0.146229,0.179662
11303,0.177299,0.146167,0.179608
11304,0.177219,0.146083,0.179533
11305,0.177177,0.146039,0.179495
11306,0.17712,0.145979,0.179442
11307,0.177061,0.145917,0.179387
11308,0.176972,0.145824,0.179301
11309,0.176945,0.145796,0.179279
11310,0.176907,0.145756,0.179246
11311,0.176827,0.145672,0.17917
11312,0.176734,0.145574,0.17908
11313,0.176685,0.145523,0.179033
11314,0.17666,0.145496,0.179012
11315,0.176629,0.145464,0.178987
11316,0.176556,0.145387,0.17892
11317,0.176486,0.145314,0.178855
11318,0.176447,0.145273,0.178822
11319,0.176378,0.1452,0.178758
11320,0.176324,0.145144,0.17871
11321,0.176244,0.145059,0.178634
11322,0.176195,0.145008,0.17859
11323,0.176137,0.144947,0.178538
11324,0.176051,0.144857,0.178456
11325,0.175964,0.144765,0.178371
11326,0.175901,0.1447,0.17831
11327,0.175836,0.144631,0.178246
11328,0.175766,0.144557,0.178176
11329,0.175694,0.144482,0.178104
11330,0.17566,0.144446,0.178071
11331,0.175613,0.144397,0.178026
11332,0.175531,0.14431,0.177945
11333,0.175491,0.144269,0.177907
11334,0.175429,0.144204,0.177847
11335,0.175363,0.144134,0.177782
11336,0.175271,0.144038,0.17769
11337,0.175219,0.143983,0.177638
11338,0.175181,0.143943,0.1776
11339,0.17512,0.143879,0.17754
11340,0.175036,0.143792,0.177456
11341,0.174971,0.143722,0.177389
11342,0.174882,0.143629,0.177298
11343,0.174823,0.143567,0.177236
11344,0.17476,0.143501,0.177169
11345,0.174723,0.143462,0.17713
11346,0.174687,0.143424,0.177093
11347,0.174624,0.143359,0.17703
11348,0.174544,0.143275,0.176947
11349,0.174484,0.143211,0.176884
11350,0.17444,0.143165,0.176839
11351,0.174394,0.143117,0.176792
11352,0.174319,0.143038,0.176715
11353,0.174267,0.142984,0.176662
11354,0.174179,0.142891,0.17657
11355,0.17415,0.142861,0.17654
11356,0.174111,0.142819,0.176499
11357,0.174018,0.142722,0.176405
11358,0.173953,0.142654,0.176336
11359,0.173919,0.142618,0.1763
11360,0.173884,0.142581,0.176264
11361,0.173797,0.14249,0.176176
11362,0.173759,0.14245,0.176136
11363,0.17374,0.14243,0.176118
11364,0.173689,0.142376,0.176068
11365,0.173634,0.142319,0.176015
11366,0.173548,0.142229,0.17593
11367,0.173459,0.142135,0.175839
11368,0.173435,0.14211,0.175815
11369,0.173376,0.142048,0.175756
11370,0.173284,0.141951,0.175663
11371,0.173247,0.141913,0.175625
11372,0.173199,0.141863,0.175577
11373,0.173157,0.141818,0.175535
11374,0.173086,0.141744,0.175464
11375,0.173024,0.141679,0.175402
11376,0.172968,0.14162,0.175346
11377,0.172904,0.141553,0.175281
11378,0.172852,0.141498,0.175228
11379,0.17281,0.141454,0.175186
11380,0.172759,0.1414,0.175136
11381,0.172673,0.14131,0.17505
11382,0.172609,0.141243,0.174985
11383,0.17256,0.141191,0.174935
11384,0.1725,0.141128,0.174874
11385,0.172444,0.141069,0.174816
11386,0.172409,0.141033,0.174782
11387,0.172384,0.141006,0.174758
11388,0.172312,0.140931,0.174689
11389,0.17225,0.140866,0.174628
11390,0.172192,0.140805,0.174571
11391,0.172168,0.14078,0.17455
11392,0.172126,0.140736,0.174512
11393,0.172087,0.140695,0.174478
11394,0.172038,0.140643,0.174435
11395,0.172017,0.140621,0.174421
11396,0.171948,0.140549,0.174361
11397,0.171902,0.140501,0.174323
11398,0.171866,0.140463,0.174296
11399,0.171783,0.140376,0.174222
11400,0.171719,0.140308,0.174166
11401,0.171651,0.140237,0.174106
11402,0.171569,0.14015,0.17403
11403,0.171484,0.140061,0.17395
11404,0.17144,0.140015,0.173912
11405,0.171354,0.139925,0.173831
11406,0.171264,0.13983,0.173743
11407,0.171177,0.13974,0.173658
11408,0.171087,0.139644,0.173567
11409,0.171015,0.139569,0.173493
11410,0.170969,0.13952,0.173446
11411,0.170926,0.139475,0.173403
11412,0.170857,0.139403,0.173334
11413,0.170779,0.139321,0.173254
11414,0.170731,0.13927,0.173204
11415,0.170698,0.139236,0.173172
11416,0.170642,0.139178,0.173117
11417,0.170617,0.139151,0.173094
11418,0.170565,0.139097,0.173045
11419,0.170474,0.139001,0.172956
11420,0.170453,0.138979,0.172938
11421,0.17038,0.138902,0.172869
11422,0.170309,0.138828,0.1728
11423,0.170252,0.138767,0.172745
11424,0.170175,0.138687,0.17267
11425,0.17009,0.138598,0.172585
11426,0.170035,0.13854,0.17253
11427,0.169966,0.138467,0.172461
11428,0.169904,0.138402,0.172398
11429,0.169833,0.138328,0.172326
11430,0.16978,0.138272,0.172272
11431,0.169751,0.138242,0.172244
11432,0.169683,0.138171,0.172177
11433,0.169597,0.13808,0.172089
11434,0.169509,0.137988,0.171999
11435,0.16948,0.137957,0.171968
11436,0.169401,0.137875,0.171888
11437,0.169318,0.137787,0.171801
11438,0.169254,0.13772,0.171733
11439,0.169211,0.137675,0.171687
11440,0.169129,0.137589,0.1716
11441,0.169084,0.137541,0.171551
11442,0.169054,0.13751,0.171518
11443,0.168995,0.137448,0.171457
11444,0.16893,0.13738,0.17139
11445,0.168902,0.13735,0.171361
11446,0.168817,0.137261,0.171273
11447,0.168782,0.137225,0.171237
11448,0.168746,0.137187,0.171201
11449,0.168713,0.137152,0.171169
11450,0.168621,0.137056,0.171078
11451,0.168555,0.136986,0.171011
11452,0.16848,0.136907,0.170934
11453,0.168449,0.136875,0.170902
11454,0.168359,0.13678,0.17081
11455,0.168302,0.13672,0.170752
11456,0.168228,0.136642,0.170674
11457,0.168155,0.136566,0.170598
11458,0.168106,0.136514,0.170544
11459,0.168034,0.136439,0.170469
11460,0.167996,0.136399,0.170427
11461,0.16794,0.13634,0.170367
11462,0.167907,0.136305,0.170332
11463,0.167839,0.136235,0.170262
11464,0.167749,0.13614,0.170168
11465,0.167726,0.136116,0.170142
11466,0.167678,0.136065,0.170091
11467,0.167628,0.136013,0.17004
11468,0.167595,0.135978,0.170005
11469,0.167518,0.135897,0.169927
11470,0.167455,0.135831,0.169862
11471,0.167431,0.135806,0.169838
11472,0.167399,0.135772,0.169807
11473,0.167343,0.135714,0.169753
11474,0.167256,0.135622,0.169666
11475,0.167179,0.135541,0.169588
11476,0.167104,0.135463,0.169511
11477,0.167048,0.135404,0.169452
11478,0.166963,0.135315,0.169363
11479,0.166905,0.135253,0.1693
11480,0.166865,0.135212,0.169256
11481,0.166803,0.135146,0.16919
11482,0.166783,0.135126,0.169168
11483,0.166731,0.135071,0.169114
11484,0.166641,0.134976,0.169021
11485,0.166587,0.13492,0.168963
11486,0.166557,0.134888,0.168931
11487,0.166497,0.134825,0.168869
11488,0.166467,0.134794,0.168837
11489,0.166414,0.134738,0.168783
11490,0.166385,0.134708,0.168755
11491,0.166331,0.13465,0.168701
11492,0.166246,0.134561,0.168616
11493,0.166191,0.134504,0.168561
11494,0.166123,0.134432,0.16849
11495,0.166099,0.134407,0.168466
11496,0.166068,0.134375,0.168437
11497,0.166018,0.134322,0.168389
11498,0.165997,0.1343,0.168372
11499,0.165943,0.134243,0.168322
11500,0.165891,0.134189,0.168274
11501,0.165822,0.134116,0.168209
11502,0.165756,0.134047,0.168146
11503,0.165716,0.134005,0.16811
11504,0.165654,0.13394,0.168052
11505,0.165618,0.133903,0.168022
11506,0.165565,0.133847,0.167974
11507,0.165476,0.133753,0.167889
11508,0.16543,0.133704,0.167846
11509,0.165402,0.133676,0.167824
11510,0.165329,0.133598,0.167755
11511,0.16524,0.133505,0.16767
11512,0.165152,0.133413,0.167584
11513,0.165067,0.133324,0.167499
11514,0.165029,0.133284,0.167461
11515,0.164984,0.133237,0.167418
11516,0.164906,0.133155,0.16734
11517,0.16488,0.133127,0.167316
11518,0.164803,0.133046,0.167239
11519,0.164726,0.132966,0.167163
11520,0.164642,0.132878,0.167077
11521,0.164573,0.132805,0.167005
11522,0.164502,0.13273,0.166931
11523,0.164427,0.132652,0.166851
11524,0.164381,0.132603,0.1668
11525,0.164345,0.132565,0.166761
11526,0.164288,0.132506,0.166702
11527,0.164253,0.132469,0.166664
11528,0.164216,0.13243,0.166627
11529,0.164167,0.132379,0.166577
11530,0.164135,0.132345,0.166546
11531,0.164062,0.132269,0.166473
11532,0.163972,0.132174,0.166381
11533,0.163938,0.132138,0.166347
11534,0.163904,0.132103,0.166314
11535,0.163876,0.132073,0.166287
11536,0.163796,0.131989,0.166208
11537,0.163746,0.131937,0.16616
11538,0.163683,0.131871,0.166098
11539,0.163608,0.131791,0.166022
11540,0.163558,0.131739,0.165973
11541,0.163516,0.131695,0.165931
11542,0.163426,0.131601,0.165841
11543,0.163353,0.131524,0.165766
11544,0.163291,0.131459,0.165702
11545,0.163259,0.131425,0.165669
11546,0.163218,0.131382,0.165627
11547,0.163157,0.131318,0.165566
11548,0.163119,0.131278,0.165528
11549,0.163047,0.131203,0.165456
11550,0.162972,0.131124,0.16538
11551,0.162879,0.131026,0.165284
11552,0.162801,0.130944,0.1652
11553,0.16278,0.130922,0.165176
11554,0.162705,0.130843,0.165097
11555,0.162673,0.13081,0.165062
11556,0.162599,0.130732,0.164984
11557,0.162525,0.130654,0.164905
11558,0.162477,0.130604,0.164852
11559,0.162436,0.130561,0.164807
11560,0.162398,0.130521,0.164765
11561,0.162378,0.130501,0.164744
11562,0.162349,0.13047,0.164715
11563,0.162279,0.130396,0.164644
11564,0.16226,0.130376,0.164626
11565,0.162234,0.130349,0.164603
11566,0.162176,0.130288,0.164548
11567,0.162119,0.130228,0.164494
11568,0.162058,0.130164,0.164436
11569,0.162026,0.130131,0.164408
11570,0.161945,0.130045,0.164329
11571,0.161893,0.129991,0.16428
11572,0.16182,0.129914,0.164208
11573,0.161735,0.129825,0.164124
11574,0.161655,0.129741,0.164042
11575,0.161613,0.129697,0.163999
11576,0.161571,0.129653,0.163958
11577,0.161531,0.129611,0.163918
11578,0.16149,0.129568,0.163879
11579,0.161435,0.12951,0.163825
11580,0.161385,0.129458,0.163777
11581,0.16135,0.129421,0.163745
11582,0.161277,0.129344,0.163674
11583,0.161248,0.129313,0.163648
11584,0.161192,0.129255,0.163597
11585,0.161136,0.129196,0.163544
11586,0.161061,0.129117,0.163472
11587,0.16097,0.129021,0.163382
11588,0.160886,0.128933,0.163297
11589,0.160806,0.12885,0.163215
11590,0.160756,0.128797,0.163162
11591,0.160691,0.128729,0.163094
11592,0.160601,0.128635,0.163
11593,0.160559,0.128591,0.162954
11594,0.16054,0.12857,0.162932
11595,0.160484,0.128512,0.162873
11596,0.160418,0.128442,0.162804
11597,0.160367,0.128389,0.162751
11598,0.160322,0.128341,0.162703
11599,0.160259,0.128275,0.162637
11600,0.16024,0.128255,0.162617
11601,0.160186,0.128199,0.162563
11602,0.160132,0.128142,0.162508
11603,0.160113,0.128122,0.16249
11604,0.160059,0.128065,0.162437
11605,0.16,0.128003,0.162379
11606,0.159974,0.127976,0.162356
11607,0.159952,0.127952,0.162338
11608,0.159902,0.1279,0.162293
11609,0.159832,0.127827,0.162228
11610,0.159758,0.127749,0.162157
11611,0.159724,0.127713,0.162127
11612,0.159661,0.127647,0.162068
11613,0.1596,0.127583,0.162011
11614,0.159509,0.127487,0.161922
11615,0.159451,0.127427,0.161866
11616,0.159427,0.127402,0.161845
11617,0.159357,0.127328,0.161777
11618,0.159296,0.127264,0.161718
11619,0.159205,0.127169,0.161628
11620,0.159117,0.127076,0.161538
11621,0.15906,0.127016,0.161479
11622,0.159026,0.126981,0.161445
11623,0.159001,0.126955,0.161421
11624,0.158961,0.126912,0.161382
11625,0.158932,0.126882,0.161357
11626,0.158853,0.126798,0.161279
11627,0.158772,0.126714,0.161199
11628,0.158741,0.126681,0.16117
11629,0.15866,0.126597,0.161091
11630,0.158589,0.126521,0.161019
11631,0.158543,0.126473,0.160973
11632,0.158509,0.126437,0.16094
11633,0.158486,0.126413,0.16092
11634,0.158431,0.126356,0.160869
11635,0.158383,0.126306,0.160826
11636,0.158318,0.126237,0.160764
11637,0.158268,0.126184,0.160717
11638,0.158209,0.126123,0.160662
11639,0.158188,0.126101,0.160647
11640,0.158109,0.126018,0.160573
11641,0.158032,0.125937,0.160499
11642,0.158009,0.125913,0.160481
11643,0.157918,0.125817,0.160393
11644,0.157832,0.125727,0.160309
11645,0.157739,0.12563,0.160217
11646,0.157689,0.125577,0.160166
11647,0.157643,0.125529,0.160121
11648,0.157613,0.125497,0.160093
11649,0.157566,0.125447,0.160047
11650,0.157497,0.125376,0.159981
11651,0.157455,0.125331,0.159942
11652,0.157381,0.125253,0.159869
11653,0.157346,0.125216,0.159837
11654,0.15727,0.125136,0.159763
11655,0.157193,0.125056,0.159687
11656,0.157118,0.124977,0.159612
11657,0.15708,0.124937,0.159575
11658,0.157049,0.124904,0.159545
11659,0.156995,0.124848,0.159494
11660,0.156936,0.124786,0.159437
11661,0.156855,0.124701,0.159357
11662,0.156819,0.124664,0.159324
11663,0.156746,0.124586,0.159251
11664,0.156664,0.1245,0.15917
11665,0.156578,0.12441,0.159082
11666,0.156507,0.124335,0.159008
11667,0.156445,0.12427,0.158943
11668,0.156414,0.124238,0.158911
11669,0.156382,0.124205,0.158879
11670,0.156297,0.124115,0.158791
11671,0.156263,0.124079,0.158756
11672,0.156189,0.124002,0.158681
11673,0.156143,0.123954,0.158634
11674,0.156107,0.123916,0.158598
11675,0.156064,0.123871,0.158556
11676,0.156018,0.123822,0.158511
11677,0.155955,0.123756,0.158449
11678,0.155866,0.123662,0.158359
11679,0.155822,0.123616,0.158315
11680,0.155778,0.12357,0.158272
11681,0.155717,0.123506,0.158211
11682,0.155692,0.12348,0.158188
11683,0.155615,0.123399,0.158112
11684,0.155542,0.123323,0.158039
11685,0.155508,0.123286,0.158006
11686,0.155468,0.123245,0.157968
11687,0.155377,0.123149,0.157878
11688,0.155329,0.123099,0.157831
11689,0.155307,0.123075,0.15781
11690,0.155235,0.123,0.157741
11691,0.155213,0.122977,0.157722
11692,0.155121,0.12288,0.157632
11693,0.155039,0.122795,0.157551
11694,0.154974,0.122726,0.157486
11695,0.154928,0.122677,0.15744
11696,0.154864,0.12261,0.157375
11697,0.154843,0.122589,0.157357
11698,0.154799,0.122542,0.157316
11699,0.154759,0.1225,0.157279
11700,0.154712,0.122451,0.157236
11701,0.154655,0.122391,0.157184
11702,0.154636,0.122371,0.157171
11703,0.154558,0.122289,0.157098
11704,0.154488,0.122216,0.157034
11705,0.154431,0.122156,0.156981
11706,0.154407,0.12213,0.156964
11707,0.154377,0.122099,0.156942
11708,0.15429,0.122007,0.156862
11709,0.154202,0.121915,0.15678
11710,0.154127,0.121836,0.156709
11711,0.154046,0.121752,0.156632
11712,0.154007,0.12171,0.156596
11713,0.153933,0.121633,0.156526
11714,0.153842,0.121537,0.156436
11715,0.1538,0.121493,0.156396
11716,0.153751,0.121441,0.15635
11717,0.153663,0.12135,0.156264
11718,0.153592,0.121275,0.156193
11719,0.153528,0.121208,0.15613
11720,0.153502,0.12118,0.156105
11721,0.153456,0.121132,0.156063
11722,0.153379,0.121052,0.155988
11723,0.153316,0.120985,0.155926
11724,0.153241,0.120906,0.155851
11725,0.153188,0.120851,0.155799
11726,0.153165,0.120826,0.155779
11727,0.153092,0.12075,0.155709
11728,0.153043,0.120699,0.155662
11729,0.152965,0.120616,0.155586
11730,0.152927,0.120577,0.15555
11731,0.152865,0.120511,0.155491
11732,0.152796,0.120439,0.155425
11733,0.152706,0.120345,0.155335
11734,0.152634,0.120269,0.155262
11735,0.152547,0.120177,0.155174
11736,0.152469,0.120095,0.155092
11737,0.152439,0.120064,0.155061
11738,0.152361,0.119983,0.154981
11739,0.152342,0.119963,0.154961
11740,0.152261,0.119877,0.154878
11741,0.152179,0.119791,0.154793
11742,0.15212,0.119729,0.154731
11743,0.152071,0.119678,0.154679
11744,0.152006,0.11961,0.154611
11745,0.151922,0.119521,0.154523
11746,0.151888,0.119485,0.154485
11747,0.151802,0.119395,0.154394
11748,0.151783,0.119376,0.154372
11749,0.151747,0.119338,0.154335
11750,0.151718,0.119307,0.154305
11751,0.151683,0.11927,0.154271
11752,0.151643,0.119228,0.154233
11753,0.151551,0.119131,0.154141
11754,0.15153,0.11911,0.154123
11755,0.151472,0.119048,0.154067
11756,0.15139,0.118962,0.153986
11757,0.151314,0.118883,0.15391
11758,0.151263,0.11883,0.15386
11759,0.151218,0.118782,0.153815
11760,0.151145,0.118706,0.153743
11761,0.151095,0.118653,0.153693
11762,0.151058,0.118614,0.153658
11763,0.150971,0.118523,0.153571
11764,0.15089,0.118438,0.153489
11765,0.150856,0.118402,0.153455
11766,0.150799,0.118342,0.153398
11767,0.150718,0.118257,0.153316
11768,0.150686,0.118224,0.153284
11769,0.150646,0.118182,0.153246
11770,0.150607,0.118141,0.153208
11771,0.150548,0.118079,0.153151
11772,0.150467,0.117994,0.153072
11773,0.150379,0.117901,0.152983
11774,0.150319,0.117838,0.152922
11775,0.150234,0.117749,0.152834
11776,0.150191,0.117704,0.15279
11777,0.150122,0.117632,0.152719
11778,0.150045,0.117551,0.152638
11779,0.149978,0.11748,0.152567
11780,0.149907,0.117406,0.152491
11781,0.149856,0.117352,0.152435
11782,0.149827,0.117322,0.152403
11783,0.149794,0.117287,0.152368
11784,0.149726,0.117216,0.152297
11785,0.149705,0.117194,0.152276
11786,0.149682,0.117169,0.152254
11787,0.149647,0.117132,0.152221
11788,0.149598,0.117082,0.152175
11789,0.149515,0.116994,0.152094
11790,0.149454,0.11693,0.152035
11791,0.149406,0.11688,0.151988
11792,0.149315,0.116784,0.151897
11793,0.149243,0.116709,0.151824
11794,0.149171,0.116633,0.15175
11795,0.149141,0.116601,0.15172
11796,0.149057,0.116513,0.151634
11797,0.148992,0.116444,0.151566
11798,0.148907,0.116355,0.151477
11799,0.148861,0.116308,0.151429
11800,0.148804,0.116248,0.151368
11801,0.148754,0.116195,0.151315
11802,0.148691,0.116129,0.151248
11803,0.148653,0.116089,0.151207
11804,0.148628,0.116063,0.151181
11805,0.148591,0.116024,0.151144
11806,0.148566,0.115997,0.15112
11807,0.148528,0.115958,0.151085
11808,0.148484,0.115912,0.151045
11809,0.148424,0.115849,0.150988
11810,0.148339,0.115759,0.150905
11811,0.14832,0.115739,0.150889
11812,0.148289,0.115706,0.150863
11813,0.148259,0.115676,0.150841
11814,0.148171,0.115582,0.150757
11815,0.148091,0.115498,0.150681
11816,0.148034,0.115439,0.150629
11817,0.14795,0.11535,0.150547
11818,0.14788,0.115277,0.150479
11819,0.147852,0.115248,0.150454
11820,0.147768,0.11516,0.150372
11821,0.1477,0.115088,0.150305
11822,0.147671,0.115058,0.150279
11823,0.147629,0.115014,0.150241
11824,0.147537,0.114917,0.150151
11825,0.147446,0.114822,0.15006
11826,0.147412,0.114786,0.150027
11827,0.147351,0.114722,0.149967
11828,0.147302,0.11467,0.149919
11829,0.147252,0.114617,0.149871
11830,0.147193,0.114556,0.149814
11831,0.14711,0.114468,0.149731
11832,0.147069,0.114426,0.149692
11833,0.147031,0.114386,0.149656
11834,0.146964,0.114316,0.149591
11835,0.146885,0.114232,0.149513
11836,0.146834,0.114179,0.149463
11837,0.146795,0.114138,0.149426
11838,0.146725,0.114065,0.149358
11839,0.146691,0.114028,0.149325
11840,0.14662,0.113955,0.149257
11841,0.146599,0.113932,0.14924
11842,0.146524,0.113853,0.149168
11843,0.146483,0.113811,0.149131
11844,0.146456,0.113782,0.14911
11845,0.146376,0.113698,0.149034
11846,0.146313,0.113631,0.148975
11847,0.146225,0.11354,0.148891
11848,0.146159,0.11347,0.148826
11849,0.146099,0.113408,0.14877
11850,0.146009,0.113313,0.14868
11851,0.145943,0.113244,0.148614
11852,0.145857,0.113153,0.148527
11853,0.145793,0.113086,0.148461
11854,0.14573,0.11302,0.148395
11855,0.145692,0.11298,0.148356
11856,0.145673,0.11296,0.148338
11857,0.145635,0.11292,0.148302
11858,0.145557,0.112838,0.148225
11859,0.145512,0.11279,0.148182
11860,0.145423,0.112697,0.148093
11861,0.145392,0.112664,0.148064
11862,0.145329,0.112599,0.148003
11863,0.145286,0.112553,0.147961
11864,0.145204,0.112467,0.14788
11865,0.14514,0.112401,0.147817
11866,0.145062,0.112319,0.147739
11867,0.14501,0.112264,0.147687
11868,0.144924,0.112173,0.147599
11869,0.144878,0.112125,0.147552
11870,0.144812,0.112056,0.147484
11871,0.144759,0.112,0.14743
11872,0.144686,0.111924,0.147355
11873,0.144665,0.111902,0.147333
11874,0.144598,0.111832,0.147266
11875,0.144575,0.111807,0.147244
11876,0.144533,0.111762,0.147203
11877,0.144459,0.111685,0.14713
11878,0.144434,0.111659,0.147108
11879,0.144375,0.111597,0.147053
11880,0.144294,0.111511,0.146973
11881,0.144201,0.111414,0.14688
11882,0.14413,0.111339,0.146808
11883,0.14408,0.111288,0.146758
11884,0.14399,0.111193,0.146665
11885,0.143956,0.111157,0.14663
11886,0.143874,0.111071,0.146546
11887,0.143784,0.110976,0.146452
11888,0.143746,0.110936,0.14641
11889,0.143667,0.110853,0.146327
11890,0.14361,0.110794,0.146266
11891,0.143541,0.110721,0.146191
11892,0.143472,0.110649,0.146117
11893,0.143405,0.110579,0.146043
11894,0.143362,0.110533,0.145994
11895,0.143337,0.110507,0.145964
11896,0.143305,0.110473,0.145929
11897,0.143215,0.110379,0.145835
11898,0.143145,0.110305,0.145759
11899,0.143093,0.11025,0.145702
11900,0.143061,0.110217,0.145665
11901,0.142983,0.110135,0.145582
11902,0.142929,0.110078,0.145523
11903,0.142888,0.110035,0.145477
11904,0.14286,0.110006,0.145446
11905,0.142813,0.109956,0.145396
11906,0.142766,0.109907,0.145346
11907,0.142677,0.109814,0.145253
11908,0.142647,0.109782,0.14522
11909,0.142624,0.109759,0.145197
11910,0.14257,0.109702,0.145141
11911,0.142517,0.109646,0.145087
11912,0.142452,0.109578,0.145021
11913,0.142433,0.109557,0.145001
11914,0.142355,0.109476,0.144923
11915,0.142272,0.109389,0.144838
11916,0.142201,0.109314,0.144763
11917,0.142159,0.10927,0.144718
11918,0.142134,0.109244,0.144692
11919,0.142063,0.109169,0.144619
11920,0.142021,0.109126,0.144576
11921,0.14195,0.109051,0.144502
11922,0.141862,0.108958,0.14441
11923,0.141819,0.108913,0.144364
11924,0.141734,0.108824,0.144274
11925,0.141687,0.108774,0.144221
11926,0.141629,0.108714,0.144158
11927,0.141594,0.108677,0.144119
11928,0.141557,0.108638,0.144078
11929,0.141524,0.108603,0.144042
11930,0.141489,0.108567,0.144007
11931,0.141468,0.108545,0.143986
11932,0.141443,0.108518,0.143962
11933,0.141398,0.108471,0.14392
11934,0.141358,0.108429,0.143883
11935,0.14127,0.108336,0.143796
11936,0.141219,0.108283,0.143747
11937,0.141146,0.108207,0.143675
11938,0.141087,0.108145,0.143616
11939,0.141006,0.10806,0.143534
11940,0.140949,0.107999,0.143475
11941,0.140928,0.107978,0.143455
11942,0.140883,0.107931,0.143411
11943,0.140795,0.107838,0.143322
11944,0.140719,0.107758,0.143243
11945,0.140684,0.107722,0.143207
11946,0.14061,0.107644,0.143131
11947,0.140547,0.107578,0.143064
11948,0.140469,0.107496,0.142982
11949,0.140403,0.107427,0.142911
11950,0.140379,0.107402,0.142884
11951,0.140343,0.107363,0.142845
11952,0.140291,0.107308,0.14279
11953,0.140269,0.107285,0.142767
11954,0.140228,0.107243,0.142726
11955,0.140184,0.107197,0.142682
11956,0.140129,0.107138,0.142627
11957,0.140079,0.107086,0.142577
11958,0.139989,0.106992,0.142485
11959,0.13992,0.106919,0.142414
11960,0.13987,0.106867,0.142361
11961,0.139825,0.106819,0.142314
11962,0.139788,0.10678,0.142275
11963,0.139722,0.106711,0.142207
11964,0.139667,0.106654,0.14215
11965,0.139603,0.106587,0.142084
11966,0.139549,0.10653,0.142026
11967,0.139472,0.106448,0.141944
11968,0.139445,0.10642,0.141914
11969,0.139385,0.106357,0.141851
11970,0.139323,0.106293,0.141785
11971,0.139296,0.106264,0.141755
11972,0.139236,0.106201,0.141692
11973,0.139165,0.106126,0.141616
11974,0.139118,0.106077,0.141565
11975,0.139098,0.106056,0.141542
11976,0.13907,0.106027,0.141513
11977,0.139051,0.106006,0.141494
11978,0.139025,0.10598,0.14147
11979,0.138983,0.105936,0.141431
11980,0.138928,0.105877,0.141378
11981,0.138846,0.105791,0.141296
11982,0.138777,0.105719,0.141227
11983,0.138722,0.105661,0.141172
11984,0.138679,0.105616,0.141129
11985,0.138657,0.105594,0.141109
11986,0.138625,0.10556,0.14108
11987,0.138586,0.105518,0.141043
11988,0.138508,0.105436,0.140967
11989,0.138453,0.105379,0.140914
11990,0.138386,0.105308,0.140848
11991,0.138302,0.10522,0.140764
11992,0.13827,0.105186,0.140732
11993,0.138206,0.10512,0.140668
11994,0.138125,0.105035,0.140586
11995,0.1381,0.105009,0.14056
11996,0.138008,0.104912,0.140466
11997,0.137987,0.104889,0.140443
11998,0.137931,0.10483,0.140386
11999,0.137866,0.104763,0.140319
12000,0.137804,0.104698,0.140255
