time,soc_true,soc_kf,soc_fgo
0,0.799943,0.799943,0.799943
1,0.799886,0.799886,0.799894
2,0.799849,0.799848,0.799864
3,0.799812,0.799811,0.799835
4,0.799769,0.799769,0.799799
5,0.799745,0.799744,0.799782
6,0.799717,0.799716,0.799761
7,0.799697,0.799696,0.799748
8,0.799605,0.799604,0.799662
9,0.799561,0.79956,0.799624
10,0.799523,0.799521,0.799592
11,0.799493,0.799491,0.799568
12,0.79945,0.799448,0.799531
13,0.799358,0.799355,0.799444
14,0.799287,0.799284,0.799379
15,0.799239,0.799236,0.799335
16,0.799165,0.799162,0.799266
17,0.799109,0.799105,0.799215
18,0.799083,0.799079,0.799193
19,0.798997,0.798992,0.799111
20,0.798946,0.798941,0.799064
21,0.798863,0.798858,0.798985
22,0.798803,0.798798,0.798929
23,0.798751,0.798746,0.798881
24,0.798685,0.798679,0.798817
25,0.798637,0.798631,0.798773
26,0.798549,0.798543,0.798688
27,0.798504,0.798497,0.798645
28,0.798416,0.798409,0.79856
29,0.798368,0.79836,0.798514
30,0.798289,0.798281,0.798438
31,0.798242,0.798234,0.798393
32,0.798178,0.798169,0.798331
33,0.798121,0.798113,0.798276
34,0.798093,0.798084,0.798251
35,0.798021,0.798012,0.79818
36,0.797964,0.797955,0.798125
37,0.797914,0.797904,0.798077
38,0.797869,0.797859,0.798034
39,0.797779,0.797769,0.797946
40,0.797743,0.797733,0.797912
41,0.797699,0.797689,0.797869
42,0.797631,0.79762,0.797802
43,0.797594,0.797582,0.797767
44,0.79755,0.797539,0.797725
45,0.797485,0.797473,0.797661
46,0.79743,0.797417,0.797608
47,0.797351,0.797338,0.79753
48,0.797284,0.797271,0.797465
49,0.797206,0.797193,0.797388
50,0.797184,0.797171,0.797367
51,0.797118,0.797104,0.797302
52,0.797062,0.797048,0.797248
53,0.797003,0.796988,0.79719
54,0.79693,0.796915,0.797118
55,0.796846,0.796831,0.797035
56,0.796762,0.796747,0.796952
57,0.796741,0.796725,0.796932
58,0.796682,0.796666,0.796873
59,0.796654,0.796638,0.796846
60,0.796575,0.796559,0.796769
61,0.796485,0.796468,0.796679
62,0.796442,0.796425,0.796637
63,0.796355,0.796337,0.79655
64,0.796268,0.79625,0.796464
65,0.796228,0.796209,0.796424
66,0.796177,0.796159,0.796374
67,0.796112,0.796094,0.796309
68,0.796035,0.796015,0.796232
69,0.795988,0.795969,0.796185
70,0.795923,0.795903,0.796121
71,0.795876,0.795856,0.796074
72,0.795788,0.795768,0.795986
73,0.795731,0.79571,0.795929
74,0.795654,0.795633,0.795851
75,0.795615,0.795594,0.795813
76,0.795582,0.79556,0.795779
77,0.795523,0.795501,0.79572
78,0.795447,0.795425,0.795645
79,0.795379,0.795357,0.795577
80,0.795331,0.795308,0.795528
81,0.795277,0.795254,0.795474
82,0.795233,0.79521,0.79543
83,0.795191,0.795168,0.795388
84,0.79514,0.795116,0.795337
85,0.795121,0.795097,0.795318
86,0.795062,0.795038,0.795259
87,0.795033,0.795009,0.79523
88,0.794945,0.794921,0.795143
89,0.794885,0.79486,0.795083
90,0.79485,0.794825,0.795048
91,0.794805,0.79478,0.795003
92,0.794717,0.794691,0.794916
93,0.794641,0.794615,0.79484
94,0.79456,0.794533,0.794758
95,0.794482,0.794455,0.794681
96,0.794407,0.794379,0.794604
97,0.794362,0.794334,0.794559
98,0.7943,0.794272,0.794496
99,0.794246,0.794218,0.794442
100,0.794222,0.794194,0.794418
101,0.794203,0.794174,0.794398
102,0.794164,0.794136,0.79436
103,0.794141,0.794112,0.794336
104,0.794105,0.794076,0.794301
105,0.794048,0.794019,0.794244
106,0.794018,0.793989,0.794215
107,0.793985,0.793956,0.794182
108,0.793901,0.793872,0.794099
109,0.793813,0.793783,0.794011
110,0.793722,0.793691,0.79392
111,0.793693,0.793662,0.793891
112,0.79361,0.793579,0.793808
113,0.793554,0.793522,0.793752
114,0.793513,0.793481,0.793711
115,0.793455,0.793423,0.793654
116,0.793414,0.793382,0.793612
117,0.793335,0.793302,0.793533
118,0.793245,0.793212,0.793443
119,0.793162,0.793129,0.79336
120,0.793137,0.793104,0.793334
121,0.7931,0.793066,0.793297
122,0.793022,0.792988,0.793218
123,0.792989,0.792954,0.793185
124,0.792935,0.792901,0.793131
125,0.792863,0.792828,0.793059
126,0.792814,0.792779,0.793009
127,0.792779,0.792743,0.792974
128,0.792697,0.792662,0.792892
129,0.792664,0.792628,0.792858
130,0.792637,0.792601,0.792831
131,0.792606,0.792569,0.7928
132,0.792581,0.792544,0.792775
133,0.792496,0.79246,0.792691
134,0.792472,0.792435,0.792667
135,0.792444,0.792406,0.792639
136,0.792357,0.79232,0.792552
137,0.792284,0.792246,0.79248
138,0.792232,0.792194,0.792428
139,0.792211,0.792172,0.792406
140,0.79213,0.792091,0.792326
141,0.792096,0.792057,0.792292
142,0.792017,0.791978,0.792213
143,0.791949,0.791909,0.792145
144,0.791856,0.791816,0.792053
145,0.791785,0.791744,0.791981
146,0.791763,0.791722,0.791959
147,0.791682,0.791641,0.791877
148,0.791601,0.791559,0.791796
149,0.791537,0.791495,0.791731
150,0.791486,0.791444,0.79168
151,0.791457,0.791415,0.791651
152,0.791421,0.791378,0.791613
153,0.791363,0.79132,0.791556
154,0.791312,0.79127,0.791505
155,0.791255,0.791212,0.791447
156,0.791169,0.791126,0.79136
157,0.791143,0.791099,0.791333
158,0.791123,0.791079,0.791313
159,0.791098,0.791055,0.791289
160,0.791012,0.790968,0.791202
161,0.790936,0.790891,0.791126
162,0.790908,0.790864,0.791098
163,0.790883,0.790838,0.791072
164,0.79084,0.790795,0.791029
165,0.790784,0.790739,0.790973
166,0.790753,0.790707,0.790941
167,0.790701,0.790656,0.79089
168,0.790663,0.790617,0.790852
169,0.790598,0.790552,0.790787
170,0.790523,0.790476,0.790712
171,0.790498,0.790451,0.790687
172,0.790431,0.790384,0.79062
173,0.790355,0.790307,0.790544
174,0.790309,0.790261,0.790498
175,0.79029,0.790243,0.790479
176,0.79026,0.790212,0.790449
177,0.790227,0.790179,0.790416
178,0.790173,0.790125,0.790363
179,0.790087,0.790038,0.790277
180,0.790019,0.78997,0.790209
181,0.789981,0.789931,0.790171
182,0.789889,0.789839,0.79008
183,0.789832,0.789782,0.790022
184,0.789761,0.789711,0.789951
185,0.789719,0.789669,0.789909
186,0.789632,0.78958,0.789821
187,0.789606,0.789554,0.789795
188,0.789552,0.7895,0.789741
189,0.789509,0.789457,0.789697
190,0.789479,0.789427,0.789667
191,0.789429,0.789376,0.789617
192,0.789347,0.789294,0.789535
193,0.789324,0.789271,0.789511
194,0.789231,0.789178,0.789419
195,0.789197,0.789143,0.789384
196,0.789151,0.789098,0.789338
197,0.78906,0.789006,0.789246
198,0.789028,0.788974,0.789214
199,0.788999,0.788945,0.789185
200,0.788947,0.788892,0.789132
201,0.788915,0.78886,0.789101
202,0.788852,0.788797,0.789038
203,0.788815,0.78876,0.789001
204,0.788737,0.788681,0.788922
205,0.788665,0.788609,0.78885
206,0.788636,0.788579,0.78882
207,0.788615,0.788559,0.7888
208,0.788594,0.788537,0.788778
209,0.788525,0.788469,0.78871
210,0.788455,0.788398,0.78864
211,0.788396,0.788339,0.788581
212,0.788306,0.788248,0.78849
213,0.788253,0.788195,0.788437
214,0.788219,0.788161,0.788403
215,0.788193,0.788135,0.788377
216,0.788117,0.788058,0.7883
217,0.788097,0.788038,0.78828
218,0.788023,0.787964,0.788206
219,0.787995,0.787936,0.788178
220,0.787975,0.787915,0.788157
221,0.787956,0.787896,0.788139
222,0.787889,0.787829,0.788072
223,0.787798,0.787738,0.787982
224,0.787763,0.787702,0.787946
225,0.787744,0.787683,0.787927
226,0.787691,0.78763,0.787874
227,0.787626,0.787565,0.78781
228,0.787539,0.787478,0.787723
229,0.787505,0.787443,0.787689
230,0.787482,0.78742,0.787666
231,0.787455,0.787393,0.787639
232,0.787423,0.787361,0.787608
233,0.787341,0.787279,0.787527
234,0.787294,0.787231,0.787479
235,0.787207,0.787144,0.787393
236,0.787131,0.787067,0.787317
237,0.787082,0.787018,0.787268
238,0.787013,0.786949,0.787199
239,0.786955,0.78689,0.787141
240,0.786904,0.786839,0.787089
241,0.786821,0.786756,0.787006
242,0.786779,0.786713,0.786964
243,0.786755,0.786689,0.786939
244,0.78672,0.786655,0.786905
245,0.786688,0.786622,0.786873
246,0.786653,0.786587,0.786838
247,0.786623,0.786557,0.786808
248,0.786589,0.786523,0.786775
249,0.786563,0.786496,0.786749
250,0.78653,0.786463,0.786717
251,0.786483,0.786416,0.786671
252,0.786445,0.786378,0.786634
253,0.786359,0.786291,0.786549
254,0.786305,0.786237,0.786496
255,0.786214,0.786145,0.786405
256,0.786122,0.786053,0.786314
257,0.786043,0.785974,0.786235
258,0.785988,0.785919,0.78618
259,0.785901,0.785831,0.786093
260,0.78585,0.78578,0.786042
261,0.78583,0.78576,0.786022
262,0.785778,0.785707,0.78597
263,0.78571,0.785639,0.785902
264,0.785647,0.785576,0.785839
265,0.785576,0.785504,0.785768
266,0.785541,0.78547,0.785734
267,0.785501,0.785429,0.785693
268,0.785444,0.785372,0.785636
269,0.785372,0.785299,0.785564
270,0.785288,0.785215,0.78548
271,0.78523,0.785157,0.785422
272,0.785143,0.785069,0.785334
273,0.785105,0.785032,0.785297
274,0.785078,0.785004,0.785269
275,0.785046,0.784972,0.785237
276,0.785027,0.784953,0.785218
277,0.784949,0.784874,0.78514
278,0.784916,0.784842,0.785108
279,0.784854,0.784779,0.785045
280,0.78482,0.784744,0.785011
281,0.784796,0.784721,0.784988
282,0.784719,0.784644,0.784912
283,0.784684,0.784608,0.784877
284,0.784623,0.784547,0.784817
285,0.784567,0.784491,0.784761
286,0.784486,0.784409,0.78468
287,0.784403,0.784326,0.784598
288,0.784339,0.784261,0.784533
289,0.784264,0.784186,0.784458
290,0.784176,0.784097,0.78437
291,0.784151,0.784072,0.784344
292,0.784092,0.784013,0.784285
293,0.78403,0.783951,0.784223
294,0.784011,0.783931,0.784204
295,0.783964,0.783885,0.784157
296,0.783887,0.783807,0.78408
297,0.783857,0.783777,0.78405
298,0.783809,0.783728,0.784002
299,0.783764,0.783683,0.783957
300,0.783686,0.783605,0.78388
301,0.783628,0.783546,0.783821
302,0.783569,0.783488,0.783763
303,0.783516,0.783434,0.783709
304,0.783427,0.783345,0.783621
305,0.783384,0.783302,0.783578
306,0.783306,0.783223,0.783499
307,0.783256,0.783173,0.783448
308,0.783222,0.783139,0.783415
309,0.783177,0.783094,0.78337
310,0.783112,0.783028,0.783304
311,0.783042,0.782958,0.783234
312,0.782999,0.782914,0.783191
313,0.782974,0.78289,0.783166
314,0.78293,0.782846,0.783122
315,0.782908,0.782823,0.7831
316,0.782884,0.782799,0.783076
317,0.782801,0.782715,0.782994
318,0.782731,0.782645,0.782924
319,0.782649,0.782563,0.782842
320,0.782623,0.782537,0.782817
321,0.782586,0.7825,0.78278
322,0.782516,0.782429,0.78271
323,0.782485,0.782398,0.78268
324,0.782431,0.782344,0.782626
325,0.782367,0.782279,0.782563
326,0.782279,0.782191,0.782476
327,0.782256,0.782168,0.782453
328,0.782196,0.782108,0.782393
329,0.782136,0.782047,0.782333
330,0.782094,0.782005,0.782292
331,0.782002,0.781913,0.782201
332,0.78195,0.78186,0.782149
333,0.781884,0.781794,0.782083
334,0.781847,0.781757,0.782047
335,0.78178,0.78169,0.78198
336,0.781732,0.781641,0.781932
337,0.781657,0.781566,0.781858
338,0.781631,0.78154,0.781832
339,0.781544,0.781452,0.781745
340,0.781468,0.781376,0.781669
341,0.78144,0.781348,0.781642
342,0.781361,0.781268,0.781563
343,0.781273,0.78118,0.781475
344,0.781211,0.781118,0.781413
345,0.781147,0.781054,0.781349
346,0.78108,0.780986,0.781282
347,0.781042,0.780948,0.781244
348,0.780972,0.780878,0.781175
349,0.780888,0.780794,0.78109
350,0.780803,0.780707,0.781004
351,0.780761,0.780666,0.780962
352,0.780729,0.780633,0.78093
353,0.780691,0.780595,0.780892
354,0.780665,0.780569,0.780866
355,0.78059,0.780493,0.780791
356,0.780563,0.780466,0.780765
357,0.780536,0.780439,0.780738
358,0.78046,0.780363,0.780663
359,0.78037,0.780272,0.780573
360,0.780337,0.78024,0.780541
361,0.780262,0.780164,0.780465
362,0.780176,0.780078,0.78038
363,0.780132,0.780033,0.780336
364,0.780049,0.77995,0.780254
365,0.779974,0.779874,0.780178
366,0.77991,0.779811,0.780115
367,0.779825,0.779725,0.780029
368,0.779739,0.779638,0.779943
369,0.779699,0.779598,0.779903
370,0.779635,0.779534,0.779838
371,0.77959,0.779489,0.779793
372,0.779537,0.779435,0.779739
373,0.779497,0.779396,0.7797
374,0.779421,0.779318,0.779622
375,0.779396,0.779294,0.779598
376,0.779316,0.779213,0.779518
377,0.779279,0.779176,0.77948
378,0.779244,0.779141,0.779446
379,0.779171,0.779068,0.779373
380,0.779085,0.778981,0.779286
381,0.779027,0.778923,0.779228
382,0.779001,0.778897,0.779203
383,0.77896,0.778855,0.779161
384,0.778907,0.778802,0.779109
385,0.778825,0.778719,0.779027
386,0.778745,0.778639,0.778947
387,0.778674,0.778569,0.778876
388,0.77859,0.778484,0.778792
389,0.778499,0.778392,0.7787
390,0.778446,0.778339,0.778647
391,0.778362,0.778255,0.778562
392,0.778322,0.778214,0.778521
393,0.778276,0.778168,0.778474
394,0.778204,0.778096,0.778402
395,0.778153,0.778044,0.77835
396,0.778093,0.777984,0.778289
397,0.778026,0.777916,0.778221
398,0.777959,0.77785,0.778154
399,0.777939,0.777829,0.778133
400,0.777884,0.777774,0.778078
401,0.777863,0.777753,0.778056
402,0.777814,0.777704,0.778007
403,0.77776,0.777649,0.777952
404,0.77774,0.777629,0.777932
405,0.777682,0.777571,0.777874
406,0.77761,0.777499,0.777802
407,0.777586,0.777475,0.777778
408,0.777503,0.777392,0.777695
409,0.777458,0.777346,0.777649
410,0.777433,0.77732,0.777624
411,0.777382,0.77727,0.777574
412,0.777321,0.777208,0.777513
413,0.777278,0.777165,0.77747
414,0.777209,0.777096,0.777401
415,0.777131,0.777017,0.777323
416,0.777068,0.776954,0.77726
417,0.77701,0.776896,0.777202
418,0.776921,0.776806,0.777112
419,0.776858,0.776743,0.777049
420,0.776798,0.776683,0.776988
421,0.776747,0.776632,0.776937
422,0.776704,0.776588,0.776893
423,0.77665,0.776534,0.776839
424,0.776597,0.776481,0.776786
425,0.776569,0.776452,0.776757
426,0.776539,0.776423,0.776727
427,0.776464,0.776347,0.776652
428,0.776427,0.77631,0.776615
429,0.776381,0.776264,0.776569
430,0.776355,0.776237,0.776543
431,0.776302,0.776185,0.77649
432,0.776259,0.776141,0.776447
433,0.776227,0.776108,0.776415
434,0.776168,0.77605,0.776357
435,0.776148,0.776029,0.776337
436,0.776073,0.775954,0.776263
437,0.776003,0.775884,0.776193
438,0.775945,0.775825,0.776135
439,0.775904,0.775784,0.776095
440,0.775851,0.775731,0.776043
441,0.775786,0.775666,0.775978
442,0.775732,0.775611,0.775925
443,0.775646,0.775525,0.775838
444,0.775591,0.77547,0.775785
445,0.775546,0.775424,0.775739
446,0.775474,0.775352,0.775668
447,0.77542,0.775297,0.775613
448,0.775345,0.775223,0.77554
449,0.775268,0.775145,0.775462
450,0.775211,0.775087,0.775405
451,0.775179,0.775056,0.775373
452,0.775116,0.774993,0.775311
453,0.775055,0.774931,0.77525
454,0.775001,0.774877,0.775196
455,0.774922,0.774798,0.775117
456,0.77489,0.774765,0.775085
457,0.774856,0.774731,0.775051
458,0.77478,0.774654,0.774975
459,0.774756,0.774631,0.774951
460,0.774698,0.774572,0.774893
461,0.774622,0.774496,0.774818
462,0.774534,0.774408,0.77473
463,0.774504,0.774378,0.774701
464,0.774434,0.774307,0.77463
465,0.774364,0.774237,0.774561
466,0.774325,0.774197,0.774522
467,0.774252,0.774123,0.774448
468,0.774176,0.774047,0.774372
469,0.774118,0.773989,0.774315
470,0.774038,0.773909,0.774235
471,0.773995,0.773866,0.774191
472,0.773972,0.773842,0.774168
473,0.773892,0.773762,0.774089
474,0.773803,0.773673,0.773999
475,0.773772,0.773642,0.773969
476,0.773691,0.77356,0.773887
477,0.773648,0.773517,0.773844
478,0.773622,0.77349,0.773818
479,0.773532,0.773401,0.773728
480,0.773481,0.773349,0.773677
481,0.773453,0.773321,0.773649
482,0.77337,0.773237,0.773566
483,0.773303,0.77317,0.773499
484,0.773221,0.773088,0.773417
485,0.773153,0.773019,0.773348
486,0.773133,0.772999,0.773328
487,0.773102,0.772968,0.773297
488,0.773023,0.772889,0.773218
489,0.772945,0.772811,0.77314
490,0.772925,0.77279,0.77312
491,0.772893,0.772758,0.773088
492,0.772836,0.772701,0.773032
493,0.772792,0.772656,0.772987
494,0.772711,0.772575,0.772907
495,0.772638,0.772502,0.772834
496,0.772562,0.772426,0.772758
497,0.772525,0.772388,0.772721
498,0.772435,0.772298,0.772631
499,0.772381,0.772244,0.772577
500,0.772302,0.772164,0.772498
501,0.772216,0.772077,0.772411
502,0.772155,0.772017,0.77235
503,0.772087,0.771949,0.772282
504,0.772009,0.771869,0.772202
505,0.771989,0.77185,0.772182
506,0.771968,0.771828,0.77216
507,0.771901,0.771761,0.772093
508,0.771836,0.771696,0.772028
509,0.771775,0.771634,0.771966
510,0.771737,0.771597,0.771928
511,0.77169,0.77155,0.771881
512,0.771653,0.771512,0.771843
513,0.771611,0.77147,0.771801
514,0.771543,0.771402,0.771733
515,0.771511,0.77137,0.771701
516,0.771464,0.771322,0.771654
517,0.771381,0.771239,0.771571
518,0.771358,0.771215,0.771548
519,0.771279,0.771137,0.77147
520,0.771208,0.771065,0.771398
521,0.771119,0.770975,0.771309
522,0.771061,0.770917,0.77125
523,0.771027,0.770883,0.771216
524,0.770986,0.770842,0.771175
525,0.770915,0.77077,0.771104
526,0.770835,0.77069,0.771024
527,0.770811,0.770665,0.770999
528,0.770761,0.770616,0.770949
529,0.77072,0.770574,0.770908
530,0.770657,0.770511,0.770845
531,0.770587,0.770441,0.770775
532,0.770519,0.770372,0.770706
533,0.770494,0.770347,0.770681
534,0.770406,0.770259,0.770593
535,0.77036,0.770212,0.770547
536,0.770316,0.770168,0.770503
537,0.770286,0.770138,0.770472
538,0.770227,0.770079,0.770414
539,0.770146,0.769997,0.770332
540,0.770101,0.769952,0.770287
541,0.77002,0.769871,0.770206
542,0.77,0.769851,0.770186
543,0.76991,0.76976,0.770096
544,0.769886,0.769736,0.770072
545,0.769813,0.769663,0.769998
546,0.769734,0.769583,0.769919
547,0.769701,0.76955,0.769886
548,0.769644,0.769493,0.769828
549,0.769596,0.769444,0.769779
550,0.769574,0.769422,0.769757
551,0.769511,0.769359,0.769694
552,0.769453,0.769301,0.769637
553,0.769401,0.769248,0.769584
554,0.769347,0.769194,0.76953
555,0.76929,0.769137,0.769473
556,0.769256,0.769103,0.769439
557,0.769232,0.769079,0.769415
558,0.769162,0.769009,0.769345
559,0.769073,0.768919,0.769256
560,0.769038,0.768884,0.769221
561,0.769018,0.768863,0.769201
562,0.768937,0.768783,0.769121
563,0.768875,0.76872,0.769059
564,0.768828,0.768672,0.769011
565,0.768763,0.768607,0.768947
566,0.768702,0.768547,0.768886
567,0.76865,0.768494,0.768834
568,0.768607,0.768451,0.768791
569,0.768545,0.768389,0.768729
570,0.768484,0.768327,0.768667
571,0.768402,0.768244,0.768585
572,0.768354,0.768196,0.768537
573,0.768297,0.768139,0.76848
574,0.768226,0.768068,0.768409
575,0.768143,0.767985,0.768326
576,0.768109,0.76795,0.768291
577,0.768069,0.76791,0.768251
578,0.768004,0.767844,0.768185
579,0.767967,0.767808,0.768148
580,0.76792,0.767761,0.768101
581,0.767888,0.767728,0.768069
582,0.767841,0.767681,0.768022
583,0.767781,0.767621,0.767962
584,0.767748,0.767587,0.767929
585,0.767681,0.76752,0.767862
586,0.767661,0.7675,0.767842
587,0.767623,0.767462,0.767804
588,0.767549,0.767387,0.767731
589,0.767464,0.767302,0.767646
590,0.76738,0.767218,0.767562
591,0.767319,0.767157,0.767501
592,0.7673,0.767138,0.767482
593,0.767226,0.767063,0.767408
594,0.767171,0.767008,0.767353
595,0.767116,0.766953,0.767298
596,0.767032,0.766868,0.767213
597,0.766965,0.7668,0.767145
598,0.766933,0.766769,0.767114
599,0.766883,0.766718,0.767062
600,0.766845,0.76668,0.767025
601,0.766824,0.766659,0.767003
602,0.766799,0.766633,0.766978
603,0.76671,0.766544,0.76689
604,0.766675,0.766509,0.766855
605,0.766585,0.766419,0.766765
606,0.766561,0.766395,0.766741
607,0.76653,0.766363,0.76671
608,0.766456,0.766289,0.766636
609,0.766422,0.766254,0.766602
610,0.766392,0.766225,0.766573
611,0.766301,0.766133,0.766483
612,0.76622,0.766052,0.766402
613,0.766176,0.766007,0.766357
614,0.766134,0.765965,0.766316
615,0.766073,0.765904,0.766255
616,0.766019,0.76585,0.766201
617,0.765975,0.765806,0.766158
618,0.765908,0.765739,0.766091
619,0.76585,0.76568,0.766033
620,0.765803,0.765633,0.765986
621,0.765738,0.765567,0.765921
622,0.765662,0.765491,0.765845
623,0.765574,0.765402,0.765757
624,0.765547,0.765375,0.76573
625,0.765513,0.765342,0.765696
626,0.765464,0.765291,0.765647
627,0.76542,0.765248,0.765604
628,0.765387,0.765215,0.765571
629,0.765342,0.765169,0.765526
630,0.765258,0.765085,0.765443
631,0.765179,0.765005,0.765364
632,0.765131,0.764958,0.765316
633,0.765042,0.764868,0.765227
634,0.76501,0.764836,0.765195
635,0.764975,0.7648,0.76516
636,0.764883,0.764708,0.765068
637,0.764802,0.764627,0.764987
638,0.764732,0.764556,0.764917
639,0.764685,0.764509,0.76487
640,0.764625,0.764448,0.764809
641,0.764548,0.764372,0.764732
642,0.764517,0.76434,0.7647
643,0.764445,0.764268,0.764628
644,0.76438,0.764203,0.764563
645,0.764298,0.76412,0.764481
646,0.764266,0.764088,0.764448
647,0.764212,0.764033,0.764393
648,0.764184,0.764006,0.764365
649,0.76412,0.763942,0.764301
650,0.764051,0.763872,0.764232
651,0.763963,0.763783,0.764142
652,0.763939,0.763759,0.764118
653,0.763884,0.763704,0.764063
654,0.763835,0.763655,0.764014
655,0.763791,0.763611,0.763969
656,0.763713,0.763533,0.763891
657,0.763668,0.763487,0.763845
658,0.763581,0.763399,0.763757
659,0.763555,0.763374,0.763731
660,0.763502,0.763321,0.763677
661,0.763475,0.763293,0.76365
662,0.763443,0.763261,0.763617
663,0.763423,0.763241,0.763597
664,0.763396,0.763214,0.76357
665,0.763306,0.763124,0.763481
666,0.763249,0.763066,0.763423
667,0.763186,0.763003,0.76336
668,0.76315,0.762966,0.763324
669,0.763122,0.762938,0.763296
670,0.763056,0.762872,0.76323
671,0.762973,0.762789,0.763147
672,0.762945,0.762761,0.763119
673,0.762861,0.762676,0.763034
674,0.762791,0.762605,0.762964
675,0.762772,0.762587,0.762945
676,0.762736,0.76255,0.762909
677,0.762698,0.762512,0.762871
678,0.762666,0.76248,0.762839
679,0.762645,0.762459,0.762819
680,0.762598,0.762412,0.762772
681,0.762538,0.762352,0.762713
682,0.762452,0.762265,0.762626
683,0.762383,0.762196,0.762558
684,0.762305,0.762117,0.762479
685,0.762281,0.762093,0.762455
686,0.762207,0.762018,0.762381
687,0.76213,0.761942,0.762305
688,0.762095,0.761906,0.762269
689,0.762031,0.761842,0.762205
690,0.761996,0.761807,0.76217
691,0.761907,0.761717,0.76208
692,0.761884,0.761694,0.762057
693,0.761851,0.761661,0.762024
694,0.761796,0.761605,0.761969
695,0.761751,0.761561,0.761925
696,0.76168,0.761489,0.761853
697,0.76161,0.761419,0.761783
698,0.761538,0.761346,0.76171
699,0.761488,0.761296,0.76166
700,0.761423,0.76123,0.761595
701,0.761355,0.761163,0.761526
702,0.761315,0.761123,0.761486
703,0.761296,0.761103,0.761466
704,0.76127,0.761077,0.76144
705,0.76122,0.761026,0.76139
706,0.761196,0.761003,0.761366
707,0.761169,0.760975,0.761339
708,0.761094,0.7609,0.761265
709,0.76104,0.760845,0.761211
710,0.760948,0.760754,0.761119
711,0.760903,0.760708,0.761073
712,0.76088,0.760686,0.761051
713,0.760799,0.760604,0.76097
714,0.760757,0.760561,0.760928
715,0.76071,0.760514,0.760881
716,0.760691,0.760495,0.760862
717,0.760624,0.760428,0.760796
718,0.760605,0.760408,0.760776
719,0.760532,0.760336,0.760704
720,0.760495,0.760298,0.760667
721,0.760447,0.76025,0.76062
722,0.760418,0.760221,0.760592
723,0.760343,0.760145,0.760517
724,0.760269,0.760071,0.760443
725,0.760192,0.759994,0.760367
726,0.760114,0.759915,0.760289
727,0.760096,0.759897,0.76027
728,0.760058,0.759859,0.760234
729,0.759966,0.759767,0.760142
730,0.759879,0.759679,0.760054
731,0.759788,0.759588,0.759963
732,0.759716,0.759516,0.759891
733,0.759634,0.759433,0.759808
734,0.759601,0.759399,0.759774
735,0.759582,0.759381,0.759754
736,0.75956,0.759358,0.759732
737,0.759485,0.759283,0.759656
738,0.75945,0.759248,0.759622
739,0.759395,0.759192,0.759566
740,0.75935,0.759147,0.759521
741,0.759291,0.759088,0.759462
742,0.7592,0.758997,0.75937
743,0.759168,0.758965,0.759338
744,0.759132,0.758928,0.759301
745,0.759079,0.758875,0.759248
746,0.759059,0.758855,0.759228
747,0.758986,0.758781,0.759155
748,0.758962,0.758758,0.759131
749,0.758921,0.758717,0.75909
750,0.758895,0.75869,0.759064
751,0.75887,0.758665,0.759039
752,0.758844,0.758639,0.759014
753,0.758818,0.758613,0.758989
754,0.758752,0.758546,0.758924
755,0.758671,0.758465,0.758843
756,0.758599,0.758393,0.758772
757,0.758548,0.758341,0.758721
758,0.758482,0.758275,0.758656
759,0.758401,0.758194,0.758576
760,0.758316,0.758108,0.75849
761,0.758281,0.758073,0.758456
762,0.758241,0.758032,0.758415
763,0.758156,0.757948,0.758331
764,0.758081,0.757872,0.758256
765,0.75803,0.75782,0.758204
766,0.757962,0.757753,0.758136
767,0.75792,0.757711,0.758094
768,0.757836,0.757626,0.75801
769,0.75781,0.757599,0.757983
770,0.757718,0.757507,0.757891
771,0.757647,0.757436,0.75782
772,0.757604,0.757392,0.757776
773,0.757573,0.757362,0.757745
774,0.757532,0.757321,0.757703
775,0.757474,0.757262,0.757645
776,0.757437,0.757225,0.757607
777,0.757406,0.757193,0.757576
778,0.75735,0.757137,0.75752
779,0.757299,0.757087,0.75747
780,0.757222,0.757009,0.757392
781,0.75717,0.756957,0.75734
782,0.757103,0.756889,0.757273
783,0.757017,0.756803,0.757186
784,0.756966,0.756751,0.757135
785,0.756941,0.756726,0.757109
786,0.756889,0.756674,0.757057
787,0.756869,0.756654,0.757037
788,0.756842,0.756627,0.75701
789,0.756805,0.75659,0.756973
790,0.756759,0.756543,0.756927
791,0.756706,0.75649,0.756874
792,0.756646,0.75643,0.756815
793,0.75661,0.756394,0.756779
794,0.756581,0.756364,0.75675
795,0.756551,0.756334,0.756721
796,0.756499,0.756283,0.75667
797,0.756423,0.756206,0.756594
798,0.756344,0.756126,0.756515
799,0.75629,0.756072,0.756462
800,0.756255,0.756037,0.756427
801,0.756229,0.756011,0.756402
802,0.756152,0.755933,0.756325
803,0.756112,0.755893,0.756286
804,0.756044,0.755825,0.756218
805,0.755965,0.755746,0.75614
806,0.755922,0.755702,0.756097
807,0.755857,0.755637,0.756032
808,0.75582,0.7556,0.755996
809,0.755736,0.755516,0.755913
810,0.755688,0.755467,0.755865
811,0.75562,0.755399,0.755797
812,0.755584,0.755363,0.755762
813,0.755556,0.755335,0.755734
814,0.755514,0.755292,0.755692
815,0.75548,0.755258,0.75566
816,0.75542,0.755198,0.755601
817,0.755335,0.755112,0.755516
818,0.755297,0.755074,0.755479
819,0.755271,0.755048,0.755454
820,0.755218,0.754995,0.755403
821,0.755127,0.754903,0.755312
822,0.75505,0.754826,0.755236
823,0.754976,0.754752,0.755163
824,0.754886,0.754661,0.755074
825,0.75482,0.754595,0.755008
826,0.754794,0.754569,0.754983
827,0.754741,0.754516,0.75493
828,0.754651,0.754425,0.754841
829,0.754565,0.754339,0.754755
830,0.754513,0.754287,0.754704
831,0.75447,0.754243,0.75466
832,0.754382,0.754155,0.754573
833,0.7543,0.754072,0.754491
834,0.754211,0.753983,0.754402
835,0.75414,0.753912,0.754332
836,0.754085,0.753856,0.754276
837,0.754059,0.75383,0.75425
838,0.753967,0.753737,0.754158
839,0.753878,0.753648,0.754069
840,0.753825,0.753595,0.754016
841,0.753797,0.753567,0.753988
842,0.753764,0.753533,0.753955
843,0.753693,0.753462,0.753884
844,0.753606,0.753374,0.753797
845,0.753547,0.753315,0.753738
846,0.753493,0.753261,0.753684
847,0.753448,0.753216,0.753639
848,0.7534,0.753168,0.753591
849,0.753326,0.753094,0.753518
850,0.753248,0.753015,0.75344
851,0.753157,0.752923,0.753348
852,0.753067,0.752833,0.753258
853,0.753023,0.752789,0.753214
854,0.752933,0.752698,0.753123
855,0.752905,0.75267,0.753095
856,0.752818,0.752583,0.753008
857,0.752782,0.752546,0.752971
858,0.752715,0.752479,0.752904
859,0.752639,0.752403,0.752827
860,0.752619,0.752383,0.752807
861,0.752587,0.752351,0.752776
862,0.752516,0.752279,0.752704
863,0.752424,0.752186,0.752612
864,0.752395,0.752158,0.752583
865,0.752333,0.752095,0.752521
866,0.752282,0.752044,0.75247
867,0.752221,0.751982,0.752408
868,0.752197,0.751959,0.752385
869,0.752133,0.751895,0.752321
870,0.752087,0.751848,0.752275
871,0.752019,0.751779,0.752207
872,0.75194,0.7517,0.752129
873,0.751896,0.751656,0.752085
874,0.751839,0.751599,0.752029
875,0.751752,0.751511,0.751941
876,0.751686,0.751445,0.751876
877,0.751604,0.751362,0.751793
878,0.751576,0.751335,0.751766
879,0.751484,0.751242,0.751674
880,0.751449,0.751207,0.751638
881,0.751373,0.75113,0.751562
882,0.751306,0.751063,0.751495
883,0.751244,0.751001,0.751433
884,0.751199,0.750955,0.751388
885,0.751129,0.750885,0.751318
886,0.751077,0.750833,0.751266
887,0.751026,0.750782,0.751215
888,0.75097,0.750726,0.751159
889,0.750912,0.750667,0.751101
890,0.750871,0.750626,0.75106
891,0.750835,0.750589,0.751024
892,0.750811,0.750566,0.751001
893,0.75072,0.750475,0.750911
894,0.750662,0.750416,0.750853
895,0.750615,0.750369,0.750807
896,0.750545,0.750299,0.750737
897,0.75048,0.750233,0.750672
898,0.750388,0.75014,0.750581
899,0.750299,0.750051,0.750492
900,0.750207,0.749958,0.7504
901,0.750145,0.749896,0.750338
902,0.75009,0.749841,0.750283
903,0.750039,0.74979,0.750231
904,0.749953,0.749704,0.750146
905,0.749889,0.74964,0.750081
906,0.74981,0.74956,0.750001
907,0.749765,0.749514,0.749956
908,0.749678,0.749427,0.749869
909,0.749591,0.749339,0.74978
910,0.74955,0.749298,0.749739
911,0.749492,0.74924,0.74968
912,0.749467,0.749215,0.749655
913,0.749392,0.749139,0.749579
914,0.749318,0.749065,0.749505
915,0.749251,0.748998,0.749437
916,0.749207,0.748953,0.749392
917,0.749124,0.74887,0.749309
918,0.749047,0.748792,0.749231
919,0.748984,0.74873,0.749167
920,0.74894,0.748685,0.749122
921,0.748865,0.74861,0.749047
922,0.748809,0.748554,0.74899
923,0.748781,0.748525,0.748961
924,0.748757,0.748501,0.748936
925,0.748698,0.748442,0.748876
926,0.748655,0.748399,0.748833
927,0.7486,0.748343,0.748777
928,0.748534,0.748277,0.748711
929,0.748477,0.74822,0.748653
930,0.748439,0.748181,0.748615
931,0.74841,0.748153,0.748586
932,0.748371,0.748114,0.748547
933,0.748327,0.748069,0.748503
934,0.748236,0.747978,0.748412
935,0.748154,0.747896,0.748329
936,0.748129,0.74787,0.748303
937,0.748055,0.747796,0.74823
938,0.747978,0.747719,0.748152
939,0.747931,0.747671,0.748104
940,0.747873,0.747613,0.748046
941,0.74785,0.747589,0.748022
942,0.747783,0.747522,0.747955
943,0.74774,0.74748,0.747912
944,0.747699,0.747438,0.747871
945,0.747664,0.747403,0.747835
946,0.74761,0.747349,0.747782
947,0.747572,0.747311,0.747744
948,0.747524,0.747262,0.747695
949,0.747449,0.747187,0.747621
950,0.747389,0.747126,0.747561
951,0.747331,0.747069,0.747503
952,0.747253,0.74699,0.747425
953,0.747202,0.746939,0.747373
954,0.747113,0.74685,0.747284
955,0.747027,0.746763,0.747197
956,0.74696,0.746695,0.747129
957,0.74694,0.746676,0.747109
958,0.746903,0.746639,0.747071
959,0.746882,0.746617,0.747049
960,0.746801,0.746535,0.746968
961,0.746781,0.746515,0.746947
962,0.746704,0.746438,0.74687
963,0.74668,0.746414,0.746845
964,0.746652,0.746386,0.746818
965,0.746591,0.746325,0.746757
966,0.746538,0.746271,0.746703
967,0.746494,0.746227,0.746659
968,0.746436,0.746168,0.746601
969,0.746395,0.746128,0.74656
970,0.746367,0.7461,0.746532
971,0.746301,0.746033,0.746466
972,0.746234,0.745965,0.746399
973,0.746169,0.7459,0.746333
974,0.746126,0.745858,0.746291
975,0.74607,0.745801,0.746235
976,0.746048,0.745779,0.746213
977,0.746029,0.74576,0.746194
978,0.746004,0.745735,0.746169
979,0.745963,0.745693,0.746129
980,0.745891,0.745621,0.746057
981,0.745812,0.745542,0.745979
982,0.745772,0.745501,0.745939
983,0.745681,0.74541,0.745849
984,0.745616,0.745345,0.745784
985,0.745566,0.745294,0.745733
986,0.745498,0.745226,0.745666
987,0.745452,0.745179,0.745619
988,0.745404,0.745131,0.745572
989,0.745313,0.74504,0.745481
990,0.74526,0.744987,0.745428
991,0.745219,0.744946,0.745386
992,0.745186,0.744913,0.745354
993,0.74514,0.744866,0.745307
994,0.745115,0.744841,0.745282
995,0.745055,0.744781,0.745223
996,0.744975,0.744701,0.745144
997,0.744941,0.744666,0.74511
998,0.744883,0.744608,0.745052
999,0.744825,0.74455,0.744994
1000,0.744766,0.744491,0.744936
1001,0.744676,0.7444,0.744845
1002,0.744647,0.74437,0.744816
1003,0.744605,0.744329,0.744775
1004,0.744541,0.744264,0.744711
1005,0.744481,0.744204,0.744651
1006,0.744421,0.744144,0.744591
1007,0.744329,0.744052,0.7445
1008,0.744311,0.744033,0.744481
1009,0.744291,0.744013,0.744462
1010,0.744244,0.743966,0.744415
1011,0.744195,0.743917,0.744366
1012,0.744119,0.743841,0.744291
1013,0.744048,0.743769,0.74422
1014,0.743964,0.743685,0.744137
1015,0.743917,0.743637,0.74409
1016,0.743836,0.743555,0.744008
1017,0.743753,0.743472,0.743925
1018,0.743696,0.743415,0.743867
1019,0.743608,0.743327,0.743779
1020,0.743541,0.743259,0.743711
1021,0.743491,0.743209,0.743661
1022,0.743449,0.743167,0.743618
1023,0.743386,0.743104,0.743554
1024,0.743357,0.743075,0.743525
1025,0.743292,0.74301,0.74346
1026,0.743243,0.742959,0.743409
1027,0.743209,0.742926,0.743375
1028,0.74319,0.742907,0.743356
1029,0.743157,0.742874,0.743323
1030,0.743103,0.742819,0.743268
1031,0.743036,0.742752,0.743202
1032,0.742989,0.742704,0.743154
1033,0.742963,0.742679,0.743129
1034,0.7429,0.742616,0.743067
1035,0.742827,0.742542,0.742994
1036,0.742796,0.742511,0.742962
1037,0.742759,0.742474,0.742926
1038,0.742688,0.742402,0.742855
1039,0.742662,0.742376,0.74283
1040,0.74258,0.742293,0.742747
1041,0.742536,0.742249,0.742704
1042,0.742444,0.742157,0.742612
1043,0.742421,0.742134,0.742589
1044,0.742377,0.742089,0.742545
1045,0.74229,0.742002,0.742459
1046,0.742216,0.741928,0.742385
1047,0.742165,0.741876,0.742334
1048,0.742102,0.741813,0.74227
1049,0.742079,0.74179,0.742247
1050,0.742003,0.741714,0.742172
1051,0.741934,0.741644,0.742102
1052,0.741895,0.741605,0.742063
1053,0.741827,0.741536,0.741995
1054,0.741791,0.7415,0.741959
1055,0.741738,0.741447,0.741906
1056,0.741664,0.741373,0.741833
1057,0.741644,0.741353,0.741813
1058,0.74158,0.741289,0.741749
1059,0.741517,0.741225,0.741686
1060,0.741455,0.741162,0.741624
1061,0.741432,0.74114,0.741602
1062,0.741345,0.741053,0.741515
1063,0.741254,0.740961,0.741423
1064,0.741233,0.74094,0.741402
1065,0.741212,0.740919,0.741382
1066,0.741149,0.740856,0.741319
1067,0.7411,0.740806,0.74127
1068,0.741047,0.740753,0.741217
1069,0.74096,0.740666,0.741131
1070,0.740891,0.740596,0.741062
1071,0.740845,0.74055,0.741016
1072,0.740756,0.740461,0.740927
1073,0.740677,0.740381,0.740847
1074,0.740643,0.740347,0.740813
1075,0.740579,0.740283,0.740749
1076,0.740528,0.740231,0.740697
1077,0.74047,0.740173,0.740639
1078,0.740448,0.740151,0.740617
1079,0.740416,0.740119,0.740586
1080,0.740367,0.74007,0.740537
1081,0.740284,0.739987,0.740454
1082,0.740259,0.739961,0.740429
1083,0.740184,0.739886,0.740354
1084,0.740135,0.739837,0.740306
1085,0.740068,0.739769,0.740239
1086,0.740027,0.739728,0.740198
1087,0.739938,0.739639,0.740109
1088,0.739871,0.739571,0.740041
1089,0.739823,0.739522,0.739993
1090,0.739735,0.739434,0.739905
1091,0.739647,0.739346,0.739817
1092,0.739606,0.739305,0.739776
1093,0.739581,0.739279,0.73975
1094,0.739493,0.739192,0.739662
1095,0.739439,0.739137,0.739607
1096,0.739411,0.739109,0.739579
1097,0.739385,0.739083,0.739553
1098,0.739339,0.739036,0.739506
1099,0.739311,0.739008,0.739479
1100,0.739267,0.738964,0.739435
1101,0.739224,0.738921,0.739393
1102,0.739134,0.73883,0.739303
1103,0.739062,0.738758,0.73923
1104,0.738996,0.738692,0.739165
1105,0.738912,0.738608,0.739081
1106,0.738846,0.738541,0.739014
1107,0.738826,0.73852,0.738994
1108,0.738757,0.738452,0.738925
1109,0.738695,0.738389,0.738862
1110,0.73864,0.738334,0.738807
1111,0.738559,0.738253,0.738726
1112,0.738507,0.7382,0.738673
1113,0.738479,0.738172,0.738644
1114,0.738431,0.738123,0.738596
1115,0.738405,0.738098,0.73857
1116,0.73832,0.738013,0.738486
1117,0.738229,0.737921,0.738394
1118,0.738201,0.737892,0.738365
1119,0.738139,0.73783,0.738303
1120,0.738098,0.737789,0.738262
1121,0.738055,0.737746,0.738219
1122,0.738023,0.737714,0.738187
1123,0.737956,0.737646,0.738119
1124,0.737878,0.737568,0.738041
1125,0.737805,0.737494,0.737968
1126,0.737764,0.737453,0.737926
1127,0.737691,0.73738,0.737853
1128,0.737653,0.737342,0.737814
1129,0.7376,0.737289,0.737762
1130,0.737546,0.737235,0.737707
1131,0.737514,0.737203,0.737675
1132,0.737456,0.737144,0.737616
1133,0.737435,0.737123,0.737595
1134,0.737359,0.737047,0.737519
1135,0.737331,0.737018,0.73749
1136,0.737279,0.736966,0.737438
1137,0.737207,0.736894,0.737366
1138,0.73717,0.736856,0.737329
1139,0.737132,0.736818,0.737291
1140,0.73707,0.736756,0.737229
1141,0.736993,0.736679,0.737152
1142,0.736961,0.736647,0.73712
1143,0.736893,0.736579,0.737052
1144,0.736858,0.736543,0.737016
1145,0.736812,0.736497,0.73697
1146,0.736742,0.736426,0.7369
1147,0.73671,0.736394,0.736868
1148,0.73664,0.736324,0.736798
1149,0.73658,0.736264,0.736738
1150,0.736521,0.736204,0.736678
1151,0.736481,0.736164,0.736637
1152,0.736412,0.736095,0.736568
1153,0.736391,0.736074,0.736547
1154,0.736363,0.736045,0.736519
1155,0.736311,0.735993,0.736467
1156,0.736242,0.735924,0.736398
1157,0.736183,0.735865,0.736339
1158,0.736152,0.735834,0.736308
1159,0.736126,0.735807,0.736282
1160,0.736056,0.735737,0.736212
1161,0.735998,0.735678,0.736154
1162,0.735945,0.735625,0.736101
1163,0.735911,0.735591,0.736067
1164,0.735819,0.735499,0.735975
1165,0.735799,0.735479,0.735955
1166,0.735736,0.735415,0.735891
1167,0.735702,0.735381,0.735858
1168,0.735655,0.735334,0.735811
1169,0.735619,0.735298,0.735776
1170,0.735584,0.735262,0.73574
1171,0.735552,0.735231,0.735709
1172,0.735469,0.735147,0.735627
1173,0.735443,0.735121,0.735601
1174,0.735384,0.735062,0.735543
1175,0.735341,0.735018,0.735499
1176,0.735279,0.734956,0.735439
1177,0.735209,0.734886,0.735369
1178,0.735134,0.734811,0.735294
1179,0.735099,0.734775,0.735259
1180,0.735058,0.734734,0.735219
1181,0.734969,0.734645,0.73513
1182,0.734928,0.734603,0.735089
1183,0.734858,0.734533,0.73502
1184,0.734804,0.734479,0.734966
1185,0.73473,0.734405,0.734892
1186,0.734678,0.734352,0.73484
1187,0.734628,0.734301,0.734789
1188,0.734564,0.734237,0.734726
1189,0.734515,0.734188,0.734677
1190,0.734494,0.734167,0.734656
1191,0.734455,0.734128,0.734617
1192,0.734433,0.734106,0.734596
1193,0.73436,0.734032,0.734524
1194,0.734328,0.734,0.734492
1195,0.734257,0.733929,0.734422
1196,0.734204,0.733876,0.73437
1197,0.734124,0.733795,0.73429
1198,0.734034,0.733705,0.734201
1199,0.734,0.73367,0.734167
1200,0.733933,0.733603,0.7341
1201,0.733887,0.733557,0.734055
1202,0.733817,0.733487,0.733985
1203,0.733754,0.733424,0.733922
1204,0.733667,0.733336,0.733836
1205,0.73359,0.733259,0.733758
1206,0.733501,0.733169,0.733668
1207,0.733474,0.733142,0.733641
1208,0.73343,0.733097,0.733597
1209,0.733409,0.733077,0.733577
1210,0.733371,0.733039,0.733538
1211,0.733282,0.732949,0.73345
1212,0.733196,0.732863,0.733363
1213,0.733132,0.732798,0.733299
1214,0.73311,0.732776,0.733277
1215,0.733054,0.73272,0.733221
1216,0.732979,0.732644,0.733145
1217,0.732908,0.732573,0.733074
1218,0.732852,0.732517,0.733018
1219,0.732813,0.732478,0.732979
1220,0.732781,0.732446,0.732947
1221,0.73274,0.732405,0.732906
1222,0.732712,0.732377,0.732879
1223,0.732628,0.732292,0.732795
1224,0.732584,0.732248,0.732751
1225,0.732558,0.732222,0.732725
1226,0.732485,0.732148,0.732653
1227,0.732459,0.732122,0.732627
1228,0.732432,0.732095,0.732601
1229,0.732373,0.732035,0.732543
1230,0.732292,0.731954,0.732463
1231,0.732208,0.73187,0.73238
1232,0.732137,0.731799,0.732309
1233,0.73206,0.731721,0.732232
1234,0.731993,0.731654,0.732166
1235,0.731971,0.731631,0.732144
1236,0.731887,0.731547,0.732061
1237,0.731816,0.731476,0.73199
1238,0.731779,0.731438,0.731953
1239,0.731693,0.731352,0.731867
1240,0.731606,0.731265,0.731781
1241,0.731544,0.731202,0.731718
1242,0.731457,0.731115,0.731632
1243,0.731393,0.731051,0.731567
1244,0.73132,0.730977,0.731494
1245,0.731235,0.730892,0.731408
1246,0.731193,0.73085,0.731365
1247,0.731174,0.73083,0.731345
1248,0.73111,0.730767,0.731282
1249,0.731047,0.730703,0.731219
1250,0.731028,0.730684,0.731199
1251,0.730972,0.730627,0.731143
1252,0.730884,0.730539,0.731056
1253,0.730842,0.730497,0.731013
1254,0.730785,0.73044,0.730957
1255,0.730695,0.730349,0.730866
1256,0.73062,0.730273,0.73079
1257,0.73054,0.730193,0.73071
1258,0.730487,0.73014,0.730657
1259,0.730428,0.73008,0.730596
1260,0.73035,0.730003,0.730518
1261,0.730316,0.729968,0.730483
1262,0.730267,0.729919,0.730433
1263,0.730238,0.72989,0.730404
1264,0.730211,0.729863,0.730377
1265,0.730171,0.729822,0.730336
1266,0.730136,0.729787,0.730302
1267,0.730062,0.729713,0.730228
1268,0.730035,0.729686,0.730201
1269,0.729979,0.72963,0.730145
1270,0.729894,0.729544,0.73006
1271,0.729841,0.72949,0.730007
1272,0.729781,0.729431,0.729947
1273,0.729691,0.72934,0.729857
1274,0.729611,0.729259,0.729776
1275,0.729565,0.729214,0.72973
1276,0.729535,0.729183,0.729699
1277,0.729492,0.72914,0.729656
1278,0.729451,0.729099,0.729616
1279,0.729417,0.729065,0.729581
1280,0.729361,0.729008,0.729525
1281,0.729285,0.728932,0.729449
1282,0.72921,0.728857,0.729374
1283,0.729161,0.728808,0.729326
1284,0.72908,0.728726,0.729244
1285,0.729045,0.728691,0.729209
1286,0.729008,0.728653,0.729171
1287,0.728959,0.728605,0.729123
1288,0.728897,0.728543,0.729061
1289,0.728841,0.728485,0.729004
1290,0.728755,0.728399,0.728918
1291,0.728678,0.728323,0.728842
1292,0.728587,0.728231,0.72875
1293,0.728568,0.728212,0.72873
1294,0.728479,0.728122,0.72864
1295,0.728453,0.728096,0.728614
1296,0.728414,0.728056,0.728573
1297,0.72837,0.728013,0.72853
1298,0.728315,0.727958,0.728474
1299,0.728276,0.727918,0.728434
1300,0.728231,0.727873,0.728389
1301,0.728149,0.72779,0.728307
1302,0.728118,0.72776,0.728276
1303,0.728077,0.727718,0.728234
1304,0.727989,0.727629,0.728146
1305,0.727925,0.727566,0.728082
1306,0.727894,0.727535,0.72805
1307,0.727819,0.727459,0.727974
1308,0.727781,0.72742,0.727935
1309,0.727736,0.727375,0.72789
1310,0.727666,0.727305,0.72782
1311,0.727589,0.727228,0.727742
1312,0.727534,0.727173,0.727687
1313,0.727461,0.727099,0.727612
1314,0.72742,0.727058,0.72757
1315,0.727381,0.727019,0.72753
1316,0.727351,0.726989,0.7275
1317,0.727326,0.726963,0.727473
1318,0.727291,0.726928,0.727438
1319,0.727259,0.726896,0.727406
1320,0.727239,0.726876,0.727386
1321,0.727169,0.726806,0.727316
1322,0.727145,0.726781,0.727291
1323,0.72711,0.726746,0.727257
1324,0.727049,0.726685,0.727196
1325,0.727011,0.726647,0.727158
1326,0.726976,0.726611,0.727122
1327,0.7269,0.726535,0.727047
1328,0.726875,0.72651,0.727022
1329,0.726846,0.726481,0.726993
1330,0.726815,0.72645,0.726963
1331,0.72679,0.726424,0.726938
1332,0.726715,0.72635,0.726865
1333,0.726657,0.726291,0.726807
1334,0.726633,0.726267,0.726783
1335,0.726582,0.726215,0.726733
1336,0.726528,0.726161,0.72668
1337,0.72648,0.726113,0.726633
1338,0.726402,0.726034,0.726555
1339,0.726323,0.725955,0.726477
1340,0.7263,0.725932,0.726454
1341,0.726211,0.725842,0.726365
1342,0.726166,0.725797,0.726321
1343,0.726139,0.72577,0.726295
1344,0.726057,0.725688,0.726213
1345,0.726009,0.72564,0.726165
1346,0.725966,0.725597,0.726123
1347,0.72588,0.72551,0.726037
1348,0.725795,0.725425,0.725953
1349,0.725734,0.725363,0.725891
1350,0.725703,0.725332,0.72586
1351,0.725653,0.725282,0.725811
1352,0.725582,0.72521,0.72574
1353,0.725511,0.725139,0.725669
1354,0.72544,0.725068,0.725598
1355,0.725386,0.725014,0.725543
1356,0.725306,0.724933,0.725462
1357,0.725287,0.724914,0.725443
1358,0.725252,0.724879,0.725408
1359,0.725165,0.724792,0.725321
1360,0.725134,0.72476,0.72529
1361,0.725083,0.724709,0.725239
1362,0.725048,0.724674,0.725204
1363,0.724998,0.724623,0.725153
1364,0.72493,0.724555,0.725086
1365,0.724864,0.724489,0.72502
1366,0.724822,0.724447,0.724978
1367,0.724791,0.724415,0.724947
1368,0.72471,0.724334,0.724866
1369,0.724648,0.724272,0.724803
1370,0.724622,0.724245,0.724777
1371,0.724539,0.724162,0.724694
1372,0.724457,0.72408,0.724612
1373,0.724408,0.724031,0.724564
1374,0.724322,0.723944,0.724477
1375,0.724298,0.72392,0.724452
1376,0.72421,0.723831,0.724363
1377,0.724188,0.72381,0.724342
1378,0.724129,0.72375,0.724282
1379,0.724106,0.723727,0.724258
1380,0.724074,0.723695,0.724226
1381,0.724,0.723621,0.724152
1382,0.723947,0.723567,0.724099
1383,0.723885,0.723505,0.724037
1384,0.723795,0.723415,0.723946
1385,0.72377,0.723389,0.72392
1386,0.723732,0.723352,0.723882
1387,0.723688,0.723307,0.723838
1388,0.723653,0.723272,0.723803
1389,0.723583,0.723202,0.723732
1390,0.723532,0.723151,0.723681
1391,0.723446,0.723064,0.723594
1392,0.723421,0.723039,0.723569
1393,0.723401,0.723018,0.723548
1394,0.723332,0.722949,0.723479
1395,0.723288,0.722905,0.723435
1396,0.723253,0.72287,0.7234
1397,0.723225,0.722842,0.723372
1398,0.72319,0.722806,0.723337
1399,0.723166,0.722783,0.723314
1400,0.723111,0.722727,0.723259
1401,0.723081,0.722697,0.72323
1402,0.723051,0.722667,0.723201
1403,0.722975,0.722591,0.723125
1404,0.722931,0.722546,0.723081
1405,0.722873,0.722488,0.723024
1406,0.722845,0.72246,0.722996
1407,0.722754,0.722369,0.722906
1408,0.7227,0.722314,0.722852
1409,0.722626,0.722239,0.722779
1410,0.722555,0.722168,0.722708
1411,0.722471,0.722084,0.722624
1412,0.72245,0.722063,0.722604
1413,0.722404,0.722016,0.722557
1414,0.722361,0.721973,0.722514
1415,0.722334,0.721947,0.722488
1416,0.722263,0.721875,0.722417
1417,0.722175,0.721787,0.72233
1418,0.722115,0.721726,0.72227
1419,0.722074,0.721685,0.722228
1420,0.72202,0.721631,0.722175
1421,0.721987,0.721598,0.722142
1422,0.721904,0.721515,0.722059
1423,0.721848,0.721458,0.722003
1424,0.721796,0.721406,0.721951
1425,0.721771,0.721381,0.721926
1426,0.721683,0.721292,0.721839
1427,0.721652,0.721261,0.721808
1428,0.721575,0.721183,0.72173
1429,0.721491,0.721099,0.721647
1430,0.721437,0.721045,0.721593
1431,0.721369,0.720976,0.721524
1432,0.72133,0.720937,0.721484
1433,0.721296,0.720904,0.721451
1434,0.721222,0.720829,0.721377
1435,0.721194,0.7208,0.721348
1436,0.721122,0.720728,0.721276
1437,0.721091,0.720697,0.721245
1438,0.721033,0.720639,0.721187
1439,0.721005,0.720611,0.72116
1440,0.720937,0.720542,0.721091
1441,0.720862,0.720467,0.721017
1442,0.720833,0.720438,0.720988
1443,0.720758,0.720363,0.720913
1444,0.720719,0.720323,0.720873
1445,0.720698,0.720303,0.720854
1446,0.720649,0.720252,0.720804
1447,0.720577,0.720181,0.720733
1448,0.72053,0.720133,0.720686
1449,0.720461,0.720064,0.720618
1450,0.720403,0.720005,0.720559
1451,0.720381,0.719983,0.720538
1452,0.720312,0.719914,0.720469
1453,0.72023,0.719832,0.720388
1454,0.720196,0.719798,0.720354
1455,0.720175,0.719777,0.720333
1456,0.720136,0.719737,0.720295
1457,0.720053,0.719654,0.720213
1458,0.71997,0.719571,0.72013
1459,0.719916,0.719517,0.720077
1460,0.719867,0.719467,0.720027
1461,0.719801,0.719401,0.719963
1462,0.719747,0.719346,0.719909
1463,0.719682,0.719281,0.719844
1464,0.719652,0.719251,0.719814
1465,0.719577,0.719175,0.71974
1466,0.719494,0.719092,0.719657
1467,0.719449,0.719047,0.719612
1468,0.719369,0.718966,0.719532
1469,0.719287,0.718884,0.71945
1470,0.719228,0.718825,0.719392
1471,0.719155,0.718752,0.719318
1472,0.719102,0.718698,0.719265
1473,0.719058,0.718654,0.719221
1474,0.719034,0.71863,0.719197
1475,0.718952,0.718547,0.719115
1476,0.718909,0.718504,0.719072
1477,0.718845,0.71844,0.719008
1478,0.718791,0.718386,0.718954
1479,0.718716,0.718311,0.71888
1480,0.718689,0.718283,0.718853
1481,0.718633,0.718227,0.718796
1482,0.718544,0.718138,0.718708
1483,0.718453,0.718046,0.718617
1484,0.718364,0.717957,0.718527
1485,0.718316,0.717908,0.718478
1486,0.718288,0.71788,0.718449
1487,0.718251,0.717843,0.718413
1488,0.718186,0.717777,0.718347
1489,0.718119,0.71771,0.718281
1490,0.718082,0.717673,0.718243
1491,0.718001,0.717591,0.718162
1492,0.717979,0.71757,0.71814
1493,0.71791,0.7175,0.718071
1494,0.717847,0.717437,0.718007
1495,0.717818,0.717407,0.717978
1496,0.717735,0.717324,0.717896
1497,0.717667,0.717256,0.717827
1498,0.717623,0.717211,0.717783
1499,0.717555,0.717143,0.717715
1500,0.717504,0.717092,0.717664
1501,0.71746,0.717048,0.717619
1502,0.717386,0.716974,0.717546
1503,0.717326,0.716914,0.717486
1504,0.717302,0.716889,0.717461
1505,0.717276,0.716863,0.717435
1506,0.717248,0.716835,0.717408
1507,0.71717,0.716757,0.717331
1508,0.7171,0.716686,0.71726
1509,0.717034,0.71662,0.717195
1510,0.716966,0.716552,0.717127
1511,0.716891,0.716476,0.717052
1512,0.71684,0.716425,0.717
1513,0.716785,0.71637,0.716946
1514,0.716749,0.716333,0.716909
1515,0.716695,0.716279,0.716855
1516,0.716635,0.716219,0.716796
1517,0.716596,0.71618,0.716758
1518,0.716546,0.71613,0.716708
1519,0.716507,0.716091,0.716669
1520,0.716423,0.716006,0.716586
1521,0.716335,0.715918,0.716498
1522,0.716249,0.715831,0.716412
1523,0.716217,0.715799,0.71638
1524,0.716178,0.715759,0.71634
1525,0.716121,0.715702,0.716283
1526,0.716047,0.715628,0.71621
1527,0.716008,0.715589,0.716171
1528,0.715929,0.715509,0.716092
1529,0.715867,0.715447,0.71603
1530,0.715789,0.715368,0.715951
1531,0.715728,0.715307,0.71589
1532,0.715665,0.715244,0.715827
1533,0.715622,0.715201,0.715784
1534,0.715588,0.715166,0.71575
1535,0.715509,0.715088,0.715672
1536,0.715429,0.715007,0.715591
1537,0.715369,0.714947,0.715531
1538,0.715302,0.71488,0.715464
1539,0.715282,0.714859,0.715443
1540,0.715192,0.714769,0.715353
1541,0.715121,0.714697,0.715281
1542,0.7151,0.714676,0.71526
1543,0.715048,0.714624,0.715208
1544,0.714959,0.714534,0.715118
1545,0.714926,0.714501,0.715085
1546,0.714898,0.714473,0.715056
1547,0.714879,0.714454,0.715038
1548,0.714788,0.714362,0.714947
1549,0.714766,0.714341,0.714925
1550,0.714682,0.714256,0.714841
1551,0.71463,0.714204,0.71479
1552,0.714564,0.714137,0.714723
1553,0.714544,0.714117,0.714704
1554,0.714459,0.714032,0.714619
1555,0.714437,0.71401,0.714597
1556,0.714392,0.713965,0.714553
1557,0.714303,0.713875,0.714464
1558,0.714253,0.713825,0.714414
1559,0.714182,0.713754,0.714344
1560,0.714111,0.713682,0.714272
1561,0.71405,0.71362,0.714211
1562,0.713985,0.713556,0.714146
1563,0.713914,0.713484,0.714075
1564,0.713856,0.713426,0.714016
1565,0.713772,0.713341,0.713932
1566,0.713747,0.713316,0.713907
1567,0.713668,0.713237,0.713828
1568,0.713603,0.713172,0.713762
1569,0.713581,0.713149,0.713739
1570,0.71352,0.713088,0.713678
1571,0.713435,0.713003,0.713594
1572,0.713402,0.71297,0.71356
1573,0.71332,0.712887,0.713478
1574,0.713273,0.71284,0.71343
1575,0.713245,0.712812,0.713402
1576,0.713186,0.712752,0.713342
1577,0.713104,0.71267,0.71326
1578,0.713017,0.712582,0.713172
1579,0.71293,0.712495,0.713084
1580,0.712903,0.712469,0.713057
1581,0.712859,0.712424,0.713012
1582,0.712795,0.712359,0.712947
1583,0.712767,0.712331,0.712918
1584,0.712726,0.71229,0.712876
1585,0.712703,0.712267,0.712853
1586,0.712651,0.712215,0.712801
1587,0.712626,0.71219,0.712776
1588,0.712554,0.712118,0.712704
1589,0.712492,0.712055,0.712641
1590,0.712459,0.712022,0.712608
1591,0.712381,0.711943,0.712529
1592,0.712313,0.711875,0.712461
1593,0.71228,0.711842,0.712428
1594,0.71225,0.711812,0.712397
1595,0.712223,0.711785,0.712371
1596,0.712151,0.711713,0.712299
1597,0.712116,0.711677,0.712263
1598,0.712082,0.711643,0.71223
1599,0.712028,0.711589,0.712176
1600,0.712005,0.711566,0.712154
1601,0.71192,0.711481,0.712069
1602,0.711863,0.711423,0.712012
1603,0.711774,0.711334,0.711923
1604,0.711756,0.711315,0.711905
1605,0.711667,0.711226,0.711816
1606,0.711615,0.711174,0.711764
1607,0.711571,0.71113,0.71172
1608,0.711529,0.711087,0.711677
1609,0.711451,0.711009,0.7116
1610,0.711404,0.710962,0.711552
1611,0.711367,0.710925,0.711516
1612,0.711331,0.710888,0.71148
1613,0.711289,0.710846,0.711437
1614,0.711207,0.710763,0.711356
1615,0.711165,0.710721,0.711313
1616,0.711114,0.710671,0.711263
1617,0.711052,0.710608,0.711201
1618,0.710968,0.710524,0.711117
1619,0.71092,0.710475,0.711068
1620,0.710866,0.710421,0.711015
1621,0.710846,0.710401,0.710995
1622,0.710816,0.71037,0.710965
1623,0.710729,0.710283,0.710878
1624,0.71067,0.710224,0.71082
1625,0.710611,0.710165,0.71076
1626,0.710528,0.710082,0.710677
1627,0.710438,0.709991,0.710586
1628,0.710377,0.70993,0.710525
1629,0.710333,0.709885,0.71048
1630,0.710305,0.709857,0.710451
1631,0.710244,0.709796,0.71039
1632,0.710209,0.709761,0.710355
1633,0.71019,0.709742,0.710336
1634,0.710149,0.709701,0.710295
1635,0.710125,0.709677,0.71027
1636,0.710103,0.709654,0.710249
1637,0.710058,0.709609,0.710204
1638,0.709981,0.709532,0.710128
1639,0.709949,0.709499,0.710096
1640,0.709894,0.709444,0.710041
1641,0.709829,0.709379,0.709977
1642,0.709771,0.709321,0.70992
1643,0.709724,0.709273,0.709873
1644,0.709691,0.70924,0.70984
1645,0.709665,0.709214,0.709815
1646,0.709603,0.709151,0.709754
1647,0.709526,0.709074,0.709678
1648,0.709488,0.709036,0.70964
1649,0.709405,0.708952,0.709558
1650,0.70934,0.708888,0.709494
1651,0.709272,0.708819,0.709426
1652,0.709211,0.708758,0.709365
1653,0.709156,0.708703,0.709311
1654,0.709089,0.708635,0.709244
1655,0.709019,0.708565,0.709174
1656,0.70897,0.708515,0.709125
1657,0.708894,0.708439,0.709049
1658,0.708816,0.708361,0.708971
1659,0.708744,0.708289,0.708899
1660,0.708705,0.708249,0.708859
1661,0.708614,0.708158,0.708768
1662,0.708557,0.708101,0.708711
1663,0.708487,0.70803,0.70864
1664,0.708425,0.707967,0.708577
1665,0.708406,0.707948,0.708557
1666,0.708339,0.707881,0.70849
1667,0.708275,0.707817,0.708425
1668,0.70823,0.707772,0.70838
1669,0.708162,0.707703,0.708311
1670,0.708142,0.707684,0.708291
1671,0.70811,0.707652,0.708258
1672,0.708076,0.707617,0.708224
1673,0.708056,0.707597,0.708204
1674,0.707971,0.707511,0.708119
1675,0.707951,0.707492,0.7081
1676,0.707916,0.707456,0.708064
1677,0.707885,0.707425,0.708034
1678,0.707806,0.707345,0.707956
1679,0.707722,0.707261,0.707872
1680,0.70764,0.707179,0.707791
1681,0.707551,0.707089,0.7077
1682,0.707482,0.70702,0.707632
1683,0.707458,0.706996,0.707607
1684,0.707433,0.706971,0.707582
1685,0.707359,0.706897,0.707508
1686,0.707292,0.70683,0.707441
1687,0.707255,0.706792,0.707403
1688,0.707236,0.706773,0.707384
1689,0.707204,0.70674,0.707352
1690,0.707139,0.706675,0.707288
1691,0.707103,0.70664,0.707253
1692,0.707043,0.706579,0.707193
1693,0.706988,0.706524,0.707139
1694,0.706928,0.706463,0.707079
1695,0.706851,0.706386,0.707002
1696,0.706792,0.706327,0.706943
1697,0.706757,0.706292,0.706908
1698,0.70668,0.706214,0.706831
1699,0.706606,0.70614,0.706757
1700,0.706566,0.7061,0.706718
1701,0.706509,0.706042,0.706661
1702,0.70649,0.706023,0.706642
1703,0.706433,0.705966,0.706585
1704,0.706352,0.705884,0.706504
1705,0.70627,0.705802,0.706422
1706,0.706237,0.705769,0.706389
1707,0.706202,0.705734,0.706355
1708,0.70615,0.705681,0.706302
1709,0.706085,0.705616,0.706238
1710,0.706032,0.705562,0.706185
1711,0.705941,0.705471,0.706094
1712,0.705896,0.705426,0.706049
1713,0.705828,0.705358,0.705981
1714,0.7058,0.705329,0.705953
1715,0.705721,0.705251,0.705875
1716,0.705653,0.705181,0.705806
1717,0.705584,0.705112,0.705737
1718,0.705527,0.705056,0.70568
1719,0.705493,0.705021,0.705646
1720,0.705444,0.704972,0.705597
1721,0.705366,0.704893,0.705518
1722,0.705277,0.704804,0.705429
1723,0.705203,0.70473,0.705355
1724,0.705143,0.70467,0.705294
1725,0.705123,0.70465,0.705273
1726,0.705047,0.704572,0.705196
1727,0.705008,0.704533,0.705156
1728,0.704921,0.704447,0.705069
1729,0.704882,0.704407,0.705029
1730,0.70485,0.704375,0.704996
1731,0.704813,0.704338,0.704959
1732,0.704758,0.704283,0.704904
1733,0.704681,0.704205,0.704826
1734,0.704597,0.704121,0.704741
1735,0.704578,0.704101,0.704721
1736,0.704559,0.704083,0.704702
1737,0.704519,0.704043,0.704662
1738,0.704476,0.703999,0.704618
1739,0.704449,0.703972,0.704591
1740,0.70443,0.703952,0.704572
1741,0.704393,0.703915,0.704535
1742,0.704311,0.703833,0.704454
1743,0.704269,0.703792,0.704412
1744,0.704193,0.703715,0.704336
1745,0.704139,0.70366,0.704282
1746,0.704116,0.703637,0.704259
1747,0.704049,0.703569,0.704192
1748,0.704012,0.703532,0.704155
1749,0.703925,0.703445,0.704068
1750,0.70389,0.70341,0.704033
1751,0.703841,0.703361,0.703984
1752,0.703765,0.703285,0.703908
1753,0.703696,0.703216,0.703839
1754,0.70363,0.703148,0.703772
1755,0.703598,0.703117,0.70374
1756,0.703579,0.703097,0.703721
1757,0.703553,0.703071,0.703694
1758,0.703524,0.703043,0.703667
1759,0.703445,0.702963,0.703587
1760,0.703404,0.702922,0.703547
1761,0.703323,0.70284,0.703466
1762,0.703269,0.702786,0.703412
1763,0.703201,0.702718,0.703344
1764,0.703172,0.702688,0.703314
1765,0.703136,0.702652,0.703279
1766,0.703112,0.702628,0.703255
1767,0.70306,0.702576,0.703203
1768,0.702979,0.702495,0.703123
1769,0.702935,0.702451,0.703079
1770,0.702872,0.702387,0.703016
1771,0.702848,0.702363,0.702992
1772,0.702815,0.70233,0.70296
1773,0.702723,0.702237,0.702868
1774,0.702642,0.702156,0.702788
1775,0.702578,0.702091,0.702723
1776,0.702551,0.702065,0.702697
1777,0.702473,0.701986,0.702618
1778,0.702394,0.701907,0.70254
1779,0.702305,0.701817,0.70245
1780,0.702258,0.70177,0.702402
1781,0.702223,0.701735,0.702367
1782,0.702183,0.701695,0.702327
1783,0.702095,0.701606,0.702238
1784,0.70206,0.701571,0.702203
1785,0.702033,0.701544,0.702176
1786,0.701978,0.701488,0.70212
1787,0.701944,0.701454,0.702086
1788,0.701914,0.701424,0.702055
1789,0.701885,0.701396,0.702027
1790,0.701835,0.701345,0.701977
1791,0.701771,0.701281,0.701914
1792,0.701714,0.701223,0.701857
1793,0.701645,0.701154,0.701788
1794,0.701599,0.701108,0.701742
1795,0.701573,0.701081,0.701716
1796,0.701533,0.701042,0.701677
1797,0.701449,0.700956,0.701592
1798,0.701378,0.700886,0.701522
1799,0.701326,0.700833,0.70147
1800,0.701244,0.700751,0.701388
1801,0.701216,0.700723,0.70136
1802,0.701155,0.700661,0.701298
1803,0.70109,0.700596,0.701233
1804,0.701021,0.700527,0.701164
1805,0.700952,0.700458,0.701095
1806,0.700926,0.700431,0.701068
1807,0.700907,0.700413,0.70105
1808,0.700875,0.70038,0.701017
1809,0.700851,0.700356,0.700993
1810,0.70078,0.700284,0.700923
1811,0.700723,0.700227,0.700866
1812,0.70065,0.700153,0.700793
1813,0.700609,0.700112,0.700752
1814,0.700584,0.700088,0.700728
1815,0.700564,0.700068,0.700709
1816,0.700528,0.700031,0.700673
1817,0.700454,0.699957,0.7006
1818,0.700388,0.699891,0.700535
1819,0.700335,0.699838,0.700482
1820,0.700251,0.699753,0.700399
1821,0.700175,0.699677,0.700323
1822,0.700144,0.699646,0.700293
1823,0.700061,0.699562,0.700209
1824,0.700007,0.699508,0.700156
1825,0.699928,0.699428,0.700076
1826,0.699846,0.699346,0.699995
1827,0.699791,0.699291,0.699939
1828,0.699729,0.699228,0.699877
1829,0.699659,0.699158,0.699806
1830,0.699569,0.699067,0.699715
1831,0.69954,0.699038,0.699685
1832,0.699488,0.698986,0.699633
1833,0.699411,0.698909,0.699556
1834,0.699357,0.698854,0.6995
1835,0.699333,0.69883,0.699475
1836,0.6993,0.698797,0.699442
1837,0.699274,0.698771,0.699416
1838,0.699214,0.698711,0.699356
1839,0.699169,0.698666,0.69931
1840,0.69914,0.698636,0.699281
1841,0.699082,0.698578,0.699223
1842,0.699054,0.69855,0.699195
1843,0.698978,0.698473,0.699119
1844,0.698917,0.698412,0.699058
1845,0.698895,0.69839,0.699036
1846,0.698837,0.698332,0.698978
1847,0.698764,0.698259,0.698905
1848,0.698725,0.698219,0.698866
1849,0.698701,0.698195,0.698841
1850,0.698611,0.698105,0.698752
1851,0.698558,0.698052,0.698699
1852,0.698496,0.697989,0.698637
1853,0.698473,0.697966,0.698613
1854,0.69844,0.697933,0.698581
1855,0.69841,0.697903,0.698551
1856,0.698327,0.697819,0.698468
1857,0.698284,0.697776,0.698425
1858,0.698236,0.697728,0.698377
1859,0.698197,0.697689,0.698339
1860,0.698107,0.697599,0.69825
1861,0.698058,0.697549,0.6982
1862,0.69801,0.6975,0.698152
1863,0.697958,0.697448,0.6981
1864,0.697913,0.697403,0.698055
1865,0.697836,0.697325,0.697978
1866,0.69779,0.697279,0.697932
1867,0.697751,0.69724,0.697894
1868,0.697664,0.697153,0.697807
1869,0.697617,0.697106,0.69776
1870,0.697549,0.697037,0.697692
1871,0.697466,0.696954,0.697608
1872,0.697391,0.696879,0.697533
1873,0.69733,0.696817,0.697471
1874,0.697272,0.696759,0.697413
1875,0.697246,0.696733,0.697385
1876,0.697217,0.696704,0.697356
1877,0.697178,0.696665,0.697317
1878,0.697139,0.696626,0.697278
1879,0.697091,0.696578,0.697229
1880,0.697039,0.696525,0.697177
1881,0.696991,0.696476,0.697128
1882,0.696956,0.696441,0.697094
1883,0.696867,0.696352,0.697005
1884,0.696847,0.696332,0.696984
1885,0.696781,0.696265,0.696918
1886,0.696712,0.696196,0.696849
1887,0.696662,0.696146,0.696799
1888,0.696643,0.696127,0.696779
1889,0.696611,0.696094,0.696747
1890,0.696536,0.69602,0.696673
1891,0.696479,0.695962,0.696615
1892,0.696419,0.695901,0.696554
1893,0.696391,0.695874,0.696527
1894,0.696372,0.695854,0.696507
1895,0.696349,0.695831,0.696485
1896,0.696324,0.695806,0.696461
1897,0.696304,0.695786,0.696441
1898,0.696226,0.695708,0.696364
1899,0.69614,0.695621,0.696278
1900,0.696084,0.695565,0.696223
1901,0.696005,0.695486,0.696145
1902,0.695978,0.695458,0.696118
1903,0.695923,0.695404,0.696063
1904,0.695862,0.695342,0.696003
1905,0.695835,0.695315,0.695976
1906,0.695747,0.695227,0.695888
1907,0.695662,0.695141,0.695803
1908,0.695637,0.695116,0.695779
1909,0.695573,0.695052,0.695714
1910,0.695493,0.694972,0.695635
1911,0.695459,0.694937,0.6956
1912,0.695401,0.694879,0.695542
1913,0.695345,0.694822,0.695486
1914,0.695318,0.694795,0.695459
1915,0.695243,0.69472,0.695384
1916,0.695224,0.6947,0.695365
1917,0.695142,0.694618,0.695283
1918,0.695072,0.694548,0.695213
1919,0.695026,0.694502,0.695167
1920,0.694941,0.694417,0.695082
1921,0.694913,0.694388,0.695054
1922,0.694842,0.694317,0.694982
1923,0.694784,0.694259,0.694924
1924,0.694743,0.694218,0.694883
1925,0.694698,0.694172,0.694838
1926,0.694674,0.694148,0.694813
1927,0.69461,0.694084,0.694749
1928,0.694521,0.693995,0.694661
1929,0.694466,0.693939,0.694605
1930,0.694422,0.693895,0.694561
1931,0.694381,0.693854,0.694519
1932,0.694348,0.69382,0.694486
1933,0.694271,0.693743,0.694408
1934,0.694244,0.693716,0.694381
1935,0.694213,0.693685,0.694351
1936,0.694133,0.693605,0.694271
1937,0.694085,0.693556,0.694222
1938,0.693997,0.693467,0.694133
1939,0.693965,0.693436,0.694102
1940,0.693922,0.693392,0.694058
1941,0.693863,0.693333,0.693999
1942,0.693837,0.693307,0.693972
1943,0.693774,0.693244,0.693909
1944,0.693701,0.693171,0.693836
1945,0.693674,0.693143,0.693808
1946,0.69365,0.693119,0.693784
1947,0.693594,0.693062,0.693728
1948,0.693541,0.693009,0.693675
1949,0.693521,0.692989,0.693655
1950,0.693464,0.692932,0.693599
1951,0.69338,0.692847,0.693514
1952,0.693351,0.692818,0.693485
1953,0.693321,0.692788,0.693455
1954,0.693232,0.692699,0.693367
1955,0.693185,0.692652,0.69332
1956,0.693161,0.692628,0.693296
1957,0.693127,0.692593,0.693262
1958,0.693097,0.692563,0.693233
1959,0.693032,0.692498,0.693168
1960,0.692992,0.692457,0.693128
1961,0.692959,0.692425,0.693096
1962,0.692901,0.692366,0.693039
1963,0.692835,0.6923,0.692973
1964,0.692779,0.692244,0.692918
1965,0.692736,0.6922,0.692875
1966,0.69266,0.692124,0.6928
1967,0.692607,0.692071,0.692747
1968,0.69257,0.692034,0.692711
1969,0.692486,0.691949,0.692627
1970,0.692437,0.6919,0.692578
1971,0.692369,0.691832,0.69251
1972,0.692289,0.691751,0.69243
1973,0.692254,0.691716,0.692394
1974,0.692224,0.691685,0.692364
1975,0.692189,0.69165,0.69233
1976,0.692103,0.691564,0.692244
1977,0.692077,0.691538,0.692219
1978,0.692057,0.691518,0.692199
1979,0.691994,0.691455,0.692137
1980,0.691947,0.691407,0.69209
1981,0.691886,0.691346,0.69203
1982,0.691808,0.691267,0.691952
1983,0.691718,0.691177,0.691862
1984,0.691681,0.69114,0.691825
1985,0.69164,0.691099,0.691785
1986,0.691599,0.691058,0.691744
1987,0.691533,0.690991,0.691679
1988,0.69147,0.690928,0.691616
1989,0.691428,0.690886,0.691575
1990,0.691372,0.690829,0.691519
1991,0.691303,0.690761,0.691451
1992,0.691238,0.690694,0.691386
1993,0.691177,0.690634,0.691326
1994,0.691137,0.690594,0.691286
1995,0.691068,0.690524,0.691217
1996,0.691041,0.690497,0.69119
1997,0.690985,0.69044,0.691135
1998,0.690915,0.69037,0.691066
1999,0.690859,0.690313,0.69101
2000,0.690796,0.69025,0.690948
2001,0.690738,0.690192,0.69089
2002,0.690693,0.690147,0.690846
2003,0.690647,0.690101,0.690801
2004,0.690592,0.690046,0.690747
2005,0.690524,0.689977,0.690679
2006,0.690456,0.689909,0.690612
2007,0.690399,0.689852,0.690557
2008,0.690312,0.689765,0.69047
2009,0.690255,0.689707,0.690413
2010,0.690186,0.689637,0.690345
2011,0.690101,0.689553,0.690261
2012,0.690029,0.68948,0.690189
2013,0.689944,0.689395,0.690104
2014,0.689909,0.689359,0.690069
2015,0.689817,0.689267,0.689978
2016,0.689784,0.689233,0.689944
2017,0.689719,0.689168,0.689879
2018,0.689631,0.68908,0.689792
2019,0.689555,0.689003,0.689715
2020,0.689486,0.688934,0.689647
2021,0.689424,0.688872,0.689584
2022,0.689373,0.68882,0.689533
2023,0.689283,0.688731,0.689443
2024,0.689212,0.688659,0.689372
2025,0.689189,0.688636,0.689348
2026,0.689128,0.688575,0.689287
2027,0.689084,0.68853,0.689243
2028,0.68905,0.688496,0.689209
2029,0.688967,0.688413,0.689126
2030,0.688878,0.688323,0.689037
2031,0.688791,0.688236,0.68895
2032,0.688745,0.68819,0.688904
2033,0.688673,0.688117,0.688831
2034,0.68865,0.688094,0.688808
2035,0.688595,0.688039,0.688753
2036,0.68853,0.687973,0.688687
2037,0.688484,0.687927,0.688641
2038,0.688445,0.687887,0.688603
2039,0.688368,0.687811,0.688527
2040,0.688292,0.687734,0.688451
2041,0.688216,0.687658,0.688375
2042,0.688128,0.68757,0.688287
2043,0.6881,0.687541,0.688258
2044,0.688042,0.687482,0.6882
2045,0.688014,0.687455,0.688172
2046,0.687948,0.687388,0.688106
2047,0.687861,0.687301,0.68802
2048,0.687793,0.687232,0.687951
2049,0.687706,0.687145,0.687864
2050,0.687627,0.687066,0.687785
2051,0.687555,0.686994,0.687712
2052,0.687519,0.686957,0.687675
2053,0.687473,0.686911,0.687629
2054,0.687414,0.686851,0.687569
2055,0.687333,0.68677,0.687488
2056,0.687256,0.686693,0.687411
2057,0.687235,0.686671,0.687389
2058,0.687156,0.686592,0.68731
2059,0.687118,0.686554,0.687272
2060,0.687059,0.686495,0.687212
2061,0.68701,0.686446,0.687163
2062,0.686927,0.686362,0.687079
2063,0.68688,0.686315,0.687031
2064,0.686847,0.686282,0.686999
2065,0.686786,0.686221,0.686938
2066,0.686756,0.68619,0.686907
2067,0.686666,0.6861,0.686817
2068,0.686622,0.686056,0.686773
2069,0.686601,0.686035,0.686753
2070,0.686515,0.685948,0.686666
2071,0.686488,0.685921,0.686639
2072,0.686404,0.685837,0.686555
2073,0.68633,0.685763,0.686482
2074,0.686309,0.685741,0.68646
2075,0.686233,0.685665,0.686385
2076,0.686155,0.685586,0.686306
2077,0.686125,0.685557,0.686276
2078,0.686098,0.685529,0.686249
2079,0.686062,0.685493,0.686214
2080,0.686003,0.685434,0.686155
2081,0.685913,0.685343,0.686066
2082,0.685886,0.685316,0.686039
2083,0.685797,0.685227,0.68595
2084,0.685719,0.685148,0.685873
2085,0.685689,0.685118,0.685843
2086,0.685599,0.685028,0.685753
2087,0.685531,0.684959,0.685685
2088,0.685447,0.684875,0.685601
2089,0.685374,0.684801,0.685527
2090,0.685353,0.68478,0.685506
2091,0.68531,0.684737,0.685463
2092,0.685253,0.68468,0.685407
2093,0.685195,0.684621,0.685349
2094,0.68513,0.684556,0.685284
2095,0.685045,0.684471,0.685199
2096,0.68501,0.684436,0.685164
2097,0.68493,0.684356,0.685084
2098,0.684841,0.684266,0.684995
2099,0.684817,0.684241,0.68497
2100,0.684765,0.684189,0.684918
2101,0.684713,0.684138,0.684867
2102,0.684678,0.684102,0.684831
2103,0.68462,0.684044,0.684774
2104,0.684573,0.683996,0.684727
2105,0.684497,0.68392,0.684651
2106,0.684413,0.683836,0.684568
2107,0.684339,0.683762,0.684494
2108,0.684294,0.683716,0.684449
2109,0.684206,0.683628,0.68436
2110,0.684165,0.683587,0.684319
2111,0.684079,0.6835,0.684233
2112,0.684033,0.683454,0.684186
2113,0.683963,0.683383,0.684116
2114,0.683918,0.683338,0.684071
2115,0.683832,0.683252,0.683984
2116,0.683761,0.683181,0.683913
2117,0.683715,0.683134,0.683867
2118,0.683633,0.683052,0.683784
2119,0.683549,0.682968,0.683699
2120,0.683478,0.682896,0.683627
2121,0.68344,0.682858,0.683588
2122,0.6834,0.682818,0.683547
2123,0.683351,0.682768,0.683497
2124,0.683306,0.682724,0.683452
2125,0.683267,0.682684,0.683412
2126,0.683236,0.682653,0.68338
2127,0.683199,0.682615,0.683343
2128,0.683147,0.682564,0.683291
2129,0.683108,0.682525,0.683253
2130,0.683067,0.682483,0.683212
2131,0.682981,0.682397,0.683126
2132,0.682892,0.682307,0.683036
2133,0.682865,0.68228,0.683009
2134,0.682803,0.682218,0.682947
2135,0.682771,0.682186,0.682915
2136,0.682746,0.68216,0.68289
2137,0.682684,0.682098,0.682828
2138,0.682592,0.682005,0.682736
2139,0.682545,0.681958,0.682689
2140,0.682467,0.68188,0.682611
2141,0.682428,0.681841,0.682572
2142,0.682356,0.681768,0.6825
2143,0.68232,0.681732,0.682463
2144,0.682277,0.681689,0.68242
2145,0.682255,0.681667,0.682398
2146,0.682206,0.681618,0.68235
2147,0.682141,0.681553,0.682286
2148,0.682085,0.681496,0.68223
2149,0.682062,0.681473,0.682208
2150,0.681986,0.681396,0.682131
2151,0.681902,0.681312,0.682048
2152,0.681836,0.681246,0.681982
2153,0.681748,0.681157,0.681894
2154,0.68169,0.681099,0.681836
2155,0.681613,0.681022,0.681759
2156,0.681551,0.68096,0.681696
2157,0.681509,0.680917,0.681653
2158,0.681444,0.680852,0.681588
2159,0.681409,0.680817,0.681553
2160,0.681354,0.680761,0.681497
2161,0.681305,0.680712,0.681449
2162,0.681257,0.680664,0.6814
2163,0.681185,0.680591,0.681328
2164,0.681148,0.680555,0.681291
2165,0.681102,0.680508,0.681244
2166,0.681026,0.680432,0.681169
2167,0.680987,0.680392,0.681129
2168,0.680933,0.680338,0.681076
2169,0.680903,0.680308,0.681045
2170,0.680816,0.68022,0.680958
2171,0.680737,0.680141,0.680879
2172,0.680664,0.680068,0.680806
2173,0.680597,0.680001,0.680738
2174,0.680557,0.67996,0.680697
2175,0.680516,0.679919,0.680656
2176,0.680453,0.679856,0.680593
2177,0.680432,0.679835,0.680571
2178,0.680377,0.679779,0.680515
2179,0.680299,0.679701,0.680438
2180,0.680236,0.679638,0.680374
2181,0.680198,0.6796,0.680336
2182,0.680179,0.67958,0.680316
2183,0.680151,0.679552,0.680288
2184,0.680104,0.679505,0.680241
2185,0.680031,0.679432,0.680169
2186,0.680012,0.679412,0.680149
2187,0.679922,0.679322,0.680059
2188,0.679883,0.679283,0.680021
2189,0.679815,0.679215,0.679952
2190,0.679788,0.679187,0.679925
2191,0.679756,0.679156,0.679894
2192,0.679687,0.679087,0.679825
2193,0.679635,0.679034,0.679773
2194,0.679586,0.678984,0.679724
2195,0.679508,0.678906,0.679646
2196,0.679454,0.678852,0.679592
2197,0.6794,0.678798,0.679538
2198,0.679374,0.678772,0.679512
2199,0.679339,0.678737,0.679478
2200,0.679308,0.678705,0.679447
2201,0.679277,0.678674,0.679417
2202,0.679255,0.678652,0.679396
2203,0.679164,0.678561,0.679306
2204,0.679095,0.678491,0.679238
2205,0.679036,0.678432,0.67918
2206,0.678995,0.678391,0.67914
2207,0.678918,0.678313,0.679063
2208,0.67884,0.678234,0.678986
2209,0.678778,0.678173,0.678925
2210,0.678687,0.678082,0.678835
2211,0.678616,0.678009,0.678763
2212,0.678561,0.677955,0.678709
2213,0.678491,0.677884,0.678639
2214,0.678415,0.677808,0.678563
2215,0.678358,0.67775,0.678505
2216,0.678283,0.677675,0.67843
2217,0.678222,0.677614,0.678369
2218,0.678193,0.677585,0.67834
2219,0.678153,0.677545,0.6783
2220,0.678076,0.677467,0.678222
2221,0.678002,0.677393,0.678149
2222,0.677919,0.67731,0.678065
2223,0.677859,0.677249,0.678004
2224,0.677831,0.677221,0.677976
2225,0.677754,0.677144,0.677899
2226,0.677689,0.677078,0.677833
2227,0.677616,0.677005,0.677759
2228,0.677572,0.67696,0.677714
2229,0.677545,0.676934,0.677688
2230,0.677508,0.676897,0.677651
2231,0.677463,0.676851,0.677605
2232,0.677416,0.676804,0.677558
2233,0.677394,0.676782,0.677536
2234,0.67736,0.676747,0.677502
2235,0.677302,0.676689,0.677445
2236,0.67725,0.676637,0.677394
2237,0.677187,0.676574,0.677332
2238,0.677113,0.676499,0.677258
2239,0.677056,0.676442,0.677202
2240,0.676984,0.67637,0.67713
2241,0.676917,0.676302,0.677063
2242,0.676843,0.676227,0.676989
2243,0.676781,0.676165,0.676927
2244,0.676731,0.676116,0.676877
2245,0.676678,0.676062,0.676824
2246,0.676597,0.675981,0.676743
2247,0.676518,0.675901,0.676663
2248,0.676473,0.675856,0.676618
2249,0.676404,0.675787,0.676549
2250,0.67638,0.675763,0.676525
2251,0.676311,0.675693,0.676456
2252,0.676248,0.67563,0.676392
2253,0.676166,0.675547,0.67631
2254,0.676101,0.675483,0.676245
2255,0.676072,0.675453,0.676215
2256,0.676021,0.675402,0.676164
2257,0.675957,0.675338,0.6761
2258,0.67592,0.6753,0.676062
2259,0.675847,0.675226,0.675988
2260,0.675789,0.675168,0.67593
2261,0.675735,0.675115,0.675876
2262,0.675648,0.675027,0.675789
2263,0.6756,0.674978,0.67574
2264,0.675556,0.674935,0.675696
2265,0.675513,0.674891,0.675652
2266,0.675487,0.674865,0.675625
2267,0.675416,0.674793,0.675554
2268,0.675343,0.674721,0.675481
2269,0.675305,0.674682,0.675442
2270,0.67524,0.674617,0.675378
2271,0.67515,0.674527,0.675287
2272,0.675117,0.674494,0.675253
2273,0.675069,0.674445,0.675204
2274,0.67503,0.674406,0.675165
2275,0.674994,0.67437,0.675128
2276,0.674966,0.674341,0.6751
2277,0.674897,0.674272,0.675031
2278,0.674853,0.674228,0.674987
2279,0.674822,0.674196,0.674955
2280,0.674799,0.674174,0.674933
2281,0.674745,0.674119,0.674879
2282,0.674693,0.674067,0.674827
2283,0.674647,0.674021,0.674782
2284,0.674565,0.673938,0.6747
2285,0.674546,0.67392,0.674681
2286,0.6745,0.673873,0.674635
2287,0.674424,0.673797,0.67456
2288,0.674391,0.673764,0.674527
2289,0.674358,0.673731,0.674495
2290,0.674329,0.673701,0.674466
2291,0.674254,0.673626,0.674392
2292,0.674202,0.673573,0.67434
2293,0.674174,0.673545,0.674313
2294,0.674097,0.673468,0.674237
2295,0.674007,0.673378,0.674148
2296,0.673943,0.673314,0.674085
2297,0.673866,0.673236,0.674008
2298,0.673843,0.673213,0.673985
2299,0.673774,0.673143,0.673916
2300,0.673699,0.673068,0.673842
2301,0.673607,0.672975,0.673749
2302,0.673578,0.672947,0.673721
2303,0.673538,0.672907,0.673681
2304,0.673454,0.672821,0.673597
2305,0.673367,0.672734,0.673509
2306,0.673326,0.672693,0.673469
2307,0.673244,0.672611,0.673387
2308,0.673188,0.672555,0.67333
2309,0.673131,0.672497,0.673272
2310,0.673058,0.672424,0.673199
2311,0.672977,0.672342,0.673117
2312,0.672932,0.672298,0.673072
2313,0.672882,0.672247,0.673021
2314,0.672851,0.672216,0.672989
2315,0.67282,0.672184,0.672957
2316,0.672762,0.672126,0.672899
2317,0.672681,0.672045,0.672818
2318,0.672612,0.671976,0.672749
2319,0.672568,0.671932,0.672704
2320,0.672528,0.671892,0.672663
2321,0.672444,0.671807,0.672579
2322,0.672372,0.671735,0.672505
2323,0.672351,0.671713,0.672483
2324,0.6723,0.671663,0.672432
2325,0.672228,0.671589,0.672358
2326,0.672169,0.67153,0.672299
2327,0.672146,0.671507,0.672274
2328,0.672122,0.671484,0.67225
2329,0.672082,0.671443,0.672209
2330,0.672045,0.671405,0.672171
2331,0.672025,0.671385,0.672151
2332,0.672,0.671361,0.672126
2333,0.67198,0.67134,0.672106
2334,0.671943,0.671303,0.67207
2335,0.671924,0.671284,0.672051
2336,0.671862,0.671222,0.671991
2337,0.671831,0.671191,0.67196
2338,0.67177,0.67113,0.6719
2339,0.671706,0.671065,0.671837
2340,0.671679,0.671038,0.671811
2341,0.671653,0.671011,0.671785
2342,0.671618,0.670977,0.671752
2343,0.67153,0.670888,0.671665
2344,0.671476,0.670834,0.671612
2345,0.671397,0.670754,0.671534
2346,0.671332,0.670689,0.67147
2347,0.67128,0.670637,0.671418
2348,0.671248,0.670605,0.671387
2349,0.671172,0.670528,0.671312
2350,0.671151,0.670507,0.671292
2351,0.671064,0.67042,0.671206
2352,0.67098,0.670335,0.671122
2353,0.670912,0.670267,0.671056
2354,0.670822,0.670176,0.670965
2355,0.670767,0.670121,0.670911
2356,0.670696,0.67005,0.670841
2357,0.670642,0.669996,0.670786
2358,0.670577,0.669931,0.670722
2359,0.670504,0.669857,0.670649
2360,0.670469,0.669822,0.670614
2361,0.670441,0.669794,0.670586
2362,0.670396,0.669749,0.670542
2363,0.670304,0.669656,0.67045
2364,0.67027,0.669622,0.670417
2365,0.670183,0.669534,0.67033
2366,0.670118,0.669469,0.670265
2367,0.670042,0.669393,0.670189
2368,0.670017,0.669368,0.670165
2369,0.669946,0.669297,0.670094
2370,0.669855,0.669205,0.670003
2371,0.669773,0.669123,0.669921
2372,0.669693,0.669042,0.66984
2373,0.669635,0.668984,0.669782
2374,0.669612,0.668961,0.669759
2375,0.669591,0.668939,0.669738
2376,0.669504,0.668852,0.669652
2377,0.669412,0.66876,0.669559
2378,0.66932,0.668667,0.669467
2379,0.669233,0.66858,0.66938
2380,0.669182,0.668529,0.669328
2381,0.669121,0.668467,0.669266
2382,0.6691,0.668446,0.669244
2383,0.669041,0.668387,0.669184
2384,0.668979,0.668325,0.669122
2385,0.668951,0.668296,0.669094
2386,0.668927,0.668273,0.66907
2387,0.668858,0.668203,0.669001
2388,0.66882,0.668165,0.668962
2389,0.668739,0.668083,0.668881
2390,0.668707,0.668051,0.668849
2391,0.668616,0.66796,0.668759
2392,0.668568,0.667912,0.66871
2393,0.668488,0.667831,0.66863
2394,0.668413,0.667756,0.668555
2395,0.668368,0.66771,0.668509
2396,0.668307,0.66765,0.668448
2397,0.668265,0.667607,0.668405
2398,0.668203,0.667544,0.668342
2399,0.668117,0.667458,0.668256
2400,0.668076,0.667417,0.668214
2401,0.668056,0.667397,0.668194
2402,0.668002,0.667343,0.66814
2403,0.667946,0.667286,0.668083
2404,0.667902,0.667242,0.668039
2405,0.667835,0.667175,0.667972
2406,0.667807,0.667147,0.667944
2407,0.667766,0.667106,0.667903
2408,0.667677,0.667016,0.667814
2409,0.667638,0.666977,0.667774
2410,0.667603,0.666942,0.667739
2411,0.667558,0.666896,0.667694
2412,0.667526,0.666864,0.667662
2413,0.66745,0.666788,0.667587
2414,0.667422,0.66676,0.667559
2415,0.667392,0.666729,0.667529
2416,0.667372,0.666709,0.66751
2417,0.667314,0.666651,0.667454
2418,0.667248,0.666585,0.667388
2419,0.667187,0.666524,0.667329
2420,0.667095,0.666431,0.667237
2421,0.667012,0.666348,0.667154
2422,0.666922,0.666257,0.667064
2423,0.666843,0.666177,0.666985
2424,0.666786,0.66612,0.666928
2425,0.666697,0.666031,0.666839
2426,0.666643,0.665977,0.666784
2427,0.666558,0.665892,0.666699
2428,0.666521,0.665855,0.666661
2429,0.66649,0.665823,0.666629
2430,0.666434,0.665767,0.666573
2431,0.666396,0.665729,0.666534
2432,0.666366,0.665699,0.666504
2433,0.666292,0.665624,0.66643
2434,0.666201,0.665533,0.666339
2435,0.666146,0.665478,0.666283
2436,0.6661,0.665431,0.666236
2437,0.666033,0.665364,0.666169
2438,0.66601,0.665341,0.666146
2439,0.665945,0.665275,0.66608
2440,0.66589,0.665221,0.666025
2441,0.665838,0.665168,0.665972
2442,0.665772,0.665101,0.665905
2443,0.665722,0.665051,0.665855
2444,0.665635,0.664963,0.665766
2445,0.665606,0.664934,0.665737
2446,0.665585,0.664913,0.665715
2447,0.665541,0.664869,0.665671
2448,0.66551,0.664838,0.665639
2449,0.665433,0.664761,0.665562
2450,0.665405,0.664733,0.665534
2451,0.665367,0.664694,0.665495
2452,0.665318,0.664645,0.665447
2453,0.665274,0.664601,0.665402
2454,0.665189,0.664516,0.665317
2455,0.665141,0.664467,0.665269
2456,0.665083,0.664409,0.66521
2457,0.665042,0.664368,0.665169
2458,0.664992,0.664318,0.665119
2459,0.664942,0.664268,0.665069
2460,0.6649,0.664226,0.665026
2461,0.664866,0.664191,0.664992
2462,0.664806,0.66413,0.664931
2463,0.664777,0.664101,0.664902
2464,0.664729,0.664054,0.664855
2465,0.664678,0.664002,0.664803
2466,0.664635,0.663959,0.66476
2467,0.664589,0.663913,0.664715
2468,0.664509,0.663832,0.664634
2469,0.66444,0.663763,0.664565
2470,0.664408,0.663731,0.664532
2471,0.664386,0.663709,0.664511
2472,0.664364,0.663686,0.664488
2473,0.664323,0.663645,0.664448
2474,0.664293,0.663615,0.664418
2475,0.66425,0.663572,0.664376
2476,0.664181,0.663503,0.664307
2477,0.664097,0.663419,0.664224
2478,0.664014,0.663335,0.66414
2479,0.663981,0.663302,0.664107
2480,0.663914,0.663234,0.66404
2481,0.663885,0.663205,0.664011
2482,0.663862,0.663182,0.663988
2483,0.663829,0.663149,0.663956
2484,0.663759,0.663078,0.663886
2485,0.663705,0.663025,0.663833
2486,0.663676,0.662995,0.663804
2487,0.663637,0.662956,0.663766
2488,0.663549,0.662868,0.663678
2489,0.663466,0.662784,0.663596
2490,0.663394,0.662712,0.663523
2491,0.663347,0.662665,0.663477
2492,0.663267,0.662584,0.663396
2493,0.66322,0.662537,0.663348
2494,0.663167,0.662484,0.663295
2495,0.663138,0.662455,0.663266
2496,0.663116,0.662433,0.663244
2497,0.663059,0.662375,0.663187
2498,0.663015,0.662331,0.663143
2499,0.662985,0.662301,0.663113
2500,0.662903,0.662218,0.663031
2501,0.66288,0.662195,0.663007
2502,0.662813,0.662127,0.662941
2503,0.662776,0.66209,0.662904
2504,0.662727,0.662042,0.662856
2505,0.662651,0.661965,0.66278
2506,0.662559,0.661872,0.662688
2507,0.662532,0.661845,0.66266
2508,0.662504,0.661817,0.662633
2509,0.662424,0.661737,0.662553
2510,0.662374,0.661686,0.662502
2511,0.662337,0.661649,0.662465
2512,0.662318,0.66163,0.662447
2513,0.66224,0.661552,0.662369
2514,0.662218,0.661529,0.662347
2515,0.662192,0.661503,0.662322
2516,0.66211,0.661421,0.662241
2517,0.662056,0.661367,0.662187
2518,0.661964,0.661275,0.662096
2519,0.661919,0.661229,0.66205
2520,0.661875,0.661185,0.662007
2521,0.661794,0.661103,0.661926
2522,0.661742,0.661052,0.661875
2523,0.661696,0.661005,0.661828
2524,0.661652,0.66096,0.661784
2525,0.661626,0.660935,0.661759
2526,0.661585,0.660894,0.661719
2527,0.661549,0.660857,0.661683
2528,0.661457,0.660765,0.661592
2529,0.661384,0.660692,0.66152
2530,0.661343,0.66065,0.661478
2531,0.661294,0.660601,0.66143
2532,0.661234,0.660541,0.661371
2533,0.661161,0.660468,0.661298
2534,0.66112,0.660426,0.661257
2535,0.661083,0.660389,0.661221
2536,0.661003,0.660309,0.661142
2537,0.660947,0.660253,0.661087
2538,0.660866,0.660171,0.661005
2539,0.660796,0.6601,0.660935
2540,0.660738,0.660042,0.660878
2541,0.660685,0.659989,0.660826
2542,0.660606,0.65991,0.660746
2543,0.660543,0.659846,0.660683
2544,0.660451,0.659754,0.660591
2545,0.66041,0.659713,0.66055
2546,0.660325,0.659627,0.660464
2547,0.660303,0.659605,0.660442
2548,0.660257,0.659559,0.660395
2549,0.660231,0.659532,0.660369
2550,0.660209,0.65951,0.660348
2551,0.660149,0.659451,0.660289
2552,0.660062,0.659363,0.660202
2553,0.660002,0.659303,0.660143
2554,0.659916,0.659216,0.660056
2555,0.659834,0.659134,0.659975
2556,0.659787,0.659086,0.659927
2557,0.659761,0.65906,0.659901
2558,0.659672,0.658971,0.659812
2559,0.659621,0.65892,0.659761
2560,0.659557,0.658855,0.659697
2561,0.659471,0.658769,0.659611
2562,0.659413,0.65871,0.659552
2563,0.659333,0.65863,0.659471
2564,0.659309,0.658606,0.659447
2565,0.659266,0.658563,0.659404
2566,0.65923,0.658526,0.659367
2567,0.659174,0.65847,0.659311
2568,0.659127,0.658423,0.659264
2569,0.659053,0.658349,0.65919
2570,0.658989,0.658285,0.659127
2571,0.658957,0.658253,0.659095
2572,0.6589,0.658196,0.659038
2573,0.658812,0.658107,0.658949
2574,0.658792,0.658087,0.658929
2575,0.65873,0.658025,0.658868
2576,0.658643,0.657937,0.658781
2577,0.6586,0.657893,0.658737
2578,0.658541,0.657834,0.658677
2579,0.658467,0.65776,0.658603
2580,0.658439,0.657732,0.658575
2581,0.658415,0.657708,0.658551
2582,0.658336,0.657629,0.658473
2583,0.658253,0.657545,0.658389
2584,0.658201,0.657493,0.658338
2585,0.65816,0.657451,0.658296
2586,0.65813,0.657422,0.658266
2587,0.658046,0.657337,0.658182
2588,0.657987,0.657278,0.658123
2589,0.657963,0.657254,0.658099
2590,0.657902,0.657192,0.658038
2591,0.657818,0.657108,0.657955
2592,0.657766,0.657056,0.657903
2593,0.657745,0.657034,0.657882
2594,0.657657,0.656946,0.657794
2595,0.657573,0.656861,0.657709
2596,0.657542,0.656831,0.657678
2597,0.65749,0.656778,0.657626
2598,0.657403,0.65669,0.657539
2599,0.657321,0.656608,0.657456
2600,0.657268,0.656555,0.657402
2601,0.65722,0.656506,0.657354
2602,0.657173,0.65646,0.657307
2603,0.657138,0.656425,0.657271
2604,0.657088,0.656374,0.65722
2605,0.657044,0.65633,0.657176
2606,0.656963,0.656249,0.657095
2607,0.656933,0.656218,0.657065
2608,0.656904,0.656189,0.657036
2609,0.656854,0.656138,0.656986
2610,0.656784,0.656069,0.656916
2611,0.656736,0.656021,0.656868
2612,0.656712,0.655997,0.656845
2613,0.656641,0.655925,0.656774
2614,0.65662,0.655904,0.656753
2615,0.656561,0.655845,0.656695
2616,0.65649,0.655773,0.656623
2617,0.656448,0.655731,0.656582
2618,0.656398,0.65568,0.656532
2619,0.656328,0.65561,0.656462
2620,0.656252,0.655534,0.656388
2621,0.656184,0.655465,0.656319
2622,0.656138,0.655419,0.656273
2623,0.656119,0.6554,0.656255
2624,0.656028,0.655309,0.656164
2625,0.655982,0.655262,0.656118
2626,0.655918,0.655199,0.656055
2627,0.655888,0.655168,0.656024
2628,0.655806,0.655085,0.655942
2629,0.655737,0.655016,0.655874
2630,0.65565,0.654929,0.655786
2631,0.655576,0.654855,0.655712
2632,0.655534,0.654812,0.655669
2633,0.655451,0.654729,0.655586
2634,0.655431,0.654709,0.655566
2635,0.655378,0.654655,0.655512
2636,0.655319,0.654596,0.655453
2637,0.655249,0.654526,0.655383
2638,0.655224,0.654501,0.655357
2639,0.655169,0.654445,0.655302
2640,0.655082,0.654358,0.655215
2641,0.655052,0.654328,0.655184
2642,0.655013,0.654289,0.655145
2643,0.654977,0.654253,0.655109
2644,0.654925,0.654201,0.655057
2645,0.654844,0.654119,0.654976
2646,0.654802,0.654077,0.654934
2647,0.654753,0.654027,0.654884
2648,0.654732,0.654006,0.654863
2649,0.654671,0.653945,0.654803
2650,0.654598,0.653871,0.65473
2651,0.654568,0.653841,0.6547
2652,0.654529,0.653802,0.654661
2653,0.654492,0.653765,0.654625
2654,0.654417,0.65369,0.65455
2655,0.654343,0.653616,0.654477
2656,0.65432,0.653592,0.654454
2657,0.654237,0.653509,0.654372
2658,0.654152,0.653424,0.654287
2659,0.654074,0.653345,0.654208
2660,0.654041,0.653312,0.654175
2661,0.653963,0.653234,0.654097
2662,0.65391,0.65318,0.654044
2663,0.653847,0.653117,0.653981
2664,0.653769,0.653038,0.653902
2665,0.653732,0.653001,0.653865
2666,0.653665,0.652934,0.653797
2667,0.653646,0.652915,0.653778
2668,0.653596,0.652865,0.653728
2669,0.653553,0.652821,0.653684
2670,0.653491,0.652759,0.653623
2671,0.653434,0.652702,0.653566
2672,0.653387,0.652654,0.653518
2673,0.653335,0.652602,0.653467
2674,0.653257,0.652523,0.653388
2675,0.653212,0.652479,0.653343
2676,0.653184,0.652451,0.653315
2677,0.653094,0.65236,0.653225
2678,0.65301,0.652275,0.65314
2679,0.652927,0.652192,0.653057
2680,0.652873,0.652138,0.653002
2681,0.652824,0.652089,0.652952
2682,0.652769,0.652034,0.652896
2683,0.652721,0.651985,0.652847
2684,0.652686,0.65195,0.652811
2685,0.652639,0.651903,0.652763
2686,0.652609,0.651873,0.652733
2687,0.652564,0.651828,0.652687
2688,0.652539,0.651802,0.652661
2689,0.652488,0.651751,0.652611
2690,0.652465,0.651728,0.652587
2691,0.652392,0.651655,0.652514
2692,0.652354,0.651617,0.652476
2693,0.652311,0.651574,0.652433
2694,0.652289,0.651552,0.652411
2695,0.652221,0.651483,0.652343
2696,0.652144,0.651405,0.652266
2697,0.652076,0.651337,0.652198
2698,0.652057,0.651318,0.652178
2699,0.652029,0.65129,0.652151
2700,0.651983,0.651244,0.652105
2701,0.651897,0.651158,0.652019
2702,0.651825,0.651085,0.651946
2703,0.651797,0.651057,0.651918
2704,0.651744,0.651003,0.651865
2705,0.65166,0.650919,0.65178
2706,0.6516,0.650859,0.65172
2707,0.651538,0.650796,0.651657
2708,0.651498,0.650756,0.651616
2709,0.651464,0.650722,0.651581
2710,0.651419,0.650677,0.651535
2711,0.651383,0.650641,0.651498
2712,0.651351,0.650608,0.651466
2713,0.651271,0.650528,0.651385
2714,0.651231,0.650488,0.651345
2715,0.651206,0.650463,0.651319
2716,0.65117,0.650426,0.651282
2717,0.651141,0.650398,0.651253
2718,0.651118,0.650374,0.651229
2719,0.651075,0.650331,0.651187
2720,0.651044,0.6503,0.651155
2721,0.651017,0.650273,0.651128
2722,0.650983,0.650238,0.651094
2723,0.650945,0.650201,0.651057
2724,0.650882,0.650137,0.650995
2725,0.650841,0.650096,0.650954
2726,0.650809,0.650064,0.650922
2727,0.650786,0.650041,0.6509
2728,0.650745,0.649999,0.650859
2729,0.65066,0.649914,0.650775
2730,0.650582,0.649835,0.650697
2731,0.650507,0.64976,0.650622
2732,0.650451,0.649704,0.650566
2733,0.650428,0.649681,0.650542
2734,0.650382,0.649635,0.650497
2735,0.650328,0.64958,0.650442
2736,0.650251,0.649503,0.650365
2737,0.65021,0.649461,0.650323
2738,0.650174,0.649425,0.650287
2739,0.650142,0.649393,0.650255
2740,0.650123,0.649374,0.650236
2741,0.65009,0.649341,0.650204
2742,0.650068,0.649319,0.650182
2743,0.650005,0.649256,0.65012
2744,0.64994,0.64919,0.650055
2745,0.649918,0.649168,0.650034
2746,0.649846,0.649096,0.649962
2747,0.649775,0.649024,0.649891
2748,0.649753,0.649003,0.64987
2749,0.649682,0.648931,0.649798
2750,0.649654,0.648903,0.649771
2751,0.649578,0.648827,0.649695
2752,0.649543,0.648791,0.64966
2753,0.649478,0.648726,0.649596
2754,0.649443,0.648691,0.64956
2755,0.649418,0.648666,0.649536
2756,0.649328,0.648575,0.649446
2757,0.649307,0.648554,0.649425
2758,0.649287,0.648534,0.649406
2759,0.649253,0.6485,0.649373
2760,0.649187,0.648434,0.649308
2761,0.649108,0.648354,0.649229
2762,0.64907,0.648316,0.649192
2763,0.649029,0.648275,0.649151
2764,0.648953,0.648199,0.649076
2765,0.64891,0.648155,0.649033
2766,0.648846,0.648091,0.64897
2767,0.648815,0.648059,0.648939
2768,0.648764,0.648008,0.648888
2769,0.648697,0.647941,0.648822
2770,0.648664,0.647908,0.648789
2771,0.64858,0.647824,0.648706
2772,0.648528,0.647771,0.648654
2773,0.648475,0.647718,0.648602
2774,0.648433,0.647676,0.64856
2775,0.648363,0.647606,0.648492
2776,0.648306,0.647548,0.648434
2777,0.64825,0.647492,0.648378
2778,0.648228,0.647469,0.648357
2779,0.648141,0.647382,0.648271
2780,0.648101,0.647342,0.648231
2781,0.648081,0.647322,0.648212
2782,0.648012,0.647253,0.648144
2783,0.647921,0.647161,0.648054
2784,0.64785,0.64709,0.647983
2785,0.647774,0.647013,0.647907
2786,0.647707,0.646946,0.64784
2787,0.647637,0.646876,0.64777
2788,0.647565,0.646803,0.647698
2789,0.647488,0.646726,0.64762
2790,0.647407,0.646644,0.647539
2791,0.647358,0.646595,0.647489
2792,0.647331,0.646569,0.647462
2793,0.647306,0.646543,0.647436
2794,0.647279,0.646516,0.647409
2795,0.647188,0.646425,0.647318
2796,0.647099,0.646335,0.647229
2797,0.647062,0.646298,0.647191
2798,0.64701,0.646245,0.647139
2799,0.646983,0.646218,0.647112
2800,0.646947,0.646182,0.647076
2801,0.646903,0.646138,0.647032
2802,0.646833,0.646067,0.646962
2803,0.646802,0.646037,0.646932
2804,0.646719,0.645953,0.646848
2805,0.646627,0.645861,0.646757
2806,0.646589,0.645823,0.646718
2807,0.646511,0.645745,0.64664
2808,0.64647,0.645703,0.646598
2809,0.64645,0.645683,0.646578
2810,0.646408,0.645641,0.646537
2811,0.646333,0.645565,0.646461
2812,0.646303,0.645535,0.646431
2813,0.646254,0.645486,0.646383
2814,0.646218,0.64545,0.646347
2815,0.646159,0.64539,0.646288
2816,0.646115,0.645346,0.646245
2817,0.646047,0.645278,0.646177
2818,0.645985,0.645215,0.646115
2819,0.645932,0.645162,0.646062
2820,0.645856,0.645086,0.645987
2821,0.645818,0.645048,0.645949
2822,0.645782,0.645012,0.645914
2823,0.645729,0.644958,0.645861
2824,0.64568,0.644909,0.645812
2825,0.645592,0.644821,0.645725
2826,0.645515,0.644743,0.645647
2827,0.645457,0.644685,0.64559
2828,0.64541,0.644638,0.645543
2829,0.645371,0.644598,0.645504
2830,0.645329,0.644557,0.645463
2831,0.645238,0.644465,0.645372
2832,0.645182,0.644409,0.645316
2833,0.64516,0.644387,0.645294
2834,0.645075,0.644301,0.64521
2835,0.644989,0.644215,0.645124
2836,0.644927,0.644152,0.645061
2837,0.644839,0.644064,0.644973
2838,0.644811,0.644036,0.644945
2839,0.644772,0.643996,0.644905
2840,0.644735,0.643959,0.644868
2841,0.644699,0.643923,0.644832
2842,0.644618,0.643842,0.644752
2843,0.644572,0.643795,0.644706
2844,0.644521,0.643744,0.644655
2845,0.644496,0.643719,0.64463
2846,0.644452,0.643675,0.644587
2847,0.644385,0.643608,0.644521
2848,0.644331,0.643554,0.644468
2849,0.644296,0.643518,0.644433
2850,0.644223,0.643445,0.644362
2851,0.644176,0.643398,0.644315
2852,0.644099,0.64332,0.644239
2853,0.644013,0.643233,0.644153
2854,0.643932,0.643153,0.644073
2855,0.643865,0.643085,0.644006
2856,0.643802,0.643022,0.643943
2857,0.64377,0.642989,0.643912
2858,0.643682,0.642901,0.643824
2859,0.643607,0.642826,0.64375
2860,0.643528,0.642747,0.643671
2861,0.643443,0.642661,0.643585
2862,0.643371,0.642588,0.643512
2863,0.643325,0.642542,0.643466
2864,0.643251,0.642468,0.643392
2865,0.643208,0.642425,0.643348
2866,0.643177,0.642394,0.643318
2867,0.643101,0.642317,0.643241
2868,0.643071,0.642287,0.643212
2869,0.643002,0.642218,0.643143
2870,0.642923,0.642138,0.643064
2871,0.642861,0.642076,0.643001
2872,0.642803,0.642018,0.642943
2873,0.64275,0.641964,0.64289
2874,0.6427,0.641914,0.64284
2875,0.642623,0.641837,0.642763
2876,0.64258,0.641793,0.64272
2877,0.642517,0.64173,0.642657
2878,0.64244,0.641653,0.64258
2879,0.642368,0.64158,0.642508
2880,0.642322,0.641534,0.642461
2881,0.642276,0.641488,0.642415
2882,0.642224,0.641436,0.642363
2883,0.642154,0.641365,0.642293
2884,0.642065,0.641276,0.642204
2885,0.641998,0.641208,0.642136
2886,0.641924,0.641135,0.642062
2887,0.641891,0.641101,0.642028
2888,0.641839,0.641049,0.641976
2889,0.641781,0.640991,0.641918
2890,0.641748,0.640957,0.641884
2891,0.641707,0.640916,0.641843
2892,0.641618,0.640827,0.641755
2893,0.641565,0.640774,0.641701
2894,0.641518,0.640726,0.641654
2895,0.641445,0.640653,0.641581
2896,0.64138,0.640587,0.641515
2897,0.641358,0.640565,0.641493
2898,0.64127,0.640478,0.641406
2899,0.641205,0.640412,0.64134
2900,0.641114,0.64032,0.641248
2901,0.641066,0.640272,0.641199
2902,0.641012,0.640218,0.641145
2903,0.640941,0.640146,0.641073
2904,0.640918,0.640123,0.641049
2905,0.640855,0.64006,0.640986
2906,0.640787,0.639992,0.640917
2907,0.640759,0.639963,0.640888
2908,0.640712,0.639917,0.640841
2909,0.64067,0.639874,0.640798
2910,0.640589,0.639793,0.640717
2911,0.640562,0.639766,0.640689
2912,0.640524,0.639728,0.640651
2913,0.64044,0.639642,0.640566
2914,0.64038,0.639583,0.640506
2915,0.640343,0.639546,0.640469
2916,0.640311,0.639513,0.640435
2917,0.640272,0.639474,0.640397
2918,0.640211,0.639413,0.640336
2919,0.640159,0.639361,0.640283
2920,0.640123,0.639325,0.640247
2921,0.640052,0.639253,0.640176
2922,0.639985,0.639186,0.640108
2923,0.639902,0.639102,0.640024
2924,0.63988,0.63908,0.640001
2925,0.639837,0.639037,0.639959
2926,0.639785,0.638984,0.639905
2927,0.639757,0.638956,0.639877
2928,0.639734,0.638933,0.639854
2929,0.639692,0.638891,0.639812
2930,0.639646,0.638845,0.639767
2931,0.639584,0.638783,0.639704
2932,0.639507,0.638705,0.639627
2933,0.63943,0.638627,0.639549
2934,0.639381,0.638579,0.6395
2935,0.639359,0.638557,0.639478
2936,0.639336,0.638533,0.639454
2937,0.639302,0.638499,0.63942
2938,0.639221,0.638418,0.63934
2939,0.639197,0.638394,0.639315
2940,0.639159,0.638355,0.639277
2941,0.639131,0.638328,0.639249
2942,0.639106,0.638302,0.639224
2943,0.639048,0.638244,0.639167
2944,0.638958,0.638154,0.639077
2945,0.638933,0.638128,0.639052
2946,0.638852,0.638047,0.638972
2947,0.638794,0.637988,0.638913
2948,0.63874,0.637934,0.63886
2949,0.638681,0.637875,0.6388
2950,0.638647,0.637841,0.638767
2951,0.638572,0.637766,0.638691
2952,0.638538,0.637732,0.638657
2953,0.638459,0.637652,0.638578
2954,0.638435,0.637628,0.638553
2955,0.638366,0.637558,0.638484
2956,0.638301,0.637493,0.638418
2957,0.638259,0.637451,0.638376
2958,0.638233,0.637425,0.63835
2959,0.638203,0.637395,0.63832
2960,0.638122,0.637314,0.638239
2961,0.638093,0.637284,0.638209
2962,0.638045,0.637236,0.638161
2963,0.638022,0.637213,0.638138
2964,0.637968,0.637158,0.638084
2965,0.637937,0.637127,0.638052
2966,0.637863,0.637053,0.637979
2967,0.637841,0.637031,0.637957
2968,0.637762,0.636951,0.637878
2969,0.637741,0.63693,0.637857
2970,0.63772,0.636909,0.637836
2971,0.637682,0.636871,0.637798
2972,0.63761,0.636799,0.637727
2973,0.637582,0.636771,0.6377
2974,0.637542,0.63673,0.63766
2975,0.637501,0.636689,0.63762
2976,0.637437,0.636625,0.637556
2977,0.6374,0.636587,0.63752
2978,0.637351,0.636538,0.637472
2979,0.637296,0.636483,0.637418
2980,0.637239,0.636426,0.637362
2981,0.637161,0.636347,0.637284
2982,0.637077,0.636263,0.637201
2983,0.637035,0.636221,0.637159
2984,0.637013,0.636199,0.637138
2985,0.636975,0.63616,0.6371
2986,0.636904,0.636089,0.63703
2987,0.636867,0.636052,0.636994
2988,0.636813,0.635998,0.636941
2989,0.636725,0.63591,0.636854
2990,0.636689,0.635873,0.636818
2991,0.636607,0.63579,0.636736
2992,0.636539,0.635723,0.63667
2993,0.636464,0.635647,0.636594
2994,0.636377,0.635559,0.636507
2995,0.636358,0.635541,0.636489
2996,0.636276,0.635458,0.636407
2997,0.636236,0.635418,0.636367
2998,0.636188,0.63537,0.636319
2999,0.636112,0.635293,0.636244
3000,0.636032,0.635213,0.636164
3001,0.635948,0.635128,0.636078
3002,0.635865,0.635045,0.635996
3003,0.635817,0.634997,0.635946
3004,0.635794,0.634974,0.635923
3005,0.635743,0.634922,0.635872
3006,0.635692,0.634871,0.63582
3007,0.635608,0.634787,0.635736
3008,0.635532,0.63471,0.635659
3009,0.635473,0.634651,0.6356
3010,0.635448,0.634626,0.635574
3011,0.635372,0.634549,0.635497
3012,0.635313,0.63449,0.635437
3013,0.635276,0.634454,0.6354
3014,0.635197,0.634373,0.635319
3015,0.635173,0.63435,0.635295
3016,0.635111,0.634287,0.635232
3017,0.635065,0.634241,0.635185
3018,0.635029,0.634205,0.635148
3019,0.634969,0.634144,0.635087
3020,0.634949,0.634124,0.635067
3021,0.634877,0.634052,0.634995
3022,0.634844,0.634019,0.634961
3023,0.634811,0.633985,0.634927
3024,0.634782,0.633956,0.634898
3025,0.634731,0.633905,0.634847
3026,0.634701,0.633875,0.634817
3027,0.634682,0.633856,0.634798
3028,0.634617,0.633791,0.634734
3029,0.634538,0.633712,0.634655
3030,0.634484,0.633658,0.634601
3031,0.634431,0.633603,0.634547
3032,0.634384,0.633557,0.6345
3033,0.634346,0.633519,0.634462
3034,0.63429,0.633462,0.634406
3035,0.634269,0.633441,0.634384
3036,0.634196,0.633368,0.634311
3037,0.634177,0.633348,0.634292
3038,0.63415,0.633322,0.634266
3039,0.634119,0.63329,0.634235
3040,0.634064,0.633235,0.634181
3041,0.634024,0.633195,0.634142
3042,0.633968,0.633138,0.634085
3043,0.633919,0.633089,0.634037
3044,0.633849,0.633019,0.633968
3045,0.633796,0.632966,0.633916
3046,0.633751,0.632921,0.633871
3047,0.633672,0.632841,0.633792
3048,0.633615,0.632784,0.633736
3049,0.633543,0.632711,0.633663
3050,0.63348,0.632648,0.6336
3051,0.633409,0.632576,0.633528
3052,0.633364,0.632531,0.633483
3053,0.63332,0.632487,0.633439
3054,0.633294,0.632461,0.633413
3055,0.633217,0.632384,0.633335
3056,0.633188,0.632355,0.633306
3057,0.633165,0.632332,0.633283
3058,0.633104,0.63227,0.633222
3059,0.633078,0.632244,0.633196
3060,0.633029,0.632195,0.633147
3061,0.632995,0.632161,0.633114
3062,0.632956,0.632121,0.633075
3063,0.632909,0.632074,0.633029
3064,0.632875,0.63204,0.632995
3065,0.632813,0.631977,0.632934
3066,0.632762,0.631927,0.632885
3067,0.632673,0.631837,0.632796
3068,0.632626,0.631789,0.632749
3069,0.632553,0.631716,0.632677
3070,0.632495,0.631658,0.63262
3071,0.632454,0.631617,0.632579
3072,0.632409,0.631571,0.632534
3073,0.632332,0.631494,0.632458
3074,0.632286,0.631448,0.632412
3075,0.632235,0.631397,0.632362
3076,0.632203,0.631365,0.632331
3077,0.632139,0.6313,0.632267
3078,0.632071,0.631232,0.6322
3079,0.631979,0.63114,0.632109
3080,0.631953,0.631113,0.632082
3081,0.631929,0.631089,0.632059
3082,0.631859,0.631018,0.63199
3083,0.631814,0.630974,0.631946
3084,0.631737,0.630896,0.631869
3085,0.631679,0.630838,0.631812
3086,0.631589,0.630747,0.631723
3087,0.631503,0.630661,0.631637
3088,0.631418,0.630575,0.631552
3089,0.631355,0.630513,0.631489
3090,0.631307,0.630464,0.63144
3091,0.631268,0.630425,0.631402
3092,0.631225,0.630382,0.631359
3093,0.631159,0.630316,0.631294
3094,0.631067,0.630223,0.631201
3095,0.631043,0.630199,0.631177
3096,0.630965,0.63012,0.631099
3097,0.630888,0.630043,0.631022
3098,0.630809,0.629964,0.630943
3099,0.630787,0.629942,0.630921
3100,0.630711,0.629866,0.630845
3101,0.630623,0.629777,0.630756
3102,0.630542,0.629695,0.630674
3103,0.630516,0.629669,0.630647
3104,0.630492,0.629645,0.630622
3105,0.630427,0.62958,0.630558
3106,0.630376,0.629529,0.630507
3107,0.630338,0.629491,0.630468
3108,0.630316,0.629468,0.630446
3109,0.630254,0.629406,0.630384
3110,0.630234,0.629386,0.630365
3111,0.630214,0.629365,0.630346
3112,0.630145,0.629297,0.630278
3113,0.630066,0.629217,0.6302
3114,0.629974,0.629125,0.630108
3115,0.629902,0.629052,0.630036
3116,0.629824,0.628974,0.629959
3117,0.629779,0.628928,0.629913
3118,0.629754,0.628903,0.629889
3119,0.629697,0.628846,0.629833
3120,0.629618,0.628767,0.629754
3121,0.629533,0.628681,0.629669
3122,0.62947,0.628618,0.629606
3123,0.629407,0.628554,0.629543
3124,0.629332,0.62848,0.629469
3125,0.629251,0.628398,0.629387
3126,0.629188,0.628334,0.629323
3127,0.629153,0.628299,0.629288
3128,0.629066,0.628212,0.629201
3129,0.629031,0.628177,0.629166
3130,0.629002,0.628147,0.629136
3131,0.628933,0.628079,0.629068
3132,0.628858,0.628003,0.628993
3133,0.62877,0.627915,0.628904
3134,0.628684,0.627828,0.628817
3135,0.62866,0.627804,0.628793
3136,0.628617,0.627761,0.628749
3137,0.628561,0.627705,0.628693
3138,0.628501,0.627644,0.628632
3139,0.628473,0.627616,0.628604
3140,0.62845,0.627593,0.628581
3141,0.628373,0.627516,0.628504
3142,0.628297,0.627439,0.628427
3143,0.628225,0.627366,0.628355
3144,0.628151,0.627293,0.628281
3145,0.628126,0.627267,0.628255
3146,0.628072,0.627213,0.628201
3147,0.628032,0.627173,0.628161
3148,0.627946,0.627087,0.628075
3149,0.627877,0.627017,0.628005
3150,0.627849,0.626989,0.627977
3151,0.627756,0.626896,0.627884
3152,0.627728,0.626868,0.627855
3153,0.627707,0.626846,0.627834
3154,0.627624,0.626763,0.627751
3155,0.627561,0.6267,0.627688
3156,0.627508,0.626647,0.627634
3157,0.627465,0.626603,0.627591
3158,0.627395,0.626532,0.62752
3159,0.627368,0.626505,0.627492
3160,0.627344,0.626481,0.627469
3161,0.627313,0.626451,0.627438
3162,0.627263,0.6264,0.627389
3163,0.627219,0.626355,0.627344
3164,0.627135,0.626272,0.627261
3165,0.627097,0.626233,0.627223
3166,0.62706,0.626196,0.627186
3167,0.627017,0.626153,0.627144
3168,0.626977,0.626113,0.627105
3169,0.626896,0.626031,0.627024
3170,0.626838,0.625972,0.626967
3171,0.626747,0.625882,0.626877
3172,0.626658,0.625792,0.626787
3173,0.626576,0.62571,0.626705
3174,0.626533,0.625666,0.626662
3175,0.626476,0.625609,0.626605
3176,0.626444,0.625577,0.626572
3177,0.62638,0.625512,0.626508
3178,0.626308,0.625441,0.626436
3179,0.626285,0.625417,0.626413
3180,0.626245,0.625377,0.626373
3181,0.626155,0.625286,0.626283
3182,0.62613,0.625261,0.626258
3183,0.626074,0.625205,0.626202
3184,0.626006,0.625136,0.626134
3185,0.625951,0.625081,0.626079
3186,0.625905,0.625035,0.626033
3187,0.62586,0.62499,0.625988
3188,0.625789,0.624919,0.625918
3189,0.625747,0.624876,0.625875
3190,0.62571,0.624839,0.625838
3191,0.625667,0.624796,0.625796
3192,0.625585,0.624713,0.625714
3193,0.625525,0.624654,0.625655
3194,0.625454,0.624582,0.625584
3195,0.6254,0.624528,0.625531
3196,0.625308,0.624435,0.625438
3197,0.625275,0.624402,0.625405
3198,0.625218,0.624344,0.625348
3199,0.625142,0.624269,0.625272
3200,0.625098,0.624224,0.625228
3201,0.625047,0.624173,0.625177
3202,0.624968,0.624094,0.625098
3203,0.624928,0.624054,0.625058
3204,0.62487,0.623995,0.625
3205,0.624835,0.62396,0.624965
3206,0.624784,0.623909,0.624914
3207,0.624736,0.62386,0.624866
3208,0.624674,0.623798,0.624805
3209,0.624587,0.623711,0.624718
3210,0.624531,0.623654,0.624661
3211,0.624454,0.623577,0.624585
3212,0.624392,0.623515,0.624523
3213,0.624322,0.623444,0.624452
3214,0.624276,0.623398,0.624406
3215,0.624199,0.62332,0.624328
3216,0.624162,0.623284,0.624292
3217,0.624098,0.623219,0.624227
3218,0.624034,0.623154,0.624162
3219,0.623945,0.623066,0.624073
3220,0.623911,0.623031,0.624038
3221,0.623823,0.622943,0.62395
3222,0.623778,0.622898,0.623904
3223,0.623738,0.622858,0.623863
3224,0.623697,0.622816,0.623822
3225,0.623662,0.622781,0.623785
3226,0.623609,0.622728,0.623733
3227,0.623587,0.622706,0.623711
3228,0.623555,0.622673,0.623678
3229,0.623484,0.622602,0.623608
3230,0.62344,0.622558,0.623563
3231,0.623385,0.622503,0.623509
3232,0.623346,0.622464,0.62347
3233,0.623316,0.622433,0.62344
3234,0.623251,0.622368,0.623376
3235,0.623209,0.622326,0.623334
3236,0.623134,0.62225,0.623259
3237,0.623055,0.622171,0.623181
3238,0.623028,0.622144,0.623154
3239,0.622959,0.622074,0.623085
3240,0.622915,0.622031,0.623041
3241,0.622837,0.621951,0.622963
3242,0.62278,0.621895,0.622907
3243,0.622705,0.621819,0.622831
3244,0.622637,0.621751,0.622763
3245,0.622615,0.621729,0.622741
3246,0.62253,0.621643,0.622655
3247,0.622468,0.621581,0.622593
3248,0.622411,0.621523,0.622536
3249,0.622346,0.621458,0.622471
3250,0.622322,0.621434,0.622446
3251,0.622257,0.621369,0.622381
3252,0.622199,0.62131,0.622323
3253,0.622121,0.621232,0.622244
3254,0.622051,0.621162,0.622173
3255,0.621994,0.621104,0.622115
3256,0.62197,0.621081,0.622091
3257,0.621917,0.621027,0.622038
3258,0.621892,0.621002,0.622012
3259,0.621843,0.620953,0.621963
3260,0.621766,0.620876,0.621885
3261,0.621706,0.620815,0.621825
3262,0.621666,0.620775,0.621785
3263,0.621636,0.620745,0.621754
3264,0.621598,0.620706,0.621715
3265,0.621524,0.620632,0.621641
3266,0.621446,0.620554,0.621563
3267,0.621427,0.620535,0.621543
3268,0.621402,0.62051,0.621518
3269,0.62135,0.620458,0.621466
3270,0.621313,0.620421,0.621429
3271,0.621249,0.620356,0.621365
3272,0.621185,0.620292,0.621301
3273,0.621149,0.620256,0.621265
3274,0.621091,0.620197,0.621206
3275,0.621044,0.62015,0.621159
3276,0.621013,0.620119,0.621128
3277,0.620993,0.620099,0.621108
3278,0.620946,0.620052,0.621062
3279,0.62091,0.620015,0.621026
3280,0.620874,0.619979,0.62099
3281,0.620843,0.619948,0.620961
3282,0.620777,0.619881,0.620895
3283,0.620698,0.619802,0.620817
3284,0.620606,0.61971,0.620725
3285,0.620516,0.61962,0.620635
3286,0.620428,0.619531,0.620546
3287,0.620408,0.61951,0.620525
3288,0.620378,0.61948,0.620495
3289,0.62035,0.619453,0.620467
3290,0.620279,0.619381,0.620396
3291,0.620222,0.619324,0.620338
3292,0.620155,0.619256,0.620271
3293,0.620087,0.619188,0.620202
3294,0.620066,0.619167,0.620181
3295,0.620044,0.619144,0.620159
3296,0.620006,0.619107,0.620121
3297,0.619962,0.619062,0.620077
3298,0.619911,0.619012,0.620027
3299,0.619884,0.618984,0.62
3300,0.619806,0.618905,0.619922
3301,0.619773,0.618873,0.61989
3302,0.619736,0.618836,0.619853
3303,0.619691,0.61879,0.619808
3304,0.61966,0.618759,0.619778
3305,0.619615,0.618714,0.619734
3306,0.619536,0.618635,0.619656
3307,0.619449,0.618547,0.619569
3308,0.619372,0.61847,0.619493
3309,0.619338,0.618435,0.619458
3310,0.619267,0.618364,0.619388
3311,0.619248,0.618345,0.619369
3312,0.619188,0.618285,0.619309
3313,0.61912,0.618216,0.619241
3314,0.619095,0.618192,0.619217
3315,0.619034,0.61813,0.619156
3316,0.618986,0.618082,0.619108
3317,0.618901,0.617996,0.619024
3318,0.61885,0.617945,0.618972
3319,0.618763,0.617858,0.618886
3320,0.618685,0.617779,0.618807
3321,0.618639,0.617732,0.61876
3322,0.618604,0.617698,0.618726
3323,0.618527,0.61762,0.618648
3324,0.618491,0.617584,0.618611
3325,0.618462,0.617555,0.618582
3326,0.618443,0.617536,0.618564
3327,0.618407,0.6175,0.618528
3328,0.618346,0.617438,0.618467
3329,0.61832,0.617412,0.618442
3330,0.618231,0.617323,0.618354
3331,0.618211,0.617303,0.618334
3332,0.618163,0.617254,0.618287
3333,0.618109,0.617201,0.618234
3334,0.618028,0.617119,0.618154
3335,0.617987,0.617077,0.618113
3336,0.61791,0.617,0.618037
3337,0.61788,0.61697,0.618008
3338,0.61779,0.616879,0.617918
3339,0.617728,0.616817,0.617857
3340,0.617673,0.616762,0.617803
3341,0.61763,0.616719,0.61776
3342,0.617607,0.616696,0.617738
3343,0.617525,0.616614,0.617657
3344,0.61744,0.616528,0.617573
3345,0.617403,0.616491,0.617536
3346,0.617339,0.616427,0.617473
3347,0.617277,0.616364,0.617412
3348,0.617258,0.616345,0.617393
3349,0.617178,0.616264,0.617314
3350,0.617089,0.616175,0.617226
3351,0.616997,0.616082,0.617135
3352,0.616913,0.615998,0.617051
3353,0.616841,0.615926,0.61698
3354,0.616758,0.615842,0.616897
3355,0.616686,0.61577,0.616825
3356,0.616595,0.615679,0.616734
3357,0.616574,0.615658,0.616713
3358,0.616489,0.615572,0.616627
3359,0.616437,0.61552,0.616575
3360,0.61635,0.615432,0.616488
3361,0.616275,0.615358,0.616413
3362,0.6162,0.615282,0.616337
3363,0.616147,0.615228,0.616282
3364,0.616115,0.615196,0.61625
3365,0.616081,0.615162,0.616215
3366,0.616011,0.615092,0.616146
3367,0.615933,0.615014,0.616068
3368,0.615857,0.614937,0.615991
3369,0.615799,0.614879,0.615933
3370,0.615768,0.614847,0.6159
3371,0.615731,0.614811,0.615864
3372,0.615686,0.614765,0.615818
3373,0.61563,0.614708,0.615762
3374,0.615604,0.614683,0.615737
3375,0.615521,0.614599,0.615654
3376,0.615436,0.614514,0.615569
3377,0.615397,0.614475,0.615531
3378,0.615368,0.614445,0.615502
3379,0.615348,0.614425,0.615482
3380,0.615267,0.614344,0.615403
3381,0.615183,0.61426,0.615319
3382,0.615118,0.614194,0.615254
3383,0.615073,0.614149,0.61521
3384,0.615024,0.614099,0.615161
3385,0.614951,0.614026,0.61509
3386,0.61488,0.613955,0.615019
3387,0.614805,0.613879,0.614944
3388,0.614713,0.613788,0.614853
3389,0.614629,0.613703,0.614769
3390,0.614547,0.61362,0.614686
3391,0.614493,0.613566,0.614632
3392,0.614419,0.613492,0.614558
3393,0.614335,0.613407,0.614473
3394,0.614297,0.613369,0.614435
3395,0.614257,0.613329,0.614394
3396,0.614169,0.613241,0.614306
3397,0.614087,0.613158,0.614224
3398,0.614026,0.613096,0.614161
3399,0.613973,0.613044,0.614109
3400,0.613924,0.612995,0.614059
3401,0.613881,0.612951,0.614016
3402,0.613831,0.6129,0.613965
3403,0.613743,0.612812,0.613876
3404,0.613693,0.612762,0.613826
3405,0.613609,0.612678,0.613742
3406,0.613579,0.612648,0.613711
3407,0.613555,0.612623,0.613686
3408,0.613476,0.612544,0.613607
3409,0.613407,0.612474,0.613538
3410,0.613374,0.612441,0.613505
3411,0.613315,0.612382,0.613446
3412,0.61326,0.612327,0.61339
3413,0.61324,0.612307,0.61337
3414,0.613158,0.612224,0.613289
3415,0.613089,0.612155,0.61322
3416,0.613056,0.612122,0.613187
3417,0.612983,0.612048,0.613114
3418,0.612916,0.611982,0.613047
3419,0.612846,0.611911,0.612977
3420,0.612784,0.611849,0.612915
3421,0.612738,0.611802,0.612868
3422,0.612657,0.611721,0.612786
3423,0.612594,0.611657,0.612723
3424,0.612573,0.611637,0.612702
3425,0.612537,0.611601,0.612666
3426,0.612472,0.611535,0.612601
3427,0.612419,0.611482,0.612548
3428,0.612371,0.611433,0.6125
3429,0.612291,0.611353,0.61242
3430,0.612248,0.61131,0.612377
3431,0.61221,0.611272,0.612339
3432,0.612165,0.611227,0.612295
3433,0.612138,0.6112,0.612269
3434,0.61209,0.611151,0.612221
3435,0.612008,0.611068,0.612139
3436,0.611918,0.610978,0.61205
3437,0.611837,0.610896,0.611969
3438,0.611756,0.610815,0.611888
3439,0.611719,0.610778,0.611851
3440,0.611639,0.610698,0.611772
3441,0.611566,0.610624,0.611698
3442,0.611507,0.610565,0.611639
3443,0.611435,0.610492,0.611566
3444,0.611369,0.610426,0.611499
3445,0.611323,0.610381,0.611453
3446,0.611249,0.610306,0.611379
3447,0.611207,0.610264,0.611336
3448,0.611184,0.610241,0.611313
3449,0.611151,0.610207,0.611279
3450,0.611131,0.610187,0.61126
3451,0.611042,0.610098,0.611171
3452,0.610986,0.610042,0.611115
3453,0.610921,0.609977,0.611051
3454,0.610885,0.60994,0.611014
3455,0.610799,0.609853,0.610928
3456,0.610712,0.609766,0.610842
3457,0.610657,0.609711,0.610787
3458,0.61058,0.609634,0.610709
3459,0.610512,0.609565,0.610641
3460,0.610492,0.609545,0.61062
3461,0.610427,0.60948,0.610555
3462,0.610398,0.609451,0.610526
3463,0.61037,0.609423,0.610498
3464,0.610319,0.609371,0.610447
3465,0.610241,0.609293,0.61037
3466,0.610202,0.609253,0.61033
3467,0.610118,0.609169,0.610246
3468,0.610027,0.609078,0.610155
3469,0.609989,0.60904,0.610117
3470,0.609936,0.608987,0.610064
3471,0.609864,0.608914,0.609991
3472,0.609812,0.608862,0.609939
3473,0.609751,0.608801,0.609878
3474,0.60972,0.608769,0.609847
3475,0.609673,0.608722,0.609799
3476,0.609591,0.608639,0.609717
3477,0.609529,0.608578,0.609656
3478,0.609453,0.608501,0.609579
3479,0.609405,0.608453,0.60953
3480,0.609356,0.608404,0.609481
3481,0.609288,0.608335,0.609412
3482,0.609266,0.608313,0.60939
3483,0.609245,0.608292,0.609369
3484,0.609221,0.608268,0.609345
3485,0.609148,0.608194,0.609272
3486,0.609116,0.608162,0.609241
3487,0.609051,0.608097,0.609176
3488,0.609025,0.608071,0.609151
3489,0.608983,0.608029,0.60911
3490,0.608901,0.607947,0.609029
3491,0.608828,0.607873,0.608956
3492,0.608794,0.607839,0.608923
3493,0.608713,0.607757,0.608843
3494,0.608684,0.607728,0.608814
3495,0.608595,0.607639,0.608726
3496,0.608521,0.607564,0.608652
3497,0.608465,0.607508,0.608597
3498,0.608413,0.607455,0.608545
3499,0.60832,0.607363,0.608453
3500,0.608251,0.607292,0.608383
3501,0.608223,0.607265,0.608355
3502,0.608136,0.607177,0.608269
3503,0.608107,0.607148,0.60824
3504,0.608085,0.607127,0.608219
3505,0.608,0.60704,0.608134
3506,0.607957,0.606997,0.608092
3507,0.607871,0.606911,0.608007
3508,0.607798,0.606838,0.607934
3509,0.607723,0.606762,0.607859
3510,0.607647,0.606685,0.607783
3511,0.607575,0.606614,0.607712
3512,0.607503,0.606542,0.60764
3513,0.607432,0.60647,0.607568
3514,0.607355,0.606393,0.607491
3515,0.607281,0.606318,0.607416
3516,0.607189,0.606226,0.607324
3517,0.607168,0.606204,0.607302
3518,0.607087,0.606123,0.607221
3519,0.607037,0.606073,0.60717
3520,0.60697,0.606005,0.607102
3521,0.606917,0.605952,0.607049
3522,0.606894,0.605929,0.607025
3523,0.606818,0.605853,0.606949
3524,0.606778,0.605812,0.606908
3525,0.606714,0.605748,0.606844
3526,0.606654,0.605688,0.606784
3527,0.606567,0.6056,0.606696
3528,0.606504,0.605537,0.606632
3529,0.60643,0.605463,0.606557
3530,0.606408,0.605441,0.606535
3531,0.606346,0.605379,0.606472
3532,0.606318,0.60535,0.606443
3533,0.606299,0.605331,0.606424
3534,0.606244,0.605276,0.606369
3535,0.606209,0.605241,0.606334
3536,0.606122,0.605153,0.606247
3537,0.60604,0.605071,0.606165
3538,0.606006,0.605037,0.606131
3539,0.605968,0.604998,0.606092
3540,0.605895,0.604925,0.606019
3541,0.605831,0.604861,0.605955
3542,0.605783,0.604813,0.605907
3543,0.605705,0.604734,0.605828
3544,0.605625,0.604654,0.605748
3545,0.60555,0.604579,0.605672
3546,0.605531,0.604559,0.605651
3547,0.605509,0.604537,0.605629
3548,0.605445,0.604473,0.605564
3549,0.605416,0.604443,0.605535
3550,0.605385,0.604412,0.605504
3551,0.605339,0.604366,0.605458
3552,0.605304,0.604331,0.605423
3553,0.605268,0.604295,0.605387
3554,0.6052,0.604226,0.60532
3555,0.605177,0.604204,0.605298
3556,0.605125,0.604152,0.605247
3557,0.605068,0.604094,0.60519
3558,0.605042,0.604068,0.605164
3559,0.604949,0.603975,0.605072
3560,0.604906,0.603931,0.605029
3561,0.604826,0.603851,0.604951
3562,0.604789,0.603814,0.604914
3563,0.604704,0.603728,0.604829
3564,0.604636,0.603659,0.604761
3565,0.604598,0.603622,0.604723
3566,0.604522,0.603545,0.604647
3567,0.604482,0.603505,0.604608
3568,0.604402,0.603425,0.604528
3569,0.604324,0.603346,0.604449
3570,0.604245,0.603267,0.604371
3571,0.604205,0.603227,0.60433
3572,0.604183,0.603205,0.604308
3573,0.604106,0.603127,0.604231
3574,0.604025,0.603046,0.60415
3575,0.60397,0.60299,0.604094
3576,0.603922,0.602943,0.604046
3577,0.603897,0.602918,0.604021
3578,0.603848,0.602868,0.603972
3579,0.603818,0.602838,0.603942
3580,0.603741,0.602761,0.603866
3581,0.603662,0.602681,0.603786
3582,0.603586,0.602604,0.60371
3583,0.603517,0.602535,0.603641
3584,0.603443,0.60246,0.603566
3585,0.603366,0.602384,0.603488
3586,0.603337,0.602354,0.603458
3587,0.603291,0.602308,0.603412
3588,0.603267,0.602284,0.603388
3589,0.603234,0.602251,0.603354
3590,0.603185,0.602202,0.603305
3591,0.603122,0.602138,0.603242
3592,0.603094,0.60211,0.603215
3593,0.603037,0.602053,0.603158
3594,0.602995,0.60201,0.603115
3595,0.602921,0.601937,0.603042
3596,0.602845,0.60186,0.602966
3597,0.602787,0.601801,0.602908
3598,0.60275,0.601765,0.602871
3599,0.602664,0.601678,0.602784
3600,0.602586,0.601599,0.602706
3601,0.602534,0.601547,0.602654
3602,0.602469,0.601482,0.602588
3603,0.602448,0.60146,0.602566
3604,0.602426,0.601439,0.602544
3605,0.602386,0.601399,0.602504
3606,0.602358,0.60137,0.602476
3607,0.602326,0.601338,0.602444
3608,0.602238,0.60125,0.602357
3609,0.602219,0.60123,0.602338
3610,0.602185,0.601197,0.602305
3611,0.602117,0.601128,0.602238
3612,0.602085,0.601096,0.602206
3613,0.602012,0.601023,0.602134
3614,0.601926,0.600936,0.602049
3615,0.601887,0.600897,0.60201
3616,0.601821,0.600831,0.601945
3617,0.601768,0.600778,0.601893
3618,0.601706,0.600716,0.601831
3619,0.601616,0.600625,0.601741
3620,0.601557,0.600565,0.601681
3621,0.601498,0.600506,0.601623
3622,0.60146,0.600467,0.601585
3623,0.601403,0.60041,0.601528
3624,0.601343,0.60035,0.601468
3625,0.601255,0.600262,0.60138
3626,0.601176,0.600182,0.601301
3627,0.60114,0.600147,0.601265
3628,0.601091,0.600097,0.601216
3629,0.601058,0.600064,0.601183
3630,0.600999,0.600004,0.601124
3631,0.600923,0.599928,0.601048
3632,0.600868,0.599873,0.600993
3633,0.600814,0.599819,0.600939
3634,0.600743,0.599747,0.600868
3635,0.600652,0.599656,0.600777
3636,0.600562,0.599566,0.600686
3637,0.600498,0.599501,0.60062
3638,0.600471,0.599474,0.600593
3639,0.600393,0.599395,0.600513
3640,0.600371,0.599374,0.600491
3641,0.600331,0.599333,0.60045
3642,0.600278,0.59928,0.600396
3643,0.600238,0.59924,0.600356
3644,0.60021,0.599212,0.600328
3645,0.600182,0.599184,0.6003
3646,0.600108,0.599109,0.600225
3647,0.600056,0.599057,0.600173
3648,0.59999,0.59899,0.600107
3649,0.599902,0.598902,0.600019
3650,0.599833,0.598833,0.599949
3651,0.5998,0.5988,0.599915
3652,0.599732,0.598732,0.599847
3653,0.599709,0.598708,0.599822
3654,0.599688,0.598687,0.599801
3655,0.599643,0.598642,0.599756
3656,0.599598,0.598596,0.59971
3657,0.599518,0.598516,0.599631
3658,0.599486,0.598484,0.599598
3659,0.599463,0.598461,0.599575
3660,0.599441,0.598439,0.599553
3661,0.599418,0.598415,0.59953
3662,0.599341,0.598338,0.599453
3663,0.599294,0.598291,0.599407
3664,0.599203,0.5982,0.599316
3665,0.599181,0.598177,0.599294
3666,0.599141,0.598137,0.599254
3667,0.599111,0.598108,0.599226
3668,0.599062,0.598058,0.599177
3669,0.598983,0.597978,0.599098
3670,0.59894,0.597936,0.599056
3671,0.598858,0.597853,0.598974
3672,0.598815,0.59781,0.598931
3673,0.598756,0.59775,0.598872
3674,0.598729,0.597724,0.598846
3675,0.598694,0.597688,0.598811
3676,0.598623,0.597617,0.59874
3677,0.598544,0.597537,0.598661
3678,0.598522,0.597515,0.59864
3679,0.598457,0.59745,0.598575
3680,0.598433,0.597426,0.598552
3681,0.598362,0.597354,0.598481
3682,0.598284,0.597276,0.598404
3683,0.598194,0.597185,0.598314
3684,0.598158,0.59715,0.598278
3685,0.59814,0.597131,0.59826
3686,0.598101,0.597092,0.598222
3687,0.598075,0.597067,0.598197
3688,0.597987,0.596977,0.59811
3689,0.597904,0.596894,0.598028
3690,0.597838,0.596827,0.597961
3691,0.597792,0.596781,0.597916
3692,0.5977,0.596689,0.597824
3693,0.597643,0.596632,0.597768
3694,0.597557,0.596545,0.597681
3695,0.597514,0.596502,0.597638
3696,0.597452,0.59644,0.597576
3697,0.597391,0.596378,0.597515
3698,0.597364,0.596352,0.597488
3699,0.597293,0.59628,0.597417
3700,0.597242,0.596229,0.597366
3701,0.597163,0.59615,0.597287
3702,0.597087,0.596073,0.597211
3703,0.597056,0.596042,0.597179
3704,0.597022,0.596008,0.597145
3705,0.596975,0.595961,0.597098
3706,0.596946,0.595931,0.597069
3707,0.596859,0.595844,0.596982
3708,0.59678,0.595765,0.596904
3709,0.596738,0.595722,0.596861
3710,0.596692,0.595676,0.596816
3711,0.596671,0.595655,0.596795
3712,0.596602,0.595586,0.596727
3713,0.596514,0.595497,0.596639
3714,0.596454,0.595436,0.596578
3715,0.596412,0.595395,0.596537
3716,0.596386,0.595369,0.596511
3717,0.596345,0.595327,0.59647
3718,0.596279,0.595261,0.596406
3719,0.596189,0.595171,0.596316
3720,0.596106,0.595087,0.596233
3721,0.596059,0.59504,0.596186
3722,0.595969,0.59495,0.596097
3723,0.595912,0.594892,0.596039
3724,0.595849,0.594829,0.595976
3725,0.595792,0.594771,0.595918
3726,0.59572,0.5947,0.595847
3727,0.595632,0.594611,0.595758
3728,0.595589,0.594568,0.595714
3729,0.595544,0.594522,0.595668
3730,0.595456,0.594434,0.59558
3731,0.595436,0.594413,0.595559
3732,0.59541,0.594387,0.595532
3733,0.595323,0.594301,0.595446
3734,0.595289,0.594266,0.595411
3735,0.59524,0.594217,0.595362
3736,0.595214,0.59419,0.595336
3737,0.595175,0.594152,0.595298
3738,0.595119,0.594095,0.595242
3739,0.59506,0.594036,0.595183
3740,0.594969,0.593944,0.595092
3741,0.594945,0.593921,0.595069
3742,0.594904,0.593879,0.595028
3743,0.594822,0.593796,0.594946
3744,0.594783,0.593758,0.594908
3745,0.594711,0.593685,0.594837
3746,0.59463,0.593604,0.594756
3747,0.594598,0.593572,0.594724
3748,0.594514,0.593487,0.59464
3749,0.594462,0.593435,0.594588
3750,0.594376,0.593349,0.594502
3751,0.594348,0.593321,0.594474
3752,0.594286,0.593259,0.594412
3753,0.594226,0.593198,0.594352
3754,0.594154,0.593126,0.59428
3755,0.594107,0.593078,0.594233
3756,0.594052,0.593023,0.594178
3757,0.594018,0.592989,0.594144
3758,0.593937,0.592908,0.594063
3759,0.593909,0.592879,0.594035
3760,0.593829,0.592799,0.593955
3761,0.593749,0.592718,0.593875
3762,0.593701,0.59267,0.593827
3763,0.593641,0.59261,0.593767
3764,0.593617,0.592586,0.593743
3765,0.593542,0.59251,0.593669
3766,0.593515,0.592483,0.593642
3767,0.593439,0.592407,0.593567
3768,0.593358,0.592325,0.593486
3769,0.593306,0.592273,0.593434
3770,0.593221,0.592188,0.593349
3771,0.593158,0.592124,0.593286
3772,0.593114,0.59208,0.593242
3773,0.593041,0.592006,0.593168
3774,0.592995,0.591961,0.593122
3775,0.592911,0.591876,0.593038
3776,0.592851,0.591816,0.592978
3777,0.592807,0.591771,0.592933
3778,0.592781,0.591746,0.592908
3779,0.592711,0.591675,0.592837
3780,0.592658,0.591622,0.592785
3781,0.5926,0.591563,0.592727
3782,0.59253,0.591494,0.592657
3783,0.592443,0.591405,0.592569
3784,0.592406,0.591368,0.592532
3785,0.592343,0.591305,0.592469
3786,0.592255,0.591217,0.592381
3787,0.59218,0.591141,0.592305
3788,0.592145,0.591106,0.59227
3789,0.592109,0.59107,0.592234
3790,0.592029,0.59099,0.592153
3791,0.591989,0.59095,0.592113
3792,0.591918,0.590878,0.592042
3793,0.591891,0.590851,0.592014
3794,0.591837,0.590797,0.59196
3795,0.591782,0.590741,0.591905
3796,0.591739,0.590699,0.591862
3797,0.59168,0.590639,0.591803
3798,0.591606,0.590565,0.591729
3799,0.591523,0.590481,0.591645
3800,0.591472,0.59043,0.591594
3801,0.591422,0.59038,0.591544
3802,0.591403,0.59036,0.591524
3803,0.591353,0.590311,0.591474
3804,0.591291,0.590248,0.591412
3805,0.591218,0.590175,0.591338
3806,0.591174,0.59013,0.591294
3807,0.591132,0.590088,0.591252
3808,0.591095,0.590052,0.591216
3809,0.591049,0.590005,0.59117
3810,0.590984,0.58994,0.591105
3811,0.590959,0.589914,0.59108
3812,0.590889,0.589844,0.59101
3813,0.590865,0.58982,0.590987
3814,0.590776,0.58973,0.590898
3815,0.590756,0.58971,0.590879
3816,0.590678,0.589632,0.590802
3817,0.590605,0.589559,0.590729
3818,0.590563,0.589516,0.590687
3819,0.59047,0.589423,0.590595
3820,0.590394,0.589347,0.590519
3821,0.590312,0.589264,0.590436
3822,0.590238,0.58919,0.590361
3823,0.590186,0.589138,0.590309
3824,0.590123,0.589075,0.590246
3825,0.590096,0.589047,0.590218
3826,0.590061,0.589012,0.590183
3827,0.590019,0.58897,0.590141
3828,0.58998,0.58893,0.590101
3829,0.589939,0.588889,0.59006
3830,0.589871,0.588821,0.589993
3831,0.589805,0.588755,0.589927
3832,0.589713,0.588662,0.589835
3833,0.589655,0.588603,0.589776
3834,0.589584,0.588533,0.589705
3835,0.589559,0.588507,0.589679
3836,0.589512,0.58846,0.589633
3837,0.589467,0.588415,0.589587
3838,0.589423,0.588371,0.589544
3839,0.589391,0.588339,0.589512
3840,0.58937,0.588317,0.589491
3841,0.589319,0.588267,0.589442
3842,0.589231,0.588178,0.589354
3843,0.589157,0.588103,0.58928
3844,0.589123,0.588069,0.589246
3845,0.589067,0.588013,0.589191
3846,0.588978,0.587924,0.589103
3847,0.588936,0.587881,0.589061
3848,0.588857,0.587802,0.588983
3849,0.588779,0.587723,0.588904
3850,0.588742,0.587687,0.588868
3851,0.588653,0.587596,0.588778
3852,0.588581,0.587524,0.588706
3853,0.588552,0.587495,0.588677
3854,0.588521,0.587464,0.588646
3855,0.588496,0.587439,0.588621
3856,0.588438,0.587381,0.588564
3857,0.588348,0.587291,0.588474
3858,0.588292,0.587234,0.588418
3859,0.588203,0.587144,0.588329
3860,0.588142,0.587084,0.588269
3861,0.588113,0.587054,0.58824
3862,0.588035,0.586976,0.588162
3863,0.587964,0.586904,0.588091
3864,0.58792,0.58686,0.588047
3865,0.587851,0.586791,0.587978
3866,0.587801,0.586741,0.587928
3867,0.587719,0.586659,0.587846
3868,0.58766,0.586599,0.587787
3869,0.587591,0.586529,0.587717
3870,0.587501,0.586439,0.587626
3871,0.587423,0.58636,0.587547
3872,0.587377,0.586315,0.587501
3873,0.587312,0.586249,0.587435
3874,0.587255,0.586192,0.587377
3875,0.587221,0.586158,0.587342
3876,0.587176,0.586112,0.587296
3877,0.587126,0.586062,0.587245
3878,0.587107,0.586043,0.587226
3879,0.587033,0.585969,0.587152
3880,0.586997,0.585932,0.587115
3881,0.58691,0.585845,0.587028
3882,0.58688,0.585815,0.586997
3883,0.586854,0.585789,0.586971
3884,0.586793,0.585727,0.58691
3885,0.586722,0.585657,0.586839
3886,0.586655,0.585589,0.586771
3887,0.586601,0.585535,0.586717
3888,0.586551,0.585485,0.586667
3889,0.58647,0.585403,0.586585
3890,0.586431,0.585364,0.586545
3891,0.586397,0.58533,0.58651
3892,0.586364,0.585297,0.586477
3893,0.586335,0.585268,0.586448
3894,0.586245,0.585177,0.586357
3895,0.586221,0.585153,0.586333
3896,0.586183,0.585114,0.586294
3897,0.586154,0.585085,0.586265
3898,0.586119,0.58505,0.58623
3899,0.586043,0.584974,0.586155
3900,0.585985,0.584916,0.586096
3901,0.585911,0.584841,0.586022
3902,0.585878,0.584808,0.585989
3903,0.585823,0.584753,0.585933
3904,0.585793,0.584723,0.585904
3905,0.585769,0.584698,0.585879
3906,0.585693,0.584622,0.585803
3907,0.585657,0.584586,0.585768
3908,0.585593,0.584522,0.585704
3909,0.585567,0.584496,0.585678
3910,0.585515,0.584443,0.585625
3911,0.585449,0.584377,0.58556
3912,0.585414,0.584342,0.585525
3913,0.585348,0.584275,0.585459
3914,0.585283,0.58421,0.585395
3915,0.585256,0.584183,0.585368
3916,0.585216,0.584142,0.585327
3917,0.585193,0.58412,0.585305
3918,0.585148,0.584074,0.585261
3919,0.585068,0.583994,0.585181
3920,0.585039,0.583965,0.585153
3921,0.584979,0.583905,0.585094
3922,0.584936,0.583861,0.585051
3923,0.584857,0.583781,0.584972
3924,0.584801,0.583726,0.584917
3925,0.584724,0.583648,0.58484
3926,0.584674,0.583598,0.584791
3927,0.584627,0.583551,0.584744
3928,0.584553,0.583476,0.58467
3929,0.584531,0.583455,0.584649
3930,0.584447,0.58337,0.584565
3931,0.58441,0.583333,0.584528
3932,0.584325,0.583247,0.584443
3933,0.584255,0.583177,0.584373
3934,0.58422,0.583142,0.584338
3935,0.584163,0.583084,0.58428
3936,0.58409,0.583011,0.584207
3937,0.584029,0.58295,0.584146
3938,0.583992,0.582913,0.584109
3939,0.58393,0.58285,0.584047
3940,0.583887,0.582807,0.584003
3941,0.583836,0.582756,0.583952
3942,0.583765,0.582684,0.583881
3943,0.583716,0.582635,0.583832
3944,0.583684,0.582603,0.5838
3945,0.583621,0.58254,0.583737
3946,0.583542,0.582461,0.583658
3947,0.583509,0.582428,0.583625
3948,0.583445,0.582363,0.58356
3949,0.583424,0.582342,0.583539
3950,0.583355,0.582273,0.583471
3951,0.583331,0.582248,0.583446
3952,0.583273,0.58219,0.583389
3953,0.583223,0.58214,0.583339
3954,0.583186,0.582102,0.583302
3955,0.5831,0.582017,0.583217
3956,0.583023,0.581939,0.58314
3957,0.582969,0.581884,0.583085
3958,0.582947,0.581862,0.583063
3959,0.582888,0.581804,0.583005
3960,0.582861,0.581776,0.582977
3961,0.582776,0.581691,0.582893
3962,0.582733,0.581647,0.58285
3963,0.582709,0.581623,0.582826
3964,0.582675,0.581589,0.582792
3965,0.58259,0.581503,0.582708
3966,0.582499,0.581412,0.582617
3967,0.582446,0.581359,0.582565
3968,0.582407,0.581319,0.582525
3969,0.582357,0.581269,0.582475
3970,0.582274,0.581186,0.582393
3971,0.582229,0.581141,0.582348
3972,0.582189,0.581101,0.582308
3973,0.582147,0.581058,0.582267
3974,0.582088,0.580999,0.582208
3975,0.582063,0.580974,0.582184
3976,0.581982,0.580893,0.582103
3977,0.581949,0.580859,0.582071
3978,0.581863,0.580773,0.581986
3979,0.581807,0.580717,0.58193
3980,0.581784,0.580694,0.581908
3981,0.581721,0.58063,0.581846
3982,0.581665,0.580574,0.581791
3983,0.581582,0.580491,0.581709
3984,0.58152,0.580428,0.581646
3985,0.581431,0.580339,0.581559
3986,0.5814,0.580308,0.581528
3987,0.581317,0.580224,0.581445
3988,0.581249,0.580156,0.581377
3989,0.581181,0.580087,0.58131
3990,0.5811,0.580007,0.581229
3991,0.581025,0.579931,0.581154
3992,0.580978,0.579883,0.581106
3993,0.580903,0.579809,0.581032
3994,0.58083,0.579735,0.580959
3995,0.58075,0.579654,0.580878
3996,0.580729,0.579633,0.580856
3997,0.580646,0.57955,0.580773
3998,0.580584,0.579487,0.58071
3999,0.580535,0.579439,0.580662
4000,0.580495,0.579398,0.580621
4001,0.580455,0.579358,0.580581
4002,0.580422,0.579325,0.580548
4003,0.580358,0.57926,0.580484
4004,0.580266,0.579168,0.580392
4005,0.580185,0.579087,0.580312
4006,0.580111,0.579012,0.580237
4007,0.580056,0.578957,0.580181
4008,0.580032,0.578932,0.580157
4009,0.579964,0.578864,0.580089
4010,0.579875,0.578775,0.579999
4011,0.57982,0.57872,0.579945
4012,0.579798,0.578698,0.579922
4013,0.579738,0.578638,0.579862
4014,0.579711,0.578611,0.579835
4015,0.579667,0.578566,0.579791
4016,0.579591,0.578489,0.579715
4017,0.57955,0.578448,0.579675
4018,0.579501,0.578399,0.579626
4019,0.579444,0.578342,0.57957
4020,0.579398,0.578296,0.579525
4021,0.579329,0.578226,0.579456
4022,0.579242,0.578138,0.579369
4023,0.579163,0.57806,0.579291
4024,0.579083,0.577979,0.579211
4025,0.579053,0.577949,0.579181
4026,0.578968,0.577863,0.579095
4027,0.578948,0.577843,0.579075
4028,0.578872,0.577767,0.579
4029,0.578838,0.577733,0.578966
4030,0.578789,0.577683,0.578917
4031,0.578724,0.577619,0.578853
4032,0.578635,0.577529,0.578764
4033,0.578557,0.57745,0.578686
4034,0.578505,0.577398,0.578634
4035,0.578478,0.577371,0.578607
4036,0.578388,0.57728,0.578518
4037,0.578298,0.577191,0.578429
4038,0.57824,0.577132,0.578371
4039,0.578195,0.577087,0.578326
4040,0.578127,0.577019,0.578258
4041,0.578057,0.576948,0.578187
4042,0.57802,0.576911,0.57815
4043,0.577974,0.576864,0.578104
4044,0.577924,0.576815,0.578056
4045,0.577843,0.576733,0.577975
4046,0.577759,0.576649,0.577891
4047,0.577697,0.576586,0.577829
4048,0.577619,0.576508,0.577751
4049,0.577568,0.576457,0.577701
4050,0.577478,0.576366,0.57761
4051,0.577405,0.576293,0.577537
4052,0.57736,0.576247,0.577491
4053,0.577309,0.576196,0.57744
4054,0.57729,0.576177,0.577421
4055,0.577244,0.57613,0.577375
4056,0.577171,0.576057,0.577303
4057,0.577117,0.576003,0.577249
4058,0.577036,0.575922,0.577169
4059,0.576956,0.575841,0.577089
4060,0.576899,0.575785,0.577033
4061,0.57684,0.575725,0.576974
4062,0.576771,0.575656,0.576905
4063,0.576739,0.575623,0.576873
4064,0.576659,0.575543,0.576794
4065,0.576573,0.575457,0.576708
4066,0.57649,0.575373,0.576625
4067,0.57642,0.575303,0.576554
4068,0.576338,0.575221,0.576473
4069,0.576271,0.575153,0.576404
4070,0.576201,0.575082,0.576334
4071,0.576168,0.57505,0.576301
4072,0.576125,0.575006,0.576257
4073,0.576063,0.574944,0.576195
4074,0.575979,0.57486,0.576111
4075,0.575921,0.574801,0.576052
4076,0.575883,0.574763,0.576014
4077,0.575796,0.574676,0.575927
4078,0.575761,0.57464,0.575892
4079,0.575698,0.574578,0.575829
4080,0.575617,0.574496,0.575747
4081,0.575575,0.574454,0.575705
4082,0.575516,0.574394,0.575646
4083,0.575445,0.574323,0.575575
4084,0.57536,0.574237,0.575489
4085,0.575291,0.574168,0.57542
4086,0.575246,0.574123,0.575374
4087,0.575209,0.574086,0.575337
4088,0.575128,0.574004,0.575255
4089,0.575054,0.57393,0.575181
4090,0.574997,0.573873,0.575123
4091,0.574943,0.573818,0.575068
4092,0.574853,0.573728,0.574977
4093,0.5748,0.573675,0.574924
4094,0.574745,0.573619,0.574867
4095,0.574721,0.573595,0.574843
4096,0.57463,0.573504,0.574751
4097,0.574602,0.573475,0.574722
4098,0.574523,0.573396,0.574643
4099,0.574499,0.573372,0.574617
4100,0.574453,0.573326,0.574571
4101,0.574419,0.573292,0.574537
4102,0.574333,0.573205,0.57445
4103,0.574303,0.573175,0.57442
4104,0.574257,0.573129,0.574373
4105,0.57423,0.573101,0.574345
4106,0.574153,0.573025,0.574269
4107,0.574088,0.57296,0.574203
4108,0.574036,0.572907,0.574151
4109,0.574008,0.572879,0.574122
4110,0.573974,0.572844,0.574088
4111,0.573921,0.572792,0.574035
4112,0.573891,0.572762,0.574005
4113,0.573853,0.572723,0.573967
4114,0.573801,0.572671,0.573915
4115,0.573734,0.572603,0.573848
4116,0.573679,0.572548,0.573794
4117,0.573642,0.572511,0.573757
4118,0.573567,0.572436,0.573682
4119,0.573541,0.57241,0.573656
4120,0.57351,0.572378,0.573626
4121,0.573418,0.572286,0.573534
4122,0.573333,0.5722,0.573449
4123,0.573267,0.572134,0.573383
4124,0.573244,0.572111,0.573359
4125,0.573156,0.572022,0.573271
4126,0.573137,0.572003,0.573252
4127,0.573116,0.571982,0.573231
4128,0.573065,0.571931,0.57318
4129,0.572987,0.571853,0.573103
4130,0.572939,0.571805,0.573055
4131,0.572854,0.571719,0.572969
4132,0.572822,0.571686,0.572937
4133,0.572729,0.571594,0.572844
4134,0.572675,0.571539,0.57279
4135,0.572647,0.571511,0.572761
4136,0.572594,0.571458,0.572708
4137,0.57256,0.571424,0.572675
4138,0.572509,0.571372,0.572623
4139,0.57246,0.571323,0.572574
4140,0.572414,0.571277,0.572528
4141,0.572332,0.571194,0.572446
4142,0.572306,0.571168,0.57242
4143,0.572225,0.571086,0.572339
4144,0.572206,0.571067,0.57232
4145,0.572178,0.57104,0.572293
4146,0.572147,0.571008,0.572262
4147,0.572105,0.570966,0.572221
4148,0.572054,0.570915,0.572171
4149,0.571985,0.570845,0.572103
4150,0.571895,0.570755,0.572014
4151,0.571844,0.570704,0.571963
4152,0.571768,0.570628,0.571888
4153,0.571694,0.570553,0.571814
4154,0.571649,0.570508,0.571768
4155,0.571621,0.57048,0.571741
4156,0.571595,0.570453,0.571715
4157,0.571513,0.570371,0.571635
4158,0.571427,0.570285,0.571549
4159,0.571377,0.570234,0.571499
4160,0.571307,0.570164,0.57143
4161,0.571227,0.570084,0.57135
4162,0.571165,0.570021,0.571287
4163,0.571087,0.569943,0.57121
4164,0.571065,0.569921,0.571188
4165,0.571027,0.569883,0.57115
4166,0.570986,0.569841,0.571109
4167,0.570896,0.569751,0.571019
4168,0.570811,0.569666,0.570935
4169,0.570723,0.569577,0.570846
4170,0.570631,0.569485,0.570754
4171,0.570588,0.569441,0.570709
4172,0.570566,0.56942,0.570687
4173,0.570483,0.569336,0.570604
4174,0.570424,0.569277,0.570544
4175,0.570393,0.569246,0.570513
4176,0.570318,0.56917,0.570437
4177,0.570291,0.569143,0.57041
4178,0.57025,0.569102,0.570369
4179,0.570184,0.569036,0.570302
4180,0.570144,0.568995,0.570262
4181,0.570102,0.568953,0.57022
4182,0.570013,0.568864,0.570131
4183,0.569953,0.568804,0.570071
4184,0.56993,0.56878,0.570047
4185,0.56989,0.56874,0.570007
4186,0.569824,0.568674,0.569941
4187,0.56977,0.56862,0.569888
4188,0.569693,0.568542,0.56981
4189,0.569659,0.568508,0.569776
4190,0.5696,0.568449,0.569717
4191,0.569508,0.568356,0.569625
4192,0.569445,0.568293,0.569561
4193,0.569408,0.568256,0.569524
4194,0.569325,0.568172,0.569439
4195,0.569261,0.568108,0.569374
4196,0.569236,0.568082,0.569348
4197,0.569211,0.568058,0.569323
4198,0.569149,0.567995,0.56926
4199,0.569091,0.567937,0.569202
4200,0.569053,0.567898,0.569163
4201,0.568997,0.567843,0.569107
4202,0.568971,0.567816,0.56908
4203,0.568936,0.567781,0.569045
4204,0.568913,0.567759,0.569023
4205,0.568873,0.567718,0.568983
4206,0.568824,0.567669,0.568934
4207,0.568753,0.567598,0.568864
4208,0.568728,0.567572,0.568838
4209,0.568694,0.567538,0.568805
4210,0.568675,0.567519,0.568787
4211,0.568594,0.567438,0.568707
4212,0.568541,0.567384,0.568654
4213,0.568468,0.567311,0.568582
4214,0.568429,0.567272,0.568543
4215,0.568338,0.567181,0.568454
4216,0.568264,0.567106,0.568379
4217,0.568224,0.567066,0.568339
4218,0.568142,0.566983,0.568257
4219,0.568108,0.566949,0.568224
4220,0.568088,0.566929,0.568204
4221,0.568043,0.566884,0.56816
4222,0.567997,0.566838,0.568114
4223,0.56792,0.56676,0.568037
4224,0.567841,0.566681,0.567959
4225,0.56779,0.566629,0.567908
4226,0.567759,0.566599,0.567878
4227,0.567674,0.566513,0.567793
4228,0.567598,0.566436,0.567717
4229,0.567521,0.566359,0.56764
4230,0.567501,0.566339,0.56762
4231,0.56744,0.566278,0.56756
4232,0.567368,0.566205,0.567487
4233,0.567326,0.566163,0.567446
4234,0.567259,0.566096,0.567379
4235,0.56722,0.566056,0.56734
4236,0.567135,0.565972,0.567255
4237,0.567087,0.565924,0.567207
4238,0.567065,0.565901,0.567186
4239,0.567016,0.565852,0.567137
4240,0.566987,0.565823,0.567108
4241,0.566908,0.565743,0.56703
4242,0.566832,0.565667,0.566955
4243,0.566796,0.56563,0.566919
4244,0.566704,0.565539,0.566828
4245,0.566634,0.565468,0.566758
4246,0.56658,0.565413,0.566704
4247,0.566497,0.56533,0.566621
4248,0.566409,0.565242,0.566533
4249,0.566318,0.56515,0.566442
4250,0.566244,0.565076,0.566367
4251,0.566186,0.565018,0.566308
4252,0.566152,0.564983,0.566273
4253,0.566095,0.564926,0.566215
4254,0.566015,0.564845,0.566134
4255,0.565965,0.564796,0.566084
4256,0.565943,0.564774,0.566061
4257,0.565916,0.564746,0.566033
4258,0.565829,0.564658,0.565945
4259,0.565809,0.564639,0.565925
4260,0.565776,0.564606,0.565892
4261,0.565704,0.564533,0.56582
4262,0.565655,0.564484,0.565771
4263,0.565602,0.564431,0.565718
4264,0.565548,0.564376,0.565663
4265,0.565507,0.564335,0.565623
4266,0.565436,0.564264,0.565552
4267,0.565395,0.564222,0.56551
4268,0.565333,0.56416,0.565448
4269,0.565268,0.564095,0.565383
4270,0.565246,0.564073,0.565361
4271,0.565197,0.564024,0.565312
4272,0.565163,0.56399,0.565279
4273,0.565116,0.563942,0.565232
4274,0.565034,0.56386,0.56515
4275,0.565001,0.563826,0.565117
4276,0.564947,0.563772,0.565063
4277,0.564881,0.563706,0.564998
4278,0.564808,0.563632,0.564925
4279,0.564732,0.563557,0.56485
4280,0.564683,0.563507,0.5648
4281,0.56462,0.563444,0.564737
4282,0.56457,0.563394,0.564687
4283,0.564543,0.563367,0.56466
4284,0.56451,0.563334,0.564628
4285,0.564467,0.56329,0.564585
4286,0.564407,0.56323,0.564526
4287,0.564359,0.563182,0.564478
4288,0.564321,0.563143,0.564441
4289,0.564245,0.563067,0.564365
4290,0.564175,0.562996,0.564296
4291,0.564121,0.562942,0.564242
4292,0.564041,0.562862,0.564163
4293,0.564005,0.562826,0.564127
4294,0.563931,0.562751,0.564054
4295,0.563858,0.562678,0.563981
4296,0.563811,0.562631,0.563935
4297,0.563759,0.562579,0.563883
4298,0.563693,0.562512,0.563818
4299,0.563629,0.562448,0.563754
4300,0.563547,0.562365,0.563672
4301,0.563519,0.562337,0.563644
4302,0.56344,0.562257,0.563565
4303,0.563358,0.562176,0.563484
4304,0.56329,0.562107,0.563415
4305,0.563243,0.56206,0.563368
4306,0.563218,0.562035,0.563344
4307,0.563128,0.561945,0.563254
4308,0.563045,0.561861,0.563171
4309,0.562957,0.561773,0.563083
4310,0.56289,0.561705,0.563015
4311,0.562838,0.561653,0.562962
4312,0.562801,0.561616,0.562925
4313,0.562712,0.561526,0.562836
4314,0.56264,0.561454,0.562763
4315,0.562599,0.561412,0.562721
4316,0.562554,0.561367,0.562675
4317,0.562478,0.561291,0.562599
4318,0.562443,0.561256,0.562564
4319,0.562359,0.561171,0.562479
4320,0.562294,0.561106,0.562413
4321,0.562252,0.561064,0.56237
4322,0.562224,0.561036,0.562342
4323,0.56218,0.560991,0.562297
4324,0.562143,0.560955,0.562261
4325,0.56208,0.560891,0.562198
4326,0.561999,0.56081,0.562116
4327,0.561947,0.560758,0.562064
4328,0.561912,0.560723,0.562029
4329,0.561886,0.560696,0.562002
4330,0.561844,0.560654,0.56196
4331,0.561762,0.560571,0.561878
4332,0.561686,0.560495,0.561803
4333,0.561604,0.560413,0.56172
4334,0.561586,0.560394,0.561701
4335,0.561527,0.560335,0.561642
4336,0.561486,0.560294,0.561602
4337,0.561445,0.560253,0.56156
4338,0.561367,0.560175,0.561482
4339,0.561333,0.560141,0.561448
4340,0.561277,0.560084,0.561392
4341,0.561253,0.560059,0.561368
4342,0.561174,0.55998,0.561289
4343,0.561133,0.559939,0.561248
4344,0.561054,0.55986,0.561169
4345,0.560989,0.559794,0.561104
4346,0.560918,0.559723,0.561032
4347,0.560863,0.559668,0.560977
4348,0.560808,0.559612,0.560921
4349,0.560748,0.559553,0.560861
4350,0.560722,0.559526,0.560834
4351,0.560689,0.559493,0.560801
4352,0.560658,0.559461,0.56077
4353,0.560628,0.559432,0.56074
4354,0.560566,0.559369,0.560678
4355,0.56052,0.559323,0.560632
4356,0.560432,0.559234,0.560545
4357,0.56039,0.559193,0.560503
4358,0.560365,0.559167,0.560478
4359,0.560317,0.559119,0.560431
4360,0.560256,0.559058,0.56037
4361,0.560178,0.558979,0.560292
4362,0.560131,0.558932,0.560246
4363,0.560102,0.558903,0.560217
4364,0.560057,0.558858,0.560172
4365,0.560018,0.558819,0.560134
4366,0.559943,0.558743,0.56006
4367,0.559915,0.558716,0.560033
4368,0.559851,0.558651,0.559969
4369,0.559784,0.558584,0.559903
4370,0.559729,0.558529,0.559849
4371,0.55964,0.558439,0.55976
4372,0.559548,0.558346,0.559668
4373,0.559503,0.558301,0.559624
4374,0.559438,0.558235,0.559558
4375,0.559413,0.55821,0.559534
4376,0.559351,0.558149,0.559473
4377,0.559275,0.558072,0.559397
4378,0.559206,0.558003,0.559328
4379,0.559149,0.557945,0.559271
4380,0.559065,0.557861,0.559187
4381,0.559002,0.557797,0.559123
4382,0.558935,0.557731,0.559057
4383,0.558905,0.5577,0.559026
4384,0.558819,0.557614,0.55894
4385,0.558782,0.557577,0.558903
4386,0.558707,0.557501,0.558827
4387,0.558627,0.557421,0.558748
4388,0.558581,0.557375,0.558701
4389,0.558501,0.557294,0.55862
4390,0.558478,0.557271,0.558596
4391,0.558443,0.557236,0.558561
4392,0.55841,0.557203,0.558528
4393,0.558365,0.557158,0.558484
4394,0.558292,0.557084,0.558411
4395,0.558258,0.55705,0.558377
4396,0.558225,0.557017,0.558344
4397,0.558185,0.556977,0.558305
4398,0.558106,0.556897,0.558226
4399,0.558038,0.556829,0.558159
4400,0.557953,0.556743,0.558074
4401,0.55788,0.556671,0.558002
4402,0.557821,0.556611,0.557943
4403,0.557743,0.556532,0.557864
4404,0.557656,0.556445,0.557777
4405,0.557586,0.556374,0.557706
4406,0.557555,0.556344,0.557675
4407,0.557526,0.556314,0.557645
4408,0.557499,0.556287,0.557618
4409,0.557429,0.556216,0.557548
4410,0.557354,0.556142,0.557474
4411,0.557321,0.556108,0.55744
4412,0.55729,0.556077,0.557409
4413,0.55726,0.556047,0.557379
4414,0.55722,0.556007,0.557341
4415,0.557143,0.555929,0.557264
4416,0.557052,0.555838,0.557174
4417,0.556965,0.55575,0.557087
4418,0.556937,0.555722,0.557059
4419,0.556856,0.555641,0.556979
4420,0.55678,0.555565,0.556903
4421,0.556758,0.555542,0.55688
4422,0.556694,0.555478,0.556816
4423,0.556618,0.555402,0.556741
4424,0.556544,0.555328,0.556667
4425,0.556517,0.5553,0.55664
4426,0.556494,0.555277,0.556617
4427,0.556433,0.555216,0.556557
4428,0.556345,0.555128,0.556469
4429,0.556296,0.555079,0.556421
4430,0.556214,0.554996,0.556339
4431,0.556127,0.554908,0.556252
4432,0.55608,0.554861,0.556205
4433,0.556023,0.554803,0.556147
4434,0.555937,0.554718,0.556062
4435,0.555886,0.554666,0.55601
4436,0.5558,0.55458,0.555924
4437,0.555712,0.554491,0.555835
4438,0.555663,0.554442,0.555786
4439,0.555618,0.554396,0.555739
4440,0.55558,0.554359,0.555702
4441,0.55555,0.554329,0.555671
4442,0.5555,0.554278,0.555621
4443,0.555409,0.554187,0.55553
4444,0.555353,0.55413,0.555473
4445,0.55527,0.554047,0.55539
4446,0.555226,0.554003,0.555346
4447,0.555143,0.55392,0.555262
4448,0.555098,0.553874,0.555216
4449,0.555058,0.553834,0.555176
4450,0.555025,0.553801,0.555142
4451,0.554953,0.553728,0.555069
4452,0.554902,0.553677,0.555018
4453,0.554882,0.553657,0.554997
4454,0.554836,0.55361,0.554951
4455,0.55476,0.553535,0.554875
4456,0.554727,0.553502,0.554842
4457,0.554695,0.553469,0.55481
4458,0.55464,0.553414,0.554755
4459,0.554605,0.553378,0.55472
4460,0.554572,0.553346,0.554688
4461,0.554482,0.553255,0.554598
4462,0.55445,0.553222,0.554566
4463,0.554397,0.553169,0.554514
4464,0.554371,0.553143,0.554488
4465,0.554311,0.553083,0.55443
4466,0.554275,0.553047,0.554394
4467,0.554208,0.552979,0.554328
4468,0.554167,0.552939,0.554289
4469,0.554086,0.552857,0.554209
4470,0.553999,0.55277,0.554123
4471,0.553924,0.552694,0.554048
4472,0.553887,0.552657,0.554012
4473,0.553799,0.552569,0.553925
4474,0.553721,0.55249,0.553847
4475,0.553647,0.552416,0.553773
4476,0.553569,0.552338,0.553695
4477,0.553504,0.552272,0.55363
4478,0.553444,0.552212,0.55357
4479,0.553371,0.552139,0.553497
4480,0.553299,0.552066,0.553424
4481,0.553261,0.552028,0.553386
4482,0.553195,0.551962,0.55332
4483,0.553157,0.551923,0.553281
4484,0.553078,0.551844,0.553203
4485,0.553025,0.55179,0.553149
4486,0.552967,0.551732,0.553091
4487,0.552907,0.551672,0.553031
4488,0.552819,0.551583,0.552942
4489,0.55277,0.551534,0.552893
4490,0.552705,0.551469,0.552828
4491,0.552671,0.551435,0.552793
4492,0.552588,0.551351,0.55271
4493,0.552535,0.551298,0.552656
4494,0.55245,0.551213,0.552572
4495,0.552416,0.551179,0.552537
4496,0.552363,0.551125,0.552483
4497,0.5523,0.551062,0.552419
4498,0.552249,0.551011,0.552369
4499,0.552208,0.550969,0.552327
4500,0.55212,0.550881,0.552238
4501,0.55207,0.550831,0.552188
4502,0.552038,0.550799,0.552155
4503,0.552015,0.550775,0.552132
4504,0.551981,0.550741,0.552098
4505,0.551919,0.55068,0.552037
4506,0.551869,0.550629,0.551987
4507,0.551848,0.550608,0.551966
4508,0.551771,0.55053,0.55189
4509,0.551736,0.550495,0.551855
4510,0.551659,0.550418,0.551779
4511,0.551615,0.550374,0.551736
4512,0.551546,0.550305,0.551668
4513,0.5515,0.550258,0.551622
4514,0.551456,0.550214,0.551579
4515,0.551367,0.550124,0.55149
4516,0.551278,0.550035,0.551402
4517,0.551235,0.549992,0.551359
4518,0.551145,0.549902,0.55127
4519,0.551053,0.549809,0.551177
4520,0.55102,0.549775,0.551144
4521,0.55096,0.549716,0.551084
4522,0.550893,0.549648,0.551017
4523,0.550872,0.549627,0.550996
4524,0.550783,0.549537,0.550907
4525,0.550718,0.549473,0.550843
4526,0.550629,0.549382,0.550753
4527,0.550565,0.549319,0.550689
4528,0.550517,0.549271,0.550641
4529,0.550483,0.549236,0.550606
4530,0.550396,0.549148,0.550518
4531,0.550318,0.54907,0.55044
4532,0.550295,0.549048,0.550417
4533,0.550203,0.548955,0.550325
4534,0.550174,0.548925,0.550294
4535,0.550106,0.548857,0.550226
4536,0.550059,0.54881,0.550179
4537,0.550019,0.54877,0.550139
4538,0.54994,0.54869,0.550059
4539,0.54989,0.548641,0.550009
4540,0.549814,0.548563,0.549932
4541,0.549772,0.548521,0.549889
4542,0.549745,0.548494,0.549862
4543,0.549691,0.54844,0.549808
4544,0.549611,0.548359,0.549727
4545,0.54959,0.548338,0.549706
4546,0.549556,0.548305,0.549673
4547,0.549508,0.548256,0.549624
4548,0.549488,0.548236,0.549605
4549,0.549454,0.548202,0.549572
4550,0.549406,0.548154,0.549525
4551,0.549318,0.548065,0.549437
4552,0.549248,0.547995,0.549368
4553,0.549227,0.547974,0.549348
4554,0.549147,0.547894,0.549269
4555,0.549103,0.54785,0.549226
4556,0.549025,0.547771,0.549148
4557,0.548938,0.547683,0.549062
4558,0.548879,0.547624,0.549003
4559,0.548803,0.547548,0.548928
4560,0.548753,0.547498,0.548878
4561,0.548697,0.547441,0.548822
4562,0.548637,0.547381,0.548762
4563,0.548594,0.547337,0.548719
4564,0.548524,0.547267,0.54865
4565,0.548445,0.547188,0.548571
4566,0.548376,0.547119,0.548503
4567,0.548343,0.547085,0.548469
4568,0.548299,0.547041,0.548427
4569,0.548221,0.546963,0.548349
4570,0.54813,0.546872,0.548259
4571,0.548061,0.546802,0.54819
4572,0.547996,0.546737,0.548125
4573,0.547966,0.546707,0.548095
4574,0.5479,0.54664,0.548029
4575,0.547816,0.546556,0.547946
4576,0.547796,0.546535,0.547926
4577,0.547723,0.546462,0.547854
4578,0.547632,0.546371,0.547763
4579,0.547557,0.546295,0.547688
4580,0.547468,0.546206,0.547599
4581,0.547406,0.546143,0.547537
4582,0.547374,0.546112,0.547506
4583,0.547284,0.546021,0.547416
4584,0.547196,0.545932,0.547327
4585,0.547104,0.54584,0.547235
4586,0.547027,0.545763,0.547157
4587,0.546966,0.545702,0.547095
4588,0.546921,0.545656,0.547049
4589,0.546864,0.545599,0.546991
4590,0.546832,0.545567,0.546959
4591,0.54675,0.545484,0.546876
4592,0.546697,0.545431,0.546822
4593,0.546678,0.545412,0.546803
4594,0.546598,0.545332,0.546723
4595,0.546528,0.545261,0.546653
4596,0.546493,0.545226,0.546618
4597,0.546464,0.545197,0.546589
4598,0.546388,0.545121,0.546513
4599,0.546347,0.545079,0.546472
4600,0.54628,0.545012,0.546405
4601,0.546259,0.544991,0.546384
4602,0.546204,0.544936,0.54633
4603,0.546114,0.544845,0.546241
4604,0.546028,0.544759,0.546155
4605,0.546007,0.544738,0.546135
4606,0.545987,0.544718,0.546115
4607,0.545897,0.544627,0.546025
4608,0.545835,0.544565,0.545965
4609,0.545747,0.544476,0.545876
4610,0.545667,0.544396,0.545798
4611,0.545576,0.544305,0.545706
4612,0.545551,0.544279,0.545681
4613,0.545508,0.544236,0.545638
4614,0.545437,0.544164,0.545567
4615,0.545405,0.544133,0.545537
4616,0.545326,0.544053,0.545458
4617,0.545239,0.543965,0.545371
4618,0.545152,0.543879,0.545285
4619,0.545099,0.543825,0.545232
4620,0.545027,0.543753,0.545161
4621,0.544957,0.543683,0.545091
4622,0.54487,0.543595,0.545003
4623,0.544832,0.543557,0.544965
4624,0.544747,0.543471,0.54488
4625,0.544668,0.543392,0.544801
4626,0.544578,0.543302,0.544711
4627,0.544514,0.543238,0.544646
4628,0.544433,0.543156,0.544565
4629,0.544356,0.543079,0.544487
4630,0.544313,0.543035,0.544442
4631,0.544286,0.543008,0.544414
4632,0.544208,0.54293,0.544337
4633,0.544163,0.542885,0.544291
4634,0.544113,0.542834,0.54424
4635,0.544056,0.542777,0.544183
4636,0.543997,0.542718,0.544124
4637,0.543916,0.542636,0.544042
4638,0.543868,0.542588,0.543994
4639,0.543848,0.542568,0.543974
4640,0.543761,0.54248,0.543887
4641,0.54368,0.542399,0.543805
4642,0.5436,0.542319,0.543725
4643,0.54357,0.542289,0.543694
4644,0.543513,0.542232,0.543637
4645,0.543457,0.542175,0.54358
4646,0.543436,0.542154,0.543559
4647,0.543353,0.542071,0.543476
4648,0.543278,0.541995,0.543401
4649,0.543228,0.541945,0.54335
4650,0.543204,0.541921,0.543327
4651,0.543154,0.54187,0.543276
4652,0.543076,0.541792,0.543198
4653,0.543054,0.54177,0.543176
4654,0.542974,0.54169,0.543097
4655,0.542918,0.541633,0.54304
4656,0.542851,0.541566,0.542973
4657,0.542807,0.541521,0.542929
4658,0.542718,0.541432,0.54284
4659,0.542642,0.541356,0.542764
4660,0.542613,0.541326,0.542735
4661,0.542548,0.541261,0.54267
4662,0.542507,0.541221,0.542629
4663,0.542449,0.541162,0.542571
4664,0.542388,0.5411,0.542509
4665,0.542335,0.541048,0.542457
4666,0.542272,0.540984,0.542393
4667,0.542181,0.540892,0.542302
4668,0.542111,0.540823,0.542232
4669,0.542026,0.540737,0.542146
4670,0.541987,0.540698,0.542106
4671,0.541933,0.540643,0.542051
4672,0.5419,0.54061,0.542017
4673,0.541878,0.540588,0.541995
4674,0.541835,0.540544,0.541952
4675,0.541777,0.540486,0.541894
4676,0.541738,0.540447,0.541855
4677,0.541656,0.540365,0.541773
4678,0.541568,0.540276,0.541685
4679,0.541495,0.540203,0.541612
4680,0.541434,0.540142,0.54155
4681,0.541405,0.540113,0.54152
4682,0.541334,0.540041,0.541448
4683,0.541279,0.539986,0.541393
4684,0.541229,0.539936,0.541342
4685,0.541197,0.539903,0.541309
4686,0.541177,0.539884,0.541289
4687,0.541141,0.539847,0.541253
4688,0.541086,0.539792,0.541198
4689,0.541049,0.539755,0.541161
4690,0.540967,0.539673,0.541079
4691,0.54093,0.539636,0.541042
4692,0.540861,0.539566,0.540973
4693,0.540795,0.5395,0.540907
4694,0.54076,0.539465,0.540872
4695,0.540725,0.539429,0.540837
4696,0.540666,0.53937,0.540778
4697,0.540616,0.53932,0.540728
4698,0.540526,0.539229,0.540638
4699,0.54049,0.539193,0.540601
4700,0.540466,0.539169,0.540578
4701,0.540435,0.539138,0.540546
4702,0.540352,0.539054,0.540463
4703,0.540323,0.539026,0.540435
4704,0.540271,0.538973,0.540383
4705,0.540191,0.538892,0.540303
4706,0.540156,0.538858,0.540269
4707,0.540125,0.538826,0.540237
4708,0.540052,0.538753,0.540165
4709,0.540005,0.538705,0.540118
4710,0.539919,0.538619,0.540032
4711,0.539849,0.538549,0.539962
4712,0.539799,0.538499,0.539912
4713,0.53977,0.53847,0.539883
4714,0.539731,0.53843,0.539843
4715,0.539702,0.538402,0.539815
4716,0.539634,0.538333,0.539747
4717,0.539582,0.538281,0.539695
4718,0.539557,0.538255,0.539671
4719,0.539533,0.538231,0.539648
4720,0.539483,0.538181,0.539599
4721,0.53942,0.538118,0.539537
4722,0.539365,0.538063,0.539483
4723,0.53932,0.538017,0.539439
4724,0.539255,0.537952,0.539376
4725,0.539179,0.537875,0.5393
4726,0.539092,0.537788,0.539215
4727,0.539029,0.537724,0.539152
4728,0.538939,0.537634,0.539063
4729,0.53888,0.537575,0.539004
4730,0.538833,0.537528,0.538957
4731,0.538792,0.537487,0.538917
4732,0.5387,0.537395,0.538826
4733,0.538616,0.537309,0.538742
4734,0.538526,0.537219,0.538652
4735,0.538438,0.537131,0.538564
4736,0.538357,0.537049,0.538482
4737,0.538334,0.537026,0.538458
4738,0.538259,0.536951,0.538383
4739,0.538237,0.536929,0.538361
4740,0.538153,0.536844,0.538277
4741,0.538084,0.536775,0.538207
4742,0.538042,0.536733,0.538165
4743,0.538012,0.536703,0.538135
4744,0.537948,0.536638,0.538071
4745,0.537888,0.536578,0.538012
4746,0.537825,0.536515,0.537949
4747,0.537766,0.536456,0.53789
4748,0.537685,0.536374,0.537808
4749,0.537614,0.536303,0.537737
4750,0.537527,0.536215,0.537649
4751,0.537448,0.536136,0.53757
4752,0.537424,0.536112,0.537545
4753,0.537387,0.536075,0.537508
4754,0.537295,0.535982,0.537415
4755,0.537272,0.535959,0.537391
4756,0.537182,0.535869,0.537301
4757,0.537151,0.535838,0.53727
4758,0.537132,0.535819,0.53725
4759,0.5371,0.535786,0.537218
4760,0.537033,0.535718,0.537151
4761,0.536971,0.535656,0.53709
4762,0.536888,0.535573,0.537007
4763,0.536833,0.535518,0.536951
4764,0.536808,0.535492,0.536926
4765,0.536753,0.535437,0.536871
4766,0.536668,0.535352,0.536787
4767,0.536621,0.535304,0.53674
4768,0.536552,0.535235,0.53667
4769,0.536515,0.535199,0.536634
4770,0.536467,0.53515,0.536586
4771,0.536397,0.53508,0.536517
4772,0.536375,0.535058,0.536495
4773,0.536322,0.535004,0.536442
4774,0.536243,0.534924,0.536363
4775,0.536191,0.534873,0.536312
4776,0.536099,0.53478,0.53622
4777,0.536016,0.534697,0.536137
4778,0.535984,0.534664,0.536105
4779,0.535892,0.534572,0.536013
4780,0.53586,0.53454,0.53598
4781,0.535825,0.534504,0.535945
4782,0.535733,0.534412,0.535853
4783,0.535687,0.534366,0.535808
4784,0.535637,0.534316,0.535757
4785,0.535579,0.534258,0.535699
4786,0.535544,0.534223,0.535665
4787,0.535462,0.53414,0.535583
4788,0.5354,0.534078,0.535521
4789,0.53532,0.533997,0.53544
4790,0.535232,0.533909,0.535352
4791,0.535205,0.533882,0.535325
4792,0.535127,0.533803,0.535246
4793,0.535065,0.533741,0.535184
4794,0.534989,0.533665,0.535107
4795,0.534952,0.533627,0.535068
4796,0.534925,0.5336,0.535041
4797,0.534872,0.533547,0.534987
4798,0.534831,0.533506,0.534946
4799,0.534757,0.533432,0.534872
4800,0.534707,0.533381,0.534822
4801,0.53467,0.533344,0.534784
4802,0.534594,0.533268,0.534709
4803,0.534567,0.53324,0.534681
4804,0.534481,0.533154,0.534595
4805,0.53443,0.533103,0.534544
4806,0.534374,0.533046,0.534486
4807,0.534354,0.533027,0.534467
4808,0.534297,0.53297,0.53441
4809,0.534253,0.532925,0.534365
4810,0.534202,0.532873,0.534314
4811,0.534166,0.532838,0.534279
4812,0.534135,0.532806,0.534247
4813,0.534045,0.532716,0.534158
4814,0.534018,0.532688,0.534131
4815,0.533947,0.532617,0.53406
4816,0.533919,0.532589,0.534033
4817,0.533899,0.532569,0.534014
4818,0.533823,0.532493,0.533939
4819,0.533759,0.532429,0.533875
4820,0.533716,0.532385,0.533833
4821,0.533667,0.532336,0.533785
4822,0.533577,0.532245,0.533696
4823,0.533512,0.532181,0.533632
4824,0.533455,0.532123,0.533575
4825,0.533423,0.532091,0.533544
4826,0.533345,0.532012,0.533466
4827,0.533274,0.531941,0.533396
4828,0.533234,0.531901,0.533357
4829,0.533171,0.531837,0.533294
4830,0.533113,0.53178,0.533237
4831,0.533058,0.531724,0.533182
4832,0.532983,0.531649,0.533108
4833,0.5329,0.531565,0.533026
4834,0.532818,0.531483,0.532944
4835,0.532754,0.531418,0.53288
4836,0.532665,0.531329,0.532791
4837,0.532622,0.531286,0.532748
4838,0.532552,0.531216,0.532679
4839,0.53252,0.531183,0.532647
4840,0.532443,0.531106,0.53257
4841,0.532417,0.531079,0.532543
4842,0.532328,0.53099,0.532455
4843,0.532276,0.530938,0.532404
4844,0.532194,0.530855,0.532321
4845,0.532143,0.530805,0.532271
4846,0.532054,0.530714,0.532181
4847,0.531964,0.530624,0.532091
4848,0.531908,0.530568,0.532035
4849,0.53187,0.53053,0.531997
4850,0.531777,0.530437,0.531904
4851,0.531719,0.530378,0.531846
4852,0.531665,0.530324,0.531791
4853,0.531645,0.530304,0.531771
4854,0.531591,0.53025,0.531718
4855,0.531544,0.530202,0.53167
4856,0.531454,0.530112,0.531581
4857,0.531396,0.530054,0.531523
4858,0.531326,0.529983,0.531453
4859,0.531247,0.529904,0.531374
4860,0.531186,0.529842,0.531313
4861,0.531104,0.52976,0.531231
4862,0.53102,0.529676,0.531146
4863,0.530933,0.529589,0.531058
4864,0.53091,0.529565,0.531034
4865,0.530822,0.529476,0.530945
4866,0.530801,0.529455,0.530923
4867,0.530756,0.52941,0.530878
4868,0.530704,0.529358,0.530826
4869,0.530619,0.529273,0.530741
4870,0.530595,0.529248,0.530716
4871,0.530521,0.529174,0.530642
4872,0.53049,0.529143,0.530611
4873,0.530435,0.529088,0.530557
4874,0.530388,0.529041,0.53051
4875,0.530325,0.528978,0.530447
4876,0.530253,0.528905,0.530374
4877,0.530173,0.528825,0.530295
4878,0.530087,0.528738,0.530207
4879,0.53002,0.52867,0.530139
4880,0.53,0.528651,0.530119
4881,0.529946,0.528597,0.530065
4882,0.529868,0.528518,0.529986
4883,0.529816,0.528466,0.529934
4884,0.529773,0.528422,0.52989
4885,0.529751,0.5284,0.529868
4886,0.529688,0.528338,0.529805
4887,0.529648,0.528297,0.529765
4888,0.529602,0.528251,0.529719
4889,0.529521,0.528169,0.529638
4890,0.529492,0.52814,0.529609
4891,0.52941,0.528058,0.529527
4892,0.52938,0.528027,0.529497
4893,0.529331,0.527978,0.529448
4894,0.529257,0.527904,0.529375
4895,0.529176,0.527823,0.529294
4896,0.529111,0.527758,0.529229
4897,0.52904,0.527686,0.529157
4898,0.529001,0.527647,0.529118
4899,0.528956,0.527601,0.529072
4900,0.528867,0.527512,0.528983
4901,0.528819,0.527463,0.528934
4902,0.528799,0.527443,0.528914
4903,0.52873,0.527374,0.528845
4904,0.528709,0.527354,0.528824
4905,0.528655,0.527299,0.52877
4906,0.528588,0.527232,0.528703
4907,0.528569,0.527213,0.528684
4908,0.528489,0.527132,0.528605
4909,0.528432,0.527075,0.528548
4910,0.528356,0.526998,0.528472
4911,0.528337,0.526979,0.528452
4912,0.528279,0.526921,0.528395
4913,0.528193,0.526835,0.528309
4914,0.528103,0.526744,0.528219
4915,0.528078,0.526719,0.528194
4916,0.528029,0.52667,0.528145
4917,0.527939,0.52658,0.528055
4918,0.527901,0.526541,0.528016
4919,0.527862,0.526502,0.527977
4920,0.527842,0.526482,0.527957
4921,0.527809,0.526449,0.527924
4922,0.527719,0.526358,0.527835
4923,0.527669,0.526308,0.527784
4924,0.527635,0.526274,0.527751
4925,0.527545,0.526184,0.527662
4926,0.527479,0.526117,0.527596
4927,0.527395,0.526032,0.527511
4928,0.527316,0.525953,0.527431
4929,0.527284,0.525921,0.527399
4930,0.527259,0.525896,0.527373
4931,0.527213,0.525849,0.527327
4932,0.527144,0.52578,0.527258
4933,0.527119,0.525756,0.527234
4934,0.527091,0.525727,0.527206
4935,0.527026,0.525661,0.527141
4936,0.526956,0.525592,0.527072
4937,0.526902,0.525538,0.527018
4938,0.52682,0.525455,0.526936
4939,0.526763,0.525397,0.526879
4940,0.526689,0.525323,0.526805
4941,0.52664,0.525274,0.526756
4942,0.52657,0.525204,0.526686
4943,0.526518,0.525151,0.526632
4944,0.526463,0.525096,0.526577
4945,0.526411,0.525044,0.526525
4946,0.526377,0.525009,0.52649
4947,0.526354,0.524987,0.526468
4948,0.526271,0.524903,0.526385
4949,0.526194,0.524826,0.526308
4950,0.526165,0.524797,0.526279
4951,0.52612,0.524751,0.526233
4952,0.526101,0.524732,0.526215
4953,0.526037,0.524668,0.526151
4954,0.525952,0.524583,0.526066
4955,0.525893,0.524523,0.526007
4956,0.525848,0.524478,0.525962
4957,0.525772,0.524401,0.525886
4958,0.525733,0.524363,0.525848
4959,0.525705,0.524334,0.525819
4960,0.525647,0.524276,0.525761
4961,0.525588,0.524216,0.525703
4962,0.525546,0.524174,0.525661
4963,0.525456,0.524084,0.525571
4964,0.525412,0.52404,0.525528
4965,0.525337,0.523964,0.525453
4966,0.525258,0.523885,0.525373
4967,0.525213,0.52384,0.525329
4968,0.525121,0.523747,0.525236
4969,0.525092,0.523718,0.525206
4970,0.52506,0.523686,0.525174
4971,0.524982,0.523608,0.525097
4972,0.52491,0.523535,0.525024
4973,0.524873,0.523498,0.524986
4974,0.52479,0.523414,0.524903
4975,0.524734,0.523358,0.524846
4976,0.524661,0.523285,0.524773
4977,0.524583,0.523207,0.524693
4978,0.52454,0.523164,0.524649
4979,0.524508,0.523131,0.524615
4980,0.524471,0.523094,0.524578
4981,0.52444,0.523063,0.524546
4982,0.524383,0.523005,0.524488
4983,0.524359,0.522981,0.524463
4984,0.524274,0.522896,0.524378
4985,0.524231,0.522852,0.524334
4986,0.524212,0.522833,0.524314
4987,0.524191,0.522812,0.524292
4988,0.524121,0.522742,0.524222
4989,0.524096,0.522717,0.524197
4990,0.524062,0.522683,0.524163
4991,0.524041,0.522662,0.524142
4992,0.524012,0.522633,0.524114
4993,0.523926,0.522546,0.524028
4994,0.52389,0.52251,0.523992
4995,0.523863,0.522483,0.523965
4996,0.523833,0.522453,0.523936
4997,0.523805,0.522424,0.523908
4998,0.523762,0.522382,0.523867
4999,0.5237,0.52232,0.523806
5000,0.523632,0.522251,0.523738
5001,0.523566,0.522184,0.523673
5002,0.523521,0.52214,0.523629
5003,0.523499,0.522117,0.523607
5004,0.523407,0.522024,0.523515
5005,0.523338,0.521955,0.523447
5006,0.523305,0.521922,0.523415
5007,0.523264,0.521881,0.523374
5008,0.523216,0.521833,0.523327
5009,0.523176,0.521793,0.523288
5010,0.523125,0.521742,0.523238
5011,0.52305,0.521666,0.523164
5012,0.522959,0.521574,0.523073
5013,0.522909,0.521524,0.523024
5014,0.522843,0.521458,0.522958
5015,0.522756,0.521371,0.522871
5016,0.522707,0.521321,0.522822
5017,0.522676,0.52129,0.522791
5018,0.522601,0.521214,0.522716
5019,0.522534,0.521147,0.522649
5020,0.522473,0.521086,0.522588
5021,0.52245,0.521063,0.522565
5022,0.522377,0.52099,0.522492
5023,0.522318,0.52093,0.522433
5024,0.522279,0.520891,0.522395
5025,0.522224,0.520836,0.52234
5026,0.522176,0.520787,0.522292
5027,0.522083,0.520694,0.522199
5028,0.522027,0.520638,0.522143
5029,0.521986,0.520597,0.522102
5030,0.521914,0.520525,0.522031
5031,0.521855,0.520465,0.521971
5032,0.521822,0.520432,0.521938
5033,0.521792,0.520402,0.521909
5034,0.521716,0.520325,0.521832
5035,0.521642,0.520251,0.521759
5036,0.521575,0.520184,0.521692
5037,0.521544,0.520152,0.521661
5038,0.521495,0.520103,0.521612
5039,0.521463,0.520071,0.521581
5040,0.521403,0.52001,0.521521
5041,0.521348,0.519955,0.521467
5042,0.521291,0.519898,0.521411
5043,0.521199,0.519805,0.52132
5044,0.521155,0.519762,0.521276
5045,0.521064,0.51967,0.521186
5046,0.520989,0.519594,0.521111
5047,0.520899,0.519505,0.521021
5048,0.520823,0.519428,0.520944
5049,0.520775,0.51938,0.520896
5050,0.520741,0.519346,0.520862
5051,0.520666,0.51927,0.520786
5052,0.520582,0.519185,0.520701
5053,0.520534,0.519137,0.520653
5054,0.520461,0.519064,0.520579
5055,0.52043,0.519033,0.520548
5056,0.520396,0.518999,0.520514
5057,0.520314,0.518916,0.520432
5058,0.520266,0.518868,0.520383
5059,0.520237,0.518839,0.520353
5060,0.520196,0.518797,0.520312
5061,0.52013,0.518731,0.520247
5062,0.520098,0.518699,0.520215
5063,0.520049,0.518649,0.520166
5064,0.519999,0.518599,0.520117
5065,0.519907,0.518507,0.520025
5066,0.51987,0.51847,0.519989
5067,0.51982,0.51842,0.519939
5068,0.519741,0.51834,0.51986
5069,0.519692,0.518292,0.519812
5070,0.519638,0.518237,0.519758
5071,0.519602,0.518201,0.519723
5072,0.519521,0.518119,0.519642
5073,0.519454,0.518052,0.519575
5074,0.519416,0.518014,0.519538
5075,0.519351,0.517948,0.519473
5076,0.519258,0.517855,0.519381
5077,0.519176,0.517772,0.519298
5078,0.519103,0.517699,0.519225
5079,0.519058,0.517654,0.51918
5080,0.51897,0.517565,0.519091
5081,0.518924,0.517519,0.519045
5082,0.518872,0.517467,0.518993
5083,0.518786,0.517381,0.518906
5084,0.518744,0.517338,0.518863
5085,0.518665,0.517259,0.518784
5086,0.518595,0.517189,0.518713
5087,0.518537,0.51713,0.518654
5088,0.518482,0.517075,0.518598
5089,0.518426,0.517019,0.518541
5090,0.518396,0.516988,0.51851
5091,0.518366,0.516958,0.51848
5092,0.518275,0.516867,0.518389
5093,0.518244,0.516836,0.518357
5094,0.518222,0.516814,0.518334
5095,0.518151,0.516743,0.518264
5096,0.518129,0.51672,0.518241
5097,0.518091,0.516682,0.518203
5098,0.518023,0.516614,0.518135
5099,0.517968,0.516558,0.51808
5100,0.517928,0.516518,0.518041
5101,0.517875,0.516465,0.517988
5102,0.517848,0.516438,0.517962
5103,0.517778,0.516368,0.517892
5104,0.517705,0.516294,0.517819
5105,0.517658,0.516247,0.517773
5106,0.517624,0.516212,0.517739
5107,0.517556,0.516144,0.517671
5108,0.517483,0.516071,0.517599
5109,0.517421,0.516008,0.517537
5110,0.51733,0.515918,0.517446
5111,0.517256,0.515843,0.517372
5112,0.517222,0.515809,0.517337
5113,0.517151,0.515738,0.517266
5114,0.517073,0.515659,0.517187
5115,0.517041,0.515627,0.517154
5116,0.516994,0.51558,0.517107
5117,0.516956,0.515542,0.517069
5118,0.516936,0.515521,0.517049
5119,0.516877,0.515462,0.51699
5120,0.516799,0.515383,0.516911
5121,0.516765,0.51535,0.516878
5122,0.516729,0.515314,0.516842
5123,0.516643,0.515227,0.516756
5124,0.516621,0.515204,0.516734
5125,0.516592,0.515176,0.516706
5126,0.516512,0.515096,0.516627
5127,0.51647,0.515053,0.516585
5128,0.51641,0.514993,0.516525
5129,0.516358,0.514941,0.516474
5130,0.516303,0.514886,0.51642
5131,0.516232,0.514814,0.516349
5132,0.516164,0.514746,0.516281
5133,0.516098,0.514679,0.516216
5134,0.51602,0.514601,0.516138
5135,0.515943,0.514523,0.51606
5136,0.515853,0.514433,0.515969
5137,0.515829,0.514408,0.515945
5138,0.515774,0.514353,0.515889
5139,0.51569,0.514269,0.515805
5140,0.515654,0.514233,0.515769
5141,0.515572,0.514151,0.515686
5142,0.515485,0.514063,0.515598
5143,0.515439,0.514016,0.51555
5144,0.515416,0.513994,0.515527
5145,0.515392,0.513969,0.515501
5146,0.51536,0.513937,0.515469
5147,0.51532,0.513897,0.515429
5148,0.51529,0.513867,0.515399
5149,0.515264,0.513841,0.515374
5150,0.515212,0.513788,0.515321
5151,0.515172,0.513749,0.515283
5152,0.515136,0.513712,0.515247
5153,0.515089,0.513665,0.5152
5154,0.515005,0.513581,0.515117
5155,0.514959,0.513534,0.515072
5156,0.514904,0.513479,0.515018
5157,0.514818,0.513392,0.514932
5158,0.514738,0.513313,0.514853
5159,0.514679,0.513253,0.514793
5160,0.514639,0.513213,0.514753
5161,0.514552,0.513125,0.514666
5162,0.514509,0.513083,0.514624
5163,0.514434,0.513007,0.514548
5164,0.514379,0.512952,0.514493
5165,0.514325,0.512897,0.514438
5166,0.514284,0.512856,0.514397
5167,0.514223,0.512795,0.514336
5168,0.514204,0.512776,0.514317
5169,0.514162,0.512733,0.514275
5170,0.514112,0.512683,0.514226
5171,0.51407,0.512641,0.514184
5172,0.514027,0.512598,0.514142
5173,0.514007,0.512578,0.514123
5174,0.513955,0.512526,0.514072
5175,0.513869,0.512439,0.513987
5176,0.513827,0.512397,0.513946
5177,0.513739,0.512308,0.513859
5178,0.513652,0.512221,0.513773
5179,0.513577,0.512146,0.513698
5180,0.513488,0.512056,0.513609
5181,0.513406,0.511974,0.513527
5182,0.513344,0.511911,0.513464
5183,0.513262,0.511829,0.513382
5184,0.513198,0.511765,0.513317
5185,0.51313,0.511696,0.513248
5186,0.513084,0.51165,0.513202
5187,0.513048,0.511614,0.513165
5188,0.512996,0.511562,0.513112
5189,0.512968,0.511533,0.513084
5190,0.512931,0.511496,0.513046
5191,0.512849,0.511414,0.512965
5192,0.512771,0.511336,0.512886
5193,0.512747,0.511311,0.512862
5194,0.512696,0.51126,0.512811
5195,0.512613,0.511177,0.512728
5196,0.512576,0.511139,0.51269
5197,0.51252,0.511083,0.512634
5198,0.51245,0.511013,0.512564
5199,0.512372,0.510934,0.512485
5200,0.512351,0.510914,0.512464
5201,0.512285,0.510847,0.512397
5202,0.512198,0.51076,0.512309
5203,0.512176,0.510737,0.512287
5204,0.512156,0.510718,0.512267
5205,0.512132,0.510694,0.512243
5206,0.512085,0.510646,0.512196
5207,0.512031,0.510591,0.512142
5208,0.511961,0.510522,0.512073
5209,0.511915,0.510475,0.512026
5210,0.511836,0.510396,0.511947
5211,0.511804,0.510364,0.511915
5212,0.511733,0.510293,0.511845
5213,0.511696,0.510255,0.511807
5214,0.511609,0.510168,0.51172
5215,0.511554,0.510112,0.511665
5216,0.511478,0.510036,0.511588
5217,0.511456,0.510014,0.511566
5218,0.511397,0.509954,0.511506
5219,0.511346,0.509903,0.511455
5220,0.511321,0.509878,0.51143
5221,0.511274,0.509831,0.511382
5222,0.511242,0.509799,0.511351
5223,0.511157,0.509713,0.511266
5224,0.511105,0.509661,0.511214
5225,0.511054,0.50961,0.511162
5226,0.511024,0.50958,0.511133
5227,0.510997,0.509553,0.511106
5228,0.510958,0.509514,0.511068
5229,0.510931,0.509487,0.511041
5230,0.51086,0.509415,0.510971
5231,0.51084,0.509395,0.510952
5232,0.510778,0.509333,0.510891
5233,0.510689,0.509243,0.510802
5234,0.510626,0.509179,0.51074
5235,0.510569,0.509122,0.510683
5236,0.510522,0.509075,0.510637
5237,0.510429,0.508982,0.510545
5238,0.510389,0.508941,0.510504
5239,0.510329,0.508882,0.510445
5240,0.51026,0.508812,0.510376
5241,0.510207,0.508759,0.510323
5242,0.510141,0.508693,0.510258
5243,0.510057,0.508608,0.510173
5244,0.510028,0.508579,0.510144
5245,0.509973,0.508524,0.510089
5246,0.509895,0.508445,0.510011
5247,0.509855,0.508405,0.509971
5248,0.509791,0.508341,0.509907
5249,0.509755,0.508304,0.509871
5250,0.509687,0.508236,0.509803
5251,0.509626,0.508175,0.509742
5252,0.509594,0.508142,0.50971
5253,0.509528,0.508076,0.509644
5254,0.509448,0.507996,0.509565
5255,0.509378,0.507926,0.509495
5256,0.509344,0.507892,0.509461
5257,0.509259,0.507806,0.509375
5258,0.509241,0.507788,0.509357
5259,0.509161,0.507707,0.509277
5260,0.509099,0.507646,0.509215
5261,0.509044,0.50759,0.50916
5262,0.509008,0.507554,0.509123
5263,0.508948,0.507493,0.509063
5264,0.50886,0.507405,0.508975
5265,0.508799,0.507344,0.508914
5266,0.508751,0.507295,0.508865
5267,0.508694,0.507239,0.508808
5268,0.508628,0.507172,0.508741
5269,0.508579,0.507123,0.508691
5270,0.508553,0.507097,0.508665
5271,0.508466,0.507009,0.508577
5272,0.508437,0.50698,0.508548
5273,0.508414,0.506957,0.508524
5274,0.508371,0.506914,0.508482
5275,0.508297,0.506839,0.508408
5276,0.508272,0.506814,0.508383
5277,0.508207,0.506749,0.508318
5278,0.508169,0.506711,0.50828
5279,0.5081,0.506641,0.508211
5280,0.508057,0.506598,0.508168
5281,0.508028,0.506569,0.508139
5282,0.507971,0.506511,0.508082
5283,0.507917,0.506458,0.50803
5284,0.507856,0.506396,0.507969
5285,0.50782,0.50636,0.507934
5286,0.507761,0.506301,0.507875
5287,0.507671,0.50621,0.507785
5288,0.507619,0.506158,0.507734
5289,0.507562,0.506101,0.507677
5290,0.507524,0.506062,0.507639
5291,0.507433,0.505971,0.507549
5292,0.507357,0.505895,0.507472
5293,0.507338,0.505875,0.507453
5294,0.507265,0.505802,0.50738
5295,0.507206,0.505743,0.507322
5296,0.507176,0.505713,0.507291
5297,0.5071,0.505636,0.507216
5298,0.507031,0.505567,0.507146
5299,0.506966,0.505502,0.507082
5300,0.506907,0.505442,0.507022
5301,0.506884,0.505419,0.506999
5302,0.506823,0.505358,0.506938
5303,0.506784,0.505319,0.506899
5304,0.506733,0.505267,0.506848
5305,0.506696,0.50523,0.506812
5306,0.506631,0.505164,0.506747
5307,0.506544,0.505077,0.506661
5308,0.50648,0.505013,0.506597
5309,0.506449,0.504982,0.506566
5310,0.506398,0.504931,0.506516
5311,0.506311,0.504843,0.506429
5312,0.506286,0.504818,0.506404
5313,0.506225,0.504757,0.506344
5314,0.506152,0.504684,0.506271
5315,0.506066,0.504597,0.506185
5316,0.506002,0.504533,0.506121
5317,0.505932,0.504463,0.506051
5318,0.505841,0.504371,0.505958
5319,0.505818,0.504347,0.505934
5320,0.505725,0.504254,0.505841
5321,0.505702,0.504231,0.505818
5322,0.505656,0.504185,0.505772
5323,0.505603,0.504132,0.505718
5324,0.505544,0.504073,0.505659
5325,0.505473,0.504001,0.505587
5326,0.505445,0.503973,0.505559
5327,0.505382,0.503909,0.505496
5328,0.505308,0.503835,0.505421
5329,0.505243,0.50377,0.505356
5330,0.505179,0.503705,0.505291
5331,0.505159,0.503685,0.50527
5332,0.505113,0.503639,0.505224
5333,0.505089,0.503615,0.5052
5334,0.50501,0.503535,0.505121
5335,0.504974,0.503499,0.505085
5336,0.504888,0.503414,0.504999
5337,0.504856,0.503381,0.504967
5338,0.504772,0.503296,0.504882
5339,0.504738,0.503263,0.504848
5340,0.504688,0.503213,0.504798
5341,0.504669,0.503193,0.504778
5342,0.504643,0.503167,0.504753
5343,0.504552,0.503076,0.504663
5344,0.504508,0.503032,0.504619
5345,0.504471,0.502994,0.504581
5346,0.504398,0.502921,0.504509
5347,0.504322,0.502845,0.504433
5348,0.504303,0.502825,0.504413
5349,0.504227,0.502748,0.504337
5350,0.504166,0.502687,0.504277
5351,0.504112,0.502634,0.504223
5352,0.504088,0.502609,0.504198
5353,0.50406,0.502581,0.504171
5354,0.503983,0.502504,0.504094
5355,0.503907,0.502427,0.504018
5356,0.503871,0.502391,0.503982
5357,0.503842,0.502362,0.503954
5358,0.503804,0.502324,0.503917
5359,0.503729,0.502248,0.503842
5360,0.503677,0.502196,0.50379
5361,0.503653,0.502172,0.503767
5362,0.503576,0.502095,0.503691
5363,0.503531,0.502049,0.503647
5364,0.503476,0.501994,0.503593
5365,0.50339,0.501907,0.503507
5366,0.503322,0.501839,0.50344
5367,0.503261,0.501778,0.503379
5368,0.503175,0.501691,0.503293
5369,0.503091,0.501607,0.503209
5370,0.503031,0.501547,0.503149
5371,0.502947,0.501462,0.503064
5372,0.502879,0.501394,0.502996
5373,0.502816,0.501331,0.502932
5374,0.502775,0.501289,0.50289
5375,0.502729,0.501243,0.502843
5376,0.502697,0.501212,0.502812
5377,0.502606,0.50112,0.502719
5378,0.50257,0.501084,0.502683
5379,0.502515,0.501028,0.502627
5380,0.502471,0.500984,0.502583
5381,0.502432,0.500945,0.502543
5382,0.502382,0.500894,0.502493
5383,0.502328,0.50084,0.502439
5384,0.502284,0.500796,0.502395
5385,0.502242,0.500754,0.502353
5386,0.502199,0.500711,0.50231
5387,0.502146,0.500658,0.502258
5388,0.502085,0.500596,0.502196
5389,0.502032,0.500543,0.502144
5390,0.501976,0.500487,0.502088
5391,0.501911,0.500422,0.502023
5392,0.501852,0.500362,0.501964
5393,0.501797,0.500307,0.501908
5394,0.501768,0.500277,0.501879
5395,0.501692,0.500201,0.501804
5396,0.501655,0.500163,0.501766
5397,0.501608,0.500117,0.501719
5398,0.501547,0.500055,0.501658
5399,0.501509,0.500017,0.50162
5400,0.50144,0.499948,0.501552
5401,0.501367,0.499874,0.501478
5402,0.501341,0.499848,0.501452
5403,0.501303,0.49981,0.501414
5404,0.501213,0.49972,0.501324
5405,0.501163,0.499669,0.501274
5406,0.501094,0.499601,0.501206
5407,0.50101,0.499515,0.50112
5408,0.500967,0.499473,0.501077
5409,0.50091,0.499416,0.50102
5410,0.500882,0.499388,0.500991
5411,0.500827,0.499332,0.500935
5412,0.50075,0.499255,0.500858
5413,0.500667,0.499171,0.500774
5414,0.500623,0.499127,0.500729
5415,0.500592,0.499095,0.500697
5416,0.500555,0.499059,0.50066
5417,0.500482,0.498985,0.500586
5418,0.500459,0.498962,0.500562
5419,0.500407,0.498909,0.50051
5420,0.500384,0.498886,0.500486
5421,0.500349,0.498851,0.500451
5422,0.50026,0.498762,0.500362
5423,0.500227,0.498729,0.500328
5424,0.500205,0.498706,0.500306
5425,0.500179,0.498681,0.50028
5426,0.500125,0.498626,0.500226
5427,0.500083,0.498584,0.500184
5428,0.500043,0.498544,0.500144
5429,0.499959,0.49846,0.500061
5430,0.499932,0.498432,0.500033
5431,0.499863,0.498363,0.499964
5432,0.49984,0.49834,0.499941
5433,0.499795,0.498295,0.499897
5434,0.499744,0.498244,0.499846
5435,0.499671,0.49817,0.499773
5436,0.499637,0.498135,0.499738
5437,0.499609,0.498108,0.499711
5438,0.49959,0.498089,0.499692
5439,0.499521,0.49802,0.499624
5440,0.499475,0.497973,0.499578
5441,0.499432,0.49793,0.499536
5442,0.499372,0.497869,0.499476
5443,0.499325,0.497822,0.49943
5444,0.499243,0.49774,0.499348
5445,0.499224,0.497721,0.499329
5446,0.499198,0.497695,0.499304
5447,0.499135,0.497631,0.499241
5448,0.499102,0.497598,0.499209
5449,0.499037,0.497533,0.499145
5450,0.498952,0.497447,0.49906
5451,0.498866,0.497361,0.498975
5452,0.498818,0.497313,0.498926
5453,0.498727,0.497222,0.498836
5454,0.498693,0.497187,0.498801
5455,0.49865,0.497143,0.498757
5456,0.498593,0.497087,0.4987
5457,0.498569,0.497063,0.498677
5458,0.498478,0.496971,0.498585
5459,0.498441,0.496934,0.498548
5460,0.49842,0.496913,0.498527
5461,0.498399,0.496892,0.498507
5462,0.498371,0.496863,0.498479
5463,0.498291,0.496783,0.4984
5464,0.498201,0.496692,0.49831
5465,0.498169,0.49666,0.498278
5466,0.498127,0.496618,0.498237
5467,0.498041,0.496532,0.498152
5468,0.497984,0.496474,0.498095
5469,0.497928,0.496419,0.498039
5470,0.497864,0.496354,0.497975
5471,0.497784,0.496274,0.497895
5472,0.497701,0.49619,0.497811
5473,0.497674,0.496163,0.497784
5474,0.497598,0.496086,0.497707
5475,0.497569,0.496057,0.497678
5476,0.497499,0.495988,0.497608
5477,0.497472,0.49596,0.49758
5478,0.497395,0.495883,0.497503
5479,0.497363,0.495851,0.49747
5480,0.497338,0.495825,0.497445
5481,0.497284,0.495771,0.497391
5482,0.497192,0.495679,0.497299
5483,0.497172,0.495659,0.497279
5484,0.497139,0.495625,0.497245
5485,0.497108,0.495594,0.497215
5486,0.497023,0.495508,0.49713
5487,0.496969,0.495454,0.497076
5488,0.496945,0.49543,0.497052
5489,0.496862,0.495347,0.49697
5490,0.496833,0.495318,0.49694
5491,0.496791,0.495275,0.496898
5492,0.496754,0.495239,0.496862
5493,0.496664,0.495148,0.496772
5494,0.496623,0.495107,0.496731
5495,0.496534,0.495018,0.496642
5496,0.496465,0.494948,0.496572
5497,0.496424,0.494907,0.496531
5498,0.496351,0.494833,0.496457
5499,0.496281,0.494763,0.496387
5500,0.496229,0.494711,0.496334
5501,0.496193,0.494675,0.496297
5502,0.496167,0.494649,0.496271
5503,0.496107,0.494588,0.49621
5504,0.496043,0.494523,0.496145
5505,0.496023,0.494504,0.496124
5506,0.496,0.494481,0.496101
5507,0.495981,0.494462,0.496082
5508,0.495912,0.494392,0.496013
5509,0.495866,0.494346,0.495967
5510,0.49584,0.49432,0.495941
5511,0.495806,0.494285,0.495907
5512,0.49573,0.494209,0.495831
5513,0.495698,0.494177,0.4958
5514,0.495643,0.494122,0.495745
5515,0.495607,0.494086,0.495709
5516,0.495572,0.494051,0.495675
5517,0.495528,0.494006,0.495631
5518,0.495504,0.493982,0.495607
5519,0.495441,0.493919,0.495545
5520,0.495405,0.493883,0.495511
5521,0.495339,0.493817,0.495445
5522,0.495251,0.493728,0.495358
5523,0.495187,0.493664,0.495294
5524,0.495147,0.493624,0.495255
5525,0.495125,0.493601,0.495233
5526,0.49506,0.493536,0.495168
5527,0.495015,0.49349,0.495124
5528,0.49495,0.493425,0.49506
5529,0.494868,0.493343,0.494978
5530,0.494843,0.493318,0.494954
5531,0.494807,0.493281,0.494918
5532,0.494759,0.493234,0.494872
5533,0.494708,0.493182,0.494821
5534,0.494634,0.493108,0.494748
5535,0.494572,0.493046,0.494687
5536,0.494484,0.492957,0.494599
5537,0.494438,0.492911,0.494553
5538,0.494362,0.492834,0.494478
5539,0.494334,0.492806,0.49445
5540,0.494272,0.492744,0.494389
5541,0.494214,0.492686,0.494332
5542,0.494151,0.492622,0.494269
5543,0.494131,0.492602,0.49425
5544,0.494059,0.49253,0.494179
5545,0.493989,0.49246,0.49411
5546,0.493908,0.492378,0.494029
5547,0.493824,0.492294,0.493946
5548,0.493744,0.492214,0.493866
5549,0.493689,0.492158,0.493811
5550,0.493631,0.4921,0.493752
5551,0.493554,0.492023,0.493676
5552,0.493471,0.491939,0.493592
5553,0.493422,0.49189,0.493543
5554,0.493363,0.491831,0.493484
5555,0.493271,0.491738,0.493391
5556,0.493241,0.491708,0.49336
5557,0.493182,0.491648,0.493301
5558,0.493091,0.491557,0.493209
5559,0.493027,0.491493,0.493144
5560,0.492976,0.491441,0.493092
5561,0.492944,0.491409,0.493059
5562,0.492898,0.491364,0.493013
5563,0.492856,0.491321,0.492971
5564,0.492766,0.49123,0.49288
5565,0.492725,0.491189,0.492838
5566,0.492649,0.491113,0.492762
5567,0.492587,0.491051,0.492699
5568,0.492567,0.491031,0.492678
5569,0.49251,0.490973,0.49262
5570,0.492456,0.490919,0.492567
5571,0.4924,0.490862,0.492509
5572,0.49236,0.490822,0.492469
5573,0.492341,0.490803,0.492449
5574,0.492322,0.490784,0.492431
5575,0.492237,0.490698,0.492345
5576,0.49217,0.490631,0.492278
5577,0.492109,0.49057,0.492217
5578,0.492047,0.490508,0.492155
5579,0.491984,0.490444,0.492091
5580,0.491919,0.490379,0.492026
5581,0.491855,0.490315,0.49196
5582,0.491813,0.490272,0.491917
5583,0.49178,0.490239,0.491884
5584,0.491741,0.4902,0.491844
5585,0.491717,0.490176,0.491819
5586,0.491663,0.490122,0.491765
5587,0.491643,0.490102,0.491745
5588,0.491622,0.49008,0.491724
5589,0.491596,0.490055,0.491699
5590,0.491576,0.490035,0.491679
5591,0.491524,0.489983,0.491628
5592,0.491504,0.489962,0.491609
5593,0.491473,0.489931,0.49158
5594,0.491402,0.48986,0.49151
5595,0.491317,0.489775,0.491427
5596,0.491261,0.489718,0.491371
5597,0.491224,0.489681,0.491335
5598,0.491165,0.489622,0.491277
5599,0.49113,0.489587,0.491243
5600,0.491056,0.489512,0.49117
5601,0.490965,0.48942,0.49108
5602,0.490884,0.489339,0.491
5603,0.490838,0.489293,0.490954
5604,0.490772,0.489227,0.490889
5605,0.490699,0.489153,0.490816
5606,0.490627,0.489081,0.490745
5607,0.490563,0.489016,0.490681
5608,0.490483,0.488937,0.490601
5609,0.490441,0.488893,0.490558
5610,0.490382,0.488834,0.490499
5611,0.49034,0.488792,0.490457
5612,0.490312,0.488764,0.49043
5613,0.490248,0.4887,0.490367
5614,0.490213,0.488665,0.490332
5615,0.490141,0.488592,0.49026
5616,0.490048,0.488499,0.490168
5617,0.489991,0.488441,0.490111
5618,0.489944,0.488394,0.490064
5619,0.489903,0.488354,0.490024
5620,0.489821,0.488271,0.489942
5621,0.489741,0.48819,0.489862
5622,0.489702,0.488151,0.489824
5623,0.489634,0.488083,0.489756
5624,0.489566,0.488015,0.489688
5625,0.489491,0.48794,0.489613
5626,0.489424,0.487872,0.489546
5627,0.489342,0.487789,0.489464
5628,0.489288,0.487735,0.48941
5629,0.489211,0.487657,0.489332
5630,0.489132,0.487579,0.489253
5631,0.489073,0.487519,0.489193
5632,0.489,0.487446,0.489119
5633,0.488953,0.487398,0.48907
5634,0.488909,0.487354,0.489026
5635,0.48882,0.487264,0.488935
5636,0.488764,0.487208,0.488878
5637,0.488735,0.487179,0.488848
5638,0.488707,0.487151,0.48882
5639,0.488664,0.487108,0.488777
5640,0.488602,0.487046,0.488714
5641,0.488582,0.487026,0.488694
5642,0.488559,0.487003,0.488671
5643,0.488508,0.486951,0.48862
5644,0.488476,0.486919,0.488588
5645,0.488407,0.48685,0.488519
5646,0.488351,0.486794,0.488464
5647,0.488268,0.48671,0.48838
5648,0.488216,0.486657,0.488328
5649,0.488142,0.486583,0.488255
5650,0.488113,0.486554,0.488226
5651,0.48806,0.486501,0.488173
5652,0.487979,0.48642,0.488091
5653,0.487908,0.486348,0.48802
5654,0.487868,0.486308,0.487979
5655,0.487831,0.486271,0.487942
5656,0.487765,0.486205,0.487876
5657,0.487736,0.486175,0.487846
5658,0.487697,0.486136,0.487807
5659,0.487671,0.48611,0.487782
5660,0.487628,0.486067,0.487739
5661,0.487549,0.485987,0.48766
5662,0.4875,0.485938,0.487612
5663,0.487447,0.485885,0.487559
5664,0.487407,0.485845,0.48752
5665,0.487327,0.485765,0.48744
5666,0.487286,0.485723,0.487399
5667,0.487258,0.485695,0.487371
5668,0.487167,0.485603,0.48728
5669,0.487083,0.485519,0.487197
5670,0.487011,0.485447,0.487125
5671,0.48694,0.485375,0.487053
5672,0.486905,0.485341,0.487018
5673,0.486861,0.485296,0.486974
5674,0.486825,0.48526,0.486937
5675,0.486803,0.485238,0.486916
5676,0.486726,0.48516,0.486839
5677,0.486669,0.485103,0.486782
5678,0.4866,0.485034,0.486714
5679,0.486523,0.484956,0.486636
5680,0.486502,0.484935,0.486615
5681,0.486479,0.484912,0.486592
5682,0.486448,0.484881,0.486561
5683,0.486413,0.484846,0.486528
5684,0.486329,0.484762,0.486445
5685,0.486269,0.484701,0.486385
5686,0.486178,0.484609,0.486294
5687,0.486134,0.484566,0.486251
5688,0.486095,0.484526,0.486212
5689,0.486012,0.484443,0.48613
5690,0.485929,0.484359,0.486047
5691,0.485879,0.484309,0.485998
5692,0.485805,0.484234,0.485923
5693,0.485751,0.484181,0.48587
5694,0.485707,0.484137,0.485826
5695,0.485643,0.484072,0.485762
5696,0.485563,0.483991,0.485682
5697,0.485491,0.48392,0.48561
5698,0.485442,0.48387,0.48556
5699,0.48537,0.483798,0.485488
5700,0.48533,0.483758,0.485448
5701,0.485264,0.483691,0.485381
5702,0.485188,0.483615,0.485305
5703,0.485138,0.483565,0.485255
5704,0.48512,0.483546,0.485236
5705,0.485037,0.483462,0.485152
5706,0.484995,0.48342,0.48511
5707,0.484916,0.483341,0.485031
5708,0.48484,0.483265,0.484955
5709,0.484796,0.483221,0.48491
5710,0.484751,0.483175,0.484864
5711,0.484726,0.48315,0.484839
5712,0.484655,0.483079,0.484768
5713,0.484598,0.483021,0.48471
5714,0.484578,0.483001,0.48469
5715,0.484512,0.482936,0.484625
5716,0.484452,0.482875,0.484564
5717,0.4844,0.482823,0.484512
5718,0.484356,0.482779,0.484468
5719,0.484294,0.482716,0.484405
5720,0.484241,0.482663,0.484353
5721,0.484209,0.482631,0.48432
5722,0.484178,0.4826,0.48429
5723,0.484096,0.482517,0.484207
5724,0.484019,0.482439,0.48413
5725,0.483992,0.482413,0.484104
5726,0.483919,0.48234,0.484031
5727,0.483867,0.482287,0.483978
5728,0.483844,0.482264,0.483955
5729,0.483779,0.482199,0.483891
5730,0.483758,0.482177,0.483869
5731,0.483729,0.482148,0.483841
5732,0.483656,0.482075,0.483768
5733,0.483611,0.48203,0.483724
5734,0.483549,0.481967,0.483663
5735,0.483487,0.481905,0.483602
5736,0.483419,0.481836,0.483533
5737,0.48335,0.481768,0.483465
5738,0.483281,0.481698,0.483396
5739,0.483223,0.481639,0.483337
5740,0.483134,0.48155,0.483248
5741,0.483115,0.481531,0.483229
5742,0.483034,0.48145,0.483149
5743,0.482982,0.481398,0.483096
5744,0.482953,0.481369,0.483067
5745,0.482889,0.481304,0.483002
5746,0.482849,0.481263,0.482962
5747,0.482827,0.481242,0.482941
5748,0.482795,0.481209,0.482909
5749,0.482715,0.481129,0.482831
5750,0.482667,0.481081,0.482783
5751,0.482604,0.481018,0.482721
5752,0.482541,0.480954,0.482658
5753,0.48245,0.480863,0.482568
5754,0.482394,0.480807,0.482512
5755,0.482329,0.480741,0.482447
5756,0.482241,0.480653,0.482359
5757,0.48219,0.480602,0.482308
5758,0.482169,0.480581,0.482287
5759,0.482149,0.480561,0.482267
5760,0.48208,0.480492,0.482199
5761,0.482021,0.480431,0.48214
5762,0.481994,0.480405,0.482114
5763,0.481928,0.480338,0.482049
5764,0.481842,0.480252,0.481964
5765,0.481751,0.480161,0.481873
5766,0.481717,0.480127,0.481839
5767,0.481626,0.480034,0.481748
5768,0.481574,0.479983,0.481697
5769,0.481508,0.479916,0.481631
5770,0.481418,0.479826,0.481541
5771,0.481371,0.479778,0.481493
5772,0.481311,0.479718,0.481433
5773,0.481234,0.479641,0.481356
5774,0.481173,0.479579,0.481294
5775,0.48111,0.479516,0.481231
5776,0.481075,0.479481,0.481196
5777,0.480995,0.479401,0.481116
5778,0.48094,0.479345,0.48106
5779,0.480854,0.479259,0.480974
5780,0.480833,0.479237,0.480952
5781,0.4808,0.479205,0.480919
5782,0.480729,0.479134,0.480848
5783,0.480673,0.479077,0.480792
5784,0.480632,0.479036,0.480751
5785,0.480609,0.479013,0.480729
5786,0.480552,0.478955,0.480672
5787,0.480503,0.478906,0.480623
5788,0.480457,0.47886,0.480578
5789,0.480422,0.478824,0.480544
5790,0.480364,0.478766,0.480487
5791,0.480276,0.478678,0.4804
5792,0.480186,0.478588,0.480311
5793,0.480097,0.478498,0.480222
5794,0.480017,0.478417,0.480142
5795,0.479933,0.478334,0.480058
5796,0.47986,0.47826,0.479984
5797,0.479839,0.478238,0.479963
5798,0.479773,0.478172,0.479897
5799,0.479724,0.478123,0.479847
5800,0.47965,0.478049,0.479773
5801,0.479603,0.478001,0.479726
5802,0.479514,0.477912,0.479638
5803,0.479437,0.477835,0.47956
5804,0.479371,0.477769,0.479494
5805,0.479297,0.477694,0.479418
5806,0.479267,0.477664,0.479388
5807,0.479191,0.477588,0.479312
5808,0.479109,0.477506,0.479229
5809,0.479051,0.477447,0.47917
5810,0.479017,0.477412,0.479134
5811,0.478996,0.477392,0.479113
5812,0.478966,0.477361,0.479082
5813,0.478901,0.477297,0.479018
5814,0.478865,0.47726,0.478981
5815,0.478782,0.477177,0.478899
5816,0.478763,0.477157,0.478879
5817,0.478703,0.477097,0.478819
5818,0.478665,0.477059,0.478782
5819,0.478614,0.477008,0.478731
5820,0.478557,0.47695,0.478674
5821,0.478501,0.476894,0.478619
5822,0.478465,0.476858,0.478582
5823,0.478372,0.476765,0.478491
5824,0.478286,0.476678,0.478405
5825,0.478212,0.476604,0.47833
5826,0.478161,0.476552,0.478279
5827,0.478104,0.476496,0.478222
5828,0.478062,0.476452,0.478179
5829,0.478014,0.476404,0.478131
5830,0.477926,0.476316,0.478043
5831,0.477859,0.476249,0.477975
5832,0.477787,0.476177,0.477903
5833,0.477741,0.476131,0.477856
5834,0.477696,0.476085,0.47781
5835,0.477654,0.476043,0.477768
5836,0.477588,0.475977,0.477701
5837,0.477517,0.475906,0.47763
5838,0.477481,0.475869,0.477593
5839,0.477441,0.475829,0.477552
5840,0.47741,0.475798,0.477521
5841,0.477359,0.475746,0.47747
5842,0.477276,0.475663,0.477386
5843,0.477246,0.475633,0.477355
5844,0.477196,0.475583,0.477306
5845,0.477141,0.475527,0.47725
5846,0.47709,0.475476,0.477199
5847,0.477049,0.475435,0.477158
5848,0.477018,0.475404,0.477126
5849,0.476973,0.475358,0.477081
5850,0.476922,0.475307,0.47703
5851,0.476891,0.475276,0.476999
5852,0.476846,0.475231,0.476955
5853,0.476771,0.475155,0.47688
5854,0.476751,0.475136,0.47686
5855,0.476668,0.475052,0.476778
5856,0.476626,0.47501,0.476736
5857,0.476585,0.474968,0.476695
5858,0.476519,0.474902,0.476629
5859,0.476434,0.474816,0.476544
5860,0.476359,0.474741,0.476469
5861,0.476308,0.47469,0.476418
5862,0.476251,0.474633,0.476361
5863,0.476221,0.474603,0.47633
5864,0.476174,0.474555,0.476283
5865,0.476128,0.474509,0.476237
5866,0.476073,0.474454,0.476182
5867,0.476021,0.474402,0.47613
5868,0.476001,0.474382,0.47611
5869,0.475953,0.474333,0.476062
5870,0.475915,0.474296,0.476025
5871,0.475881,0.474261,0.475992
5872,0.475813,0.474193,0.475924
5873,0.475739,0.474119,0.475851
5874,0.47569,0.474069,0.475801
5875,0.475625,0.474004,0.475738
5876,0.475535,0.473914,0.475648
5877,0.475491,0.473869,0.475603
5878,0.475406,0.473784,0.475518
5879,0.475381,0.473758,0.475492
5880,0.475359,0.473736,0.47547
5881,0.475339,0.473716,0.475451
5882,0.475248,0.473625,0.475361
5883,0.47522,0.473597,0.475333
5884,0.475176,0.473553,0.47529
5885,0.475109,0.473485,0.475223
5886,0.475024,0.4734,0.475139
5887,0.474995,0.473371,0.47511
5888,0.474967,0.473342,0.475083
5889,0.474884,0.473259,0.475
5890,0.474808,0.473183,0.474925
5891,0.474764,0.473138,0.474881
5892,0.474678,0.473052,0.474796
5893,0.474625,0.472999,0.474743
5894,0.474537,0.47291,0.474655
5895,0.4745,0.472873,0.474618
5896,0.474432,0.472805,0.474549
5897,0.474382,0.472755,0.4745
5898,0.474323,0.472695,0.474441
5899,0.474233,0.472605,0.47435
5900,0.474202,0.472574,0.474319
5901,0.474173,0.472544,0.47429
5902,0.474083,0.472455,0.4742
5903,0.473998,0.472369,0.474115
5904,0.473947,0.472317,0.474063
5905,0.473895,0.472265,0.474011
5906,0.473874,0.472244,0.473989
5907,0.473802,0.472172,0.473918
5908,0.47374,0.472109,0.473855
5909,0.473662,0.47203,0.473776
5910,0.473623,0.471992,0.473737
5911,0.473585,0.471953,0.473698
5912,0.473566,0.471934,0.473679
5913,0.473521,0.471889,0.473635
5914,0.473466,0.471834,0.473581
5915,0.473398,0.471765,0.473512
5916,0.473327,0.471694,0.473442
5917,0.473304,0.471672,0.473419
5918,0.473226,0.471593,0.473341
5919,0.473157,0.471523,0.473272
5920,0.473116,0.471482,0.473231
5921,0.47303,0.471396,0.473145
5922,0.472985,0.471351,0.4731
5923,0.472916,0.471281,0.473031
5924,0.472872,0.471237,0.472986
5925,0.472849,0.471214,0.472964
5926,0.472815,0.47118,0.47293
5927,0.472733,0.471097,0.472848
5928,0.472667,0.471031,0.472782
5929,0.472582,0.470946,0.472697
5930,0.472535,0.470898,0.47265
5931,0.472503,0.470866,0.472618
5932,0.472413,0.470776,0.472528
5933,0.47238,0.470742,0.472494
5934,0.472332,0.470695,0.472447
5935,0.47228,0.470642,0.472395
5936,0.472229,0.47059,0.472344
5937,0.472183,0.470545,0.472298
5938,0.472132,0.470493,0.472248
5939,0.472104,0.470465,0.47222
5940,0.472028,0.470388,0.472144
5941,0.471945,0.470305,0.472062
5942,0.471897,0.470258,0.472014
5943,0.471843,0.470203,0.471961
5944,0.471773,0.470132,0.47189
5945,0.471684,0.470043,0.471801
5946,0.471649,0.470008,0.471766
5947,0.471621,0.469979,0.471738
5948,0.471536,0.469894,0.471653
5949,0.47146,0.469818,0.471577
5950,0.471433,0.469791,0.47155
5951,0.471384,0.469742,0.471502
5952,0.471297,0.469654,0.471414
5953,0.471235,0.469592,0.471352
5954,0.471212,0.469569,0.471329
5955,0.471147,0.469504,0.471264
5956,0.471098,0.469454,0.471214
5957,0.471006,0.469362,0.471123
5958,0.470927,0.469282,0.471043
5959,0.470874,0.469229,0.47099
5960,0.470802,0.469157,0.470917
5961,0.470776,0.469131,0.47089
5962,0.470712,0.469066,0.470825
5963,0.470651,0.469005,0.470764
5964,0.470614,0.468968,0.470726
5965,0.470553,0.468907,0.470665
5966,0.470502,0.468855,0.470612
5967,0.470478,0.468831,0.470589
5968,0.470436,0.468789,0.470546
5969,0.470415,0.468768,0.470525
5970,0.470369,0.468722,0.470479
5971,0.470327,0.46868,0.470438
5972,0.470298,0.468651,0.470409
5973,0.470221,0.468573,0.470333
5974,0.470172,0.468523,0.470284
5975,0.470081,0.468432,0.470193
5976,0.470025,0.468375,0.470137
5977,0.469947,0.468297,0.470059
5978,0.469914,0.468264,0.470026
5979,0.469882,0.468232,0.469994
5980,0.46983,0.46818,0.469943
5981,0.469753,0.468102,0.469866
5982,0.469716,0.468065,0.469828
5983,0.469643,0.467992,0.469756
5984,0.469593,0.467941,0.469706
5985,0.46954,0.467889,0.469653
5986,0.469509,0.467857,0.469621
5987,0.469426,0.467774,0.469539
5988,0.469389,0.467737,0.469502
5989,0.469307,0.467654,0.46942
5990,0.469274,0.467621,0.469387
5991,0.469255,0.467602,0.469368
5992,0.469163,0.46751,0.469277
5993,0.469077,0.467423,0.46919
5994,0.469044,0.46739,0.469157
5995,0.469011,0.467357,0.469124
5996,0.468921,0.467266,0.469034
5997,0.46886,0.467205,0.468972
5998,0.468823,0.467167,0.468935
5999,0.468737,0.467082,0.468849
6000,0.468718,0.467062,0.46883
6001,0.468681,0.467025,0.468793
6002,0.468625,0.466969,0.468737
6003,0.468561,0.466905,0.468673
6004,0.468511,0.466855,0.468623
6005,0.468453,0.466796,0.468564
6006,0.468425,0.466768,0.468536
6007,0.468376,0.466718,0.468488
6008,0.468342,0.466685,0.468454
6009,0.468287,0.466629,0.468399
6010,0.468203,0.466544,0.468315
6011,0.468153,0.466494,0.468265
6012,0.468116,0.466457,0.468229
6013,0.468038,0.466379,0.468151
6014,0.46801,0.466351,0.468124
6015,0.467953,0.466294,0.468067
6016,0.467887,0.466227,0.468001
6017,0.467817,0.466157,0.467931
6018,0.467745,0.466084,0.467859
6019,0.467711,0.46605,0.467825
6020,0.467632,0.465971,0.467746
6021,0.467589,0.465928,0.467703
6022,0.467561,0.465899,0.467674
6023,0.467477,0.465815,0.467591
6024,0.467414,0.465751,0.467527
6025,0.467327,0.465665,0.467441
6026,0.467309,0.465646,0.467421
6027,0.467277,0.465614,0.46739
6028,0.467239,0.465575,0.467351
6029,0.46717,0.465506,0.467283
6030,0.467124,0.46546,0.467237
6031,0.467062,0.465398,0.467175
6032,0.466988,0.465323,0.467101
6033,0.466922,0.465257,0.467035
6034,0.466888,0.465223,0.467001
6035,0.46687,0.465205,0.466982
6036,0.466837,0.465171,0.46695
6037,0.466744,0.465078,0.466858
6038,0.466705,0.46504,0.466819
6039,0.466625,0.464958,0.466739
6040,0.466573,0.464907,0.466687
6041,0.466495,0.464828,0.466609
6042,0.466459,0.464792,0.466574
6043,0.466377,0.46471,0.466491
6044,0.466329,0.464661,0.466443
6045,0.466285,0.464617,0.466399
6046,0.466232,0.464564,0.466346
6047,0.466185,0.464517,0.466299
6048,0.46611,0.464441,0.466224
6049,0.466039,0.46437,0.466152
6050,0.466018,0.464348,0.466131
6051,0.465944,0.464274,0.466056
6052,0.465904,0.464235,0.466017
6053,0.465833,0.464163,0.465945
6054,0.465777,0.464107,0.465889
6055,0.465737,0.464067,0.465849
6056,0.465694,0.464023,0.465806
6057,0.465643,0.463971,0.465754
6058,0.465599,0.463928,0.46571
6059,0.465564,0.463893,0.465676
6060,0.465525,0.463853,0.465637
6061,0.4655,0.463828,0.465613
6062,0.465428,0.463756,0.465542
6063,0.465367,0.463695,0.465481
6064,0.465302,0.463629,0.465416
6065,0.465211,0.463538,0.465326
6066,0.465167,0.463493,0.465282
6067,0.465123,0.463449,0.465238
6068,0.465055,0.463381,0.46517
6069,0.465013,0.463339,0.465128
6070,0.46496,0.463285,0.465076
6071,0.464922,0.463247,0.465038
6072,0.464842,0.463166,0.464959
6073,0.464775,0.4631,0.464893
6074,0.464714,0.463038,0.464831
6075,0.46465,0.462974,0.464768
6076,0.464628,0.462952,0.464746
6077,0.46456,0.462883,0.464678
6078,0.464526,0.46285,0.464645
6079,0.464435,0.462757,0.464554
6080,0.464372,0.462695,0.464492
6081,0.464317,0.462639,0.464437
6082,0.46429,0.462612,0.46441
6083,0.464197,0.462519,0.464318
6084,0.464128,0.462449,0.464249
6085,0.464059,0.46238,0.46418
6086,0.463979,0.4623,0.4641
6087,0.463909,0.462229,0.464029
6088,0.46383,0.46215,0.46395
6089,0.463754,0.462074,0.463874
6090,0.463735,0.462054,0.463854
6091,0.463694,0.462013,0.463813
6092,0.463646,0.461965,0.463764
6093,0.463582,0.461901,0.4637
6094,0.463561,0.46188,0.463679
6095,0.463512,0.46183,0.46363
6096,0.463447,0.461765,0.463566
6097,0.463381,0.461698,0.4635
6098,0.463301,0.461618,0.463419
6099,0.463254,0.461571,0.463373
6100,0.463182,0.461499,0.463301
6101,0.463119,0.461435,0.463237
6102,0.463097,0.461413,0.463216
6103,0.463051,0.461367,0.46317
6104,0.46297,0.461286,0.463089
6105,0.462915,0.46123,0.463034
6106,0.462871,0.461186,0.46299
6107,0.462831,0.461145,0.46295
6108,0.46279,0.461105,0.46291
6109,0.4627,0.461014,0.46282
6110,0.462652,0.460966,0.462773
6111,0.462603,0.460917,0.462725
6112,0.462532,0.460845,0.462653
6113,0.46247,0.460784,0.462592
6114,0.462438,0.46075,0.46256
6115,0.462384,0.460697,0.462507
6116,0.462316,0.460628,0.462439
6117,0.462278,0.46059,0.462402
6118,0.462191,0.460503,0.462316
6119,0.462123,0.460434,0.462249
6120,0.462094,0.460405,0.46222
6121,0.462018,0.460329,0.462145
6122,0.461968,0.460279,0.462096
6123,0.461904,0.460214,0.462033
6124,0.461826,0.460136,0.461955
6125,0.461764,0.460074,0.461894
6126,0.461676,0.459985,0.461807
6127,0.461594,0.459902,0.461725
6128,0.461518,0.459826,0.461649
6129,0.461438,0.459745,0.461569
6130,0.461367,0.459674,0.461498
6131,0.461296,0.459603,0.461427
6132,0.461264,0.459571,0.461394
6133,0.461177,0.459483,0.461307
6134,0.461098,0.459404,0.461228
6135,0.461047,0.459353,0.461177
6136,0.460994,0.459299,0.461123
6137,0.460956,0.459262,0.461085
6138,0.460904,0.459209,0.461033
6139,0.460817,0.459121,0.460946
6140,0.460761,0.459065,0.46089
6141,0.460686,0.45899,0.460815
6142,0.46064,0.458944,0.46077
6143,0.460574,0.458877,0.460704
6144,0.460482,0.458785,0.460612
6145,0.460406,0.458708,0.460535
6146,0.460343,0.458645,0.460472
6147,0.460255,0.458557,0.460383
6148,0.460189,0.45849,0.460316
6149,0.460154,0.458456,0.460281
6150,0.460083,0.458384,0.46021
6151,0.460039,0.45834,0.460165
6152,0.459964,0.458265,0.46009
6153,0.459923,0.458223,0.460048
6154,0.459896,0.458196,0.460021
6155,0.459823,0.458123,0.459948
6156,0.459731,0.458031,0.459856
6157,0.459695,0.457994,0.459819
6158,0.459631,0.45793,0.459755
6159,0.459564,0.457862,0.459688
6160,0.459502,0.4578,0.459625
6161,0.459438,0.457735,0.459561
6162,0.459413,0.45771,0.459535
6163,0.459362,0.45766,0.459485
6164,0.459285,0.457582,0.459407
6165,0.459208,0.457505,0.45933
6166,0.459133,0.457429,0.459254
6167,0.459082,0.457378,0.459203
6168,0.459031,0.457327,0.459152
6169,0.45895,0.457246,0.45907
6170,0.45888,0.457175,0.458999
6171,0.458856,0.457151,0.458974
6172,0.458809,0.457104,0.458926
6173,0.458735,0.45703,0.458852
6174,0.458712,0.457006,0.458828
6175,0.458655,0.456949,0.458771
6176,0.458623,0.456917,0.458738
6177,0.458585,0.456878,0.4587
6178,0.458527,0.456821,0.458643
6179,0.458457,0.45675,0.458573
6180,0.458436,0.456729,0.458552
6181,0.45835,0.456643,0.458466
6182,0.458283,0.456575,0.458398
6183,0.458247,0.456539,0.458362
6184,0.458215,0.456507,0.45833
6185,0.458179,0.45647,0.458294
6186,0.458127,0.456419,0.458243
6187,0.458036,0.456327,0.458152
6188,0.457985,0.456275,0.458101
6189,0.457963,0.456254,0.458079
6190,0.45788,0.45617,0.457996
6191,0.457792,0.456081,0.457908
6192,0.457766,0.456055,0.457882
6193,0.457698,0.455988,0.457814
6194,0.457678,0.455967,0.457794
6195,0.457628,0.455916,0.457744
6196,0.457561,0.45585,0.457678
6197,0.457508,0.455796,0.457624
6198,0.457432,0.45572,0.457549
6199,0.457346,0.455633,0.457463
6200,0.457326,0.455613,0.457442
6201,0.45724,0.455527,0.457357
6202,0.457183,0.45547,0.457299
6203,0.457096,0.455382,0.457212
6204,0.457037,0.455322,0.457152
6205,0.457001,0.455286,0.457115
6206,0.456934,0.455219,0.457047
6207,0.456891,0.455177,0.457004
6208,0.456859,0.455144,0.456971
6209,0.456786,0.455071,0.456898
6210,0.456737,0.455021,0.456849
6211,0.456708,0.454992,0.456819
6212,0.45666,0.454944,0.45677
6213,0.456596,0.454879,0.456706
6214,0.456515,0.454798,0.456624
6215,0.456484,0.454768,0.456594
6216,0.456433,0.454716,0.456541
6217,0.45641,0.454693,0.456518
6218,0.456383,0.454666,0.456491
6219,0.456302,0.454584,0.45641
6220,0.456248,0.45453,0.456355
6221,0.456219,0.454501,0.456326
6222,0.456137,0.454419,0.456244
6223,0.456099,0.45438,0.456205
6224,0.456068,0.454349,0.456174
6225,0.456047,0.454327,0.456153
6226,0.455986,0.454267,0.456093
6227,0.455961,0.454241,0.456067
6228,0.45589,0.45417,0.455997
6229,0.455835,0.454114,0.455942
6230,0.455751,0.454031,0.455858
6231,0.455732,0.454012,0.455839
6232,0.455682,0.453961,0.455789
6233,0.455618,0.453897,0.455725
6234,0.455582,0.45386,0.455689
6235,0.455558,0.453836,0.455665
6236,0.455509,0.453787,0.455616
6237,0.455469,0.453747,0.455576
6238,0.455449,0.453726,0.455557
6239,0.455385,0.453663,0.455494
6240,0.455343,0.45362,0.455453
6241,0.455284,0.453561,0.455395
6242,0.455224,0.453501,0.455335
6243,0.45514,0.453416,0.455252
6244,0.455097,0.453373,0.455209
6245,0.455057,0.453333,0.455169
6246,0.455001,0.453276,0.455114
6247,0.454913,0.453189,0.455027
6248,0.454879,0.453154,0.454993
6249,0.454815,0.45309,0.454929
6250,0.454781,0.453056,0.454896
6251,0.454695,0.452969,0.45481
6252,0.454634,0.452908,0.454749
6253,0.454544,0.452818,0.454659
6254,0.45452,0.452793,0.454635
6255,0.454468,0.452741,0.454583
6256,0.454392,0.452665,0.454507
6257,0.454339,0.452611,0.454454
6258,0.454273,0.452545,0.454388
6259,0.454231,0.452502,0.454345
6260,0.454187,0.452458,0.454301
6261,0.454105,0.452377,0.45422
6262,0.454068,0.452339,0.454183
6263,0.454018,0.452289,0.454133
6264,0.453936,0.452206,0.454051
6265,0.453897,0.452167,0.454011
6266,0.453861,0.452131,0.453976
6267,0.453821,0.452091,0.453936
6268,0.453753,0.452023,0.453868
6269,0.453681,0.45195,0.453796
6270,0.453659,0.451928,0.453774
6271,0.453598,0.451867,0.453714
6272,0.45351,0.451778,0.453626
6273,0.45343,0.451698,0.453545
6274,0.453354,0.451621,0.453469
6275,0.453317,0.451585,0.453432
6276,0.453296,0.451564,0.453411
6277,0.453263,0.45153,0.453377
6278,0.453202,0.451468,0.453316
6279,0.453143,0.45141,0.453258
6280,0.453063,0.451329,0.453178
6281,0.453022,0.451288,0.453137
6282,0.452988,0.451254,0.453103
6283,0.452914,0.45118,0.45303
6284,0.452882,0.451147,0.452997
6285,0.452808,0.451073,0.452924
6286,0.452724,0.450988,0.45284
6287,0.452657,0.450921,0.452773
6288,0.452635,0.450898,0.45275
6289,0.452554,0.450817,0.452669
6290,0.452509,0.450772,0.452623
6291,0.452479,0.450742,0.452594
6292,0.452441,0.450704,0.452556
6293,0.452385,0.450648,0.4525
6294,0.452339,0.450601,0.452454
6295,0.452261,0.450523,0.452377
6296,0.452179,0.45044,0.452294
6297,0.452148,0.450409,0.452263
6298,0.452088,0.450349,0.452204
6299,0.452011,0.450271,0.452126
6300,0.451918,0.450179,0.452033
6301,0.451879,0.450139,0.451993
6302,0.451817,0.450077,0.451931
6303,0.451769,0.450029,0.451882
6304,0.451745,0.450005,0.451858
6305,0.451717,0.449976,0.45183
6306,0.451659,0.449918,0.451772
6307,0.451612,0.44987,0.451725
6308,0.451583,0.449841,0.451696
6309,0.451562,0.449821,0.451676
6310,0.451499,0.449757,0.451613
6311,0.451439,0.449697,0.451554
6312,0.451355,0.449613,0.451472
6313,0.451277,0.449534,0.451393
6314,0.451193,0.44945,0.45131
6315,0.451171,0.449427,0.451288
6316,0.451084,0.44934,0.4512
6317,0.451059,0.449315,0.451175
6318,0.450998,0.449253,0.451114
6319,0.45095,0.449205,0.451067
6320,0.450916,0.449171,0.451033
6321,0.450839,0.449093,0.450956
6322,0.450801,0.449056,0.450919
6323,0.450717,0.448971,0.450835
6324,0.450631,0.448885,0.450749
6325,0.450558,0.448811,0.450676
6326,0.450506,0.448759,0.450623
6327,0.450465,0.448718,0.450582
6328,0.450427,0.44868,0.450544
6329,0.450346,0.448598,0.450462
6330,0.4503,0.448553,0.450417
6331,0.450252,0.448504,0.450368
6332,0.450214,0.448465,0.45033
6333,0.450171,0.448422,0.450287
6334,0.450104,0.448355,0.45022
6335,0.450044,0.448295,0.450161
6336,0.449998,0.448249,0.450115
6337,0.449973,0.448224,0.45009
6338,0.449934,0.448184,0.450051
6339,0.449842,0.448092,0.44996
6340,0.449789,0.448038,0.449907
6341,0.449722,0.447971,0.44984
6342,0.449665,0.447914,0.449784
6343,0.449617,0.447866,0.449737
6344,0.449538,0.447786,0.449658
6345,0.449466,0.447714,0.449585
6346,0.449416,0.447664,0.449536
6347,0.449348,0.447596,0.449468
6348,0.449278,0.447525,0.449397
6349,0.44921,0.447456,0.449328
6350,0.449177,0.447424,0.449296
6351,0.44913,0.447376,0.449249
6352,0.449095,0.447341,0.449213
6353,0.449019,0.447264,0.449137
6354,0.448945,0.44719,0.449063
6355,0.448881,0.447126,0.448999
6356,0.448844,0.447089,0.448962
6357,0.448807,0.447051,0.448925
6358,0.448727,0.446971,0.448845
6359,0.448702,0.446946,0.44882
6360,0.448623,0.446867,0.448742
6361,0.448531,0.446775,0.44865
6362,0.448453,0.446696,0.448571
6363,0.448394,0.446637,0.448512
6364,0.448356,0.446599,0.448473
6365,0.448311,0.446553,0.448427
6366,0.448271,0.446513,0.448386
6367,0.448219,0.44646,0.448334
6368,0.448196,0.446437,0.448311
6369,0.448104,0.446345,0.448219
6370,0.448075,0.446316,0.44819
6371,0.44799,0.44623,0.448105
6372,0.447931,0.446172,0.448046
6373,0.447895,0.446135,0.448009
6374,0.447855,0.446095,0.44797
6375,0.447814,0.446054,0.447928
6376,0.447755,0.445995,0.44787
6377,0.447727,0.445967,0.447842
6378,0.447636,0.445875,0.447751
6379,0.447595,0.445834,0.44771
6380,0.447528,0.445766,0.447642
6381,0.447484,0.445722,0.447599
6382,0.447424,0.445661,0.447538
6383,0.447336,0.445573,0.44745
6384,0.447285,0.445522,0.447399
6385,0.447238,0.445475,0.447352
6386,0.447204,0.445441,0.447318
6387,0.447175,0.445412,0.447288
6388,0.447094,0.445331,0.447208
6389,0.447062,0.445298,0.447176
6390,0.446977,0.445212,0.44709
6391,0.446897,0.445132,0.44701
6392,0.446858,0.445093,0.44697
6393,0.446821,0.445056,0.446933
6394,0.446773,0.445007,0.446884
6395,0.446744,0.444978,0.446856
6396,0.446699,0.444933,0.44681
6397,0.446637,0.44487,0.446749
6398,0.446613,0.444847,0.446725
6399,0.446582,0.444816,0.446695
6400,0.446513,0.444746,0.446627
6401,0.446475,0.444708,0.446589
6402,0.446387,0.444619,0.446502
6403,0.446334,0.444566,0.446449
6404,0.446287,0.444519,0.446403
6405,0.446234,0.444466,0.44635
6406,0.446158,0.44439,0.446275
6407,0.446101,0.444332,0.446218
6408,0.446025,0.444256,0.446143
6409,0.445981,0.444211,0.446098
6410,0.445895,0.444125,0.446012
6411,0.445813,0.444042,0.44593
6412,0.44573,0.44396,0.445847
6413,0.445707,0.443936,0.445823
6414,0.445658,0.443887,0.445774
6415,0.445624,0.443853,0.445739
6416,0.445552,0.44378,0.445667
6417,0.445528,0.443756,0.445642
6418,0.445494,0.443722,0.445609
6419,0.445418,0.443646,0.445533
6420,0.445339,0.443567,0.445454
6421,0.445272,0.443499,0.445387
6422,0.445219,0.443446,0.445333
6423,0.445185,0.443412,0.445299
6424,0.445129,0.443355,0.445243
6425,0.44507,0.443296,0.445183
6426,0.445028,0.443253,0.445141
6427,0.444986,0.443211,0.445099
6428,0.444948,0.443173,0.445061
6429,0.444915,0.443141,0.445029
6430,0.444884,0.443109,0.444998
6431,0.444822,0.443047,0.444936
6432,0.444746,0.44297,0.444861
6433,0.44468,0.442904,0.444795
6434,0.44461,0.442834,0.444726
6435,0.444526,0.442749,0.444641
6436,0.4445,0.442723,0.444615
6437,0.444442,0.442664,0.444557
6438,0.444365,0.442588,0.44448
6439,0.444312,0.442534,0.444427
6440,0.444231,0.442453,0.444345
6441,0.444143,0.442364,0.444256
6442,0.444098,0.442319,0.444211
6443,0.444064,0.442285,0.444176
6444,0.444044,0.442265,0.444155
6445,0.444026,0.442246,0.444136
6446,0.443979,0.4422,0.44409
6447,0.443946,0.442166,0.444057
6448,0.443901,0.442121,0.444012
6449,0.443821,0.442041,0.443933
6450,0.443785,0.442005,0.443897
6451,0.443718,0.441937,0.44383
6452,0.443655,0.441874,0.443767
6453,0.443632,0.441851,0.443744
6454,0.443565,0.441784,0.443678
6455,0.443502,0.44172,0.443615
6456,0.443467,0.441685,0.44358
6457,0.443427,0.441645,0.443541
6458,0.443339,0.441557,0.443453
6459,0.443294,0.441511,0.443408
6460,0.443273,0.44149,0.443388
6461,0.443244,0.44146,0.443359
6462,0.443158,0.441374,0.443274
6463,0.443074,0.44129,0.443191
6464,0.442992,0.441207,0.443109
6465,0.442967,0.441182,0.443084
6466,0.442897,0.441112,0.443014
6467,0.442857,0.441072,0.442975
6468,0.442818,0.441033,0.442936
6469,0.442749,0.440963,0.442867
6470,0.442712,0.440926,0.44283
6471,0.442687,0.440901,0.442806
6472,0.442621,0.440835,0.442741
6473,0.442536,0.440749,0.442656
6474,0.442444,0.440657,0.442566
6475,0.44237,0.440583,0.442492
6476,0.442327,0.440539,0.442448
6477,0.442261,0.440473,0.442382
6478,0.442211,0.440422,0.442333
6479,0.442169,0.440381,0.442291
6480,0.442105,0.440316,0.442227
6481,0.442013,0.440224,0.442136
6482,0.441953,0.440163,0.442076
6483,0.441925,0.440135,0.442048
6484,0.441841,0.440051,0.441964
6485,0.441765,0.439974,0.441888
6486,0.441696,0.439905,0.441818
6487,0.441632,0.439841,0.441755
6488,0.441605,0.439813,0.441727
6489,0.441534,0.439742,0.441656
6490,0.441475,0.439683,0.441597
6491,0.441401,0.439609,0.441523
6492,0.441321,0.439529,0.441443
6493,0.441289,0.439496,0.44141
6494,0.441268,0.439475,0.441389
6495,0.441182,0.439389,0.441303
6496,0.441146,0.439353,0.441266
6497,0.441089,0.439295,0.44121
6498,0.441015,0.439221,0.441135
6499,0.440971,0.439176,0.441091
6500,0.440922,0.439127,0.441042
6501,0.440889,0.439094,0.441009
6502,0.440839,0.439044,0.44096
6503,0.440767,0.438972,0.440888
6504,0.440734,0.438938,0.440855
6505,0.440667,0.438871,0.440788
6506,0.440611,0.438814,0.440733
6507,0.440542,0.438745,0.440664
6508,0.440479,0.438682,0.440602
6509,0.440443,0.438646,0.440566
6510,0.440399,0.438601,0.440522
6511,0.440323,0.438526,0.440448
6512,0.440241,0.438443,0.440366
6513,0.440173,0.438374,0.440298
6514,0.44011,0.438312,0.440236
6515,0.440064,0.438265,0.44019
6516,0.440021,0.438222,0.440147
6517,0.439973,0.438174,0.440099
6518,0.439883,0.438084,0.44001
6519,0.43981,0.438009,0.439937
6520,0.439733,0.437932,0.43986
6521,0.439657,0.437856,0.439784
6522,0.439577,0.437775,0.439704
6523,0.439521,0.437719,0.439648
6524,0.439487,0.437686,0.439614
6525,0.439395,0.437593,0.439521
6526,0.439362,0.437559,0.439487
6527,0.439284,0.437481,0.43941
6528,0.43923,0.437427,0.439355
6529,0.43919,0.437386,0.439315
6530,0.439099,0.437296,0.439224
6531,0.439029,0.437225,0.439153
6532,0.438968,0.437163,0.439091
6533,0.43894,0.437136,0.439063
6534,0.438915,0.43711,0.439038
6535,0.438865,0.43706,0.438988
6536,0.438798,0.436992,0.438921
6537,0.438744,0.436939,0.438868
6538,0.438723,0.436917,0.438846
6539,0.438674,0.436868,0.438798
6540,0.438631,0.436825,0.438756
6541,0.438561,0.436754,0.438686
6542,0.438473,0.436666,0.438599
6543,0.438433,0.436626,0.438559
6544,0.438354,0.436546,0.438481
6545,0.43829,0.436482,0.438417
6546,0.438224,0.436416,0.438352
6547,0.438139,0.436331,0.438267
6548,0.438081,0.436272,0.438209
6549,0.437988,0.436179,0.438116
6550,0.437935,0.436126,0.438063
6551,0.437882,0.436072,0.43801
6552,0.437811,0.436001,0.437938
6553,0.437742,0.435932,0.437869
6554,0.43765,0.435839,0.437776
6555,0.437603,0.435791,0.437728
6556,0.437518,0.435706,0.437642
6557,0.437457,0.435645,0.43758
6558,0.437436,0.435623,0.437558
6559,0.43739,0.435578,0.437512
6560,0.437368,0.435556,0.43749
6561,0.437313,0.435501,0.437435
6562,0.43723,0.435417,0.437352
6563,0.437183,0.43537,0.437304
6564,0.437123,0.43531,0.437244
6565,0.437097,0.435284,0.437218
6566,0.437041,0.435227,0.437162
6567,0.437016,0.435202,0.437137
6568,0.436972,0.435157,0.437093
6569,0.436881,0.435066,0.437003
6570,0.436811,0.434995,0.436933
6571,0.436761,0.434945,0.436883
6572,0.436736,0.43492,0.436858
6573,0.436675,0.434859,0.436798
6574,0.4366,0.434783,0.436723
6575,0.436521,0.434705,0.436645
6576,0.436453,0.434636,0.436576
6577,0.436383,0.434566,0.436507
6578,0.436353,0.434536,0.436477
6579,0.436266,0.434448,0.436389
6580,0.436174,0.434356,0.436297
6581,0.43614,0.434322,0.436263
6582,0.436071,0.434252,0.436193
6583,0.436,0.43418,0.436121
6584,0.435959,0.434139,0.43608
6585,0.435926,0.434106,0.436046
6586,0.435871,0.434051,0.435991
6587,0.435799,0.433979,0.435919
6588,0.435723,0.433902,0.435842
6589,0.4357,0.433879,0.435819
6590,0.43564,0.433819,0.435758
6591,0.435552,0.43373,0.43567
6592,0.435503,0.433681,0.43562
6593,0.435484,0.433662,0.4356
6594,0.435446,0.433624,0.435562
6595,0.435419,0.433597,0.435535
6596,0.435337,0.433515,0.435454
6597,0.435313,0.43349,0.435429
6598,0.435232,0.433409,0.435348
6599,0.435208,0.433385,0.435325
6600,0.435169,0.433346,0.435286
6601,0.435085,0.433261,0.435202
6602,0.435001,0.433176,0.435118
6603,0.434932,0.433108,0.435049
6604,0.434906,0.433081,0.435023
6605,0.434861,0.433036,0.434978
6606,0.434833,0.433007,0.43495
6607,0.434753,0.432928,0.43487
6608,0.434692,0.432866,0.43481
6609,0.434673,0.432847,0.43479
6610,0.434622,0.432795,0.434739
6611,0.434541,0.432715,0.434659
6612,0.434449,0.432622,0.434567
6613,0.434399,0.432571,0.434516
6614,0.434371,0.432543,0.434488
6615,0.434331,0.432503,0.434449
6616,0.434239,0.432411,0.434357
6617,0.434171,0.432343,0.434289
6618,0.434144,0.432315,0.434261
6619,0.434087,0.432258,0.434204
6620,0.434068,0.432239,0.434185
6621,0.433989,0.43216,0.434107
6622,0.433955,0.432125,0.434073
6623,0.433872,0.432042,0.43399
6624,0.433813,0.431983,0.433931
6625,0.433769,0.431939,0.433887
6626,0.433719,0.431888,0.433838
6627,0.433658,0.431827,0.433776
6628,0.43363,0.431799,0.433749
6629,0.433575,0.431744,0.433694
6630,0.433539,0.431708,0.433659
6631,0.433487,0.431655,0.433607
6632,0.433442,0.43161,0.433564
6633,0.433372,0.43154,0.433494
6634,0.433316,0.431483,0.433439
6635,0.43324,0.431407,0.433364
6636,0.433191,0.431357,0.433315
6637,0.433118,0.431284,0.433243
6638,0.433038,0.431204,0.433164
6639,0.432965,0.431131,0.433091
6640,0.432898,0.431063,0.433024
6641,0.432819,0.430984,0.432946
6642,0.432745,0.43091,0.432871
6643,0.432673,0.430837,0.432799
6644,0.432592,0.430756,0.432718
6645,0.432569,0.430733,0.432694
6646,0.432477,0.43064,0.432601
6647,0.432401,0.430564,0.432525
6648,0.432318,0.43048,0.43244
6649,0.432299,0.430461,0.432421
6650,0.432252,0.430414,0.432373
6651,0.43219,0.430352,0.432311
6652,0.432143,0.430305,0.432263
6653,0.432077,0.430239,0.432197
6654,0.432058,0.430219,0.432176
6655,0.431992,0.430153,0.43211
6656,0.431944,0.430104,0.432062
6657,0.431881,0.430041,0.431999
6658,0.43186,0.43002,0.431978
6659,0.43178,0.42994,0.431897
6660,0.431748,0.429907,0.431865
6661,0.431714,0.429874,0.431832
6662,0.431684,0.429843,0.431802
6663,0.431626,0.429785,0.431744
6664,0.431546,0.429705,0.431665
6665,0.431522,0.42968,0.431641
6666,0.431448,0.429606,0.431568
6667,0.43139,0.429548,0.43151
6668,0.431324,0.429481,0.431444
6669,0.431234,0.429391,0.431354
6670,0.431191,0.429348,0.431311
6671,0.431161,0.429317,0.431281
6672,0.431121,0.429277,0.431241
6673,0.431065,0.429221,0.431186
6674,0.43101,0.429166,0.431132
6675,0.430958,0.429114,0.43108
6676,0.430872,0.429027,0.430995
6677,0.4308,0.428955,0.430923
6678,0.430749,0.428903,0.430872
6679,0.43069,0.428844,0.430813
6680,0.430616,0.42877,0.430739
6681,0.430593,0.428747,0.430716
6682,0.430544,0.428698,0.430668
6683,0.430511,0.428664,0.430635
6684,0.430437,0.42859,0.430562
6685,0.430359,0.428512,0.430484
6686,0.430297,0.428449,0.430423
6687,0.430216,0.428368,0.430342
6688,0.430141,0.428292,0.430267
6689,0.430049,0.428199,0.430174
6690,0.429974,0.428124,0.430099
6691,0.429955,0.428105,0.43008
6692,0.429874,0.428024,0.429999
6693,0.429825,0.427975,0.429949
6694,0.4298,0.427949,0.429924
6695,0.429743,0.427892,0.429867
6696,0.429651,0.4278,0.429775
6697,0.429585,0.427734,0.429709
6698,0.429528,0.427676,0.429651
6699,0.429452,0.4276,0.429575
6700,0.429432,0.42758,0.429555
6701,0.429369,0.427516,0.429491
6702,0.429315,0.427462,0.429437
6703,0.429229,0.427376,0.429351
6704,0.429168,0.427314,0.429289
6705,0.429109,0.427255,0.429229
6706,0.429038,0.427184,0.429158
6707,0.42901,0.427156,0.429129
6708,0.42897,0.427116,0.429088
6709,0.42893,0.427075,0.429048
6710,0.428847,0.426992,0.428965
6711,0.428782,0.426927,0.428899
6712,0.428762,0.426906,0.428878
6713,0.428714,0.426859,0.42883
6714,0.428655,0.426799,0.428771
6715,0.428596,0.42674,0.428712
6716,0.428578,0.426721,0.428693
6717,0.428556,0.426699,0.428671
6718,0.428498,0.426641,0.428614
6719,0.428413,0.426555,0.428528
6720,0.428384,0.426526,0.428499
6721,0.42835,0.426493,0.428466
6722,0.428304,0.426446,0.42842
6723,0.428281,0.426423,0.428398
6724,0.428207,0.426349,0.428325
6725,0.428185,0.426326,0.428304
6726,0.428139,0.42628,0.428259
6727,0.428059,0.4262,0.428181
6728,0.42797,0.426111,0.428093
6729,0.427893,0.426033,0.428016
6730,0.427809,0.425949,0.427932
6731,0.427724,0.425863,0.427847
6732,0.427672,0.425811,0.427795
6733,0.427615,0.425753,0.427737
6734,0.427579,0.425718,0.427702
6735,0.427506,0.425644,0.427628
6736,0.42746,0.425598,0.427582
6737,0.427377,0.425515,0.4275
6738,0.427315,0.425452,0.427437
6739,0.427243,0.42538,0.427365
6740,0.427184,0.42532,0.427305
6741,0.427145,0.425281,0.427266
6742,0.427062,0.425198,0.427183
6743,0.427031,0.425167,0.427151
6744,0.427003,0.425138,0.427123
6745,0.426913,0.425048,0.427032
6746,0.426846,0.424981,0.426965
6747,0.426789,0.424924,0.426907
6748,0.42673,0.424865,0.426848
6749,0.426706,0.42484,0.426823
6750,0.426673,0.424807,0.42679
6751,0.426584,0.424717,0.4267
6752,0.426505,0.424638,0.426621
6753,0.426471,0.424604,0.426586
6754,0.426444,0.424577,0.426559
6755,0.426412,0.424545,0.426526
6756,0.426388,0.42452,0.426502
6757,0.426314,0.424446,0.426429
6758,0.426233,0.424365,0.426348
6759,0.426184,0.424316,0.426298
6760,0.426136,0.424267,0.42625
6761,0.426112,0.424244,0.426226
6762,0.426067,0.424198,0.426181
6763,0.426013,0.424144,0.426127
6764,0.425968,0.424098,0.426082
6765,0.425889,0.424019,0.426004
6766,0.425804,0.423934,0.425918
6767,0.425745,0.423874,0.425859
6768,0.425719,0.423848,0.425832
6769,0.425659,0.423788,0.425772
6770,0.425636,0.423765,0.425749
6771,0.42561,0.423739,0.425723
6772,0.425584,0.423713,0.425697
6773,0.425558,0.423686,0.425672
6774,0.425527,0.423655,0.425642
6775,0.42544,0.423568,0.425556
6776,0.425368,0.423496,0.425485
6777,0.425345,0.423473,0.425463
6778,0.425264,0.423391,0.425382
6779,0.425183,0.42331,0.425302
6780,0.425132,0.423259,0.425252
6781,0.425088,0.423215,0.425208
6782,0.425029,0.423154,0.425149
6783,0.424961,0.423086,0.425082
6784,0.424922,0.423048,0.425044
6785,0.424838,0.422963,0.42496
6786,0.424762,0.422887,0.424885
6787,0.42471,0.422835,0.424833
6788,0.424667,0.422791,0.42479
6789,0.424582,0.422705,0.424705
6790,0.424544,0.422668,0.424668
6791,0.42448,0.422603,0.424604
6792,0.424411,0.422534,0.424535
6793,0.424375,0.422498,0.4245
6794,0.424317,0.422439,0.424442
6795,0.424234,0.422356,0.424359
6796,0.42415,0.422272,0.424276
6797,0.42407,0.422191,0.424195
6798,0.424006,0.422127,0.424131
6799,0.423928,0.422048,0.424052
6800,0.423852,0.421972,0.423976
6801,0.423832,0.421952,0.423955
6802,0.423784,0.421904,0.423906
6803,0.423729,0.421848,0.423851
6804,0.423678,0.421798,0.4238
6805,0.423636,0.421755,0.423757
6806,0.42361,0.421728,0.423731
6807,0.423548,0.421667,0.42367
6808,0.423491,0.421609,0.423612
6809,0.423401,0.421518,0.423522
6810,0.423365,0.421482,0.423486
6811,0.42328,0.421398,0.423401
6812,0.423262,0.421379,0.423382
6813,0.423185,0.421301,0.423306
6814,0.42316,0.421276,0.423281
6815,0.423101,0.421217,0.423222
6816,0.423012,0.421128,0.423133
6817,0.42298,0.421096,0.423101
6818,0.422893,0.421008,0.423014
6819,0.422837,0.420952,0.422958
6820,0.422798,0.420912,0.422918
6821,0.422777,0.420892,0.422897
6822,0.422743,0.420858,0.422864
6823,0.422651,0.420765,0.422772
6824,0.422613,0.420727,0.422734
6825,0.422538,0.420652,0.42266
6826,0.422491,0.420604,0.422613
6827,0.422407,0.420519,0.422529
6828,0.422316,0.420428,0.422438
6829,0.422232,0.420344,0.422353
6830,0.422168,0.42028,0.422289
6831,0.422121,0.420233,0.422241
6832,0.422072,0.420183,0.422191
6833,0.422017,0.420128,0.422135
6834,0.421945,0.420055,0.422062
6835,0.421911,0.420021,0.422027
6836,0.421869,0.419979,0.421984
6837,0.421807,0.419917,0.421922
6838,0.421765,0.419874,0.421878
6839,0.42174,0.41985,0.421854
6840,0.4217,0.419809,0.421813
6841,0.421661,0.41977,0.421773
6842,0.421587,0.419696,0.4217
6843,0.421565,0.419673,0.421677
6844,0.421495,0.419603,0.421607
6845,0.421416,0.419524,0.421528
6846,0.421356,0.419463,0.421467
6847,0.421326,0.419434,0.421437
6848,0.421303,0.41941,0.421413
6849,0.421283,0.41939,0.421393
6850,0.42123,0.419336,0.42134
6851,0.421168,0.419275,0.421279
6852,0.421141,0.419247,0.421252
6853,0.421116,0.419223,0.421228
6854,0.421038,0.419144,0.42115
6855,0.420987,0.419092,0.421099
6856,0.420938,0.419043,0.42105
6857,0.420876,0.418981,0.420989
6858,0.420787,0.418892,0.4209
6859,0.420753,0.418858,0.420866
6860,0.420682,0.418786,0.420794
6861,0.420624,0.418728,0.420737
6862,0.420602,0.418705,0.420714
6863,0.420543,0.418646,0.420655
6864,0.420523,0.418626,0.420636
6865,0.420433,0.418536,0.420546
6866,0.420396,0.418499,0.420509
6867,0.420333,0.418435,0.420446
6868,0.420314,0.418416,0.420427
6869,0.420256,0.418358,0.420369
6870,0.420173,0.418275,0.420286
6871,0.42012,0.418221,0.420233
6872,0.420043,0.418144,0.420156
6873,0.420003,0.418104,0.420116
6874,0.419982,0.418082,0.420094
6875,0.419893,0.417993,0.420005
6876,0.419866,0.417966,0.419979
6877,0.419803,0.417903,0.419915
6878,0.419752,0.417851,0.419864
6879,0.4197,0.417799,0.419812
6880,0.419663,0.417762,0.419775
6881,0.419613,0.417712,0.419725
6882,0.419577,0.417676,0.419689
6883,0.419489,0.417587,0.419601
6884,0.419464,0.417562,0.419576
6885,0.419407,0.417504,0.419518
6886,0.419329,0.417426,0.41944
6887,0.419283,0.41738,0.419394
6888,0.419208,0.417304,0.419319
6889,0.419164,0.417261,0.419275
6890,0.419123,0.417219,0.419233
6891,0.419078,0.417174,0.419188
6892,0.41901,0.417105,0.419119
6893,0.41895,0.417045,0.419059
6894,0.418911,0.417006,0.419019
6895,0.418856,0.416951,0.418963
6896,0.418832,0.416927,0.418939
6897,0.418811,0.416906,0.418918
6898,0.418764,0.416859,0.418871
6899,0.418732,0.416827,0.418839
6900,0.418688,0.416782,0.418795
6901,0.418639,0.416733,0.418746
6902,0.418611,0.416705,0.418719
6903,0.418574,0.416667,0.418683
6904,0.418519,0.416613,0.418629
6905,0.418499,0.416593,0.41861
6906,0.418424,0.416517,0.418535
6907,0.418344,0.416437,0.418456
6908,0.418297,0.416389,0.418409
6909,0.418236,0.416328,0.418349
6910,0.418217,0.416308,0.41833
6911,0.418174,0.416265,0.418288
6912,0.418123,0.416214,0.418239
6913,0.418078,0.416169,0.418195
6914,0.418032,0.416123,0.418149
6915,0.417964,0.416055,0.418083
6916,0.417891,0.415981,0.418011
6917,0.417865,0.415954,0.417986
6918,0.417772,0.415861,0.417894
6919,0.417686,0.415775,0.417809
6920,0.417607,0.415696,0.417731
6921,0.417522,0.41561,0.417645
6922,0.417436,0.415524,0.41756
6923,0.41737,0.415457,0.417494
6924,0.417297,0.415385,0.417421
6925,0.417235,0.415322,0.417358
6926,0.417211,0.415298,0.417334
6927,0.417139,0.415225,0.41726
6928,0.417064,0.41515,0.417186
6929,0.417009,0.415095,0.41713
6930,0.416984,0.41507,0.417105
6931,0.416961,0.415047,0.417082
6932,0.416911,0.414996,0.417032
6933,0.416844,0.414928,0.416964
6934,0.416766,0.414851,0.416887
6935,0.416727,0.414811,0.416848
6936,0.416667,0.414751,0.416787
6937,0.416604,0.414687,0.416724
6938,0.416524,0.414608,0.416645
6939,0.416443,0.414525,0.416563
6940,0.416416,0.414499,0.416535
6941,0.416394,0.414477,0.416514
6942,0.416323,0.414405,0.416442
6943,0.416236,0.414318,0.416355
6944,0.416204,0.414285,0.416322
6945,0.416153,0.414234,0.416271
6946,0.416117,0.414198,0.416235
6947,0.41607,0.414151,0.416189
6948,0.416012,0.414093,0.41613
6949,0.415985,0.414066,0.416104
6950,0.415896,0.413976,0.416015
6951,0.415862,0.413942,0.415981
6952,0.415777,0.413857,0.415897
6953,0.415699,0.413778,0.415818
6954,0.415619,0.413698,0.415738
6955,0.415595,0.413673,0.415713
6956,0.415539,0.413617,0.415656
6957,0.41551,0.413588,0.415627
6958,0.415482,0.41356,0.415599
6959,0.415426,0.413504,0.415544
6960,0.415361,0.413438,0.415479
6961,0.415304,0.413381,0.415422
6962,0.415239,0.413316,0.415358
6963,0.415166,0.413242,0.415284
6964,0.415146,0.413222,0.415264
6965,0.415102,0.413178,0.41522
6966,0.41503,0.413106,0.415149
6967,0.414954,0.413029,0.415072
6968,0.414863,0.412938,0.414981
6969,0.414827,0.412902,0.414944
6970,0.41477,0.412845,0.414887
6971,0.414709,0.412783,0.414826
6972,0.414675,0.41275,0.414792
6973,0.414627,0.412701,0.414743
6974,0.414608,0.412682,0.414724
6975,0.414565,0.412639,0.414682
6976,0.414494,0.412567,0.41461
6977,0.414472,0.412545,0.414588
6978,0.414397,0.412469,0.414514
6979,0.414325,0.412398,0.414442
6980,0.414241,0.412313,0.414358
6981,0.414207,0.412279,0.414324
6982,0.414153,0.412225,0.41427
6983,0.414109,0.41218,0.414225
6984,0.414055,0.412126,0.414171
6985,0.413999,0.41207,0.414116
6986,0.413962,0.412032,0.414078
6987,0.413871,0.411941,0.413987
6988,0.413825,0.411895,0.413941
6989,0.413797,0.411866,0.413913
6990,0.413715,0.411784,0.413831
6991,0.413644,0.411713,0.41376
6992,0.413565,0.411633,0.41368
6993,0.413514,0.411582,0.413628
6994,0.413491,0.411559,0.413605
6995,0.413463,0.411531,0.413576
6996,0.413426,0.411494,0.413539
6997,0.413368,0.411435,0.413481
6998,0.413331,0.411399,0.413444
6999,0.413257,0.411324,0.41337
7000,0.413199,0.411265,0.413311
7001,0.413113,0.411179,0.413225
7002,0.413067,0.411133,0.413178
7003,0.413037,0.411103,0.413148
7004,0.413018,0.411084,0.413129
7005,0.412952,0.411018,0.413062
7006,0.412925,0.410991,0.413035
7007,0.412881,0.410946,0.412991
7008,0.412835,0.410899,0.412945
7009,0.412809,0.410873,0.412919
7010,0.412742,0.410806,0.412852
7011,0.412706,0.41077,0.412816
7012,0.412659,0.410723,0.41277
7013,0.41262,0.410684,0.412732
7014,0.412576,0.410639,0.412688
7015,0.41254,0.410603,0.412652
7016,0.41249,0.410553,0.412603
7017,0.412441,0.410504,0.412556
7018,0.412355,0.410417,0.41247
7019,0.412304,0.410366,0.41242
7020,0.412265,0.410327,0.412382
7021,0.412192,0.410253,0.412309
7022,0.412132,0.410194,0.41225
7023,0.412073,0.410134,0.412191
7024,0.412046,0.410107,0.412165
7025,0.412001,0.410062,0.412121
7026,0.41192,0.40998,0.412041
7027,0.411849,0.409909,0.41197
7028,0.411772,0.409831,0.411893
7029,0.411711,0.40977,0.411833
7030,0.411622,0.409681,0.411744
7031,0.411561,0.40962,0.411683
7032,0.411488,0.409546,0.411609
7033,0.4114,0.409458,0.411521
7034,0.411311,0.409368,0.411431
7035,0.41129,0.409347,0.411409
7036,0.411231,0.409288,0.41135
7037,0.411199,0.409255,0.411316
7038,0.411155,0.409211,0.411272
7039,0.41113,0.409187,0.411247
7040,0.411073,0.409129,0.411189
7041,0.41105,0.409106,0.411166
7042,0.410969,0.409024,0.411085
7043,0.410885,0.40894,0.411001
7044,0.410838,0.408893,0.410953
7045,0.410782,0.408836,0.410897
7046,0.410759,0.408814,0.410874
7047,0.410734,0.408788,0.410849
7048,0.410691,0.408745,0.410806
7049,0.41062,0.408674,0.410735
7050,0.41059,0.408644,0.410705
7051,0.410534,0.408587,0.410649
7052,0.410483,0.408536,0.410598
7053,0.410421,0.408474,0.410537
7054,0.41036,0.408412,0.410475
7055,0.410332,0.408384,0.410447
7056,0.410279,0.408331,0.410394
7057,0.410209,0.408261,0.410325
7058,0.410118,0.40817,0.410234
7059,0.410057,0.408108,0.410172
7060,0.410031,0.408081,0.410146
7061,0.409999,0.408049,0.410114
7062,0.409947,0.407997,0.410062
7063,0.409918,0.407968,0.410033
7064,0.409896,0.407947,0.410012
7065,0.409833,0.407883,0.409949
7066,0.409785,0.407834,0.409902
7067,0.409707,0.407756,0.409825
7068,0.409615,0.407663,0.409732
7069,0.40954,0.407588,0.409658
7070,0.409457,0.407505,0.409575
7071,0.409439,0.407487,0.409556
7072,0.40942,0.407468,0.409537
7073,0.409385,0.407433,0.409502
7074,0.409294,0.407341,0.409411
7075,0.409258,0.407305,0.409375
7076,0.409186,0.407233,0.409304
7077,0.409148,0.407195,0.409266
7078,0.40912,0.407166,0.409238
7079,0.409046,0.407092,0.409165
7080,0.408992,0.407038,0.40911
7081,0.408969,0.407014,0.409087
7082,0.40893,0.406976,0.40905
7083,0.408887,0.406932,0.409008
7084,0.408815,0.406859,0.408936
7085,0.408743,0.406788,0.408865
7086,0.408699,0.406743,0.408822
7087,0.408636,0.40668,0.408759
7088,0.408555,0.406599,0.408679
7089,0.408482,0.406525,0.408606
7090,0.408401,0.406443,0.408525
7091,0.408375,0.406417,0.408499
7092,0.408283,0.406325,0.408407
7093,0.408226,0.406267,0.40835
7094,0.408169,0.40621,0.408293
7095,0.408093,0.406135,0.408218
7096,0.408038,0.406079,0.408162
7097,0.407978,0.406018,0.408101
7098,0.407931,0.405971,0.408054
7099,0.407892,0.405932,0.408015
7100,0.407827,0.405866,0.40795
7101,0.407751,0.40579,0.407874
7102,0.407721,0.405761,0.407844
7103,0.407648,0.405687,0.407771
7104,0.407582,0.40562,0.407705
7105,0.407513,0.405551,0.407635
7106,0.407452,0.40549,0.407574
7107,0.407407,0.405445,0.407529
7108,0.407326,0.405363,0.407447
7109,0.407304,0.405341,0.407425
7110,0.407271,0.405308,0.407392
7111,0.407202,0.405239,0.407323
7112,0.407141,0.405177,0.407261
7113,0.407068,0.405104,0.407188
7114,0.407001,0.405037,0.407121
7115,0.40697,0.405006,0.40709
7116,0.406945,0.40498,0.407065
7117,0.406863,0.404898,0.406983
7118,0.406794,0.404829,0.406913
7119,0.406757,0.404791,0.406876
7120,0.40672,0.404754,0.406839
7121,0.406686,0.40472,0.406805
7122,0.406615,0.404649,0.406734
7123,0.406571,0.404604,0.406689
7124,0.406548,0.404582,0.406667
7125,0.406491,0.404524,0.406611
7126,0.406443,0.404476,0.406562
7127,0.406407,0.404439,0.406527
7128,0.406378,0.40441,0.406499
7129,0.406286,0.404318,0.406408
7130,0.406201,0.404233,0.406324
7131,0.406122,0.404153,0.406244
7132,0.406086,0.404117,0.406209
7133,0.406025,0.404056,0.406148
7134,0.405979,0.40401,0.406102
7135,0.405908,0.403938,0.406031
7136,0.405845,0.403875,0.405969
7137,0.405777,0.403807,0.4059
7138,0.405735,0.403764,0.405859
7139,0.405693,0.403722,0.405817
7140,0.405613,0.403642,0.405737
7141,0.405566,0.403595,0.40569
7142,0.405526,0.403554,0.40565
7143,0.405466,0.403494,0.40559
7144,0.405384,0.403412,0.405509
7145,0.405317,0.403344,0.405441
7146,0.405237,0.403264,0.405361
7147,0.405188,0.403215,0.405312
7148,0.405163,0.40319,0.405287
7149,0.405125,0.403152,0.405249
7150,0.405051,0.403077,0.405175
7151,0.404976,0.403001,0.405099
7152,0.40495,0.402975,0.405074
7153,0.404891,0.402916,0.405015
7154,0.404843,0.402868,0.404967
7155,0.404799,0.402823,0.404923
7156,0.404737,0.402761,0.404862
7157,0.404686,0.40271,0.404812
7158,0.404605,0.402629,0.404731
7159,0.404528,0.402552,0.404654
7160,0.404481,0.402504,0.404607
7161,0.404456,0.402479,0.404582
7162,0.404364,0.402387,0.404491
7163,0.404285,0.402307,0.404411
7164,0.404231,0.402253,0.404357
7165,0.404168,0.40219,0.404294
7166,0.404107,0.402128,0.404233
7167,0.404065,0.402086,0.404191
7168,0.403986,0.402006,0.404111
7169,0.403923,0.401943,0.404047
7170,0.403858,0.401878,0.403982
7171,0.403778,0.401797,0.403901
7172,0.403752,0.401771,0.403875
7173,0.40373,0.401749,0.403852
7174,0.403687,0.401706,0.403809
7175,0.403619,0.401638,0.403742
7176,0.40356,0.401579,0.403683
7177,0.403477,0.401495,0.403599
7178,0.403441,0.401459,0.403562
7179,0.403356,0.401373,0.403477
7180,0.403297,0.401314,0.403417
7181,0.403248,0.401265,0.403368
7182,0.403218,0.401235,0.403338
7183,0.403158,0.401174,0.403277
7184,0.403072,0.401088,0.403191
7185,0.403038,0.401054,0.403156
7186,0.403009,0.401025,0.403126
7187,0.402923,0.400938,0.40304
7188,0.402895,0.400911,0.403012
7189,0.402864,0.400879,0.40298
7190,0.402838,0.400853,0.402954
7191,0.402758,0.400773,0.402874
7192,0.402714,0.400728,0.402829
7193,0.402643,0.400657,0.402758
7194,0.402558,0.400572,0.402673
7195,0.402527,0.40054,0.402641
7196,0.402457,0.40047,0.40257
7197,0.402421,0.400434,0.402533
7198,0.402379,0.400392,0.402491
7199,0.402349,0.400361,0.40246
7200,0.402324,0.400336,0.402435
7201,0.402262,0.400274,0.402373
7202,0.402239,0.400251,0.402351
7203,0.402157,0.400169,0.402269
7204,0.402116,0.400127,0.402227
7205,0.402046,0.400057,0.402157
7206,0.402018,0.400029,0.402128
7207,0.401994,0.400005,0.402105
7208,0.401951,0.399962,0.402062
7209,0.401873,0.399883,0.401983
7210,0.401836,0.399845,0.401946
7211,0.40181,0.39982,0.401921
7212,0.40177,0.39978,0.401881
7213,0.401735,0.399744,0.401846
7214,0.401682,0.399691,0.401794
7215,0.401631,0.39964,0.401743
7216,0.401591,0.3996,0.401704
7217,0.401572,0.399581,0.401686
7218,0.401494,0.399502,0.401608
7219,0.401454,0.399462,0.401569
7220,0.401375,0.399382,0.40149
7221,0.401317,0.399325,0.401434
7222,0.40124,0.399246,0.401356
7223,0.40121,0.399216,0.401327
7224,0.401155,0.399162,0.401273
7225,0.401085,0.399091,0.401203
7226,0.401039,0.399045,0.401157
7227,0.401004,0.399009,0.401122
7228,0.400924,0.398929,0.401043
7229,0.400873,0.398878,0.400993
7230,0.400826,0.398831,0.400946
7231,0.400804,0.398809,0.400924
7232,0.400744,0.398748,0.400865
7233,0.400663,0.398667,0.400785
7234,0.400615,0.398618,0.400737
7235,0.400529,0.398533,0.400652
7236,0.400457,0.39846,0.40058
7237,0.400372,0.398374,0.400495
7238,0.400299,0.398301,0.400422
7239,0.400253,0.398255,0.400376
7240,0.400225,0.398226,0.400347
7241,0.400172,0.398174,0.400295
7242,0.400101,0.398102,0.400223
7243,0.400026,0.398027,0.400148
7244,0.39998,0.397981,0.400102
7245,0.399959,0.397959,0.400081
7246,0.399936,0.397936,0.400058
7247,0.399877,0.397877,0.4
7248,0.399806,0.397805,0.399929
7249,0.399748,0.397747,0.399871
7250,0.399682,0.397681,0.399806
7251,0.399602,0.3976,0.399725
7252,0.399568,0.397567,0.399692
7253,0.39952,0.397518,0.399644
7254,0.399432,0.397429,0.399556
7255,0.399353,0.39735,0.399477
7256,0.399329,0.397326,0.399453
7257,0.399241,0.397238,0.399365
7258,0.399202,0.397198,0.399325
7259,0.399162,0.397159,0.399286
7260,0.399142,0.397139,0.399267
7261,0.399058,0.397054,0.399182
7262,0.398988,0.396984,0.399113
7263,0.398903,0.396898,0.399027
7264,0.398831,0.396826,0.398955
7265,0.398798,0.396793,0.398922
7266,0.398706,0.3967,0.398829
7267,0.398646,0.39664,0.398769
7268,0.398598,0.396592,0.39872
7269,0.398567,0.39656,0.398688
7270,0.398522,0.396515,0.398643
7271,0.398441,0.396434,0.398562
7272,0.398415,0.396408,0.398535
7273,0.398385,0.396378,0.398505
7274,0.398343,0.396335,0.398463
7275,0.398304,0.396296,0.398424
7276,0.398275,0.396267,0.398396
7277,0.398216,0.396208,0.398338
7278,0.39817,0.396161,0.398292
7279,0.398079,0.39607,0.398202
7280,0.397989,0.395979,0.398112
7281,0.397964,0.395955,0.398088
7282,0.397895,0.395885,0.398019
7283,0.397808,0.395798,0.397932
7284,0.397762,0.395752,0.397886
7285,0.397673,0.395662,0.397796
7286,0.397613,0.395602,0.397736
7287,0.39756,0.395548,0.397682
7288,0.397476,0.395464,0.397598
7289,0.397441,0.395429,0.397562
7290,0.39737,0.395358,0.397491
7291,0.397333,0.39532,0.397452
7292,0.39729,0.395278,0.397409
7293,0.397265,0.395252,0.397383
7294,0.397207,0.395193,0.397325
7295,0.397183,0.39517,0.397302
7296,0.397137,0.395123,0.397255
7297,0.397116,0.395103,0.397235
7298,0.397054,0.39504,0.397173
7299,0.39699,0.394976,0.39711
7300,0.396915,0.394901,0.397035
7301,0.396833,0.394818,0.396953
7302,0.396751,0.394735,0.39687
7303,0.396725,0.394709,0.396844
7304,0.396678,0.394662,0.396796
7305,0.396634,0.394618,0.396753
7306,0.39656,0.394543,0.396678
7307,0.396525,0.394508,0.396643
7308,0.396491,0.394474,0.396609
7309,0.396471,0.394454,0.396589
7310,0.396426,0.394409,0.396545
7311,0.396384,0.394366,0.396503
7312,0.396326,0.394309,0.396446
7313,0.396243,0.394224,0.396363
7314,0.396195,0.394177,0.396316
7315,0.396175,0.394157,0.396296
7316,0.396083,0.394064,0.396205
7317,0.395996,0.393977,0.396119
7318,0.395948,0.393928,0.39607
7319,0.395924,0.393904,0.396046
7320,0.39587,0.393851,0.395993
7321,0.395803,0.393782,0.395926
7322,0.395712,0.393691,0.395835
7323,0.39569,0.393669,0.395813
7324,0.39561,0.393589,0.395733
7325,0.395591,0.39357,0.395715
7326,0.395533,0.393511,0.395657
7327,0.395498,0.393476,0.395623
7328,0.395407,0.393384,0.395532
7329,0.395374,0.393351,0.395499
7330,0.395296,0.393274,0.395422
7331,0.395226,0.393203,0.395352
7332,0.395185,0.393162,0.395311
7333,0.395096,0.393072,0.395222
7334,0.395026,0.393001,0.395152
7335,0.394992,0.392968,0.395119
7336,0.394953,0.392929,0.39508
7337,0.394907,0.392882,0.395034
7338,0.39484,0.392815,0.394967
7339,0.394801,0.392775,0.394928
7340,0.394725,0.392699,0.394853
7341,0.394682,0.392656,0.394811
7342,0.394645,0.392619,0.394774
7343,0.394553,0.392526,0.394683
7344,0.394499,0.392472,0.394629
7345,0.394423,0.392396,0.394554
7346,0.394382,0.392354,0.394513
7347,0.39429,0.392262,0.394422
7348,0.394245,0.392217,0.394376
7349,0.394157,0.392129,0.394289
7350,0.394097,0.392069,0.394229
7351,0.394039,0.39201,0.39417
7352,0.393954,0.391925,0.394086
7353,0.39389,0.39186,0.394021
7354,0.393858,0.391828,0.393989
7355,0.393799,0.391769,0.39393
7356,0.393778,0.391747,0.393909
7357,0.393735,0.391705,0.393867
7358,0.393656,0.391625,0.393788
7359,0.393608,0.391577,0.393741
7360,0.393524,0.391493,0.393658
7361,0.393438,0.391406,0.393572
7362,0.393361,0.391329,0.393495
7363,0.393269,0.391236,0.393402
7364,0.393246,0.391212,0.393378
7365,0.393207,0.391173,0.393339
7366,0.393128,0.391094,0.393261
7367,0.393048,0.391014,0.393181
7368,0.393028,0.390994,0.393161
7369,0.39297,0.390936,0.393103
7370,0.392948,0.390913,0.393081
7371,0.392882,0.390847,0.393015
7372,0.392852,0.390817,0.392986
7373,0.392777,0.390741,0.392912
7374,0.392695,0.390659,0.392831
7375,0.392615,0.390578,0.392751
7376,0.392553,0.390516,0.392689
7377,0.392524,0.390487,0.392661
7378,0.392433,0.390396,0.392571
7379,0.392376,0.390339,0.392514
7380,0.392339,0.390301,0.392477
7381,0.392248,0.39021,0.392387
7382,0.39216,0.390121,0.3923
7383,0.392088,0.390049,0.392228
7384,0.391996,0.389956,0.392135
7385,0.391945,0.389905,0.392085
7386,0.391869,0.389829,0.392009
7387,0.39182,0.38978,0.391959
7388,0.391744,0.389703,0.391884
7389,0.391672,0.389631,0.391811
7390,0.391609,0.389567,0.391748
7391,0.391543,0.389502,0.391682
7392,0.391476,0.389434,0.391615
7393,0.391389,0.389346,0.391527
7394,0.391337,0.389295,0.391475
7395,0.391305,0.389262,0.391442
7396,0.39125,0.389207,0.391387
7397,0.391165,0.389122,0.391302
7398,0.391105,0.389062,0.391242
7399,0.391082,0.389038,0.391218
7400,0.391025,0.38898,0.391161
7401,0.390968,0.388924,0.391104
7402,0.390881,0.388836,0.391017
7403,0.390809,0.388764,0.390945
7404,0.390765,0.388719,0.3909
7405,0.390677,0.388631,0.390812
7406,0.390608,0.388562,0.390743
7407,0.39056,0.388514,0.390695
7408,0.390474,0.388427,0.390608
7409,0.390422,0.388375,0.390555
7410,0.390335,0.388287,0.390467
7411,0.390271,0.388223,0.390403
7412,0.390251,0.388203,0.390381
7413,0.390192,0.388144,0.390322
7414,0.390132,0.388084,0.390261
7415,0.390057,0.388008,0.390185
7416,0.389998,0.387948,0.390125
7417,0.389964,0.387915,0.390091
7418,0.389904,0.387855,0.39003
7419,0.389838,0.387788,0.389964
7420,0.389814,0.387764,0.389939
7421,0.389761,0.387711,0.389885
7422,0.38969,0.387639,0.389814
7423,0.389647,0.387596,0.389769
7424,0.389619,0.387568,0.389742
7425,0.389528,0.387477,0.38965
7426,0.389505,0.387453,0.389626
7427,0.389439,0.387387,0.389559
7428,0.389416,0.387363,0.389536
7429,0.389387,0.387335,0.389507
7430,0.38933,0.387278,0.38945
7431,0.389263,0.38721,0.389383
7432,0.389224,0.38717,0.389343
7433,0.389135,0.387081,0.389254
7434,0.389091,0.387037,0.389209
7435,0.389063,0.387009,0.389181
7436,0.389035,0.386981,0.389153
7437,0.389005,0.38695,0.389123
7438,0.388961,0.386907,0.38908
7439,0.388915,0.386861,0.389034
7440,0.388895,0.38684,0.389014
7441,0.388832,0.386777,0.388952
7442,0.388754,0.386698,0.388875
7443,0.3887,0.386644,0.388821
7444,0.38867,0.386615,0.388792
7445,0.38861,0.386553,0.388732
7446,0.388549,0.386493,0.388672
7447,0.388479,0.386422,0.388603
7448,0.388424,0.386367,0.388548
7449,0.388376,0.386319,0.388501
7450,0.388297,0.386239,0.388422
7451,0.388227,0.386169,0.388352
7452,0.388147,0.386088,0.388272
7453,0.388078,0.386019,0.388202
7454,0.388059,0.386,0.388183
7455,0.38803,0.385971,0.388154
7456,0.38795,0.385891,0.388075
7457,0.387887,0.385827,0.388012
7458,0.387807,0.385747,0.387932
7459,0.387779,0.385719,0.387903
7460,0.387715,0.385654,0.387839
7461,0.387677,0.385616,0.3878
7462,0.3876,0.385538,0.387723
7463,0.387572,0.38551,0.387695
7464,0.387514,0.385453,0.387638
7465,0.387487,0.385426,0.387611
7466,0.387438,0.385375,0.387561
7467,0.387352,0.38529,0.387477
7468,0.387277,0.385215,0.387402
7469,0.387208,0.385144,0.387331
7470,0.387158,0.385094,0.387281
7471,0.387137,0.385073,0.38726
7472,0.387099,0.385035,0.387223
7473,0.38702,0.384956,0.387144
7474,0.386957,0.384892,0.38708
7475,0.386914,0.38485,0.387038
7476,0.386886,0.384821,0.38701
7477,0.386847,0.384782,0.386971
7478,0.386817,0.384752,0.386942
7479,0.386734,0.384668,0.386859
7480,0.386667,0.384601,0.386793
7481,0.386605,0.384538,0.386731
7482,0.386512,0.384445,0.386639
7483,0.38646,0.384393,0.386586
7484,0.386404,0.384337,0.386531
7485,0.386329,0.384261,0.386455
7486,0.386271,0.384203,0.386397
7487,0.38623,0.384162,0.386356
7488,0.386187,0.384118,0.386313
7489,0.386135,0.384067,0.386261
7490,0.386048,0.383979,0.386174
7491,0.386011,0.383941,0.386137
7492,0.385947,0.383877,0.386073
7493,0.385893,0.383823,0.386019
7494,0.385853,0.383783,0.385979
7495,0.385811,0.38374,0.385936
7496,0.385752,0.383681,0.385878
7497,0.385685,0.383614,0.385811
7498,0.385623,0.383552,0.38575
7499,0.385576,0.383504,0.385702
7500,0.385499,0.383427,0.385625
7501,0.385412,0.383339,0.385538
7502,0.385352,0.383279,0.385478
7503,0.385281,0.383208,0.385406
7504,0.385221,0.383148,0.385345
7505,0.385143,0.38307,0.385267
7506,0.385097,0.383023,0.38522
7507,0.385068,0.382994,0.38519
7508,0.385036,0.382962,0.385158
7509,0.385017,0.382943,0.385138
7510,0.384978,0.382904,0.3851
7511,0.384926,0.382851,0.385048
7512,0.384888,0.382814,0.38501
7513,0.384851,0.382776,0.384974
7514,0.384798,0.382723,0.384921
7515,0.384768,0.382692,0.384891
7516,0.384741,0.382666,0.384866
7517,0.384683,0.382607,0.384809
7518,0.384605,0.382529,0.384732
7519,0.384517,0.382441,0.384645
7520,0.384428,0.382351,0.384556
7521,0.384396,0.382318,0.384524
7522,0.384311,0.382233,0.38444
7523,0.384222,0.382143,0.384351
7524,0.384189,0.38211,0.384317
7525,0.384101,0.382022,0.38423
7526,0.38406,0.381981,0.384189
7527,0.383993,0.381914,0.384122
7528,0.383938,0.381858,0.384066
7529,0.383852,0.381772,0.38398
7530,0.383805,0.381725,0.383933
7531,0.383761,0.38168,0.383888
7532,0.383727,0.381647,0.383855
7533,0.383685,0.381604,0.383813
7534,0.383614,0.381533,0.383742
7535,0.383571,0.381489,0.383698
7536,0.383494,0.381412,0.383622
7537,0.383467,0.381385,0.383595
7538,0.383412,0.38133,0.38354
7539,0.383326,0.381243,0.383454
7540,0.383268,0.381185,0.383396
7541,0.383249,0.381166,0.383377
7542,0.383157,0.381073,0.383285
7543,0.383133,0.381049,0.383261
7544,0.383066,0.380982,0.383195
7545,0.382999,0.380914,0.383127
7546,0.382926,0.380841,0.383054
7547,0.382872,0.380787,0.383001
7548,0.382805,0.38072,0.382934
7549,0.382785,0.380699,0.382913
7550,0.382728,0.380642,0.382856
7551,0.382639,0.380553,0.382767
7552,0.382554,0.380468,0.382682
7553,0.382521,0.380434,0.382649
7554,0.382483,0.380396,0.38261
7555,0.382463,0.380376,0.38259
7556,0.382421,0.380334,0.382549
7557,0.382337,0.38025,0.382466
7558,0.382246,0.380158,0.382375
7559,0.382167,0.380078,0.382295
7560,0.382076,0.379987,0.382203
7561,0.382027,0.379938,0.382154
7562,0.382005,0.379916,0.382131
7563,0.381938,0.379849,0.382064
7564,0.381888,0.379799,0.382013
7565,0.381856,0.379765,0.38198
7566,0.381788,0.379697,0.381912
7567,0.381761,0.379671,0.381885
7568,0.381719,0.379628,0.381843
7569,0.381635,0.379544,0.381759
7570,0.381589,0.379498,0.381712
7571,0.381569,0.379478,0.381693
7572,0.381543,0.379451,0.381667
7573,0.381496,0.379404,0.381621
7574,0.381419,0.379327,0.381544
7575,0.381341,0.379248,0.381465
7576,0.381286,0.379193,0.381411
7577,0.381258,0.379165,0.381383
7578,0.381195,0.379101,0.38132
7579,0.381159,0.379066,0.381285
7580,0.381134,0.37904,0.38126
7581,0.381053,0.378959,0.381181
7582,0.380984,0.37889,0.381112
7583,0.380947,0.378852,0.381075
7584,0.38087,0.378775,0.380998
7585,0.380804,0.378709,0.380933
7586,0.380712,0.378616,0.380842
7587,0.380633,0.378537,0.380762
7588,0.380546,0.378449,0.380675
7589,0.38051,0.378413,0.380638
7590,0.380432,0.378334,0.380559
7591,0.380408,0.378311,0.380535
7592,0.380316,0.378218,0.380443
7593,0.380288,0.37819,0.380414
7594,0.380259,0.378161,0.380385
7595,0.380215,0.378117,0.380341
7596,0.380185,0.378087,0.380311
7597,0.380148,0.378049,0.380274
7598,0.380066,0.377967,0.380193
7599,0.379975,0.377876,0.380102
7600,0.379909,0.377809,0.380035
7601,0.379855,0.377755,0.379981
7602,0.379808,0.377707,0.379933
7603,0.379778,0.377678,0.379904
7604,0.37971,0.377609,0.379836
7605,0.379625,0.377524,0.37975
7606,0.379605,0.377504,0.37973
7607,0.37958,0.377478,0.379705
7608,0.379559,0.377458,0.379685
7609,0.379486,0.377384,0.379612
7610,0.379439,0.377337,0.379566
7611,0.379379,0.377277,0.379507
7612,0.379301,0.377198,0.379428
7613,0.379244,0.37714,0.379371
7614,0.379153,0.377049,0.379281
7615,0.37907,0.376966,0.379198
7616,0.379008,0.376904,0.379135
7617,0.37894,0.376835,0.379066
7618,0.3789,0.376795,0.379026
7619,0.37881,0.376705,0.378935
7620,0.378758,0.376653,0.378883
7621,0.378703,0.376597,0.378826
7622,0.378664,0.376558,0.378787
7623,0.378582,0.376476,0.378704
7624,0.378562,0.376456,0.378683
7625,0.378531,0.376424,0.378651
7626,0.378467,0.37636,0.378586
7627,0.378434,0.376327,0.378553
7628,0.378412,0.376305,0.37853
7629,0.378328,0.37622,0.378446
7630,0.378293,0.376185,0.378411
7631,0.378273,0.376165,0.378391
7632,0.378249,0.376141,0.378367
7633,0.378184,0.376076,0.378302
7634,0.378112,0.376003,0.37823
7635,0.378072,0.375963,0.37819
7636,0.378051,0.375942,0.37817
7637,0.377992,0.375883,0.378111
7638,0.377963,0.375853,0.378082
7639,0.377871,0.375761,0.377991
7640,0.377807,0.375697,0.377926
7641,0.377765,0.375655,0.377885
7642,0.377714,0.375603,0.377833
7643,0.377666,0.375555,0.377786
7644,0.377642,0.375531,0.377762
7645,0.377605,0.375493,0.377725
7646,0.377529,0.375417,0.37765
7647,0.377451,0.375339,0.377572
7648,0.377376,0.375264,0.377497
7649,0.377319,0.375206,0.377439
7650,0.377288,0.375175,0.377408
7651,0.377226,0.375113,0.377346
7652,0.377202,0.375089,0.377322
7653,0.377154,0.375041,0.377275
7654,0.377127,0.375014,0.377248
7655,0.377102,0.374989,0.377224
7656,0.377046,0.374931,0.377168
7657,0.376968,0.374853,0.377091
7658,0.376898,0.374783,0.377021
7659,0.376861,0.374745,0.376984
7660,0.3768,0.374685,0.376925
7661,0.376741,0.374625,0.376866
7662,0.376681,0.374565,0.376806
7663,0.376597,0.37448,0.376722
7664,0.376552,0.374435,0.376677
7665,0.37648,0.374363,0.376606
7666,0.376401,0.374283,0.376526
7667,0.376339,0.374221,0.376464
7668,0.376303,0.374186,0.376429
7669,0.376256,0.374137,0.37638
7670,0.376223,0.374104,0.376348
7671,0.376135,0.374016,0.37626
7672,0.376112,0.373993,0.376237
7673,0.376049,0.37393,0.376174
7674,0.376017,0.373897,0.376142
7675,0.375947,0.373828,0.376073
7676,0.375883,0.373763,0.376009
7677,0.375831,0.373711,0.375958
7678,0.375796,0.373676,0.375923
7679,0.375713,0.373593,0.37584
7680,0.375654,0.373532,0.375781
7681,0.375631,0.37351,0.375759
7682,0.375567,0.373445,0.375695
7683,0.375493,0.373371,0.375621
7684,0.375453,0.373331,0.375582
7685,0.375364,0.373241,0.375493
7686,0.375315,0.373192,0.375444
7687,0.375245,0.373122,0.375374
7688,0.375178,0.373054,0.375306
7689,0.375117,0.372993,0.375246
7690,0.375053,0.372929,0.375181
7691,0.375015,0.372891,0.375143
7692,0.374971,0.372846,0.375099
7693,0.374881,0.372756,0.375009
7694,0.37484,0.372715,0.374968
7695,0.37477,0.372644,0.374897
7696,0.374737,0.372611,0.374864
7697,0.37468,0.372554,0.374807
7698,0.374624,0.372497,0.37475
7699,0.37456,0.372434,0.374687
7700,0.374505,0.372378,0.374631
7701,0.374445,0.372318,0.374571
7702,0.374395,0.372267,0.374521
7703,0.374362,0.372235,0.374488
7704,0.37431,0.372182,0.374435
7705,0.374281,0.372153,0.374407
7706,0.374258,0.37213,0.374384
7707,0.374178,0.372049,0.374305
7708,0.374104,0.371975,0.374231
7709,0.374073,0.371944,0.3742
7710,0.373999,0.37187,0.374127
7711,0.373954,0.371824,0.374082
7712,0.373904,0.371774,0.374032
7713,0.373833,0.371703,0.373961
7714,0.373754,0.371624,0.373883
7715,0.373682,0.371551,0.37381
7716,0.373614,0.371483,0.373743
7717,0.37358,0.371449,0.373708
7718,0.373511,0.37138,0.373639
7719,0.373446,0.371314,0.373574
7720,0.37342,0.371287,0.373547
7721,0.373391,0.371259,0.373519
7722,0.373323,0.37119,0.373451
7723,0.37325,0.371117,0.373378
7724,0.373222,0.371089,0.37335
7725,0.373183,0.371049,0.373311
7726,0.373098,0.370965,0.373227
7727,0.373048,0.370914,0.373177
7728,0.37298,0.370845,0.373109
7729,0.372907,0.370772,0.373036
7730,0.372836,0.370701,0.372965
7731,0.372807,0.370672,0.372936
7732,0.372761,0.370626,0.37289
7733,0.372694,0.370558,0.372823
7734,0.372607,0.37047,0.372736
7735,0.372576,0.37044,0.372705
7736,0.372525,0.370388,0.372654
7737,0.372435,0.370298,0.372563
7738,0.372397,0.370259,0.372525
7739,0.372327,0.370189,0.372455
7740,0.37227,0.370132,0.372397
7741,0.372251,0.370113,0.372378
7742,0.372162,0.370023,0.372289
7743,0.372107,0.369969,0.372235
7744,0.372038,0.369899,0.372165
7745,0.372014,0.369874,0.37214
7746,0.371946,0.369806,0.372072
7747,0.371875,0.369735,0.372001
7748,0.371823,0.369683,0.371949
7749,0.371772,0.369632,0.371897
7750,0.37174,0.369599,0.371865
7751,0.371667,0.369526,0.371792
7752,0.371632,0.369491,0.371757
7753,0.371545,0.369404,0.37167
7754,0.371523,0.369381,0.371647
7755,0.371504,0.369362,0.371628
7756,0.371446,0.369304,0.37157
7757,0.371426,0.369284,0.371551
7758,0.371362,0.36922,0.371487
7759,0.371304,0.369161,0.371429
7760,0.371214,0.369071,0.371339
7761,0.371186,0.369042,0.371311
7762,0.371138,0.368994,0.371263
7763,0.371118,0.368975,0.371244
7764,0.371033,0.368889,0.37116
7765,0.370957,0.368812,0.371084
7766,0.370872,0.368727,0.370999
7767,0.370844,0.368699,0.370971
7768,0.370807,0.368662,0.370934
7769,0.370725,0.36858,0.370852
7770,0.370664,0.368518,0.370791
7771,0.370609,0.368463,0.370736
7772,0.37058,0.368434,0.370707
7773,0.370545,0.368399,0.370672
7774,0.370485,0.368338,0.370612
7775,0.370452,0.368305,0.370579
7776,0.370419,0.368271,0.370546
7777,0.370373,0.368225,0.370501
7778,0.370285,0.368137,0.370414
7779,0.370235,0.368087,0.370364
7780,0.370163,0.368015,0.370293
7781,0.370112,0.367963,0.370242
7782,0.370032,0.367883,0.370163
7783,0.369948,0.367799,0.370079
7784,0.369924,0.367775,0.370055
7785,0.369876,0.367726,0.370007
7786,0.369813,0.367662,0.369944
7787,0.369721,0.36757,0.369852
7788,0.369656,0.367505,0.369787
7789,0.369585,0.367433,0.369716
7790,0.369519,0.367367,0.36965
7791,0.369486,0.367334,0.369616
7792,0.36945,0.367298,0.369581
7793,0.369364,0.367212,0.369495
7794,0.36933,0.367177,0.36946
7795,0.369246,0.367093,0.369376
7796,0.369199,0.367046,0.369329
7797,0.369166,0.367012,0.369295
7798,0.369102,0.366948,0.369231
7799,0.369061,0.366907,0.369191
7800,0.369017,0.366862,0.369146
7801,0.368976,0.366822,0.369106
7802,0.368924,0.366769,0.369055
7803,0.368853,0.366698,0.368984
7804,0.36883,0.366674,0.368961
7805,0.368751,0.366596,0.368883
7806,0.368731,0.366575,0.368864
7807,0.368646,0.36649,0.368779
7808,0.368569,0.366413,0.368703
7809,0.368539,0.366382,0.368673
7810,0.368463,0.366306,0.368598
7811,0.368412,0.366255,0.368548
7812,0.368336,0.366178,0.368472
7813,0.368287,0.36613,0.368424
7814,0.368201,0.366043,0.368338
7815,0.368138,0.365979,0.368275
7816,0.368079,0.36592,0.368217
7817,0.368033,0.365874,0.368171
7818,0.367957,0.365798,0.368096
7819,0.367883,0.365723,0.368022
7820,0.367826,0.365665,0.367964
7821,0.367759,0.365598,0.367898
7822,0.367729,0.365568,0.367868
7823,0.367679,0.365518,0.367818
7824,0.367654,0.365493,0.367794
7825,0.367561,0.3654,0.367703
7826,0.3675,0.365339,0.367643
7827,0.367423,0.365261,0.367566
7828,0.367353,0.36519,0.367496
7829,0.367263,0.3651,0.367406
7830,0.3672,0.365036,0.367343
7831,0.367156,0.364993,0.3673
7832,0.36709,0.364926,0.367234
7833,0.367069,0.364905,0.367214
7834,0.366977,0.364813,0.367122
7835,0.366899,0.364734,0.367045
7836,0.366826,0.36466,0.366972
7837,0.366748,0.364582,0.366894
7838,0.36668,0.364514,0.366827
7839,0.366602,0.364435,0.366748
7840,0.36652,0.364353,0.366666
7841,0.366443,0.364276,0.366589
7842,0.366355,0.364187,0.3665
7843,0.366306,0.364138,0.366451
7844,0.366227,0.364059,0.366371
7845,0.36616,0.363992,0.366304
7846,0.366108,0.363939,0.366251
7847,0.366057,0.363888,0.366199
7848,0.365969,0.3638,0.36611
7849,0.365939,0.36377,0.36608
7850,0.365916,0.363746,0.366056
7851,0.365833,0.363663,0.365973
7852,0.365771,0.363601,0.36591
7853,0.3657,0.363529,0.365839
7854,0.365649,0.363478,0.365787
7855,0.365601,0.36343,0.365739
7856,0.365519,0.363347,0.365656
7857,0.365447,0.363275,0.365583
7858,0.365411,0.363239,0.365546
7859,0.36534,0.363168,0.365475
7860,0.365301,0.363128,0.365435
7861,0.365245,0.363071,0.365378
7862,0.365204,0.363031,0.365337
7863,0.365123,0.362949,0.365255
7864,0.365056,0.362882,0.365187
7865,0.365019,0.362845,0.36515
7866,0.365,0.362825,0.365129
7867,0.364933,0.362758,0.365062
7868,0.364882,0.362707,0.365011
7869,0.364815,0.362639,0.364943
7870,0.364781,0.362605,0.364909
7871,0.364696,0.362521,0.364824
7872,0.364659,0.362483,0.364786
7873,0.36464,0.362464,0.364767
7874,0.36459,0.362414,0.364716
7875,0.364509,0.362332,0.364635
7876,0.364488,0.362312,0.364614
7877,0.36447,0.362293,0.364595
7878,0.364445,0.362268,0.364571
7879,0.364378,0.362201,0.364504
7880,0.364349,0.362171,0.364476
7881,0.364284,0.362106,0.364411
7882,0.36421,0.362032,0.364338
7883,0.364187,0.362008,0.364315
7884,0.364119,0.361941,0.364248
7885,0.364054,0.361875,0.364184
7886,0.364002,0.361823,0.364132
7887,0.363912,0.361733,0.364043
7888,0.363882,0.361702,0.364013
7889,0.363818,0.361637,0.363949
7890,0.363772,0.361592,0.363903
7891,0.363728,0.361547,0.36386
7892,0.363645,0.361464,0.363777
7893,0.36356,0.361378,0.363692
7894,0.363523,0.361341,0.363655
7895,0.363462,0.36128,0.363594
7896,0.363377,0.361195,0.363509
7897,0.363285,0.361102,0.363417
7898,0.363205,0.361021,0.363336
7899,0.363136,0.360953,0.363267
7900,0.363117,0.360933,0.363246
7901,0.363078,0.360894,0.363206
7902,0.363018,0.360834,0.363146
7903,0.362995,0.36081,0.363122
7904,0.362943,0.360758,0.363071
7905,0.362875,0.36069,0.363002
7906,0.36285,0.360665,0.362977
7907,0.36278,0.360595,0.362907
7908,0.362717,0.360531,0.362844
7909,0.362667,0.360481,0.362792
7910,0.362636,0.36045,0.362761
7911,0.362553,0.360366,0.362678
7912,0.362528,0.360341,0.362653
7913,0.362495,0.360308,0.36262
7914,0.362403,0.360216,0.362528
7915,0.36233,0.360142,0.362454
7916,0.362257,0.360069,0.362381
7917,0.362235,0.360047,0.362358
7918,0.362209,0.360021,0.362332
7919,0.362172,0.359984,0.362295
7920,0.362132,0.359944,0.362254
7921,0.362111,0.359923,0.362234
7922,0.362087,0.359898,0.36221
7923,0.362017,0.359827,0.36214
7924,0.361973,0.359784,0.362097
7925,0.36195,0.359761,0.362074
7926,0.361864,0.359674,0.361989
7927,0.361799,0.359609,0.361924
7928,0.361721,0.359531,0.361847
7929,0.361691,0.3595,0.361816
7930,0.361628,0.359437,0.361754
7931,0.361551,0.359359,0.361676
7932,0.361523,0.359332,0.361649
7933,0.361482,0.359291,0.361609
7934,0.361435,0.359243,0.361561
7935,0.36141,0.359217,0.361537
7936,0.361321,0.359129,0.361449
7937,0.361272,0.359079,0.3614
7938,0.361192,0.358999,0.36132
7939,0.361118,0.358924,0.361246
7940,0.361049,0.358855,0.361177
7941,0.361011,0.358817,0.361139
7942,0.36094,0.358746,0.361068
7943,0.360868,0.358673,0.360996
7944,0.360798,0.358602,0.360925
7945,0.360747,0.358551,0.360873
7946,0.360698,0.358502,0.360824
7947,0.36063,0.358433,0.360755
7948,0.360571,0.358375,0.360696
7949,0.360525,0.358328,0.360649
7950,0.360455,0.358258,0.360578
7951,0.360428,0.358231,0.36055
7952,0.360394,0.358196,0.360515
7953,0.360364,0.358166,0.360485
7954,0.360313,0.358115,0.360433
7955,0.360276,0.358078,0.360396
7956,0.36023,0.358032,0.36035
7957,0.360177,0.357979,0.360298
7958,0.360155,0.357957,0.360276
7959,0.360129,0.35793,0.36025
7960,0.360045,0.357846,0.360167
7961,0.360019,0.357819,0.36014
7962,0.359998,0.357799,0.36012
7963,0.359948,0.357748,0.360071
7964,0.359896,0.357696,0.360019
7965,0.359816,0.357616,0.359941
7966,0.359757,0.357556,0.359882
7967,0.359705,0.357504,0.35983
7968,0.359633,0.357431,0.359758
7969,0.359555,0.357353,0.359681
7970,0.359495,0.357293,0.35962
7971,0.359456,0.357254,0.359582
7972,0.359433,0.357231,0.359559
7973,0.359398,0.357196,0.359524
7974,0.359329,0.357126,0.359456
7975,0.359237,0.357034,0.359364
7976,0.359145,0.356941,0.359272
7977,0.359113,0.356909,0.35924
7978,0.359094,0.35689,0.359221
7979,0.359036,0.356832,0.359163
7980,0.358965,0.35676,0.359092
7981,0.358923,0.356718,0.35905
7982,0.358836,0.356631,0.358964
7983,0.358787,0.356582,0.358914
7984,0.358763,0.356558,0.35889
7985,0.358711,0.356506,0.358839
7986,0.358644,0.356438,0.358771
7987,0.358562,0.356356,0.358689
7988,0.358536,0.35633,0.358663
7989,0.358457,0.35625,0.358584
7990,0.358417,0.35621,0.358544
7991,0.358345,0.356137,0.358472
7992,0.358306,0.356098,0.358432
7993,0.358277,0.356069,0.358403
7994,0.358195,0.355987,0.358322
7995,0.35813,0.355921,0.358256
7996,0.358102,0.355894,0.358228
7997,0.358043,0.355834,0.358169
7998,0.357961,0.355751,0.358086
7999,0.357932,0.355722,0.358057
8000,0.357894,0.355684,0.358019
8001,0.357848,0.355638,0.357973
8002,0.357796,0.355585,0.357921
8003,0.357748,0.355538,0.357874
8004,0.357702,0.355491,0.357827
8005,0.357631,0.35542,0.357757
8006,0.3576,0.355389,0.357726
8007,0.357572,0.355361,0.357698
8008,0.357531,0.35532,0.357658
8009,0.357509,0.355297,0.357636
8010,0.357437,0.355225,0.357565
8011,0.357389,0.355177,0.357518
8012,0.357347,0.355134,0.357477
8013,0.357257,0.355044,0.357387
8014,0.357168,0.354954,0.357299
8015,0.357127,0.354913,0.357258
8016,0.35704,0.354826,0.357172
8017,0.357,0.354785,0.357132
8018,0.356923,0.354709,0.357055
8019,0.356862,0.354647,0.356994
8020,0.356797,0.354582,0.356929
8021,0.356728,0.354512,0.35686
8022,0.356639,0.354423,0.35677
8023,0.356615,0.354399,0.356746
8024,0.356589,0.354372,0.35672
8025,0.356551,0.354334,0.356682
8026,0.356463,0.354246,0.356594
8027,0.356376,0.354158,0.356506
8028,0.356322,0.354105,0.356453
8029,0.356241,0.354023,0.35637
8030,0.356182,0.353963,0.356311
8031,0.356152,0.353933,0.35628
8032,0.35613,0.353911,0.356257
8033,0.356087,0.353868,0.356215
8034,0.356023,0.353804,0.356151
8035,0.355951,0.353732,0.356078
8036,0.355895,0.353675,0.356022
8037,0.355864,0.353644,0.35599
8038,0.355822,0.353602,0.355948
8039,0.35578,0.353559,0.355906
8040,0.355733,0.353513,0.35586
8041,0.355676,0.353455,0.355802
8042,0.355638,0.353417,0.355765
8043,0.355573,0.353351,0.355699
8044,0.355513,0.353291,0.355639
8045,0.355462,0.35324,0.355588
8046,0.355441,0.353219,0.355568
8047,0.355376,0.353153,0.355503
8048,0.355319,0.353096,0.355446
8049,0.355251,0.353028,0.355378
8050,0.355162,0.352938,0.355289
8051,0.355138,0.352915,0.355265
8052,0.355083,0.352859,0.35521
8053,0.355002,0.352777,0.355128
8054,0.354942,0.352718,0.355068
8055,0.354887,0.352662,0.355012
8056,0.354829,0.352604,0.354954
8057,0.354737,0.352511,0.354861
8058,0.354662,0.352436,0.354784
8059,0.354625,0.352399,0.354747
8060,0.354607,0.35238,0.354727
8061,0.354573,0.352346,0.354693
8062,0.354548,0.352321,0.354667
8063,0.35449,0.352263,0.354608
8064,0.35446,0.352232,0.354578
8065,0.354423,0.352196,0.354541
8066,0.354394,0.352167,0.354512
8067,0.35434,0.352113,0.354458
8068,0.354304,0.352076,0.354422
8069,0.354279,0.352051,0.354396
8070,0.354211,0.351982,0.354328
8071,0.354178,0.351949,0.354296
8072,0.354088,0.351859,0.354206
8073,0.354056,0.351827,0.354174
8074,0.354012,0.351783,0.35413
8075,0.353972,0.351743,0.35409
8076,0.353903,0.351673,0.354021
8077,0.353837,0.351607,0.353955
8078,0.353817,0.351586,0.353934
8079,0.35376,0.35153,0.353878
8080,0.353707,0.351476,0.353825
8081,0.353673,0.351442,0.35379
8082,0.353636,0.351405,0.353754
8083,0.353583,0.351352,0.353701
8084,0.353557,0.351326,0.353675
8085,0.353498,0.351267,0.353617
8086,0.35341,0.351178,0.353528
8087,0.353376,0.351144,0.353494
8088,0.353323,0.351091,0.353441
8089,0.3533,0.351067,0.353418
8090,0.353262,0.351029,0.35338
8091,0.353216,0.350983,0.353335
8092,0.353171,0.350938,0.35329
8093,0.353117,0.350884,0.353237
8094,0.353085,0.350851,0.353205
8095,0.353015,0.350781,0.353136
8096,0.352953,0.350718,0.353074
8097,0.352934,0.350699,0.353055
8098,0.352864,0.350629,0.352986
8099,0.35282,0.350584,0.352942
8100,0.352739,0.350504,0.352862
8101,0.352679,0.350443,0.352802
8102,0.352626,0.35039,0.352749
8103,0.352537,0.3503,0.35266
8104,0.352482,0.350246,0.352605
8105,0.352447,0.35021,0.35257
8106,0.352369,0.350132,0.352492
8107,0.352344,0.350106,0.352466
8108,0.352313,0.350075,0.352435
8109,0.352282,0.350044,0.352404
8110,0.352241,0.350003,0.352364
8111,0.352178,0.349939,0.352301
8112,0.352125,0.349886,0.352248
8113,0.352096,0.349857,0.352219
8114,0.352036,0.349797,0.35216
8115,0.351983,0.349743,0.352107
8116,0.35196,0.34972,0.352085
8117,0.351885,0.349645,0.352011
8118,0.351817,0.349577,0.351943
8119,0.351797,0.349556,0.351923
8120,0.351714,0.349473,0.351841
8121,0.351642,0.349401,0.351769
8122,0.351558,0.349317,0.351686
8123,0.3515,0.349258,0.351627
8124,0.351448,0.349206,0.351575
8125,0.351402,0.349159,0.351528
8126,0.351372,0.349129,0.351499
8127,0.35131,0.349068,0.351437
8128,0.351259,0.349016,0.351387
8129,0.351224,0.348981,0.351351
8130,0.351135,0.348892,0.351263
8131,0.351112,0.348868,0.35124
8132,0.351044,0.3488,0.351171
8133,0.350961,0.348717,0.351089
8134,0.350918,0.348673,0.351045
8135,0.350857,0.348612,0.350985
8136,0.350823,0.348578,0.35095
8137,0.350783,0.348537,0.35091
8138,0.350713,0.348467,0.350841
8139,0.350677,0.348431,0.350805
8140,0.350637,0.348391,0.350765
8141,0.350571,0.348324,0.350699
8142,0.350534,0.348288,0.350663
8143,0.350468,0.348221,0.350596
8144,0.350423,0.348176,0.350552
8145,0.350404,0.348157,0.350533
8146,0.350342,0.348094,0.350472
8147,0.350298,0.34805,0.350429
8148,0.350211,0.347962,0.350342
8149,0.350131,0.347883,0.350263
8150,0.350056,0.347807,0.350187
8151,0.349993,0.347744,0.350125
8152,0.349921,0.347672,0.350053
8153,0.349884,0.347634,0.350016
8154,0.349816,0.347566,0.349947
8155,0.349755,0.347504,0.349886
8156,0.349675,0.347424,0.349805
8157,0.349646,0.347395,0.349776
8158,0.34958,0.347328,0.34971
8159,0.349491,0.347239,0.34962
8160,0.349443,0.34719,0.349571
8161,0.349411,0.347159,0.349539
8162,0.349373,0.34712,0.349501
8163,0.349298,0.347046,0.349426
8164,0.349214,0.346961,0.349341
8165,0.349156,0.346902,0.349282
8166,0.349121,0.346867,0.349246
8167,0.349072,0.346818,0.349196
8168,0.349005,0.346751,0.349128
8169,0.348982,0.346727,0.349104
8170,0.34896,0.346706,0.349082
8171,0.348919,0.346665,0.349041
8172,0.348896,0.346641,0.349017
8173,0.348877,0.346622,0.348998
8174,0.348839,0.346584,0.348961
8175,0.348811,0.346556,0.348933
8176,0.348786,0.346531,0.348908
8177,0.348708,0.346452,0.348832
8178,0.348637,0.346381,0.348761
8179,0.348554,0.346297,0.348678
8180,0.348534,0.346277,0.348658
8181,0.348442,0.346185,0.348566
8182,0.348393,0.346136,0.348517
8183,0.348324,0.346066,0.348448
8184,0.348279,0.346021,0.348403
8185,0.348259,0.346001,0.348383
8186,0.348215,0.345957,0.34834
8187,0.348138,0.34588,0.348263
8188,0.3481,0.345841,0.348224
8189,0.348043,0.345784,0.348167
8190,0.347997,0.345738,0.348122
8191,0.347924,0.345664,0.348049
8192,0.347904,0.345644,0.348029
8193,0.347819,0.345559,0.347944
8194,0.347748,0.345487,0.347873
8195,0.347716,0.345455,0.34784
8196,0.347672,0.345411,0.347797
8197,0.347628,0.345366,0.347752
8198,0.347604,0.345343,0.347729
8199,0.347536,0.345274,0.347661
8200,0.347458,0.345196,0.347583
8201,0.347411,0.345149,0.347536
8202,0.347344,0.345081,0.347468
8203,0.347316,0.345053,0.34744
8204,0.347255,0.344992,0.347379
8205,0.347208,0.344945,0.347332
8206,0.347176,0.344913,0.3473
8207,0.34715,0.344887,0.347274
8208,0.347066,0.344802,0.34719
8209,0.347046,0.344782,0.34717
8210,0.347012,0.344748,0.347137
8211,0.34698,0.344716,0.347106
8212,0.34692,0.344655,0.347046
8213,0.346837,0.344572,0.346964
8214,0.346747,0.344482,0.346874
8215,0.346703,0.344437,0.34683
8216,0.346659,0.344393,0.346786
8217,0.346633,0.344367,0.34676
8218,0.346598,0.344332,0.346725
8219,0.346568,0.344302,0.346696
8220,0.346533,0.344267,0.346662
8221,0.346488,0.344222,0.346619
8222,0.34641,0.344143,0.346541
8223,0.346338,0.34407,0.34647
8224,0.346282,0.344014,0.346415
8225,0.346191,0.343922,0.346324
8226,0.346152,0.343884,0.346286
8227,0.34609,0.343821,0.346224
8228,0.346001,0.343732,0.346135
8229,0.345942,0.343673,0.346077
8230,0.345889,0.343619,0.346023
8231,0.345812,0.343541,0.345946
8232,0.345788,0.343517,0.345922
8233,0.345699,0.343428,0.345833
8234,0.345647,0.343376,0.345781
8235,0.345594,0.343323,0.345728
8236,0.345529,0.343257,0.345663
8237,0.345496,0.343224,0.34563
8238,0.345445,0.343173,0.345579
8239,0.345426,0.343154,0.345561
8240,0.345349,0.343076,0.345484
8241,0.345304,0.343031,0.345439
8242,0.345211,0.342938,0.345347
8243,0.345127,0.342853,0.345262
8244,0.345087,0.342813,0.345222
8245,0.345007,0.342733,0.345143
8246,0.344951,0.342676,0.345086
8247,0.344909,0.342634,0.345043
8248,0.344888,0.342613,0.345023
8249,0.344814,0.342538,0.344948
8250,0.344759,0.342483,0.344893
8251,0.344712,0.342437,0.344847
8252,0.344622,0.342345,0.344757
8253,0.344593,0.342317,0.344728
8254,0.344511,0.342234,0.344645
8255,0.344483,0.342206,0.344618
8256,0.344412,0.342135,0.344547
8257,0.344344,0.342066,0.344478
8258,0.344304,0.342026,0.344438
8259,0.344244,0.341966,0.344378
8260,0.344201,0.341923,0.344335
8261,0.344178,0.341899,0.344312
8262,0.344142,0.341863,0.344276
8263,0.344058,0.341779,0.344193
8264,0.343995,0.341716,0.344131
8265,0.343952,0.341672,0.344087
8266,0.343869,0.341589,0.344005
8267,0.343789,0.341508,0.343924
8268,0.343743,0.341463,0.343879
8269,0.343684,0.341403,0.343819
8270,0.343604,0.341323,0.34374
8271,0.343536,0.341254,0.343671
8272,0.34346,0.341178,0.343594
8273,0.343413,0.34113,0.343546
8274,0.343375,0.341093,0.343508
8275,0.343297,0.341014,0.34343
8276,0.343223,0.340939,0.343354
8277,0.343204,0.34092,0.343334
8278,0.343144,0.34086,0.343274
8279,0.343077,0.340793,0.343206
8280,0.343045,0.340761,0.343174
8281,0.343011,0.340727,0.34314
8282,0.342983,0.340698,0.343111
8283,0.34295,0.340666,0.343078
8284,0.342925,0.34064,0.343053
8285,0.342894,0.340609,0.343022
8286,0.342829,0.340544,0.342958
8287,0.342758,0.340473,0.342887
8288,0.342729,0.340444,0.342859
8289,0.342673,0.340387,0.342803
8290,0.342606,0.340319,0.342736
8291,0.342525,0.340238,0.342655
8292,0.342465,0.340178,0.342595
8293,0.342418,0.340131,0.342548
8294,0.342376,0.340089,0.342507
8295,0.342311,0.340023,0.342441
8296,0.342253,0.339965,0.342383
8297,0.342209,0.33992,0.342339
8298,0.342147,0.339858,0.342277
8299,0.342066,0.339777,0.342196
8300,0.342039,0.339749,0.342169
8301,0.34201,0.339721,0.34214
8302,0.341966,0.339676,0.342096
8303,0.341893,0.339603,0.342024
8304,0.341851,0.339561,0.341982
8305,0.341807,0.339517,0.341938
8306,0.341775,0.339485,0.341906
8307,0.341725,0.339434,0.341857
8308,0.341661,0.33937,0.341793
8309,0.341624,0.339333,0.341756
8310,0.341585,0.339294,0.341718
8311,0.341506,0.339214,0.34164
8312,0.341454,0.339162,0.341588
8313,0.34138,0.339088,0.341515
8314,0.341305,0.339012,0.34144
8315,0.341223,0.33893,0.341358
8316,0.341189,0.338896,0.341324
8317,0.341151,0.338858,0.341286
8318,0.341068,0.338774,0.341202
8319,0.341034,0.33874,0.341169
8320,0.34097,0.338676,0.341105
8321,0.340927,0.338632,0.341062
8322,0.340847,0.338552,0.340982
8323,0.340814,0.338519,0.340949
8324,0.340781,0.338486,0.340916
8325,0.340696,0.338401,0.340832
8326,0.340655,0.338359,0.340791
8327,0.340565,0.338268,0.340701
8328,0.340479,0.338182,0.340614
8329,0.340446,0.338149,0.340581
8330,0.340374,0.338077,0.340509
8331,0.34029,0.337992,0.340425
8332,0.34026,0.337962,0.340394
8333,0.340182,0.337884,0.340316
8334,0.340137,0.337838,0.34027
8335,0.34005,0.337751,0.340183
8336,0.340021,0.337722,0.340153
8337,0.339972,0.337673,0.340103
8338,0.339954,0.337654,0.340084
8339,0.339907,0.337607,0.340037
8340,0.33987,0.33757,0.34
8341,0.339836,0.337536,0.339966
8342,0.339786,0.337486,0.339916
8343,0.339722,0.337421,0.339852
8344,0.339634,0.337333,0.339764
8345,0.339565,0.337263,0.339694
8346,0.339528,0.337227,0.339657
8347,0.339486,0.337184,0.339614
8348,0.339424,0.337122,0.339552
8349,0.339375,0.337072,0.339502
8350,0.339287,0.336984,0.339414
8351,0.33926,0.336957,0.339387
8352,0.339238,0.336935,0.339364
8353,0.339213,0.33691,0.339339
8354,0.339195,0.336891,0.33932
8355,0.339145,0.336842,0.339271
8356,0.339111,0.336807,0.339237
8357,0.339064,0.33676,0.339191
8358,0.339002,0.336697,0.339129
8359,0.338922,0.336617,0.33905
8360,0.338849,0.336544,0.338977
8361,0.338789,0.336484,0.338917
8362,0.338767,0.336461,0.338894
8363,0.33874,0.336435,0.338868
8364,0.338701,0.336395,0.338829
8365,0.33866,0.336354,0.338789
8366,0.338605,0.336298,0.338734
8367,0.338562,0.336256,0.338692
8368,0.338487,0.336181,0.338618
8369,0.338417,0.336109,0.338548
8370,0.338328,0.33602,0.338459
8371,0.338259,0.335951,0.33839
8372,0.338232,0.335924,0.338363
8373,0.338186,0.335878,0.338317
8374,0.338114,0.335805,0.338245
8375,0.338033,0.335724,0.338165
8376,0.338001,0.335692,0.338132
8377,0.337959,0.33565,0.33809
8378,0.33789,0.33558,0.338021
8379,0.337848,0.335538,0.337979
8380,0.337818,0.335507,0.337949
8381,0.337795,0.335485,0.337926
8382,0.337729,0.335418,0.337861
8383,0.337666,0.335355,0.337799
8384,0.337613,0.335302,0.337746
8385,0.337525,0.335213,0.337658
8386,0.337498,0.335187,0.337631
8387,0.337407,0.335094,0.337539
8388,0.337386,0.335073,0.337518
8389,0.33736,0.335048,0.337493
8390,0.337269,0.334956,0.337402
8391,0.337203,0.33489,0.337337
8392,0.337146,0.334833,0.33728
8393,0.337098,0.334784,0.337232
8394,0.337073,0.334759,0.337207
8395,0.336985,0.334671,0.337119
8396,0.336943,0.334629,0.337078
8397,0.336861,0.334546,0.336995
8398,0.336815,0.334499,0.336949
8399,0.336771,0.334456,0.336905
8400,0.336688,0.334372,0.336822
8401,0.336642,0.334326,0.336776
8402,0.336561,0.334245,0.336695
8403,0.336482,0.334165,0.336615
8404,0.336408,0.33409,0.33654
8405,0.336345,0.334028,0.336477
8406,0.336298,0.33398,0.336428
8407,0.336234,0.333916,0.336364
8408,0.33621,0.333891,0.336338
8409,0.336178,0.333859,0.336305
8410,0.336155,0.333837,0.336283
8411,0.336091,0.333772,0.336218
8412,0.336027,0.333707,0.336153
8413,0.336,0.333681,0.336126
8414,0.335977,0.333658,0.336103
8415,0.335956,0.333636,0.336081
8416,0.335883,0.333564,0.336009
8417,0.335845,0.333525,0.33597
8418,0.335753,0.333432,0.335878
8419,0.335703,0.333382,0.335828
8420,0.335638,0.333317,0.335763
8421,0.335585,0.333263,0.335709
8422,0.33554,0.333219,0.335664
8423,0.335521,0.333199,0.335644
8424,0.335492,0.33317,0.335615
8425,0.335468,0.333146,0.335591
8426,0.335425,0.333103,0.335548
8427,0.335384,0.333062,0.335508
8428,0.335357,0.333034,0.335481
8429,0.335321,0.332999,0.335446
8430,0.335243,0.33292,0.335369
8431,0.335185,0.332862,0.335311
8432,0.335121,0.332797,0.335248
8433,0.335087,0.332763,0.335214
8434,0.335055,0.332731,0.335183
8435,0.334991,0.332666,0.335119
8436,0.334953,0.332629,0.335082
8437,0.334873,0.332548,0.335003
8438,0.334807,0.332482,0.334937
8439,0.33478,0.332455,0.33491
8440,0.334708,0.332382,0.334838
8441,0.334642,0.332316,0.334773
8442,0.334575,0.332248,0.334706
8443,0.334503,0.332176,0.334634
8444,0.334473,0.332146,0.334603
8445,0.334436,0.332109,0.334568
8446,0.334349,0.332022,0.33448
8447,0.334325,0.331997,0.334456
8448,0.334286,0.331958,0.334417
8449,0.334255,0.331927,0.334387
8450,0.334188,0.33186,0.334321
8451,0.334105,0.331776,0.334238
8452,0.334051,0.331722,0.334184
8453,0.334017,0.331687,0.33415
8454,0.333929,0.331599,0.334062
8455,0.333873,0.331543,0.334007
8456,0.333784,0.331454,0.333917
8457,0.333744,0.331414,0.333877
8458,0.333697,0.331366,0.333829
8459,0.333633,0.331302,0.333766
8460,0.333544,0.331212,0.333676
8461,0.33352,0.331188,0.333651
8462,0.333499,0.331167,0.33363
8463,0.333445,0.331113,0.333576
8464,0.333375,0.331043,0.333506
8465,0.333333,0.331,0.333463
8466,0.333306,0.330974,0.333437
8467,0.33328,0.330947,0.333411
8468,0.333243,0.33091,0.333374
8469,0.333218,0.330885,0.33335
8470,0.333131,0.330797,0.333263
8471,0.333091,0.330758,0.333224
8472,0.333046,0.330712,0.333179
8473,0.332983,0.330649,0.333118
8474,0.332953,0.330618,0.333088
8475,0.33291,0.330575,0.333046
8476,0.332842,0.330507,0.332979
8477,0.332785,0.330449,0.332922
8478,0.332692,0.330356,0.332831
8479,0.332671,0.330335,0.33281
8480,0.332633,0.330297,0.332773
8481,0.332548,0.330211,0.332689
8482,0.33251,0.330173,0.332652
8483,0.332423,0.330086,0.332566
8484,0.33236,0.330023,0.332503
8485,0.332272,0.329934,0.332416
8486,0.332181,0.329842,0.332324
8487,0.3321,0.329762,0.332244
8488,0.33206,0.329721,0.332203
8489,0.332027,0.329687,0.33217
8490,0.331993,0.329654,0.332137
8491,0.33191,0.32957,0.332054
8492,0.331846,0.329506,0.33199
8493,0.3318,0.329459,0.331944
8494,0.331711,0.32937,0.331855
8495,0.331666,0.329325,0.33181
8496,0.331592,0.329251,0.331736
8497,0.331517,0.329175,0.331661
8498,0.331449,0.329107,0.331592
8499,0.331423,0.32908,0.331566
8500,0.331397,0.329055,0.331541
8501,0.331342,0.328999,0.331486
8502,0.331254,0.328911,0.331398
8503,0.331171,0.328827,0.331315
8504,0.331138,0.328795,0.331282
8505,0.331077,0.328733,0.331221
8506,0.331013,0.328668,0.331157
8507,0.330954,0.32861,0.331098
8508,0.330905,0.32856,0.331048
8509,0.330851,0.328506,0.330995
8510,0.330778,0.328433,0.330922
8511,0.330757,0.328411,0.330901
8512,0.330711,0.328365,0.330855
8513,0.330624,0.328277,0.330768
8514,0.330592,0.328246,0.330737
8515,0.33054,0.328194,0.330686
8516,0.330488,0.328141,0.330633
8517,0.33045,0.328103,0.330596
8518,0.330377,0.32803,0.330524
8519,0.330302,0.327955,0.33045
8520,0.330244,0.327895,0.330392
8521,0.330181,0.327832,0.330329
8522,0.330135,0.327787,0.330284
8523,0.330061,0.327712,0.330211
8524,0.330002,0.327652,0.330152
8525,0.329934,0.327584,0.330084
8526,0.329841,0.327491,0.329992
8527,0.329751,0.3274,0.329902
8528,0.32966,0.327309,0.32981
8529,0.329634,0.327282,0.329783
8530,0.329557,0.327205,0.329706
8531,0.329485,0.327133,0.329634
8532,0.329455,0.327103,0.329604
8533,0.329393,0.327041,0.329542
8534,0.329361,0.327008,0.329509
8535,0.329317,0.326964,0.329465
8536,0.329229,0.326876,0.329378
8537,0.329151,0.326797,0.329299
8538,0.329104,0.32675,0.329252
8539,0.329041,0.326687,0.329189
8540,0.328958,0.326604,0.329106
8541,0.328901,0.326547,0.329049
8542,0.328877,0.326522,0.329024
8543,0.328815,0.32646,0.328962
8544,0.328759,0.326403,0.328906
8545,0.328698,0.326343,0.328845
8546,0.328622,0.326266,0.328768
8547,0.328601,0.326245,0.328747
8548,0.328557,0.3262,0.328703
8549,0.328472,0.326115,0.328618
8550,0.328432,0.326075,0.328578
8551,0.328393,0.326035,0.328539
8552,0.328331,0.325973,0.328477
8553,0.328283,0.325925,0.32843
8554,0.328255,0.325897,0.328401
8555,0.328179,0.325821,0.328326
8556,0.328087,0.325728,0.328235
8557,0.328013,0.325654,0.328161
8558,0.327982,0.325623,0.32813
8559,0.327954,0.325594,0.328102
8560,0.327872,0.325512,0.32802
8561,0.327784,0.325424,0.327932
8562,0.327696,0.325335,0.327844
8563,0.32763,0.325269,0.327778
8564,0.327557,0.325196,0.327704
8565,0.327533,0.325171,0.32768
8566,0.327463,0.325101,0.32761
8567,0.327427,0.325065,0.327573
8568,0.327361,0.324998,0.327507
8569,0.327298,0.324935,0.327443
8570,0.32722,0.324857,0.327366
8571,0.327182,0.324818,0.327326
8572,0.327128,0.324765,0.327273
8573,0.327074,0.324711,0.327219
8574,0.326999,0.324635,0.327143
8575,0.326944,0.324579,0.327087
8576,0.326869,0.324504,0.327011
8577,0.326846,0.324481,0.326988
8578,0.326816,0.324451,0.326958
8579,0.326783,0.324417,0.326924
8580,0.326755,0.32439,0.326897
8581,0.326734,0.324368,0.326876
8582,0.326654,0.324288,0.326797
8583,0.326575,0.324209,0.326719
8584,0.32651,0.324144,0.326654
8585,0.326448,0.32408,0.326592
8586,0.32639,0.324022,0.326534
8587,0.326303,0.323936,0.326448
8588,0.326233,0.323865,0.326377
8589,0.32618,0.323812,0.326324
8590,0.326123,0.323754,0.326266
8591,0.326084,0.323715,0.326228
8592,0.325992,0.323622,0.326135
8593,0.325949,0.323579,0.326092
8594,0.325875,0.323505,0.326017
8595,0.325851,0.323481,0.325993
8596,0.325783,0.323413,0.325925
8597,0.325699,0.323328,0.32584
8598,0.325648,0.323276,0.325788
8599,0.325613,0.323242,0.325753
8600,0.325593,0.323222,0.325733
8601,0.325513,0.323141,0.325652
8602,0.325445,0.323073,0.325584
8603,0.325384,0.323011,0.325522
8604,0.325345,0.322972,0.325483
8605,0.325265,0.322892,0.325403
8606,0.325227,0.322854,0.325364
8607,0.325206,0.322832,0.325342
8608,0.325179,0.322805,0.325316
8609,0.325099,0.322725,0.325236
8610,0.325045,0.32267,0.325181
8611,0.325018,0.322644,0.325154
8612,0.324983,0.322609,0.32512
8613,0.324953,0.322579,0.32509
8614,0.324935,0.32256,0.325072
8615,0.324888,0.322513,0.325026
8616,0.324845,0.32247,0.324984
8617,0.324753,0.322377,0.324892
8618,0.324723,0.322347,0.324863
8619,0.324648,0.322272,0.324789
8620,0.32457,0.322194,0.324712
8621,0.324515,0.322139,0.324657
8622,0.324447,0.32207,0.324589
8623,0.324364,0.321986,0.324506
8624,0.324328,0.32195,0.324471
8625,0.324263,0.321885,0.324406
8626,0.324221,0.321843,0.324364
8627,0.32414,0.321762,0.324284
8628,0.3241,0.321721,0.324243
8629,0.324058,0.321678,0.324201
8630,0.323987,0.321608,0.324131
8631,0.323935,0.321556,0.32408
8632,0.323868,0.321488,0.324013
8633,0.323807,0.321426,0.323952
8634,0.323749,0.321369,0.323895
8635,0.323706,0.321326,0.323852
8636,0.323671,0.32129,0.323816
8637,0.323584,0.321203,0.323731
8638,0.323548,0.321166,0.323694
8639,0.323465,0.321083,0.323612
8640,0.32342,0.321038,0.323568
8641,0.32334,0.320957,0.323487
8642,0.323267,0.320884,0.323415
8643,0.323176,0.320793,0.323324
8644,0.323111,0.320727,0.323259
8645,0.323071,0.320687,0.323218
8646,0.323001,0.320617,0.323148
8647,0.322928,0.320543,0.323074
8648,0.3229,0.320515,0.323046
8649,0.322856,0.320471,0.323002
8650,0.322798,0.320412,0.322943
8651,0.322768,0.320383,0.322914
8652,0.322739,0.320354,0.322885
8653,0.322703,0.320317,0.322849
8654,0.322623,0.320237,0.322771
8655,0.322557,0.32017,0.322704
8656,0.322483,0.320096,0.322631
8657,0.322414,0.320027,0.322562
8658,0.322342,0.319954,0.32249
8659,0.322274,0.319886,0.322422
8660,0.3222,0.319812,0.322348
8661,0.32216,0.319772,0.322308
8662,0.322134,0.319746,0.322282
8663,0.322068,0.319679,0.322216
8664,0.322024,0.319635,0.322172
8665,0.321954,0.319565,0.322103
8666,0.321881,0.319491,0.32203
8667,0.321856,0.319466,0.322005
8668,0.321786,0.319396,0.321935
8669,0.321713,0.319323,0.321862
8670,0.321631,0.31924,0.32178
8671,0.321603,0.319212,0.321753
8672,0.321538,0.319146,0.321687
8673,0.321461,0.319069,0.32161
8674,0.321403,0.31901,0.321552
8675,0.32134,0.318947,0.321489
8676,0.32126,0.318867,0.321409
8677,0.321169,0.318775,0.321317
8678,0.32114,0.318747,0.321288
8679,0.321119,0.318725,0.321266
8680,0.321048,0.318654,0.321195
8681,0.321023,0.318628,0.321169
8682,0.320997,0.318602,0.321144
8683,0.32092,0.318525,0.321068
8684,0.320868,0.318473,0.321016
8685,0.32079,0.318395,0.320938
8686,0.320711,0.318315,0.320859
8687,0.320653,0.318257,0.320801
8688,0.320573,0.318177,0.320721
8689,0.320506,0.318109,0.320653
8690,0.320473,0.318076,0.320619
8691,0.320425,0.318028,0.320571
8692,0.320395,0.317998,0.320542
8693,0.320357,0.31796,0.320504
8694,0.320313,0.317915,0.32046
8695,0.320261,0.317863,0.320408
8696,0.320221,0.317823,0.320369
8697,0.320174,0.317776,0.320323
8698,0.320103,0.317705,0.320253
8699,0.32005,0.317651,0.3202
8700,0.319962,0.317563,0.320112
8701,0.319911,0.317511,0.320062
8702,0.319847,0.317447,0.319999
8703,0.319765,0.317364,0.319916
8704,0.3197,0.317299,0.319852
8705,0.319638,0.317237,0.31979
8706,0.319551,0.31715,0.319703
8707,0.319464,0.317062,0.319615
8708,0.319427,0.317025,0.319578
8709,0.319381,0.316978,0.319532
8710,0.31935,0.316947,0.319501
8711,0.319278,0.316876,0.31943
8712,0.319232,0.316829,0.319384
8713,0.319157,0.316753,0.319308
8714,0.319101,0.316697,0.319253
8715,0.319041,0.316637,0.319193
8716,0.318977,0.316572,0.319129
8717,0.318941,0.316537,0.319094
8718,0.318861,0.316456,0.319014
8719,0.318784,0.316378,0.318936
8720,0.318753,0.316347,0.318905
8721,0.318689,0.316283,0.318842
8722,0.318629,0.316223,0.318782
8723,0.318547,0.31614,0.318699
8724,0.318506,0.3161,0.318659
8725,0.318482,0.316075,0.318635
8726,0.31842,0.316012,0.318573
8727,0.318381,0.315973,0.318534
8728,0.318296,0.315888,0.31845
8729,0.318207,0.315799,0.318361
8730,0.318124,0.315716,0.318279
8731,0.318071,0.315662,0.318225
8732,0.317984,0.315574,0.318137
8733,0.317959,0.315549,0.318113
8734,0.317895,0.315485,0.318049
8735,0.317837,0.315427,0.317991
8736,0.317764,0.315354,0.317917
8737,0.317679,0.315269,0.317832
8738,0.317616,0.315205,0.317768
8739,0.317569,0.315158,0.317721
8740,0.31755,0.315139,0.317702
8741,0.317488,0.315076,0.31764
8742,0.317402,0.314989,0.317553
8743,0.317337,0.314924,0.317488
8744,0.317292,0.314879,0.317443
8745,0.317246,0.314833,0.317396
8746,0.317173,0.31476,0.317324
8747,0.317131,0.314717,0.317281
8748,0.317091,0.314677,0.317241
8749,0.317043,0.314629,0.317193
8750,0.316957,0.314543,0.317107
8751,0.316925,0.31451,0.317075
8752,0.316879,0.314464,0.317029
8753,0.316832,0.314417,0.316982
8754,0.316778,0.314363,0.316929
8755,0.316688,0.314272,0.316839
8756,0.31663,0.314214,0.316781
8757,0.316559,0.314143,0.31671
8758,0.316515,0.314098,0.316666
8759,0.316468,0.314051,0.316619
8760,0.316383,0.313966,0.316534
8761,0.316344,0.313926,0.316495
8762,0.316276,0.313858,0.316427
8763,0.316222,0.313804,0.316373
8764,0.316168,0.31375,0.316319
8765,0.316095,0.313677,0.316246
8766,0.316059,0.31364,0.31621
8767,0.315967,0.313548,0.316118
8768,0.315938,0.313518,0.316089
8769,0.315892,0.313472,0.316043
8770,0.315802,0.313382,0.315953
8771,0.315746,0.313326,0.315897
8772,0.315723,0.313303,0.315874
8773,0.315631,0.31321,0.315782
8774,0.315544,0.313122,0.315695
8775,0.315523,0.313101,0.315674
8776,0.315495,0.313073,0.315646
8777,0.315459,0.313037,0.315611
8778,0.315371,0.312949,0.315523
8779,0.315282,0.312859,0.315434
8780,0.315206,0.312783,0.315358
8781,0.315122,0.312698,0.315273
8782,0.31507,0.312646,0.315221
8783,0.314983,0.312558,0.315133
8784,0.314953,0.312528,0.315103
8785,0.314897,0.312472,0.315047
8786,0.314855,0.31243,0.315004
8787,0.314802,0.312376,0.314951
8788,0.31475,0.312324,0.314898
8789,0.314722,0.312296,0.31487
8790,0.314683,0.312257,0.314832
8791,0.314608,0.312181,0.314757
8792,0.314519,0.312092,0.314667
8793,0.314429,0.312002,0.314577
8794,0.314351,0.311923,0.314498
8795,0.31431,0.311882,0.314456
8796,0.314273,0.311845,0.314419
8797,0.314236,0.311808,0.314382
8798,0.31415,0.311721,0.314295
8799,0.314088,0.311659,0.314232
8800,0.314042,0.311613,0.314185
8801,0.314018,0.311589,0.314161
8802,0.313984,0.311554,0.314126
8803,0.313953,0.311524,0.314096
8804,0.31387,0.31144,0.314012
8805,0.31385,0.31142,0.313992
8806,0.313762,0.311331,0.313903
8807,0.313705,0.311274,0.313846
8808,0.313645,0.311214,0.313786
8809,0.313606,0.311175,0.313747
8810,0.31358,0.311148,0.31372
8811,0.313561,0.311129,0.313702
8812,0.313499,0.311067,0.31364
8813,0.313447,0.311015,0.313588
8814,0.313396,0.310964,0.313538
8815,0.313364,0.310932,0.313506
8816,0.313306,0.310873,0.313449
8817,0.313216,0.310783,0.313359
8818,0.313143,0.310709,0.313285
8819,0.313095,0.310661,0.313238
8820,0.313056,0.310622,0.313198
8821,0.312977,0.310543,0.31312
8822,0.312887,0.310452,0.313029
8823,0.312867,0.310432,0.313009
8824,0.312823,0.310388,0.312965
8825,0.312796,0.310361,0.312938
8826,0.312708,0.310272,0.31285
8827,0.312675,0.310239,0.312817
8828,0.312616,0.31018,0.312758
8829,0.312532,0.310095,0.312673
8830,0.312507,0.310071,0.312649
8831,0.312457,0.31002,0.312599
8832,0.31237,0.309932,0.312511
8833,0.312294,0.309856,0.312435
8834,0.312262,0.309824,0.312402
8835,0.312224,0.309785,0.312364
8836,0.312169,0.30973,0.312309
8837,0.312134,0.309695,0.312274
8838,0.312106,0.309667,0.312245
8839,0.31208,0.309641,0.31222
8840,0.311991,0.309552,0.312132
8841,0.311915,0.309475,0.312056
8842,0.311871,0.309431,0.312011
8843,0.311792,0.309351,0.311932
8844,0.311757,0.309316,0.311896
8845,0.311714,0.309273,0.311853
8846,0.311685,0.309244,0.311825
8847,0.311606,0.309164,0.311745
8848,0.311576,0.309134,0.311715
8849,0.31155,0.309108,0.31169
8850,0.311465,0.309023,0.311605
8851,0.311374,0.308931,0.311514
8852,0.311325,0.308882,0.311465
8853,0.311276,0.308833,0.311415
8854,0.311247,0.308804,0.311386
8855,0.311185,0.308742,0.311324
8856,0.311151,0.308708,0.31129
8857,0.311131,0.308687,0.31127
8858,0.311097,0.308653,0.311237
8859,0.311053,0.308609,0.311194
8860,0.310967,0.308522,0.311108
8861,0.31094,0.308495,0.311081
8862,0.310913,0.308468,0.311055
8863,0.310857,0.308412,0.311
8864,0.310767,0.308321,0.31091
8865,0.310692,0.308246,0.310835
8866,0.31062,0.308174,0.310764
8867,0.310598,0.308152,0.310742
8868,0.310527,0.30808,0.310671
8869,0.310486,0.308039,0.310631
8870,0.310436,0.307989,0.310581
8871,0.31036,0.307913,0.310506
8872,0.310301,0.307853,0.310447
8873,0.310275,0.307827,0.310421
8874,0.310201,0.307753,0.310348
8875,0.310124,0.307676,0.310272
8876,0.310064,0.307615,0.310211
8877,0.30998,0.30753,0.310127
8878,0.309928,0.307479,0.310075
8879,0.309845,0.307395,0.309992
8880,0.309788,0.307337,0.309934
8881,0.309757,0.307306,0.309903
8882,0.309713,0.307262,0.309859
8883,0.30963,0.307179,0.309776
8884,0.309554,0.307103,0.3097
8885,0.309522,0.307071,0.309667
8886,0.309476,0.307024,0.309621
8887,0.309457,0.307005,0.309601
8888,0.309426,0.306973,0.309571
8889,0.309336,0.306883,0.309481
8890,0.309284,0.306831,0.30943
8891,0.309195,0.306742,0.30934
8892,0.309151,0.306697,0.309296
8893,0.30911,0.306656,0.309255
8894,0.309058,0.306604,0.309203
8895,0.308973,0.306518,0.309118
8896,0.308939,0.306485,0.309084
8897,0.308913,0.306458,0.309058
8898,0.30888,0.306425,0.309025
8899,0.308794,0.306339,0.308939
8900,0.308758,0.306303,0.308904
8901,0.308707,0.306251,0.308853
8902,0.308645,0.306188,0.308791
8903,0.308602,0.306146,0.308749
8904,0.308533,0.306076,0.30868
8905,0.308442,0.305985,0.308589
8906,0.308367,0.305909,0.308513
8907,0.308337,0.305879,0.308483
8908,0.308271,0.305813,0.308418
8909,0.308251,0.305793,0.308398
8910,0.308224,0.305765,0.308371
8911,0.308147,0.305689,0.308295
8912,0.30807,0.305611,0.308218
8913,0.307981,0.305522,0.308129
8914,0.30791,0.305451,0.308058
8915,0.307852,0.305391,0.307999
8916,0.307814,0.305354,0.307962
8917,0.30776,0.305299,0.307907
8918,0.307699,0.305238,0.307846
8919,0.307609,0.305148,0.307755
8920,0.307557,0.305096,0.307703
8921,0.307482,0.30502,0.307627
8922,0.307461,0.304999,0.307606
8923,0.307371,0.304909,0.307515
8924,0.307335,0.304872,0.307478
8925,0.307282,0.304819,0.307425
8926,0.307259,0.304796,0.307402
8927,0.307229,0.304766,0.307371
8928,0.307187,0.304724,0.307329
8929,0.307122,0.304658,0.307264
8930,0.307069,0.304605,0.307212
8931,0.307051,0.304586,0.307193
8932,0.307006,0.304542,0.307149
8933,0.306934,0.304469,0.307077
8934,0.306907,0.304443,0.30705
8935,0.306851,0.304386,0.306994
8936,0.306811,0.304346,0.306955
8937,0.306746,0.304281,0.30689
8938,0.306705,0.304239,0.306849
8939,0.306679,0.304213,0.306824
8940,0.306631,0.304165,0.306777
8941,0.306583,0.304117,0.30673
8942,0.306508,0.304042,0.306656
8943,0.306424,0.303957,0.306573
8944,0.306402,0.303934,0.30655
8945,0.30636,0.303892,0.30651
8946,0.306272,0.303804,0.306423
8947,0.306241,0.303773,0.306393
8948,0.306185,0.303716,0.306337
8949,0.306113,0.303644,0.306267
8950,0.306021,0.303552,0.306176
8951,0.305937,0.303467,0.306092
8952,0.305911,0.303441,0.306066
8953,0.305856,0.303386,0.306012
8954,0.305774,0.303303,0.30593
8955,0.305688,0.303217,0.305844
8956,0.305609,0.303138,0.305766
8957,0.305577,0.303105,0.305734
8958,0.305484,0.303013,0.305642
8959,0.305403,0.30293,0.30556
8960,0.305376,0.302903,0.305533
8961,0.305304,0.302831,0.305461
8962,0.305272,0.302799,0.305429
8963,0.305202,0.302729,0.305359
8964,0.305119,0.302645,0.305276
8965,0.305028,0.302554,0.305186
8966,0.304968,0.302494,0.305125
8967,0.304882,0.302407,0.305038
8968,0.304798,0.302323,0.304954
8969,0.304758,0.302283,0.304913
8970,0.304734,0.302258,0.304888
8971,0.304706,0.302231,0.30486
8972,0.304634,0.302158,0.304788
8973,0.304598,0.302122,0.304752
8974,0.304514,0.302038,0.304668
8975,0.304481,0.302004,0.304634
8976,0.304426,0.301948,0.304579
8977,0.304377,0.3019,0.304531
8978,0.304327,0.301849,0.30448
8979,0.304239,0.301761,0.304392
8980,0.304221,0.301743,0.304374
8981,0.304128,0.301649,0.304281
8982,0.304062,0.301583,0.304215
8983,0.303998,0.301519,0.304151
8984,0.303916,0.301436,0.304068
8985,0.303893,0.301413,0.304044
8986,0.303829,0.301348,0.30398
8987,0.303775,0.301295,0.303926
8988,0.303698,0.301217,0.303848
8989,0.30362,0.301139,0.30377
8990,0.30358,0.301098,0.303729
8991,0.303541,0.30106,0.30369
8992,0.303499,0.301017,0.303647
8993,0.303449,0.300967,0.303597
8994,0.303403,0.30092,0.30355
8995,0.303333,0.300851,0.30348
8996,0.303295,0.300812,0.303442
8997,0.303227,0.300744,0.303373
8998,0.303202,0.300719,0.303348
8999,0.303184,0.3007,0.30333
9000,0.303135,0.300651,0.303281
9001,0.303069,0.300585,0.303215
9002,0.303018,0.300534,0.303165
9003,0.302939,0.300454,0.303086
9004,0.302866,0.300381,0.303013
9005,0.302826,0.300341,0.302973
9006,0.302782,0.300297,0.302929
9007,0.302755,0.300269,0.302902
9008,0.302685,0.300199,0.302832
9009,0.302638,0.300152,0.302785
9010,0.302564,0.300078,0.302711
9011,0.302536,0.30005,0.302684
9012,0.302517,0.300031,0.302665
9013,0.302426,0.299938,0.302573
9014,0.302348,0.29986,0.302496
9015,0.302264,0.299776,0.302411
9016,0.302244,0.299755,0.302391
9017,0.302181,0.299692,0.302328
9018,0.302143,0.299654,0.30229
9019,0.302053,0.299564,0.3022
9020,0.302021,0.299532,0.302168
9021,0.301984,0.299495,0.302131
9022,0.301893,0.299404,0.302041
9023,0.301838,0.299348,0.301985
9024,0.301782,0.299292,0.301929
9025,0.301738,0.299247,0.301885
9026,0.301705,0.299214,0.301852
9027,0.301622,0.299131,0.301769
9028,0.301596,0.299105,0.301742
9029,0.301567,0.299075,0.301714
9030,0.301487,0.298995,0.301633
9031,0.301408,0.298915,0.301555
9032,0.301375,0.298882,0.301521
9033,0.301328,0.298836,0.301475
9034,0.301298,0.298805,0.301445
9035,0.301262,0.298769,0.301409
9036,0.301189,0.298695,0.301337
9037,0.301131,0.298638,0.301279
9038,0.301111,0.298617,0.301259
9039,0.301024,0.29853,0.301173
9040,0.300932,0.298437,0.301081
9041,0.300868,0.298373,0.301017
9042,0.300847,0.298352,0.300996
9043,0.300776,0.29828,0.300925
9044,0.30072,0.298225,0.300869
9045,0.300699,0.298203,0.300848
9046,0.300622,0.298126,0.300771
9047,0.300564,0.298068,0.300714
9048,0.300512,0.298016,0.300662
9049,0.300422,0.297925,0.300572
9050,0.300361,0.297863,0.30051
9051,0.300327,0.297829,0.300476
9052,0.300234,0.297736,0.300383
9053,0.300189,0.297691,0.300338
9054,0.300125,0.297626,0.300273
9055,0.300098,0.297599,0.300246
9056,0.300056,0.297557,0.300204
9057,0.30002,0.297521,0.300168
9058,0.299948,0.297448,0.300096
9059,0.299894,0.297394,0.300042
9060,0.299846,0.297346,0.299995
9061,0.299755,0.297255,0.299904
9062,0.299672,0.297171,0.29982
9063,0.299633,0.297132,0.299781
9064,0.299573,0.297072,0.299721
9065,0.299551,0.297049,0.299698
9066,0.299503,0.297001,0.29965
9067,0.299442,0.29694,0.299589
9068,0.299421,0.296919,0.299569
9069,0.299392,0.296889,0.299539
9070,0.299364,0.296861,0.299512
9071,0.299272,0.296769,0.299421
9072,0.299209,0.296705,0.299357
9073,0.299149,0.296645,0.299298
9074,0.299106,0.296602,0.299256
9075,0.299015,0.296511,0.299165
9076,0.298983,0.296478,0.299133
9077,0.298901,0.296396,0.29905
9078,0.29886,0.296355,0.29901
9079,0.298779,0.296273,0.298929
9080,0.298756,0.29625,0.298906
9081,0.29868,0.296174,0.29883
9082,0.298596,0.29609,0.298746
9083,0.298576,0.296069,0.298725
9084,0.298552,0.296045,0.298702
9085,0.298482,0.295975,0.298632
9086,0.298438,0.295931,0.298589
9087,0.298401,0.295893,0.298551
9088,0.29833,0.295822,0.298481
9089,0.298241,0.295733,0.298392
9090,0.298167,0.295659,0.298318
9091,0.298079,0.29557,0.298229
9092,0.298048,0.295539,0.298198
9093,0.298018,0.295509,0.298168
9094,0.297982,0.295472,0.298132
9095,0.297929,0.29542,0.29808
9096,0.297904,0.295394,0.298054
9097,0.297836,0.295326,0.297987
9098,0.297813,0.295303,0.297965
9099,0.297763,0.295252,0.297915
9100,0.297682,0.295171,0.297835
9101,0.297643,0.295132,0.297797
9102,0.29757,0.295059,0.297724
9103,0.297519,0.295007,0.297674
9104,0.297485,0.294973,0.29764
9105,0.297399,0.294887,0.297555
9106,0.297338,0.294825,0.297494
9107,0.297258,0.294745,0.297415
9108,0.297174,0.294661,0.297331
9109,0.297097,0.294583,0.297254
9110,0.297022,0.294507,0.297178
9111,0.296942,0.294428,0.297099
9112,0.296873,0.294358,0.297029
9113,0.296816,0.294301,0.296972
9114,0.296746,0.29423,0.296901
9115,0.296683,0.294167,0.296837
9116,0.296593,0.294076,0.296746
9117,0.296555,0.294038,0.296707
9118,0.296511,0.293994,0.296662
9119,0.296482,0.293965,0.296632
9120,0.296445,0.293927,0.296594
9121,0.296424,0.293906,0.296573
9122,0.2964,0.293882,0.296549
9123,0.29638,0.293863,0.29653
9124,0.296305,0.293787,0.296455
9125,0.296266,0.293748,0.296416
9126,0.29623,0.293712,0.296381
9127,0.296144,0.293626,0.296295
9128,0.296094,0.293576,0.296246
9129,0.296011,0.293491,0.296162
9130,0.295955,0.293436,0.296106
9131,0.295895,0.293375,0.296046
9132,0.295852,0.293332,0.296003
9133,0.295782,0.293262,0.295934
9134,0.295752,0.293231,0.295903
9135,0.295693,0.293173,0.295845
9136,0.295657,0.293136,0.295809
9137,0.295573,0.293051,0.295725
9138,0.29552,0.292998,0.295672
9139,0.295463,0.29294,0.295615
9140,0.295437,0.292915,0.29559
9141,0.295346,0.292823,0.295499
9142,0.295302,0.292779,0.295455
9143,0.295273,0.29275,0.295427
9144,0.295233,0.29271,0.295387
9145,0.29515,0.292627,0.295304
9146,0.295059,0.292535,0.295213
9147,0.295016,0.292492,0.29517
9148,0.294974,0.29245,0.295129
9149,0.294937,0.292412,0.295092
9150,0.294895,0.29237,0.29505
9151,0.294825,0.2923,0.294981
9152,0.294734,0.292208,0.29489
9153,0.294665,0.292139,0.294821
9154,0.294608,0.292081,0.294764
9155,0.294532,0.292006,0.294688
9156,0.294494,0.291967,0.29465
9157,0.294418,0.291891,0.294574
9158,0.294376,0.291849,0.294532
9159,0.294332,0.291804,0.294488
9160,0.294255,0.291726,0.29441
9161,0.294234,0.291706,0.294391
9162,0.294159,0.291631,0.294315
9163,0.294079,0.29155,0.294235
9164,0.294038,0.291509,0.294194
9165,0.294006,0.291476,0.294162
9166,0.293963,0.291433,0.294119
9167,0.293875,0.291345,0.294031
9168,0.293793,0.291262,0.293949
9169,0.29374,0.291209,0.293896
9170,0.293689,0.291158,0.293845
9171,0.293598,0.291067,0.293754
9172,0.29356,0.291028,0.293715
9173,0.293502,0.29097,0.293657
9174,0.293423,0.290891,0.293578
9175,0.293354,0.290821,0.293509
9176,0.293296,0.290763,0.293451
9177,0.293242,0.290709,0.293395
9178,0.293201,0.290668,0.293354
9179,0.293118,0.290585,0.293271
9180,0.2931,0.290566,0.293252
9181,0.293069,0.290535,0.293221
9182,0.293037,0.290503,0.293189
9183,0.293002,0.290468,0.293154
9184,0.292924,0.290389,0.293076
9185,0.292866,0.290331,0.293018
9186,0.292809,0.290274,0.292961
9187,0.292719,0.290183,0.292871
9188,0.292669,0.290133,0.292821
9189,0.292609,0.290072,0.29276
9190,0.29253,0.289994,0.292682
9191,0.292505,0.289968,0.292656
9192,0.292483,0.289946,0.292634
9193,0.292421,0.289884,0.292573
9194,0.292353,0.289815,0.292504
9195,0.292318,0.28978,0.292469
9196,0.29225,0.289712,0.292401
9197,0.292159,0.289621,0.29231
9198,0.292119,0.28958,0.29227
9199,0.292067,0.289528,0.292217
9200,0.291978,0.289438,0.292128
9201,0.291945,0.289406,0.292095
9202,0.291882,0.289342,0.292031
9203,0.291847,0.289306,0.291995
9204,0.291788,0.289248,0.291937
9205,0.291747,0.289206,0.291895
9206,0.291669,0.289128,0.291816
9207,0.291646,0.289105,0.291793
9208,0.291587,0.289046,0.291734
9209,0.291546,0.289005,0.291693
9210,0.291471,0.288929,0.291617
9211,0.291438,0.288896,0.291584
9212,0.291397,0.288855,0.291543
9213,0.291327,0.288784,0.291473
9214,0.291293,0.28875,0.291438
9215,0.291214,0.288671,0.29136
9216,0.291188,0.288644,0.291333
9217,0.291108,0.288564,0.291253
9218,0.291041,0.288497,0.291186
9219,0.29102,0.288476,0.291164
9220,0.29096,0.288416,0.291104
9221,0.290923,0.288378,0.291066
9222,0.290888,0.288343,0.291032
9223,0.290848,0.288303,0.290991
9224,0.290813,0.288268,0.290956
9225,0.290741,0.288196,0.290884
9226,0.290691,0.288145,0.290834
9227,0.290661,0.288115,0.290804
9228,0.290609,0.288062,0.290752
9229,0.290531,0.287985,0.290674
9230,0.290498,0.287952,0.290641
9231,0.29047,0.287923,0.290613
9232,0.290389,0.287841,0.290532
9233,0.290354,0.287807,0.290497
9234,0.290288,0.28774,0.29043
9235,0.290231,0.287683,0.290374
9236,0.290147,0.287599,0.29029
9237,0.290118,0.28757,0.29026
9238,0.290064,0.287515,0.290206
9239,0.29001,0.287461,0.290151
9240,0.28997,0.287421,0.290111
9241,0.28995,0.2874,0.29009
9242,0.289916,0.287367,0.290057
9243,0.289873,0.287323,0.290014
9244,0.289796,0.287246,0.289937
9245,0.289776,0.287225,0.289917
9246,0.289726,0.287176,0.289867
9247,0.289696,0.287145,0.289837
9248,0.289641,0.28709,0.289783
9249,0.289579,0.287028,0.289721
9250,0.289539,0.286987,0.289681
9251,0.289466,0.286914,0.289608
9252,0.289402,0.28685,0.289545
9253,0.289335,0.286782,0.289477
9254,0.28926,0.286707,0.289402
9255,0.289241,0.286688,0.289382
9256,0.289217,0.286664,0.289358
9257,0.289187,0.286634,0.289329
9258,0.289109,0.286555,0.28925
9259,0.289042,0.286488,0.289184
9260,0.289023,0.286469,0.289165
9261,0.289001,0.286447,0.289143
9262,0.288961,0.286407,0.289104
9263,0.288937,0.286382,0.28908
9264,0.288884,0.286329,0.289029
9265,0.288794,0.286238,0.288939
9266,0.288761,0.286205,0.288906
9267,0.288707,0.286151,0.288853
9268,0.288642,0.286086,0.288788
9269,0.288569,0.286013,0.288716
9270,0.28849,0.285933,0.288637
9271,0.288466,0.285909,0.288614
9272,0.288377,0.285819,0.288524
9273,0.288322,0.285764,0.288469
9274,0.288293,0.285735,0.288441
9275,0.288243,0.285685,0.288391
9276,0.288208,0.285649,0.288356
9277,0.288127,0.285569,0.288276
9278,0.288082,0.285523,0.288231
9279,0.28804,0.285481,0.28819
9280,0.287963,0.285403,0.288113
9281,0.287927,0.285367,0.288077
9282,0.287873,0.285313,0.288023
9283,0.28784,0.28528,0.287991
9284,0.287811,0.28525,0.287962
9285,0.287757,0.285196,0.287909
9286,0.287708,0.285148,0.287861
9287,0.287647,0.285086,0.287801
9288,0.287569,0.285008,0.287724
9289,0.287492,0.28493,0.287647
9290,0.287424,0.284862,0.28758
9291,0.287353,0.284791,0.287509
9292,0.287269,0.284706,0.287425
9293,0.287189,0.284625,0.287344
9294,0.287165,0.284601,0.28732
9295,0.287118,0.284554,0.287273
9296,0.287075,0.284511,0.287231
9297,0.287032,0.284468,0.287188
9298,0.286949,0.284385,0.287105
9299,0.2869,0.284335,0.287056
9300,0.286829,0.284264,0.286985
9301,0.286764,0.284198,0.28692
9302,0.286733,0.284168,0.286889
9303,0.286714,0.284148,0.28687
9304,0.28666,0.284094,0.286817
9305,0.286609,0.284043,0.286767
9306,0.286588,0.284022,0.286746
9307,0.286518,0.283951,0.286677
9308,0.286432,0.283864,0.286591
9309,0.286369,0.283802,0.286529
9310,0.28633,0.283762,0.28649
9311,0.286249,0.283681,0.28641
9312,0.286205,0.283637,0.286366
9313,0.286165,0.283597,0.286327
9314,0.286092,0.283523,0.286254
9315,0.286021,0.283451,0.286184
9316,0.285979,0.28341,0.286143
9317,0.285903,0.283333,0.286067
9318,0.28585,0.28328,0.286015
9319,0.285784,0.283214,0.285949
9320,0.285726,0.283155,0.285891
9321,0.285646,0.283074,0.285812
9322,0.285553,0.282981,0.285719
9323,0.285495,0.282923,0.285662
9324,0.285423,0.282851,0.28559
9325,0.285346,0.282773,0.285512
9326,0.285262,0.282689,0.285428
9327,0.285182,0.282609,0.285347
9328,0.285158,0.282585,0.285323
9329,0.285119,0.282546,0.285284
9330,0.285053,0.282479,0.285217
9331,0.284965,0.282391,0.285129
9332,0.28492,0.282345,0.285083
9333,0.284855,0.28228,0.285019
9334,0.284806,0.282231,0.284969
9335,0.284747,0.282172,0.28491
9336,0.284696,0.28212,0.284858
9337,0.284659,0.282083,0.284821
9338,0.284616,0.28204,0.284778
9339,0.284568,0.281992,0.28473
9340,0.284483,0.281907,0.284645
9341,0.284453,0.281876,0.284615
9342,0.284361,0.281784,0.284523
9343,0.28428,0.281702,0.284441
9344,0.284217,0.281639,0.284378
9345,0.284141,0.281563,0.284301
9346,0.284106,0.281527,0.284266
9347,0.284065,0.281486,0.284225
9348,0.28404,0.281461,0.284199
9349,0.284019,0.28144,0.284179
9350,0.283934,0.281355,0.284094
9351,0.283879,0.281299,0.284038
9352,0.283797,0.281217,0.283956
9353,0.283753,0.281173,0.283912
9354,0.283729,0.281148,0.283888
9355,0.283689,0.281108,0.283848
9356,0.283655,0.281074,0.283814
9357,0.283576,0.280995,0.283736
9358,0.283502,0.28092,0.283662
9359,0.283447,0.280865,0.283607
9360,0.283373,0.28079,0.283533
9361,0.283319,0.280736,0.283479
9362,0.283247,0.280664,0.283407
9363,0.283207,0.280624,0.283368
9364,0.283158,0.280574,0.283318
9365,0.283126,0.280542,0.283286
9366,0.283035,0.280451,0.283196
9367,0.283013,0.280429,0.283174
9368,0.282922,0.280338,0.283083
9369,0.282876,0.280291,0.283037
9370,0.282797,0.280212,0.282958
9371,0.28272,0.280134,0.28288
9372,0.282643,0.280057,0.282803
9373,0.282612,0.280026,0.282772
9374,0.282524,0.279937,0.282684
9375,0.28249,0.279903,0.282649
9376,0.282447,0.27986,0.282606
9377,0.282358,0.27977,0.282516
9378,0.282328,0.27974,0.282486
9379,0.282308,0.279721,0.282466
9380,0.282268,0.27968,0.282426
9381,0.282233,0.279645,0.282391
9382,0.282172,0.279583,0.282329
9383,0.282092,0.279503,0.282249
9384,0.282072,0.279483,0.28223
9385,0.281999,0.27941,0.282157
9386,0.281951,0.279361,0.282109
9387,0.281893,0.279303,0.282052
9388,0.281837,0.279247,0.281996
9389,0.281764,0.279173,0.281922
9390,0.281716,0.279125,0.281874
9391,0.281674,0.279083,0.281832
9392,0.281593,0.279001,0.281751
9393,0.281502,0.27891,0.28166
9394,0.281451,0.278859,0.281609
9395,0.281368,0.278775,0.281525
9396,0.28128,0.278687,0.281437
9397,0.281246,0.278653,0.281402
9398,0.28121,0.278617,0.281365
9399,0.281187,0.278594,0.281342
9400,0.281146,0.278552,0.2813
9401,0.281123,0.278529,0.281277
9402,0.281031,0.278437,0.281185
9403,0.28101,0.278416,0.281164
9404,0.280943,0.278348,0.281097
9405,0.280892,0.278297,0.281046
9406,0.280811,0.278216,0.280965
9407,0.280756,0.278161,0.280909
9408,0.280696,0.2781,0.280848
9409,0.280604,0.278008,0.280756
9410,0.280576,0.277979,0.280727
9411,0.280511,0.277914,0.280661
9412,0.280458,0.277861,0.280608
9413,0.280401,0.277804,0.28055
9414,0.280375,0.277777,0.280523
9415,0.280344,0.277747,0.280492
9416,0.280297,0.277699,0.280444
9417,0.28026,0.277662,0.280407
9418,0.280233,0.277635,0.28038
9419,0.280172,0.277574,0.280319
9420,0.280153,0.277554,0.280299
9421,0.280085,0.277486,0.280231
9422,0.280037,0.277438,0.280183
9423,0.279986,0.277386,0.280132
9424,0.279958,0.277358,0.280105
9425,0.279921,0.277321,0.280068
9426,0.279847,0.277247,0.279994
9427,0.279801,0.277201,0.279949
9428,0.279714,0.277113,0.279861
9429,0.279669,0.277068,0.279816
9430,0.279626,0.277025,0.279773
9431,0.279607,0.277006,0.279755
9432,0.279519,0.276917,0.279666
9433,0.279433,0.276831,0.27958
9434,0.279349,0.276747,0.279496
9435,0.279318,0.276715,0.279463
9436,0.279281,0.276678,0.279426
9437,0.279211,0.276607,0.279355
9438,0.27916,0.276556,0.279304
9439,0.279137,0.276534,0.279281
9440,0.279114,0.27651,0.279257
9441,0.279059,0.276455,0.279202
9442,0.279005,0.276401,0.279148
9443,0.278982,0.276377,0.279124
9444,0.278924,0.27632,0.279067
9445,0.278904,0.276299,0.279046
9446,0.278818,0.276213,0.27896
9447,0.278782,0.276177,0.278924
9448,0.278759,0.276154,0.278901
9449,0.278739,0.276134,0.278881
9450,0.278685,0.276079,0.278827
9451,0.278646,0.27604,0.278789
9452,0.278597,0.275991,0.27874
9453,0.278524,0.275917,0.278667
9454,0.278451,0.275844,0.278595
9455,0.278432,0.275824,0.278575
9456,0.278369,0.275761,0.278512
9457,0.278331,0.275724,0.278475
9458,0.278283,0.275675,0.278427
9459,0.278208,0.2756,0.278353
9460,0.278118,0.275509,0.278262
9461,0.278069,0.27546,0.278212
9462,0.278022,0.275413,0.278165
9463,0.277984,0.275374,0.278127
9464,0.277964,0.275355,0.278107
9465,0.277885,0.275275,0.278028
9466,0.277828,0.275217,0.27797
9467,0.277804,0.275193,0.277946
9468,0.277729,0.275119,0.277871
9469,0.277707,0.275096,0.277849
9470,0.277672,0.275061,0.277814
9471,0.277614,0.275003,0.277756
9472,0.27759,0.274979,0.277732
9473,0.277553,0.274941,0.277695
9474,0.277521,0.274909,0.277663
9475,0.277477,0.274865,0.27762
9476,0.277437,0.274825,0.277581
9477,0.277379,0.274767,0.277524
9478,0.277341,0.274728,0.277486
9479,0.277261,0.274648,0.277406
9480,0.277194,0.274581,0.27734
9481,0.277169,0.274556,0.277315
9482,0.277121,0.274508,0.277268
9483,0.277033,0.274418,0.277179
9484,0.276954,0.27434,0.277101
9485,0.276896,0.274281,0.277043
9486,0.276875,0.27426,0.277022
9487,0.276803,0.274188,0.27695
9488,0.276763,0.274148,0.27691
9489,0.276691,0.274076,0.276838
9490,0.276637,0.274021,0.276784
9491,0.276592,0.273976,0.276738
9492,0.276572,0.273956,0.276719
9493,0.276539,0.273923,0.276686
9494,0.276501,0.273884,0.276647
9495,0.276436,0.273819,0.276583
9496,0.276385,0.273768,0.276533
9497,0.276344,0.273727,0.276492
9498,0.276301,0.273684,0.27645
9499,0.276223,0.273605,0.276372
9500,0.2762,0.273582,0.276349
9501,0.27614,0.273522,0.27629
9502,0.276112,0.273493,0.276262
9503,0.276037,0.273418,0.276187
9504,0.275986,0.273367,0.276137
9505,0.275955,0.273336,0.276106
9506,0.275885,0.273265,0.276037
9507,0.275798,0.273178,0.27595
9508,0.275732,0.273111,0.275884
9509,0.275666,0.273045,0.275818
9510,0.275598,0.272976,0.27575
9511,0.275579,0.272957,0.275731
9512,0.275513,0.272891,0.275666
9513,0.275489,0.272867,0.275641
9514,0.275405,0.272783,0.275558
9515,0.275342,0.27272,0.275495
9516,0.275291,0.272668,0.275443
9517,0.275234,0.272611,0.275386
9518,0.275157,0.272533,0.275309
9519,0.275108,0.272484,0.27526
9520,0.27507,0.272446,0.275222
9521,0.275045,0.272421,0.275196
9522,0.275002,0.272378,0.275153
9523,0.274927,0.272303,0.275079
9524,0.274861,0.272236,0.275012
9525,0.274822,0.272196,0.274972
9526,0.274751,0.272125,0.274902
9527,0.274707,0.272081,0.274857
9528,0.274672,0.272046,0.274822
9529,0.274609,0.271983,0.274759
9530,0.274586,0.271959,0.274736
9531,0.27455,0.271923,0.2747
9532,0.274491,0.271864,0.274641
9533,0.274457,0.27183,0.274608
9534,0.274414,0.271787,0.274565
9535,0.27438,0.271752,0.274531
9536,0.274321,0.271693,0.274473
9537,0.274286,0.271658,0.274439
9538,0.274236,0.271608,0.274389
9539,0.274162,0.271534,0.274316
9540,0.274093,0.271464,0.274247
9541,0.274007,0.271378,0.274162
9542,0.273973,0.271344,0.274128
9543,0.273915,0.271285,0.27407
9544,0.273829,0.271199,0.273984
9545,0.273783,0.271152,0.273937
9546,0.273761,0.271131,0.273916
9547,0.273676,0.271045,0.273831
9548,0.273624,0.270992,0.273779
9549,0.273557,0.270925,0.273712
9550,0.273506,0.270874,0.273661
9551,0.273447,0.270814,0.273602
9552,0.273411,0.270779,0.273566
9553,0.273344,0.270711,0.273499
9554,0.273298,0.270666,0.273453
9555,0.273225,0.270592,0.27338
9556,0.273183,0.27055,0.273338
9557,0.273115,0.270482,0.27327
9558,0.273096,0.270462,0.27325
9559,0.273052,0.270418,0.273206
9560,0.273002,0.270368,0.273156
9561,0.27293,0.270295,0.273084
9562,0.272851,0.270216,0.273005
9563,0.27282,0.270185,0.272974
9564,0.272745,0.270109,0.272899
9565,0.272689,0.270053,0.272842
9566,0.27262,0.269983,0.272773
9567,0.2726,0.269964,0.272753
9568,0.272569,0.269933,0.272722
9569,0.272547,0.26991,0.272699
9570,0.272523,0.269886,0.272676
9571,0.27247,0.269833,0.272623
9572,0.272417,0.26978,0.272571
9573,0.272326,0.269689,0.272481
9574,0.272294,0.269656,0.272448
9575,0.272275,0.269637,0.27243
9576,0.272241,0.269603,0.272397
9577,0.272194,0.269555,0.27235
9578,0.272126,0.269487,0.272283
9579,0.272063,0.269424,0.272221
9580,0.27204,0.269401,0.272199
9581,0.271967,0.269327,0.272126
9582,0.271902,0.269262,0.272062
9583,0.271846,0.269206,0.272007
9584,0.27177,0.26913,0.271931
9585,0.271702,0.269061,0.271864
9586,0.271666,0.269025,0.271829
9587,0.271578,0.268936,0.27174
9588,0.271514,0.268873,0.271677
9589,0.271449,0.268807,0.271612
9590,0.271383,0.26874,0.271546
9591,0.271325,0.268682,0.271488
9592,0.271238,0.268595,0.271402
9593,0.271192,0.268549,0.271355
9594,0.271144,0.2685,0.271307
9595,0.271109,0.268465,0.271272
9596,0.271043,0.268399,0.271206
9597,0.270955,0.26831,0.271117
9598,0.270936,0.268291,0.271098
9599,0.270885,0.26824,0.271048
9600,0.270796,0.26815,0.270958
9601,0.27076,0.268114,0.270923
9602,0.270723,0.268077,0.270886
9603,0.270674,0.268028,0.270837
9604,0.270618,0.267972,0.270781
9605,0.270563,0.267917,0.270727
9606,0.270522,0.267875,0.270685
9607,0.270481,0.267834,0.270644
9608,0.270455,0.267808,0.270619
9609,0.270363,0.267716,0.270528
9610,0.270275,0.267627,0.27044
9611,0.270209,0.267561,0.270374
9612,0.270158,0.26751,0.270324
9613,0.270072,0.267424,0.270238
9614,0.270013,0.267363,0.270178
9615,0.269947,0.267297,0.270111
9616,0.269924,0.267274,0.270088
9617,0.269894,0.267244,0.270058
9618,0.269865,0.267215,0.270029
9619,0.269793,0.267142,0.269958
9620,0.269739,0.267088,0.269904
9621,0.269691,0.26704,0.269857
9622,0.269661,0.26701,0.269827
9623,0.269579,0.266927,0.269745
9624,0.269514,0.266862,0.269681
9625,0.26943,0.266778,0.269597
9626,0.269383,0.266731,0.269551
9627,0.269342,0.26669,0.26951
9628,0.269269,0.266616,0.269436
9629,0.269218,0.266565,0.269386
9630,0.269126,0.266473,0.269295
9631,0.269035,0.266381,0.269203
9632,0.268949,0.266294,0.269116
9633,0.268919,0.266264,0.269086
9634,0.268859,0.266204,0.269025
9635,0.268824,0.266169,0.26899
9636,0.268799,0.266144,0.268966
9637,0.268731,0.266076,0.268897
9638,0.268672,0.266016,0.268838
9639,0.268606,0.265949,0.268771
9640,0.268563,0.265906,0.268728
9641,0.268534,0.265877,0.268699
9642,0.268444,0.265787,0.26861
9643,0.268422,0.265765,0.268587
9644,0.268361,0.265703,0.268526
9645,0.268313,0.265655,0.268479
9646,0.268226,0.265568,0.268392
9647,0.26819,0.265532,0.268356
9648,0.268132,0.265473,0.268298
9649,0.268113,0.265454,0.268278
9650,0.268057,0.265398,0.268224
9651,0.268006,0.265347,0.268172
9652,0.267928,0.265269,0.268095
9653,0.267848,0.265188,0.268015
9654,0.26779,0.26513,0.267957
9655,0.267736,0.265075,0.267903
9656,0.267686,0.265025,0.267853
9657,0.267611,0.26495,0.267778
9658,0.26754,0.264878,0.267707
9659,0.267488,0.264826,0.267654
9660,0.267418,0.264756,0.267584
9661,0.267393,0.264731,0.267559
9662,0.267339,0.264677,0.267505
9663,0.267248,0.264585,0.267414
9664,0.267218,0.264554,0.267383
9665,0.267167,0.264503,0.267332
9666,0.267113,0.26445,0.267278
9667,0.267034,0.26437,0.267199
9668,0.266982,0.264317,0.267146
9669,0.266953,0.264288,0.267117
9670,0.266921,0.264257,0.267086
9671,0.266831,0.264166,0.266996
9672,0.266801,0.264136,0.266965
9673,0.266775,0.26411,0.266939
9674,0.266723,0.264057,0.266887
9675,0.266631,0.263965,0.266795
9676,0.266576,0.263909,0.26674
9677,0.266544,0.263878,0.266709
9678,0.266475,0.263808,0.266639
9679,0.266437,0.26377,0.266602
9680,0.266412,0.263744,0.266577
9681,0.266384,0.263716,0.26655
9682,0.26636,0.263693,0.266527
9683,0.266279,0.263611,0.266447
9684,0.266251,0.263583,0.26642
9685,0.266169,0.263501,0.266339
9686,0.266108,0.263439,0.266278
9687,0.266052,0.263382,0.266223
9688,0.265975,0.263306,0.266147
9689,0.265891,0.263221,0.266063
9690,0.265831,0.26316,0.266003
9691,0.265745,0.263075,0.265918
9692,0.265685,0.263014,0.265859
9693,0.265628,0.262957,0.265802
9694,0.265596,0.262925,0.26577
9695,0.26552,0.262849,0.265695
9696,0.265468,0.262796,0.265643
9697,0.265377,0.262704,0.265551
9698,0.265292,0.262619,0.265466
9699,0.265249,0.262576,0.265424
9700,0.265208,0.262535,0.265382
9701,0.265121,0.262447,0.265295
9702,0.265086,0.262412,0.26526
9703,0.265021,0.262347,0.265195
9704,0.264983,0.262308,0.265157
9705,0.264953,0.262279,0.265128
9706,0.264893,0.262218,0.265068
9707,0.264811,0.262136,0.264986
9708,0.26475,0.262075,0.264926
9709,0.264682,0.262006,0.264858
9710,0.264631,0.261955,0.264807
9711,0.264543,0.261867,0.264719
9712,0.264454,0.261777,0.264629
9713,0.264369,0.261691,0.264544
9714,0.264314,0.261636,0.264488
9715,0.264236,0.261558,0.26441
9716,0.264195,0.261517,0.264368
9717,0.264162,0.261483,0.264334
9718,0.264142,0.261463,0.264314
9719,0.264078,0.261399,0.264249
9720,0.264009,0.26133,0.264181
9721,0.263948,0.261268,0.264119
9722,0.263898,0.261218,0.264069
9723,0.263835,0.261155,0.264006
9724,0.263772,0.261092,0.263942
9725,0.263703,0.261022,0.263872
9726,0.263652,0.260971,0.263821
9727,0.263619,0.260938,0.263788
9728,0.263595,0.260913,0.263763
9729,0.263569,0.260887,0.263738
9730,0.263524,0.260843,0.263693
9731,0.263439,0.260756,0.263608
9732,0.263351,0.260668,0.26352
9733,0.263297,0.260614,0.263466
9734,0.26322,0.260537,0.263389
9735,0.263178,0.260495,0.263346
9736,0.263142,0.260459,0.26331
9737,0.263103,0.260419,0.26327
9738,0.263031,0.260347,0.263199
9739,0.262982,0.260298,0.26315
9740,0.26292,0.260236,0.263088
9741,0.262865,0.26018,0.263033
9742,0.262827,0.260142,0.262994
9743,0.262749,0.260063,0.262916
9744,0.262693,0.260007,0.26286
9745,0.262649,0.259963,0.262816
9746,0.262621,0.259935,0.262788
9747,0.262546,0.25986,0.262713
9748,0.262515,0.259829,0.262683
9749,0.262469,0.259782,0.262637
9750,0.26244,0.259753,0.262608
9751,0.262376,0.259689,0.262545
9752,0.262355,0.259667,0.262524
9753,0.262272,0.259584,0.262442
9754,0.262232,0.259544,0.262403
9755,0.262146,0.259457,0.262317
9756,0.262083,0.259394,0.262254
9757,0.262026,0.259337,0.262198
9758,0.261949,0.259259,0.262121
9759,0.261863,0.259173,0.262035
9760,0.261776,0.259085,0.261948
9761,0.261698,0.259007,0.26187
9762,0.261666,0.258975,0.261837
9763,0.261613,0.258921,0.261784
9764,0.261557,0.258866,0.261728
9765,0.26152,0.258828,0.261691
9766,0.261494,0.258802,0.261665
9767,0.261437,0.258745,0.261608
9768,0.261359,0.258667,0.26153
9769,0.261305,0.258612,0.261476
9770,0.261284,0.258591,0.261456
9771,0.26126,0.258567,0.261431
9772,0.26119,0.258496,0.261362
9773,0.261137,0.258444,0.26131
9774,0.261061,0.258367,0.261234
9775,0.260992,0.258297,0.261165
9776,0.26094,0.258245,0.261114
9777,0.260891,0.258196,0.261065
9778,0.260849,0.258154,0.261023
9779,0.260768,0.258073,0.260943
9780,0.260686,0.25799,0.260861
9781,0.260611,0.257915,0.260786
9782,0.260592,0.257895,0.260767
9783,0.260509,0.257813,0.260685
9784,0.260446,0.257748,0.260621
9785,0.260383,0.257685,0.260558
9786,0.260308,0.25761,0.260484
9787,0.260256,0.257558,0.260431
9788,0.260177,0.257479,0.260352
9789,0.260111,0.257412,0.260286
9790,0.260063,0.257364,0.260237
9791,0.260003,0.257304,0.260177
9792,0.259923,0.257223,0.260096
9793,0.259886,0.257186,0.26006
9794,0.259835,0.257135,0.260008
9795,0.259784,0.257083,0.259957
9796,0.259761,0.257061,0.259934
9797,0.259707,0.257006,0.25988
9798,0.259627,0.256926,0.259799
9799,0.259578,0.256876,0.25975
9800,0.259554,0.256852,0.259726
9801,0.259473,0.256771,0.259645
9802,0.259452,0.25675,0.259625
9803,0.259418,0.256716,0.259591
9804,0.259332,0.256629,0.259506
9805,0.259256,0.256552,0.259429
9806,0.25918,0.256477,0.259354
9807,0.259123,0.25642,0.259297
9808,0.259041,0.256337,0.259215
9809,0.259002,0.256297,0.259175
9810,0.258933,0.256228,0.259106
9811,0.258855,0.25615,0.259028
9812,0.25881,0.256105,0.258982
9813,0.258778,0.256072,0.258949
9814,0.258744,0.256038,0.258916
9815,0.258681,0.255975,0.258853
9816,0.258596,0.255889,0.258767
9817,0.258513,0.255806,0.258684
9818,0.25846,0.255753,0.258631
9819,0.258403,0.255695,0.258572
9820,0.258361,0.255653,0.25853
9821,0.258311,0.255603,0.25848
9822,0.258235,0.255527,0.258404
9823,0.258163,0.255454,0.258331
9824,0.258109,0.255401,0.258276
9825,0.258069,0.25536,0.258236
9826,0.258035,0.255326,0.258201
9827,0.257953,0.255243,0.258118
9828,0.257916,0.255207,0.258081
9829,0.257889,0.255179,0.258053
9830,0.257835,0.255125,0.257999
9831,0.257791,0.255081,0.257955
9832,0.257754,0.255044,0.257918
9833,0.257733,0.255022,0.257896
9834,0.257644,0.254933,0.257808
9835,0.257599,0.254887,0.257762
9836,0.257511,0.254799,0.257674
9837,0.257421,0.254709,0.257584
9838,0.257389,0.254677,0.257551
9839,0.257347,0.254634,0.257508
9840,0.257315,0.254602,0.257475
9841,0.257287,0.254574,0.257447
9842,0.257241,0.254527,0.257401
9843,0.257164,0.25445,0.257324
9844,0.257128,0.254415,0.257288
9845,0.257085,0.254371,0.257244
9846,0.257054,0.25434,0.257214
9847,0.256995,0.254281,0.257154
9848,0.256956,0.254242,0.257116
9849,0.256906,0.254192,0.257066
9850,0.256843,0.254128,0.257002
9851,0.256779,0.254064,0.256939
9852,0.256726,0.254011,0.256886
9853,0.256689,0.253973,0.256848
9854,0.256669,0.253953,0.256828
9855,0.256614,0.253898,0.256773
9856,0.256543,0.253827,0.256703
9857,0.256521,0.253804,0.256681
9858,0.256494,0.253777,0.256654
9859,0.256418,0.253701,0.256579
9860,0.256363,0.253645,0.256524
9861,0.256304,0.253586,0.256465
9862,0.25627,0.253552,0.256431
9863,0.256215,0.253497,0.256377
9864,0.256183,0.253464,0.256345
9865,0.256094,0.253375,0.256257
9866,0.256058,0.253339,0.256221
9867,0.256002,0.253283,0.256166
9868,0.255957,0.253237,0.25612
9869,0.255924,0.253204,0.256088
9870,0.255833,0.253113,0.255997
9871,0.255749,0.253029,0.255914
9872,0.255666,0.252945,0.25583
9873,0.255635,0.252913,0.255799
9874,0.255591,0.25287,0.255756
9875,0.255514,0.252792,0.255678
9876,0.255433,0.252711,0.255597
9877,0.255348,0.252626,0.255511
9878,0.255328,0.252606,0.255491
9879,0.255302,0.25258,0.255465
9880,0.255269,0.252546,0.255432
9881,0.25525,0.252527,0.255412
9882,0.255186,0.252462,0.255348
9883,0.25513,0.252406,0.255293
9884,0.255072,0.252348,0.255235
9885,0.255011,0.252287,0.255173
9886,0.254962,0.252237,0.255124
9887,0.254902,0.252178,0.255065
9888,0.254827,0.252102,0.25499
9889,0.254808,0.252083,0.254971
9890,0.254772,0.252046,0.254934
9891,0.254753,0.252027,0.254915
9892,0.254684,0.251958,0.254847
9893,0.254614,0.251888,0.254777
9894,0.254587,0.251861,0.25475
9895,0.254534,0.251808,0.254698
9896,0.254497,0.25177,0.254661
9897,0.254461,0.251734,0.254625
9898,0.254398,0.25167,0.254563
9899,0.254353,0.251626,0.254519
9900,0.254312,0.251584,0.254478
9901,0.254287,0.251559,0.254454
9902,0.254257,0.251529,0.254426
9903,0.254172,0.251444,0.254341
9904,0.254101,0.251372,0.254271
9905,0.254064,0.251335,0.254235
9906,0.253976,0.251247,0.254148
9907,0.253889,0.251159,0.254061
9908,0.2538,0.25107,0.253973
9909,0.253742,0.251011,0.253915
9910,0.253653,0.250922,0.253826
9911,0.253612,0.25088,0.253785
9912,0.253582,0.250851,0.253756
9913,0.25351,0.250778,0.253684
9914,0.25343,0.250698,0.253604
9915,0.253381,0.250648,0.253554
9916,0.253346,0.250613,0.253519
9917,0.253254,0.25052,0.253427
9918,0.253184,0.250451,0.253358
9919,0.253149,0.250415,0.253322
9920,0.253125,0.250391,0.253298
9921,0.253074,0.25034,0.253248
9922,0.252998,0.250263,0.253172
9923,0.252926,0.250191,0.2531
9924,0.252877,0.250142,0.253051
9925,0.252856,0.250121,0.253031
9926,0.25278,0.250045,0.252955
9927,0.252723,0.249987,0.252898
9928,0.252693,0.249957,0.252868
9929,0.252618,0.249882,0.252794
9930,0.252534,0.249797,0.25271
9931,0.252455,0.249718,0.252631
9932,0.252429,0.249692,0.252605
9933,0.252366,0.249628,0.252541
9934,0.252278,0.24954,0.252454
9935,0.252239,0.249501,0.252415
9936,0.252216,0.249478,0.252392
9937,0.252187,0.249448,0.252363
9938,0.252133,0.249394,0.25231
9939,0.252052,0.249313,0.252229
9940,0.251996,0.249256,0.252173
9941,0.251973,0.249233,0.252151
9942,0.251922,0.249183,0.252101
9943,0.251846,0.249106,0.252026
9944,0.251754,0.249013,0.251934
9945,0.25171,0.248969,0.25189
9946,0.251671,0.248931,0.251852
9947,0.251619,0.248878,0.2518
9948,0.251568,0.248826,0.25175
9949,0.251498,0.248756,0.251681
9950,0.251419,0.248677,0.251602
9951,0.251327,0.248584,0.25151
9952,0.251237,0.248494,0.25142
9953,0.251213,0.24847,0.251396
9954,0.251171,0.248427,0.251354
9955,0.251112,0.248368,0.251296
9956,0.25103,0.248286,0.251214
9957,0.250939,0.248195,0.251124
9958,0.25086,0.248115,0.251044
9959,0.250774,0.248028,0.250957
9960,0.250692,0.247946,0.250875
9961,0.25064,0.247894,0.250823
9962,0.250588,0.247842,0.25077
9963,0.250561,0.247815,0.250742
9964,0.250535,0.247789,0.250716
9965,0.250473,0.247726,0.250653
9966,0.250402,0.247655,0.250583
9967,0.250312,0.247564,0.250492
9968,0.250281,0.247533,0.250461
9969,0.250224,0.247476,0.250403
9970,0.250201,0.247453,0.250381
9971,0.250144,0.247396,0.250324
9972,0.250056,0.247307,0.250235
9973,0.250017,0.247268,0.250196
9974,0.249953,0.247203,0.250131
9975,0.249917,0.247167,0.250096
9976,0.249865,0.247115,0.250043
9977,0.249797,0.247046,0.249976
9978,0.249708,0.246957,0.249887
9979,0.249617,0.246866,0.249795
9980,0.249547,0.246795,0.249725
9981,0.249527,0.246775,0.249704
9982,0.249468,0.246716,0.249645
9983,0.249402,0.24665,0.249578
9984,0.249367,0.246614,0.249542
9985,0.249324,0.246571,0.249499
9986,0.24925,0.246497,0.249425
9987,0.249212,0.246459,0.249387
9988,0.249133,0.246379,0.249307
9989,0.249092,0.246338,0.249265
9990,0.249,0.246246,0.249173
9991,0.248966,0.246212,0.249139
9992,0.248943,0.246188,0.249115
9993,0.248903,0.246148,0.249075
9994,0.248828,0.246073,0.248999
9995,0.248807,0.246052,0.248978
9996,0.248787,0.246031,0.248958
9997,0.248768,0.246012,0.248939
9998,0.248743,0.245988,0.248916
9999,0.248669,0.245913,0.248842
10000,0.248635,0.245879,0.248808
10001,0.248566,0.24581,0.24874
10002,0.248504,0.245748,0.248679
10003,0.248454,0.245697,0.248629
10004,0.248417,0.245659,0.248592
10005,0.248324,0.245566,0.2485
10006,0.248238,0.24548,0.248414
10007,0.248152,0.245393,0.248328
10008,0.248082,0.245323,0.248258
10009,0.248042,0.245283,0.248218
10010,0.248006,0.245247,0.248182
10011,0.247932,0.245172,0.248108
10012,0.247911,0.245151,0.248087
10013,0.247828,0.245068,0.248005
10014,0.247797,0.245037,0.247974
10015,0.247716,0.244955,0.247893
10016,0.247676,0.244915,0.247852
10017,0.247611,0.24485,0.247788
10018,0.247553,0.244792,0.24773
10019,0.247504,0.244743,0.247681
10020,0.247432,0.24467,0.247609
10021,0.247372,0.244609,0.247548
10022,0.247333,0.244571,0.24751
10023,0.24726,0.244497,0.247437
10024,0.247185,0.244421,0.247361
10025,0.247096,0.244332,0.247272
10026,0.24704,0.244276,0.247216
10027,0.246997,0.244233,0.247172
10028,0.246923,0.244158,0.247097
10029,0.246861,0.244096,0.247035
10030,0.246837,0.244072,0.24701
10031,0.246773,0.244008,0.246946
10032,0.246722,0.243956,0.246894
10033,0.246702,0.243936,0.246874
10034,0.246647,0.243881,0.246818
10035,0.246621,0.243854,0.246792
10036,0.246562,0.243796,0.246733
10037,0.246506,0.243739,0.246677
10038,0.246466,0.243699,0.246637
10039,0.246419,0.243652,0.246589
10040,0.246385,0.243617,0.246556
10041,0.246362,0.243594,0.246533
10042,0.246269,0.243501,0.246441
10043,0.246249,0.243481,0.24642
10044,0.246194,0.243425,0.246365
10045,0.246124,0.243355,0.246296
10046,0.246079,0.24331,0.246251
10047,0.246048,0.243279,0.246221
10048,0.245958,0.243188,0.246131
10049,0.245931,0.243161,0.246104
10050,0.245859,0.243089,0.246032
10051,0.245777,0.243007,0.245951
10052,0.245757,0.242986,0.24593
10053,0.245679,0.242908,0.245853
10054,0.245639,0.242868,0.245813
10055,0.2456,0.242829,0.245775
10056,0.245559,0.242788,0.245734
10057,0.245508,0.242736,0.245683
10058,0.24548,0.242708,0.245656
10059,0.245416,0.242644,0.245593
10060,0.245333,0.242561,0.24551
10061,0.245261,0.242488,0.245438
10062,0.24518,0.242407,0.245358
10063,0.245123,0.24235,0.245301
10064,0.24506,0.242286,0.245237
10065,0.244974,0.242199,0.245151
10066,0.244951,0.242176,0.245128
10067,0.244923,0.242148,0.245101
10068,0.244838,0.242063,0.245016
10069,0.244775,0.242,0.244953
10070,0.244713,0.241937,0.244891
10071,0.244656,0.24188,0.244834
10072,0.244611,0.241835,0.244788
10073,0.244524,0.241748,0.244702
10074,0.244473,0.241696,0.24465
10075,0.244454,0.241677,0.244631
10076,0.244432,0.241655,0.244609
10077,0.244396,0.241618,0.244573
10078,0.244345,0.241567,0.244523
10079,0.244304,0.241526,0.244482
10080,0.244223,0.241445,0.244402
10081,0.244183,0.241404,0.244362
10082,0.244159,0.241381,0.244339
10083,0.244106,0.241327,0.244286
10084,0.244017,0.241238,0.244198
10085,0.243945,0.241165,0.244127
10086,0.243854,0.241074,0.244036
10087,0.243794,0.241014,0.243976
10088,0.243716,0.240935,0.243898
10089,0.243661,0.24088,0.243843
10090,0.243618,0.240837,0.243801
10091,0.24354,0.240758,0.243722
10092,0.243489,0.240707,0.243671
10093,0.243439,0.240656,0.243621
10094,0.243416,0.240634,0.243599
10095,0.24333,0.240547,0.243512
10096,0.243256,0.240473,0.243439
10097,0.243207,0.240424,0.24339
10098,0.243139,0.240356,0.243322
10099,0.243093,0.240309,0.243276
10100,0.243035,0.240251,0.243218
10101,0.242972,0.240188,0.243155
10102,0.242913,0.240128,0.243096
10103,0.242882,0.240097,0.243065
10104,0.242801,0.240016,0.242984
10105,0.242718,0.239932,0.242901
10106,0.242653,0.239867,0.242836
10107,0.242588,0.239801,0.24277
10108,0.2425,0.239713,0.242682
10109,0.242476,0.239689,0.242658
10110,0.242417,0.23963,0.242598
10111,0.242382,0.239595,0.242563
10112,0.242326,0.239538,0.242507
10113,0.242301,0.239513,0.242482
10114,0.242261,0.239473,0.242442
10115,0.24223,0.239441,0.242411
10116,0.242149,0.239361,0.24233
10117,0.24211,0.239321,0.242291
10118,0.24208,0.239291,0.242262
10119,0.242027,0.239237,0.242209
10120,0.241946,0.239157,0.242129
10121,0.241889,0.239099,0.242072
10122,0.241799,0.239009,0.241983
10123,0.241768,0.238978,0.241952
10124,0.241725,0.238934,0.241909
10125,0.24164,0.238848,0.241824
10126,0.24155,0.238758,0.241734
10127,0.241503,0.238711,0.241687
10128,0.241453,0.238661,0.241637
10129,0.241406,0.238614,0.24159
10130,0.241324,0.238531,0.241508
10131,0.241252,0.238459,0.241436
10132,0.241232,0.238438,0.241416
10133,0.241148,0.238354,0.241332
10134,0.241109,0.238315,0.241293
10135,0.24106,0.238266,0.241244
10136,0.241005,0.238211,0.241189
10137,0.240921,0.238126,0.241105
10138,0.240857,0.238062,0.241041
10139,0.240825,0.23803,0.241009
10140,0.240798,0.238003,0.240983
10141,0.240741,0.237946,0.240926
10142,0.240664,0.237868,0.240849
10143,0.240608,0.237812,0.240793
10144,0.240557,0.237761,0.240742
10145,0.240482,0.237685,0.240667
10146,0.240408,0.237611,0.240593
10147,0.240328,0.23753,0.240513
10148,0.240265,0.237467,0.24045
10149,0.240206,0.237408,0.240391
10150,0.240127,0.237328,0.240311
10151,0.240074,0.237275,0.240258
10152,0.240039,0.23724,0.240223
10153,0.240017,0.237218,0.2402
10154,0.23998,0.237181,0.240163
10155,0.239914,0.237115,0.240098
10156,0.239878,0.237078,0.240062
10157,0.239816,0.237016,0.24
10158,0.239738,0.236937,0.239922
10159,0.239659,0.236858,0.239842
10160,0.239637,0.236836,0.239821
10161,0.239598,0.236797,0.239783
10162,0.239546,0.236744,0.23973
10163,0.239458,0.236656,0.239643
10164,0.239394,0.236591,0.239578
10165,0.239347,0.236545,0.239532
10166,0.239307,0.236504,0.239492
10167,0.239242,0.236439,0.239427
10168,0.239208,0.236405,0.239393
10169,0.239122,0.236319,0.239308
10170,0.239075,0.236271,0.239261
10171,0.238987,0.236182,0.239172
10172,0.238907,0.236102,0.239093
10173,0.238879,0.236074,0.239065
10174,0.238811,0.236005,0.238996
10175,0.238724,0.235919,0.238909
10176,0.238649,0.235843,0.238834
10177,0.238619,0.235813,0.238803
10178,0.238597,0.235791,0.238782
10179,0.238532,0.235725,0.238716
10180,0.238485,0.235678,0.238669
10181,0.238427,0.23562,0.238611
10182,0.238378,0.235571,0.238563
10183,0.238288,0.23548,0.238472
10184,0.23826,0.235452,0.238444
10185,0.238181,0.235373,0.238365
10186,0.23812,0.235311,0.238303
10187,0.238044,0.235235,0.238228
10188,0.237965,0.235156,0.238149
10189,0.237919,0.235109,0.238102
10190,0.237885,0.235075,0.238067
10191,0.237864,0.235054,0.238047
10192,0.237816,0.235006,0.237998
10193,0.237734,0.234924,0.237916
10194,0.237707,0.234896,0.237889
10195,0.237682,0.234871,0.237864
10196,0.237621,0.23481,0.237804
10197,0.237601,0.23479,0.237784
10198,0.237514,0.234702,0.237698
10199,0.237463,0.234651,0.237647
10200,0.237374,0.234561,0.237558
10201,0.237293,0.23448,0.237477
10202,0.237247,0.234434,0.237431
10203,0.237165,0.234351,0.237348
10204,0.237085,0.234271,0.237268
10205,0.236999,0.234185,0.237182
10206,0.236975,0.23416,0.237157
10207,0.236955,0.234141,0.237137
10208,0.236889,0.234075,0.237071
10209,0.236867,0.234052,0.237049
10210,0.236844,0.234029,0.237026
10211,0.236807,0.233991,0.236989
10212,0.236759,0.233943,0.236942
10213,0.236689,0.233874,0.236873
10214,0.236628,0.233812,0.236811
10215,0.236558,0.233741,0.236742
10216,0.236531,0.233714,0.236715
10217,0.236488,0.233671,0.236673
10218,0.23643,0.233613,0.236615
10219,0.23635,0.233532,0.236536
10220,0.236284,0.233466,0.23647
10221,0.236203,0.233385,0.236389
10222,0.23613,0.233312,0.236317
10223,0.236098,0.23328,0.236285
10224,0.236056,0.233237,0.236242
10225,0.235987,0.233168,0.236174
10226,0.235938,0.233118,0.236125
10227,0.235872,0.233052,0.236059
10228,0.235781,0.232961,0.235968
10229,0.235729,0.232908,0.235916
10230,0.235649,0.232828,0.235836
10231,0.235584,0.232762,0.23577
10232,0.235501,0.232679,0.235688
10233,0.235458,0.232636,0.235644
10234,0.235429,0.232606,0.235614
10235,0.235379,0.232556,0.235564
10236,0.235339,0.232517,0.235525
10237,0.235312,0.23249,0.235498
10238,0.235229,0.232406,0.235415
10239,0.235199,0.232375,0.235385
10240,0.235179,0.232356,0.235366
10241,0.235087,0.232263,0.235274
10242,0.235014,0.232189,0.235201
10243,0.234931,0.232106,0.235118
10244,0.23489,0.232066,0.235077
10245,0.234816,0.231991,0.235003
10246,0.234737,0.231912,0.234924
10247,0.234698,0.231872,0.234884
10248,0.234634,0.231807,0.23482
10249,0.234599,0.231773,0.234786
10250,0.234519,0.231692,0.234705
10251,0.23443,0.231603,0.234616
10252,0.234406,0.231578,0.234591
10253,0.234349,0.231521,0.234534
10254,0.234259,0.231431,0.234444
10255,0.234229,0.231401,0.234413
10256,0.234155,0.231326,0.234338
10257,0.234109,0.23128,0.234292
10258,0.234073,0.231244,0.234256
10259,0.233996,0.231167,0.234179
10260,0.233937,0.231107,0.234119
10261,0.2339,0.23107,0.234082
10262,0.233823,0.230993,0.234004
10263,0.233799,0.230969,0.23398
10264,0.233738,0.230907,0.233919
10265,0.233668,0.230837,0.233848
10266,0.233649,0.230818,0.233829
10267,0.233579,0.230747,0.233758
10268,0.233496,0.230665,0.233675
10269,0.233434,0.230602,0.233612
10270,0.233405,0.230573,0.233583
10271,0.233375,0.230542,0.233552
10272,0.233337,0.230504,0.233514
10273,0.23331,0.230477,0.233486
10274,0.233267,0.230434,0.233444
10275,0.233228,0.230394,0.233404
10276,0.23318,0.230347,0.233357
10277,0.23314,0.230306,0.233317
10278,0.233047,0.230213,0.233224
10279,0.233025,0.230191,0.233203
10280,0.232942,0.230108,0.23312
10281,0.232915,0.23008,0.233092
10282,0.23283,0.229995,0.233008
10283,0.232792,0.229956,0.232969
10284,0.232752,0.229916,0.232929
10285,0.232693,0.229858,0.232871
10286,0.232675,0.229839,0.232853
10287,0.232589,0.229753,0.232767
10288,0.232518,0.229681,0.232696
10289,0.232492,0.229655,0.23267
10290,0.232471,0.229634,0.23265
10291,0.232439,0.229602,0.232618
10292,0.232393,0.229555,0.232572
10293,0.232326,0.229488,0.232506
10294,0.232271,0.229433,0.232452
10295,0.23223,0.229391,0.232411
10296,0.232165,0.229326,0.232347
10297,0.232092,0.229254,0.232275
10298,0.232054,0.229215,0.232237
10299,0.232029,0.22919,0.232213
10300,0.231945,0.229105,0.232129
10301,0.231894,0.229054,0.232079
10302,0.23187,0.22903,0.232056
10303,0.231778,0.228937,0.231964
10304,0.231697,0.228856,0.231884
10305,0.231648,0.228807,0.231836
10306,0.231573,0.228731,0.23176
10307,0.231503,0.228661,0.231691
10308,0.231484,0.228642,0.231672
10309,0.231418,0.228576,0.231607
10310,0.231339,0.228496,0.231528
10311,0.231281,0.228438,0.23147
10312,0.2312,0.228356,0.231389
10313,0.231157,0.228313,0.231346
10314,0.231109,0.228265,0.231299
10315,0.231038,0.228194,0.231228
10316,0.230947,0.228103,0.231137
10317,0.230884,0.228039,0.231073
10318,0.230815,0.22797,0.231004
10319,0.230759,0.227913,0.230948
10320,0.23072,0.227874,0.230909
10321,0.230689,0.227843,0.230877
10322,0.230618,0.227772,0.230806
10323,0.230561,0.227715,0.23075
10324,0.230471,0.227624,0.230659
10325,0.230433,0.227586,0.230621
10326,0.230399,0.227552,0.230587
10327,0.230369,0.227521,0.230556
10328,0.230322,0.227474,0.230509
10329,0.230281,0.227433,0.230469
10330,0.230222,0.227374,0.23041
10331,0.23013,0.227281,0.230318
10332,0.230044,0.227194,0.230231
10333,0.22998,0.22713,0.230167
10334,0.229895,0.227045,0.230082
10335,0.229807,0.226956,0.229993
10336,0.229723,0.226872,0.229908
10337,0.229636,0.226785,0.22982
10338,0.229611,0.226759,0.229794
10339,0.229569,0.226718,0.229751
10340,0.229543,0.226691,0.229724
10341,0.229512,0.22666,0.229692
10342,0.229489,0.226637,0.229669
10343,0.229466,0.226614,0.229646
10344,0.229423,0.226571,0.229603
10345,0.229373,0.22652,0.229552
10346,0.229283,0.22643,0.229462
10347,0.229232,0.226379,0.229411
10348,0.229206,0.226353,0.229385
10349,0.229147,0.226293,0.229326
10350,0.229127,0.226273,0.229306
10351,0.229059,0.226205,0.229238
10352,0.229003,0.226148,0.229181
10353,0.228959,0.226104,0.229137
10354,0.228893,0.226038,0.229072
10355,0.228862,0.226007,0.22904
10356,0.228798,0.225942,0.228976
10357,0.228741,0.225886,0.22892
10358,0.228695,0.225839,0.228874
10359,0.228656,0.2258,0.228835
10360,0.228637,0.225781,0.228816
10361,0.228558,0.225702,0.228737
10362,0.228522,0.225666,0.228702
10363,0.228498,0.225641,0.228678
10364,0.228476,0.225619,0.228656
10365,0.228434,0.225577,0.228615
10366,0.228356,0.225499,0.228538
10367,0.228294,0.225436,0.228476
10368,0.228259,0.225401,0.228442
10369,0.228183,0.225325,0.228367
10370,0.22811,0.225251,0.228294
10371,0.22802,0.225161,0.228204
10372,0.22797,0.225111,0.228155
10373,0.227893,0.225033,0.228078
10374,0.227865,0.225005,0.228049
10375,0.227825,0.224965,0.22801
10376,0.227794,0.224934,0.227979
10377,0.227712,0.224852,0.227898
10378,0.227646,0.224785,0.227832
10379,0.227614,0.224753,0.2278
10380,0.22759,0.224728,0.227776
10381,0.227509,0.224648,0.227696
10382,0.227458,0.224596,0.227645
10383,0.227373,0.22451,0.22756
10384,0.227316,0.224453,0.227504
10385,0.227239,0.224376,0.227427
10386,0.227148,0.224285,0.227336
10387,0.227085,0.224221,0.227272
10388,0.227041,0.224176,0.227228
10389,0.226978,0.224113,0.227165
10390,0.226951,0.224086,0.227138
10391,0.226867,0.224002,0.227054
10392,0.226812,0.223946,0.226997
10393,0.226769,0.223903,0.226955
10394,0.226738,0.223872,0.226923
10395,0.226649,0.223783,0.226834
10396,0.226596,0.22373,0.226781
10397,0.226567,0.2237,0.226751
10398,0.226535,0.223669,0.22672
10399,0.226505,0.223638,0.226689
10400,0.22645,0.223583,0.226635
10401,0.226403,0.223536,0.226588
10402,0.226347,0.223479,0.226532
10403,0.226314,0.223446,0.2265
10404,0.226245,0.223376,0.226431
10405,0.226158,0.22329,0.226344
10406,0.226094,0.223225,0.22628
10407,0.226021,0.223152,0.226207
10408,0.225999,0.22313,0.226185
10409,0.225926,0.223056,0.226111
10410,0.225879,0.223009,0.226064
10411,0.225854,0.222984,0.226039
10412,0.225786,0.222916,0.225972
10413,0.225719,0.222848,0.225905
10414,0.225654,0.222783,0.225839
10415,0.225604,0.222732,0.225789
10416,0.225549,0.222678,0.225735
10417,0.225491,0.222619,0.225676
10418,0.22545,0.222578,0.225635
10419,0.225395,0.222523,0.22558
10420,0.225322,0.222449,0.225507
10421,0.225272,0.222399,0.225457
10422,0.225244,0.222371,0.225429
10423,0.225161,0.222288,0.225346
10424,0.225081,0.222208,0.225266
10425,0.225021,0.222147,0.225205
10426,0.224993,0.222119,0.225177
10427,0.224927,0.222052,0.22511
10428,0.224872,0.221997,0.225055
10429,0.224823,0.221948,0.225005
10430,0.224778,0.221902,0.224959
10431,0.224734,0.221858,0.224916
10432,0.22471,0.221835,0.224892
10433,0.224644,0.221768,0.224825
10434,0.224594,0.221718,0.224775
10435,0.224551,0.221675,0.224732
10436,0.224528,0.221651,0.224709
10437,0.224478,0.221601,0.224659
10438,0.22444,0.221563,0.224622
10439,0.224349,0.221472,0.224531
10440,0.224261,0.221383,0.224442
10441,0.224206,0.221328,0.224388
10442,0.224176,0.221297,0.224357
10443,0.224155,0.221276,0.224336
10444,0.224102,0.221223,0.224283
10445,0.224034,0.221155,0.224215
10446,0.224015,0.221136,0.224197
10447,0.223939,0.221059,0.22412
10448,0.223877,0.220997,0.224059
10449,0.223805,0.220925,0.223987
10450,0.223745,0.220865,0.223927
10451,0.223668,0.220787,0.22385
10452,0.223636,0.220754,0.223816
10453,0.223609,0.220728,0.22379
10454,0.223537,0.220655,0.223717
10455,0.223506,0.220624,0.223687
10456,0.223486,0.220605,0.223667
10457,0.22344,0.220558,0.223621
10458,0.223415,0.220533,0.223597
10459,0.223375,0.220492,0.223557
10460,0.223338,0.220456,0.223521
10461,0.223315,0.220432,0.223498
10462,0.223236,0.220353,0.22342
10463,0.223209,0.220325,0.223393
10464,0.223133,0.220249,0.223319
10465,0.223114,0.22023,0.223301
10466,0.223039,0.220155,0.223227
10467,0.222963,0.220079,0.223152
10468,0.222892,0.220007,0.223081
10469,0.222819,0.219934,0.223009
10470,0.222751,0.219866,0.222942
10471,0.222692,0.219806,0.222882
10472,0.222649,0.219763,0.22284
10473,0.222585,0.219699,0.222776
10474,0.222499,0.219612,0.22269
10475,0.222439,0.219552,0.222631
10476,0.222388,0.219501,0.22258
10477,0.222313,0.219425,0.222505
10478,0.222293,0.219406,0.222486
10479,0.222211,0.219323,0.222404
10480,0.222138,0.21925,0.222331
10481,0.2221,0.219211,0.222293
10482,0.222032,0.219143,0.222225
10483,0.22197,0.21908,0.222163
10484,0.221941,0.219051,0.222134
10485,0.221866,0.218976,0.222059
10486,0.221778,0.218887,0.221971
10487,0.221689,0.218798,0.221882
10488,0.221654,0.218763,0.221846
10489,0.221574,0.218682,0.221766
10490,0.221542,0.21865,0.221733
10491,0.221495,0.218603,0.221687
10492,0.221416,0.218524,0.221607
10493,0.221366,0.218473,0.221557
10494,0.221298,0.218405,0.221489
10495,0.221275,0.218382,0.221465
10496,0.221186,0.218293,0.221376
10497,0.221165,0.218271,0.221354
10498,0.22113,0.218236,0.221319
10499,0.221047,0.218153,0.221236
10500,0.220991,0.218097,0.22118
10501,0.220972,0.218078,0.221161
10502,0.220897,0.218002,0.221086
10503,0.220843,0.217948,0.221031
10504,0.220803,0.217908,0.220991
10505,0.220752,0.217857,0.22094
10506,0.220682,0.217786,0.22087
10507,0.220595,0.217699,0.220782
10508,0.22055,0.217653,0.220736
10509,0.220492,0.217595,0.220679
10510,0.220448,0.217551,0.220634
10511,0.220385,0.217488,0.220571
10512,0.220361,0.217464,0.220546
10513,0.2203,0.217403,0.220485
10514,0.220228,0.21733,0.220413
10515,0.220201,0.217302,0.220385
10516,0.220163,0.217264,0.220347
10517,0.220077,0.217178,0.22026
10518,0.220047,0.217148,0.22023
10519,0.219996,0.217097,0.220179
10520,0.219929,0.21703,0.220112
10521,0.219859,0.216959,0.220041
10522,0.219774,0.216874,0.219955
10523,0.219741,0.216841,0.219922
10524,0.219707,0.216807,0.219888
10525,0.219679,0.216778,0.219859
10526,0.219652,0.216751,0.219831
10527,0.219627,0.216726,0.219806
10528,0.219601,0.2167,0.21978
10529,0.219532,0.21663,0.219712
10530,0.219454,0.216552,0.219634
10531,0.219393,0.216491,0.219573
10532,0.219358,0.216455,0.219537
10533,0.219324,0.216421,0.219503
10534,0.219298,0.216395,0.219478
10535,0.219273,0.21637,0.219453
10536,0.219195,0.216292,0.219375
10537,0.219171,0.216267,0.219351
10538,0.219123,0.216219,0.219303
10539,0.219031,0.216127,0.219212
10540,0.218998,0.216094,0.219179
10541,0.218941,0.216037,0.219122
10542,0.218853,0.215948,0.219034
10543,0.218831,0.215926,0.219012
10544,0.218784,0.215879,0.218966
10545,0.218704,0.215798,0.218885
10546,0.218628,0.215722,0.218809
10547,0.218586,0.21568,0.218767
10548,0.218547,0.21564,0.218728
10549,0.218502,0.215595,0.218683
10550,0.218446,0.215539,0.218627
10551,0.218357,0.215449,0.218538
10552,0.218327,0.215419,0.218507
10553,0.218269,0.215361,0.21845
10554,0.21825,0.215342,0.21843
10555,0.218205,0.215297,0.218385
10556,0.218128,0.215219,0.218308
10557,0.218086,0.215177,0.218266
10558,0.218065,0.215156,0.218245
10559,0.218033,0.215123,0.218213
10560,0.217984,0.215075,0.218165
10561,0.217952,0.215042,0.218133
10562,0.217923,0.215013,0.218104
10563,0.217895,0.214985,0.218077
10564,0.217821,0.214911,0.218004
10565,0.217752,0.214842,0.217936
10566,0.217664,0.214753,0.217848
10567,0.217637,0.214726,0.217821
10568,0.217556,0.214644,0.21774
10569,0.21748,0.214568,0.217664
10570,0.217453,0.21454,0.217637
10571,0.217414,0.214502,0.217599
10572,0.21736,0.214447,0.217545
10573,0.217311,0.214398,0.217496
10574,0.217247,0.214334,0.217433
10575,0.217223,0.21431,0.217409
10576,0.21719,0.214277,0.217377
10577,0.217171,0.214258,0.217358
10578,0.217096,0.214182,0.217284
10579,0.217067,0.214153,0.217256
10580,0.217034,0.214119,0.217224
10581,0.216987,0.214073,0.217179
10582,0.216903,0.213988,0.217095
10583,0.216812,0.213897,0.217005
10584,0.21674,0.213824,0.216933
10585,0.216652,0.213736,0.216845
10586,0.216605,0.213688,0.216799
10587,0.216514,0.213597,0.216708
10588,0.216485,0.213568,0.216679
10589,0.216444,0.213527,0.216639
10590,0.21639,0.213473,0.216586
10591,0.216352,0.213434,0.216548
10592,0.216262,0.213344,0.216459
10593,0.216198,0.213279,0.216395
10594,0.216136,0.213217,0.216333
10595,0.216058,0.213139,0.216255
10596,0.216011,0.213092,0.216208
10597,0.215963,0.213043,0.216161
10598,0.215922,0.213003,0.21612
10599,0.215852,0.212932,0.21605
10600,0.215811,0.21289,0.216009
10601,0.21574,0.212819,0.215939
10602,0.21568,0.21276,0.21588
10603,0.21559,0.212668,0.215789
10604,0.215569,0.212647,0.215768
10605,0.215493,0.212571,0.215692
10606,0.215406,0.212484,0.215606
10607,0.215351,0.212428,0.21555
10608,0.215312,0.212389,0.215511
10609,0.215263,0.21234,0.215462
10610,0.215194,0.212271,0.215394
10611,0.215141,0.212217,0.215341
10612,0.215059,0.212135,0.215259
10613,0.21502,0.212096,0.215219
10614,0.214949,0.212024,0.215148
10615,0.214878,0.211953,0.215077
10616,0.21482,0.211895,0.215019
10617,0.2148,0.211875,0.214999
10618,0.214748,0.211823,0.214947
10619,0.214717,0.211791,0.214916
10620,0.214645,0.211719,0.214844
10621,0.214599,0.211672,0.214798
10622,0.214525,0.211598,0.214724
10623,0.214505,0.211578,0.214705
10624,0.214443,0.211516,0.214643
10625,0.214406,0.211478,0.214606
10626,0.214336,0.211408,0.214536
10627,0.214285,0.211357,0.214486
10628,0.214247,0.211319,0.214448
10629,0.214204,0.211276,0.214406
10630,0.214115,0.211186,0.214317
10631,0.214024,0.211094,0.214227
10632,0.213942,0.211012,0.214145
10633,0.213877,0.210947,0.21408
10634,0.213835,0.210905,0.214038
10635,0.213756,0.210826,0.213959
10636,0.213715,0.210784,0.213918
10637,0.213695,0.210765,0.213899
10638,0.213635,0.210703,0.213838
10639,0.213611,0.21068,0.213815
10640,0.213521,0.210589,0.213725
10641,0.21346,0.210528,0.213664
10642,0.213405,0.210472,0.213609
10643,0.213359,0.210427,0.213564
10644,0.213291,0.210358,0.213497
10645,0.213207,0.210274,0.213412
10646,0.213118,0.210184,0.213324
10647,0.213077,0.210143,0.213283
10648,0.212987,0.210052,0.213192
10649,0.212948,0.210013,0.213153
10650,0.212862,0.209927,0.213067
10651,0.212803,0.209868,0.213008
10652,0.212751,0.209815,0.212955
10653,0.212699,0.209763,0.212903
10654,0.212634,0.209698,0.212838
10655,0.212603,0.209666,0.212806
10656,0.21255,0.209614,0.212754
10657,0.212522,0.209586,0.212726
10658,0.21243,0.209493,0.212634
10659,0.212348,0.209411,0.212551
10660,0.21226,0.209322,0.212462
10661,0.212186,0.209247,0.212388
10662,0.21215,0.209212,0.212352
10663,0.212122,0.209184,0.212323
10664,0.212039,0.2091,0.21224
10665,0.211981,0.209041,0.212181
10666,0.211896,0.208956,0.212095
10667,0.21183,0.20889,0.212028
10668,0.211787,0.208847,0.211985
10669,0.211759,0.208819,0.211956
10670,0.211718,0.208777,0.211914
10671,0.211673,0.208732,0.211869
10672,0.21162,0.208678,0.211815
10673,0.211537,0.208595,0.211732
10674,0.211498,0.208556,0.211692
10675,0.211459,0.208517,0.211652
10676,0.211397,0.208454,0.21159
10677,0.211354,0.208412,0.211547
10678,0.211307,0.208364,0.211499
10679,0.21127,0.208327,0.211461
10680,0.211244,0.208301,0.211435
10681,0.211197,0.208254,0.211388
10682,0.211131,0.208188,0.211322
10683,0.211057,0.208113,0.211247
10684,0.210982,0.208038,0.211172
10685,0.210941,0.207996,0.21113
10686,0.210902,0.207957,0.211091
10687,0.210835,0.20789,0.211024
10688,0.210766,0.20782,0.210954
10689,0.210746,0.207801,0.210934
10690,0.210692,0.207747,0.21088
10691,0.21067,0.207724,0.210857
10692,0.210593,0.207647,0.21078
10693,0.210574,0.207628,0.21076
10694,0.210506,0.207559,0.210692
10695,0.210454,0.207507,0.21064
10696,0.21043,0.207483,0.210615
10697,0.210389,0.207442,0.210575
10698,0.210328,0.20738,0.210513
10699,0.210268,0.20732,0.210453
10700,0.210235,0.207287,0.21042
10701,0.210169,0.207221,0.210354
10702,0.210135,0.207187,0.21032
10703,0.210066,0.207117,0.21025
10704,0.210038,0.207089,0.210222
10705,0.209988,0.207039,0.210172
10706,0.209964,0.207014,0.210148
10707,0.209932,0.206983,0.210117
10708,0.209873,0.206923,0.210058
10709,0.209785,0.206835,0.20997
10710,0.209751,0.206801,0.209936
10711,0.209663,0.206712,0.209847
10712,0.209643,0.206692,0.209827
10713,0.209583,0.206631,0.209767
10714,0.209521,0.20657,0.209706
10715,0.209499,0.206548,0.209684
10716,0.209434,0.206482,0.209619
10717,0.209394,0.206441,0.209578
10718,0.209341,0.206388,0.209525
10719,0.209292,0.206339,0.209476
10720,0.209231,0.206278,0.209416
10721,0.209154,0.206201,0.209338
10722,0.209113,0.206159,0.209297
10723,0.20908,0.206126,0.209263
10724,0.209034,0.206079,0.209217
10725,0.208959,0.206005,0.209143
10726,0.208917,0.205963,0.209101
10727,0.208866,0.205911,0.20905
10728,0.208801,0.205846,0.208984
10729,0.20877,0.205815,0.208953
10730,0.208747,0.205791,0.20893
10731,0.208668,0.205712,0.208851
10732,0.208639,0.205683,0.208822
10733,0.208609,0.205653,0.208792
10734,0.20857,0.205614,0.208753
10735,0.208521,0.205564,0.208704
10736,0.208431,0.205474,0.208614
10737,0.208409,0.205451,0.208592
10738,0.208382,0.205425,0.208566
10739,0.208356,0.205399,0.20854
10740,0.208319,0.205362,0.208504
10741,0.208255,0.205297,0.20844
10742,0.208178,0.20522,0.208364
10743,0.208152,0.205193,0.208338
10744,0.208102,0.205143,0.208288
10745,0.208018,0.205059,0.208204
10746,0.207993,0.205033,0.20818
10747,0.207923,0.204964,0.208111
10748,0.207852,0.204891,0.208039
10749,0.207831,0.20487,0.208018
10750,0.207795,0.204835,0.207984
10751,0.207726,0.204765,0.207914
10752,0.207678,0.204717,0.207867
10753,0.207606,0.204645,0.207796
10754,0.207578,0.204617,0.207768
10755,0.207526,0.204565,0.207717
10756,0.207436,0.204474,0.207626
10757,0.207349,0.204387,0.20754
10758,0.207272,0.204309,0.207463
10759,0.20723,0.204266,0.20742
10760,0.207201,0.204238,0.207392
10761,0.207168,0.204204,0.207358
10762,0.207132,0.204168,0.207323
10763,0.20709,0.204127,0.207282
10764,0.207026,0.204061,0.207217
10765,0.206953,0.203988,0.207145
10766,0.206926,0.203962,0.207118
10767,0.206903,0.203938,0.207096
10768,0.206852,0.203887,0.207045
10769,0.206785,0.20382,0.206979
10770,0.206726,0.20376,0.20692
10771,0.206703,0.203737,0.206898
10772,0.206667,0.203701,0.206862
10773,0.206579,0.203612,0.206774
10774,0.206492,0.203525,0.206689
10775,0.206422,0.203455,0.206619
10776,0.20633,0.203363,0.206527
10777,0.206299,0.203332,0.206496
10778,0.206247,0.203279,0.206444
10779,0.206214,0.203246,0.206411
10780,0.206138,0.203169,0.206335
10781,0.206055,0.203086,0.206252
10782,0.205988,0.203019,0.206185
10783,0.205935,0.202966,0.206132
10784,0.205882,0.202912,0.206079
10785,0.205815,0.202844,0.206011
10786,0.205737,0.202766,0.205932
10787,0.205718,0.202747,0.205913
10788,0.205642,0.202671,0.205837
10789,0.20557,0.202599,0.205765
10790,0.205519,0.202547,0.205713
10791,0.205433,0.202461,0.205627
10792,0.205392,0.20242,0.205585
10793,0.205368,0.202395,0.20556
10794,0.205316,0.202343,0.205508
10795,0.205245,0.202272,0.205436
10796,0.205223,0.20225,0.205414
10797,0.205168,0.202195,0.205359
10798,0.205082,0.202108,0.205272
10799,0.205058,0.202084,0.205247
10800,0.204993,0.202018,0.205181
10801,0.204943,0.201969,0.205131
10802,0.204894,0.201919,0.205081
10803,0.204851,0.201876,0.205038
10804,0.204821,0.201846,0.205007
10805,0.204755,0.20178,0.204941
10806,0.204727,0.201751,0.204913
10807,0.204706,0.201731,0.204891
10808,0.204681,0.201705,0.204866
10809,0.204656,0.20168,0.204841
10810,0.204628,0.201652,0.204814
10811,0.204606,0.20163,0.204792
10812,0.20455,0.201574,0.204737
10813,0.204486,0.201509,0.204672
10814,0.204425,0.201448,0.204612
10815,0.204337,0.201359,0.204524
10816,0.204305,0.201328,0.204492
10817,0.204266,0.201288,0.204453
10818,0.204228,0.20125,0.204416
10819,0.204165,0.201187,0.204353
10820,0.204075,0.201096,0.204263
10821,0.204048,0.201069,0.204236
10822,0.204024,0.201045,0.204212
10823,0.203932,0.200952,0.20412
10824,0.203853,0.200873,0.204041
10825,0.203823,0.200843,0.204011
10826,0.203774,0.200794,0.203962
10827,0.203754,0.200774,0.203942
10828,0.203695,0.200714,0.203883
10829,0.203664,0.200683,0.203852
10830,0.20364,0.200659,0.203828
10831,0.203562,0.200581,0.203751
10832,0.203542,0.20056,0.20373
10833,0.203501,0.200519,0.20369
10834,0.203409,0.200427,0.203599
10835,0.203385,0.200403,0.203575
10836,0.203335,0.200352,0.203525
10837,0.203262,0.200279,0.203453
10838,0.203198,0.200215,0.203389
10839,0.203176,0.200192,0.203367
10840,0.203091,0.200107,0.203282
10841,0.203062,0.200078,0.203253
10842,0.202995,0.200011,0.203187
10843,0.20296,0.199976,0.203152
10844,0.202896,0.199911,0.203088
10845,0.202872,0.199887,0.203065
10846,0.202784,0.199799,0.202977
10847,0.20272,0.199734,0.202913
10848,0.202667,0.199681,0.202861
10849,0.202621,0.199635,0.202814
10850,0.202532,0.199545,0.202725
10851,0.202472,0.199485,0.202665
10852,0.202427,0.199439,0.202619
10853,0.202393,0.199406,0.202586
10854,0.202346,0.199358,0.202539
10855,0.202294,0.199306,0.202487
10856,0.202275,0.199287,0.202468
10857,0.202214,0.199226,0.202407
10858,0.202195,0.199206,0.202388
10859,0.202148,0.199159,0.202342
10860,0.202071,0.199082,0.202265
10861,0.202017,0.199028,0.202212
10862,0.201933,0.198944,0.202128
10863,0.201893,0.198904,0.202088
10864,0.201865,0.198875,0.20206
10865,0.201839,0.198849,0.202034
10866,0.201787,0.198796,0.201982
10867,0.201699,0.198708,0.201895
10868,0.201631,0.19864,0.201827
10869,0.201578,0.198586,0.201774
10870,0.201553,0.198561,0.201749
10871,0.201485,0.198493,0.201682
10872,0.201427,0.198435,0.201623
10873,0.201401,0.198409,0.201598
10874,0.20132,0.198328,0.201518
10875,0.201269,0.198276,0.201466
10876,0.201242,0.198249,0.201439
10877,0.201181,0.198187,0.201379
10878,0.201157,0.198164,0.201355
10879,0.201128,0.198134,0.201326
10880,0.201036,0.198042,0.201235
10881,0.201017,0.198023,0.201217
10882,0.200957,0.197962,0.201157
10883,0.200892,0.197898,0.201094
10884,0.200872,0.197878,0.201074
10885,0.200788,0.197793,0.200991
10886,0.200703,0.197707,0.200906
10887,0.200641,0.197645,0.200844
10888,0.200603,0.197607,0.200807
10889,0.200547,0.197551,0.200752
10890,0.200471,0.197474,0.200676
10891,0.200447,0.19745,0.200652
10892,0.200359,0.197361,0.200564
10893,0.200311,0.197313,0.200516
10894,0.200286,0.197288,0.200493
10895,0.200249,0.197251,0.200456
10896,0.200215,0.197217,0.200423
10897,0.200148,0.197149,0.200356
10898,0.20009,0.197091,0.2003
10899,0.20001,0.197011,0.20022
10900,0.199926,0.196926,0.200137
10901,0.199834,0.196834,0.200045
10902,0.199794,0.196794,0.200006
10903,0.199736,0.196735,0.199948
10904,0.199651,0.19665,0.199864
10905,0.199567,0.196565,0.199779
10906,0.199489,0.196487,0.199701
10907,0.199417,0.196414,0.199629
10908,0.199357,0.196354,0.199569
10909,0.199306,0.196303,0.199518
10910,0.199283,0.19628,0.199494
10911,0.199239,0.196236,0.199451
10912,0.199174,0.19617,0.199385
10913,0.199084,0.19608,0.199295
10914,0.199035,0.196031,0.199246
10915,0.198947,0.195943,0.199159
10916,0.198922,0.195917,0.199133
10917,0.19887,0.195865,0.199081
10918,0.198786,0.195781,0.198997
10919,0.19875,0.195744,0.19896
10920,0.198707,0.195701,0.198917
10921,0.198655,0.195649,0.198865
10922,0.19861,0.195604,0.19882
10923,0.198543,0.195536,0.198753
10924,0.198453,0.195446,0.198663
10925,0.198431,0.195424,0.198641
10926,0.198392,0.195385,0.198602
10927,0.198315,0.195307,0.198525
10928,0.198262,0.195254,0.198472
10929,0.198195,0.195187,0.198405
10930,0.198108,0.195099,0.198317
10931,0.198076,0.195067,0.198285
10932,0.198034,0.195025,0.198243
10933,0.197985,0.194976,0.198194
10934,0.197908,0.194899,0.198117
10935,0.19787,0.19486,0.198079
10936,0.197795,0.194785,0.198004
10937,0.197757,0.194747,0.197966
10938,0.197727,0.194716,0.197935
10939,0.197702,0.194691,0.19791
10940,0.197674,0.194664,0.197883
10941,0.19759,0.194578,0.197799
10942,0.19755,0.194538,0.197759
10943,0.197477,0.194465,0.197686
10944,0.197423,0.194411,0.197633
10945,0.197346,0.194333,0.197555
10946,0.197317,0.194304,0.197527
10947,0.197269,0.194256,0.197479
10948,0.197208,0.194195,0.197419
10949,0.197157,0.194143,0.197367
10950,0.197079,0.194065,0.19729
10951,0.197027,0.194012,0.197238
10952,0.196971,0.193957,0.197182
10953,0.196899,0.193884,0.19711
10954,0.196833,0.193818,0.197045
10955,0.196781,0.193766,0.196993
10956,0.196734,0.193718,0.196945
10957,0.196703,0.193687,0.196914
10958,0.196662,0.193646,0.196874
10959,0.196587,0.193571,0.196799
10960,0.196518,0.193502,0.196731
10961,0.196475,0.193458,0.196687
10962,0.196393,0.193376,0.196606
10963,0.196374,0.193356,0.196587
10964,0.196319,0.193302,0.196533
10965,0.196236,0.193218,0.196449
10966,0.196147,0.193129,0.196361
10967,0.196124,0.193105,0.196338
10968,0.196053,0.193034,0.196267
10969,0.195974,0.192954,0.196187
10970,0.195881,0.192861,0.196094
10971,0.195828,0.192808,0.196041
10972,0.195738,0.192718,0.195951
10973,0.195687,0.192666,0.195899
10974,0.19566,0.192639,0.195872
10975,0.195637,0.192616,0.195849
10976,0.195603,0.192581,0.195814
10977,0.195584,0.192562,0.195795
10978,0.19554,0.192518,0.195751
10979,0.195498,0.192476,0.19571
10980,0.195418,0.192395,0.19563
10981,0.195357,0.192335,0.19557
10982,0.195335,0.192312,0.195548
10983,0.195268,0.192245,0.195481
10984,0.195225,0.192202,0.195439
10985,0.195168,0.192144,0.195382
10986,0.195086,0.192062,0.195301
10987,0.195043,0.192019,0.195258
10988,0.195014,0.19199,0.19523
10989,0.194959,0.191934,0.195175
10990,0.19489,0.191865,0.195107
10991,0.194829,0.191804,0.195046
10992,0.194744,0.191718,0.194961
10993,0.19467,0.191644,0.194887
10994,0.194616,0.19159,0.194834
10995,0.194586,0.191559,0.194804
10996,0.194505,0.191478,0.194723
10997,0.194443,0.191416,0.194661
10998,0.194364,0.191337,0.194583
10999,0.19433,0.191302,0.194548
11000,0.1943,0.191272,0.194518
11001,0.194216,0.191188,0.194435
11002,0.194126,0.191098,0.194345
11003,0.19406,0.191031,0.194279
11004,0.194031,0.191002,0.19425
11005,0.193959,0.19093,0.194178
11006,0.193899,0.190869,0.194118
11007,0.193838,0.190808,0.194057
11008,0.193806,0.190775,0.194025
11009,0.193779,0.190749,0.193998
11010,0.193729,0.190698,0.193949
11011,0.193641,0.19061,0.19386
11012,0.193606,0.190574,0.193826
11013,0.193571,0.19054,0.193791
11014,0.193512,0.19048,0.193732
11015,0.193434,0.190402,0.193655
11016,0.19335,0.190317,0.193571
11017,0.193266,0.190233,0.193487
11018,0.193193,0.190159,0.193413
11019,0.193148,0.190114,0.193368
11020,0.193116,0.190083,0.193337
11021,0.19304,0.190005,0.193261
11022,0.192959,0.189925,0.19318
11023,0.19288,0.189845,0.1931
11024,0.19281,0.189775,0.19303
11025,0.19273,0.189694,0.192949
11026,0.192706,0.18967,0.192925
11027,0.192687,0.189651,0.192906
11028,0.192659,0.189623,0.192878
11029,0.192608,0.189572,0.192827
11030,0.192579,0.189542,0.192798
11031,0.192508,0.189471,0.192727
11032,0.192424,0.189387,0.192644
11033,0.19239,0.189352,0.192609
11034,0.192325,0.189287,0.192545
11035,0.192233,0.189194,0.192452
11036,0.192194,0.189156,0.192414
11037,0.19217,0.189132,0.19239
11038,0.192083,0.189044,0.192303
11039,0.192019,0.188979,0.192238
11040,0.191993,0.188953,0.192213
11041,0.191916,0.188876,0.192136
11042,0.191861,0.188821,0.192081
11043,0.191822,0.188782,0.192042
11044,0.191791,0.188751,0.192012
11045,0.191761,0.18872,0.191981
11046,0.191678,0.188637,0.191899
11047,0.191586,0.188544,0.191807
11048,0.191546,0.188505,0.191768
11049,0.191508,0.188466,0.191729
11050,0.191432,0.18839,0.191654
11051,0.191346,0.188303,0.191568
11052,0.191294,0.188251,0.191516
11053,0.191207,0.188164,0.191429
11054,0.191128,0.188085,0.19135
11055,0.191069,0.188025,0.19129
11056,0.19102,0.187976,0.191242
11057,0.190991,0.187947,0.191212
11058,0.190958,0.187913,0.191179
11059,0.190877,0.187832,0.191098
11060,0.190817,0.187772,0.191038
11061,0.190791,0.187745,0.191012
11062,0.19075,0.187704,0.190971
11063,0.190686,0.18764,0.190907
11064,0.190632,0.187586,0.190854
11065,0.190576,0.187529,0.190798
11066,0.190504,0.187457,0.190726
11067,0.190414,0.187366,0.190635
11068,0.19038,0.187332,0.190602
11069,0.190354,0.187306,0.190576
11070,0.190323,0.187275,0.190546
11071,0.190255,0.187207,0.190478
11072,0.190196,0.187148,0.190419
11073,0.190123,0.187074,0.190346
11074,0.190042,0.186993,0.190266
11075,0.189993,0.186943,0.190217
11076,0.189916,0.186866,0.19014
11077,0.189825,0.186775,0.190049
11078,0.189782,0.186731,0.190005
11079,0.189745,0.186694,0.189968
11080,0.189666,0.186615,0.18989
11081,0.189591,0.18654,0.189815
11082,0.1895,0.186449,0.189724
11083,0.189446,0.186394,0.189669
11084,0.189356,0.186304,0.189578
11085,0.189302,0.186249,0.189523
11086,0.189261,0.186208,0.189482
11087,0.189225,0.186171,0.189445
11088,0.189188,0.186134,0.189408
11089,0.189133,0.186079,0.189353
11090,0.189057,0.186003,0.189277
11091,0.18902,0.185965,0.189239
11092,0.188929,0.185874,0.189148
11093,0.188907,0.185852,0.189125
11094,0.188843,0.185787,0.189061
11095,0.188756,0.1857,0.188974
11096,0.188692,0.185636,0.188909
11097,0.188667,0.185611,0.188884
11098,0.188607,0.185551,0.188823
11099,0.188573,0.185517,0.188789
11100,0.188535,0.185478,0.18875
11101,0.188467,0.18541,0.188682
11102,0.188415,0.185358,0.18863
11103,0.188339,0.185281,0.188553
11104,0.188292,0.185235,0.188506
11105,0.188271,0.185213,0.188484
11106,0.188238,0.18518,0.188452
11107,0.188205,0.185147,0.188419
11108,0.188168,0.185109,0.188381
11109,0.188113,0.185054,0.188327
11110,0.18804,0.184981,0.188254
11111,0.187967,0.184907,0.18818
11112,0.187882,0.184822,0.188095
11113,0.187858,0.184798,0.188072
11114,0.187774,0.184714,0.187988
11115,0.187713,0.184653,0.187926
11116,0.187624,0.184563,0.187837
11117,0.187595,0.184534,0.187807
11118,0.187553,0.184492,0.187765
11119,0.187487,0.184425,0.187698
11120,0.18746,0.184398,0.187671
11121,0.187429,0.184367,0.18764
11122,0.187408,0.184346,0.187619
11123,0.187358,0.184295,0.187569
11124,0.187315,0.184252,0.187526
11125,0.187227,0.184164,0.187438
11126,0.187171,0.184108,0.187382
11127,0.187117,0.184053,0.187327
11128,0.187096,0.184032,0.187306
11129,0.187011,0.183947,0.187222
11130,0.186982,0.183918,0.187193
11131,0.186915,0.183851,0.187126
11132,0.186857,0.183792,0.187068
11133,0.186838,0.183773,0.187049
11134,0.1868,0.183734,0.187011
11135,0.186764,0.183698,0.186976
11136,0.186694,0.183628,0.186906
11137,0.186674,0.183608,0.186887
11138,0.186583,0.183517,0.186796
11139,0.186539,0.183473,0.186752
11140,0.186496,0.183429,0.18671
11141,0.186426,0.183359,0.18664
11142,0.186342,0.183274,0.186556
11143,0.186293,0.183225,0.186507
11144,0.186261,0.183193,0.186475
11145,0.186233,0.183165,0.186448
11146,0.186172,0.183103,0.186387
11147,0.186119,0.18305,0.186334
11148,0.186083,0.183014,0.186299
11149,0.186039,0.18297,0.186256
11150,0.185967,0.182898,0.186185
11151,0.185932,0.182863,0.18615
11152,0.185873,0.182803,0.186091
11153,0.185808,0.182738,0.186027
11154,0.185733,0.182662,0.185952
11155,0.185657,0.182586,0.185877
11156,0.185601,0.18253,0.185822
11157,0.185532,0.18246,0.185752
11158,0.1855,0.182428,0.185721
11159,0.185471,0.182399,0.185693
11160,0.185388,0.182315,0.185609
11161,0.185368,0.182295,0.18559
11162,0.185286,0.182213,0.185509
11163,0.185205,0.182132,0.185428
11164,0.185162,0.182089,0.185386
11165,0.185131,0.182057,0.185355
11166,0.185096,0.182022,0.185321
11167,0.185075,0.182001,0.185301
11168,0.185022,0.181948,0.185249
11169,0.18493,0.181856,0.185158
11170,0.184842,0.181766,0.18507
11171,0.18482,0.181745,0.185049
11172,0.184749,0.181674,0.184979
11173,0.184663,0.181587,0.184893
11174,0.184581,0.181505,0.184812
11175,0.184531,0.181454,0.184762
11176,0.184443,0.181366,0.184675
11177,0.184352,0.181274,0.184583
11178,0.184325,0.181247,0.184557
11179,0.184252,0.181174,0.184484
11180,0.184178,0.1811,0.184411
11181,0.184105,0.181026,0.184338
11182,0.184013,0.180934,0.184245
11183,0.183967,0.180888,0.184199
11184,0.183883,0.180803,0.184115
11185,0.183837,0.180757,0.184069
11186,0.183745,0.180665,0.183977
11187,0.183684,0.180603,0.183915
11188,0.183592,0.180511,0.183822
11189,0.183552,0.180471,0.183782
11190,0.18348,0.180398,0.183709
11191,0.183428,0.180346,0.183657
11192,0.183388,0.180306,0.183616
11193,0.183367,0.180285,0.183595
11194,0.183308,0.180225,0.183535
11195,0.183253,0.18017,0.18348
11196,0.183205,0.180122,0.183432
11197,0.183172,0.180089,0.183399
11198,0.183096,0.180012,0.183322
11199,0.183004,0.17992,0.18323
11200,0.182973,0.179888,0.183198
11201,0.182924,0.179839,0.183149
11202,0.182894,0.179809,0.183119
11203,0.182863,0.179778,0.183088
11204,0.182796,0.17971,0.183021
11205,0.182763,0.179678,0.182989
11206,0.182712,0.179626,0.182937
11207,0.182622,0.179536,0.182848
11208,0.18257,0.179483,0.182795
11209,0.182528,0.179441,0.182753
11210,0.182449,0.179361,0.182674
11211,0.182385,0.179297,0.18261
11212,0.182325,0.179237,0.18255
11213,0.182244,0.179156,0.182469
11214,0.182216,0.179128,0.182441
11215,0.182185,0.179097,0.182409
11216,0.182143,0.179055,0.182368
11217,0.182098,0.179009,0.182322
11218,0.182021,0.178932,0.182246
11219,0.181957,0.178867,0.182181
11220,0.181908,0.178819,0.182133
11221,0.181872,0.178782,0.182096
11222,0.181828,0.178738,0.182053
11223,0.181772,0.178682,0.181998
11224,0.181737,0.178646,0.181962
11225,0.1817,0.178609,0.181925
11226,0.181634,0.178543,0.18186
11227,0.181552,0.17846,0.181779
11228,0.181482,0.17839,0.181708
11229,0.181444,0.178351,0.181671
11230,0.181402,0.17831,0.18163
11231,0.181358,0.178265,0.181586
11232,0.181305,0.178212,0.181533
11233,0.181248,0.178155,0.181477
11234,0.181175,0.178082,0.181405
11235,0.181086,0.177992,0.181316
11236,0.181,0.177906,0.18123
11237,0.18094,0.177845,0.18117
11238,0.180877,0.177782,0.181106
11239,0.180854,0.177759,0.181084
11240,0.180809,0.177713,0.181039
11241,0.180768,0.177672,0.180998
11242,0.180725,0.177629,0.180955
11243,0.180674,0.177578,0.180905
11244,0.18061,0.177514,0.180842
11245,0.18053,0.177433,0.180762
11246,0.180439,0.177342,0.180672
11247,0.180389,0.177292,0.180622
11248,0.180303,0.177206,0.180536
11249,0.180257,0.177159,0.180489
11250,0.180164,0.177066,0.180396
11251,0.1801,0.177002,0.180332
11252,0.180074,0.176975,0.180306
11253,0.180031,0.176932,0.180263
11254,0.179956,0.176856,0.180188
11255,0.179866,0.176766,0.180098
11256,0.179801,0.1767,0.180032
11257,0.179764,0.176663,0.179995
11258,0.179684,0.176583,0.179915
11259,0.179616,0.176514,0.179846
11260,0.179534,0.176433,0.179764
11261,0.179485,0.176383,0.179715
11262,0.179466,0.176364,0.179695
11263,0.179396,0.176294,0.179624
11264,0.179375,0.176273,0.179603
11265,0.179336,0.176233,0.179564
11266,0.179297,0.176194,0.179525
11267,0.179206,0.176103,0.179434
11268,0.179123,0.176019,0.179351
11269,0.179074,0.17597,0.179302
11270,0.178987,0.175882,0.179214
11271,0.178933,0.175828,0.179159
11272,0.17891,0.175805,0.179136
11273,0.178873,0.175768,0.179098
11274,0.178835,0.17573,0.179061
11275,0.178785,0.17568,0.179011
11276,0.178748,0.175642,0.178974
11277,0.178666,0.17556,0.178892
11278,0.178643,0.175537,0.178869
11279,0.178592,0.175485,0.178818
11280,0.178559,0.175452,0.178785
11281,0.178539,0.175432,0.178765
11282,0.178466,0.175359,0.178693
11283,0.178387,0.175279,0.178614
11284,0.178347,0.17524,0.178575
11285,0.178299,0.175191,0.178527
11286,0.178252,0.175144,0.17848
11287,0.178203,0.175095,0.178432
11288,0.178134,0.175025,0.178363
11289,0.178056,0.174947,0.178286
11290,0.177987,0.174877,0.178217
11291,0.177912,0.174802,0.178141
11292,0.177863,0.174753,0.178093
11293,0.177797,0.174687,0.178028
11294,0.177734,0.174623,0.177964
11295,0.17765,0.174539,0.17788
11296,0.177628,0.174516,0.177858
11297,0.177604,0.174493,0.177834
11298,0.177522,0.17441,0.177752
11299,0.17746,0.174348,0.177691
11300,0.177435,0.174323,0.177666
11301,0.177395,0.174283,0.177626
11302,0.177358,0.174245,0.177589
11303,0.177299,0.174186,0.177531
11304,0.177219,0.174106,0.177451
11305,0.177177,0.174063,0.17741
11306,0.17712,0.174006,0.177353
11307,0.177061,0.173947,0.177294
11308,0.176972,0.173857,0.177206
11309,0.176945,0.173831,0.17718
11310,0.176907,0.173792,0.177142
11311,0.176827,0.173712,0.177062
11312,0.176734,0.173619,0.17697
11313,0.176685,0.173569,0.176921
11314,0.17666,0.173544,0.176896
11315,0.176629,0.173513,0.176866
11316,0.176556,0.173439,0.176793
11317,0.176486,0.173369,0.176724
11318,0.176447,0.17333,0.176686
11319,0.176378,0.17326,0.176617
11320,0.176324,0.173207,0.176564
11321,0.176244,0.173126,0.176484
11322,0.176195,0.173076,0.176435
11323,0.176137,0.173019,0.176378
11324,0.176051,0.172932,0.176293
11325,0.175964,0.172844,0.176205
11326,0.175901,0.172781,0.176143
11327,0.175836,0.172715,0.176078
11328,0.175766,0.172645,0.176008
11329,0.175694,0.172573,0.175936
11330,0.17566,0.172539,0.175902
11331,0.175613,0.172491,0.175855
11332,0.175531,0.172409,0.175773
11333,0.175491,0.172369,0.175734
11334,0.175429,0.172307,0.175672
11335,0.175363,0.17224,0.175606
11336,0.175271,0.172148,0.175514
11337,0.175219,0.172096,0.175462
11338,0.175181,0.172057,0.175424
11339,0.17512,0.171996,0.175363
11340,0.175036,0.171912,0.17528
11341,0.174971,0.171846,0.175214
11342,0.174882,0.171757,0.175124
11343,0.174823,0.171698,0.175065
11344,0.17476,0.171634,0.175002
11345,0.174723,0.171597,0.174964
11346,0.174687,0.171561,0.174929
11347,0.174624,0.171498,0.174866
11348,0.174544,0.171417,0.174785
11349,0.174484,0.171357,0.174725
11350,0.17444,0.171313,0.174681
11351,0.174394,0.171267,0.174635
11352,0.174319,0.171191,0.174559
11353,0.174267,0.171139,0.174507
11354,0.174179,0.17105,0.174419
11355,0.17415,0.171022,0.17439
11356,0.174111,0.170982,0.17435
11357,0.174018,0.170889,0.174258
11358,0.173953,0.170823,0.174192
11359,0.173919,0.170789,0.174158
11360,0.173884,0.170754,0.174123
11361,0.173797,0.170667,0.174036
11362,0.173759,0.170629,0.173998
11363,0.17374,0.170609,0.173978
11364,0.173689,0.170558,0.173927
11365,0.173634,0.170503,0.173873
11366,0.173548,0.170417,0.173787
11367,0.173459,0.170327,0.173697
11368,0.173435,0.170303,0.173674
11369,0.173376,0.170243,0.173614
11370,0.173284,0.170151,0.173522
11371,0.173247,0.170114,0.173486
11372,0.173199,0.170066,0.173438
11373,0.173157,0.170023,0.173395
11374,0.173086,0.169952,0.173325
11375,0.173024,0.16989,0.173263
11376,0.172968,0.169834,0.173206
11377,0.172904,0.16977,0.173143
11378,0.172852,0.169717,0.17309
11379,0.17281,0.169675,0.173048
11380,0.172759,0.169623,0.172997
11381,0.172673,0.169537,0.172911
11382,0.172609,0.169473,0.172847
11383,0.17256,0.169424,0.172798
11384,0.1725,0.169363,0.172738
11385,0.172444,0.169307,0.172682
11386,0.172409,0.169272,0.172647
11387,0.172384,0.169246,0.172622
11388,0.172312,0.169174,0.17255
11389,0.17225,0.169112,0.172489
11390,0.172192,0.169053,0.17243
11391,0.172168,0.16903,0.172407
11392,0.172126,0.168988,0.172365
11393,0.172087,0.168949,0.172327
11394,0.172038,0.168899,0.172278
11395,0.172017,0.168878,0.172258
11396,0.171948,0.168809,0.17219
11397,0.171902,0.168762,0.172145
11398,0.171866,0.168726,0.17211
11399,0.171783,0.168643,0.172028
11400,0.171719,0.168578,0.171964
11401,0.171651,0.16851,0.171898
11402,0.171569,0.168427,0.171816
11403,0.171484,0.168342,0.171731
11404,0.17144,0.168298,0.171688
11405,0.171354,0.168212,0.171603
11406,0.171264,0.168121,0.171512
11407,0.171177,0.168034,0.171426
11408,0.171087,0.167943,0.171336
11409,0.171015,0.16787,0.171263
11410,0.170969,0.167824,0.171217
11411,0.170926,0.167781,0.171174
11412,0.170857,0.167712,0.171105
11413,0.170779,0.167633,0.171027
11414,0.170731,0.167585,0.170979
11415,0.170698,0.167552,0.170946
11416,0.170642,0.167496,0.17089
11417,0.170617,0.167471,0.170866
11418,0.170565,0.167419,0.170814
11419,0.170474,0.167327,0.170723
11420,0.170453,0.167306,0.170702
11421,0.17038,0.167233,0.17063
11422,0.170309,0.167161,0.170559
11423,0.170252,0.167104,0.170502
11424,0.170175,0.167027,0.170425
11425,0.17009,0.166941,0.17034
11426,0.170035,0.166886,0.170285
11427,0.169966,0.166816,0.170216
11428,0.169904,0.166754,0.170154
11429,0.169833,0.166683,0.170083
11430,0.16978,0.166629,0.17003
11431,0.169751,0.1666,0.170001
11432,0.169683,0.166532,0.169933
11433,0.169597,0.166445,0.169847
11434,0.169509,0.166357,0.169759
11435,0.16948,0.166328,0.16973
11436,0.169401,0.166249,0.169651
11437,0.169318,0.166165,0.169567
11438,0.169254,0.166101,0.169503
11439,0.169211,0.166058,0.16946
11440,0.169129,0.165976,0.169377
11441,0.169084,0.16593,0.169331
11442,0.169054,0.1659,0.169301
11443,0.168995,0.165841,0.169242
11444,0.16893,0.165776,0.169177
11445,0.168902,0.165747,0.169149
11446,0.168817,0.165661,0.169063
11447,0.168782,0.165627,0.169029
11448,0.168746,0.165591,0.168993
11449,0.168713,0.165557,0.16896
11450,0.168621,0.165465,0.168868
11451,0.168555,0.165399,0.168802
11452,0.16848,0.165323,0.168726
11453,0.168449,0.165292,0.168695
11454,0.168359,0.165201,0.168605
11455,0.168302,0.165144,0.168548
11456,0.168228,0.165069,0.168473
11457,0.168155,0.164997,0.1684
11458,0.168106,0.164947,0.16835
11459,0.168034,0.164875,0.168279
11460,0.167996,0.164837,0.16824
11461,0.16794,0.16478,0.168183
11462,0.167907,0.164747,0.16815
11463,0.167839,0.164679,0.168083
11464,0.167749,0.164589,0.167992
11465,0.167726,0.164566,0.167969
11466,0.167678,0.164517,0.16792
11467,0.167628,0.164467,0.16787
11468,0.167595,0.164433,0.167836
11469,0.167518,0.164356,0.167759
11470,0.167455,0.164293,0.167696
11471,0.167431,0.164269,0.167672
11472,0.167399,0.164237,0.16764
11473,0.167343,0.164181,0.167585
11474,0.167256,0.164093,0.167498
11475,0.167179,0.164016,0.167421
11476,0.167104,0.163941,0.167346
11477,0.167048,0.163884,0.167289
11478,0.166963,0.163799,0.167204
11479,0.166905,0.16374,0.167145
11480,0.166865,0.1637,0.167105
11481,0.166803,0.163637,0.167042
11482,0.166783,0.163618,0.167022
11483,0.166731,0.163565,0.16697
11484,0.166641,0.163475,0.16688
11485,0.166587,0.163421,0.166825
11486,0.166557,0.16339,0.166795
11487,0.166497,0.16333,0.166735
11488,0.166467,0.1633,0.166705
11489,0.166414,0.163246,0.166651
11490,0.166385,0.163218,0.166623
11491,0.166331,0.163163,0.166568
11492,0.166246,0.163077,0.166483
11493,0.166191,0.163023,0.166429
11494,0.166123,0.162954,0.16636
11495,0.166099,0.16293,0.166336
11496,0.166068,0.162899,0.166306
11497,0.166018,0.162848,0.166255
11498,0.165997,0.162828,0.166235
11499,0.165943,0.162773,0.166181
11500,0.165891,0.162721,0.16613
11501,0.165822,0.162651,0.166061
11502,0.165756,0.162585,0.165996
11503,0.165716,0.162545,0.165956
11504,0.165654,0.162483,0.165894
11505,0.165618,0.162447,0.165859
11506,0.165565,0.162394,0.165807
11507,0.165476,0.162304,0.165718
11508,0.16543,0.162258,0.165672
11509,0.165402,0.16223,0.165645
11510,0.165329,0.162156,0.165572
11511,0.16524,0.162067,0.165483
11512,0.165152,0.161979,0.165396
11513,0.165067,0.161893,0.165311
11514,0.165029,0.161855,0.165273
11515,0.164984,0.16181,0.165228
11516,0.164906,0.161731,0.16515
11517,0.16488,0.161705,0.165124
11518,0.164803,0.161627,0.165047
11519,0.164726,0.161551,0.164971
11520,0.164642,0.161466,0.164886
11521,0.164573,0.161397,0.164817
11522,0.164502,0.161325,0.164745
11523,0.164427,0.16125,0.16467
11524,0.164381,0.161203,0.164623
11525,0.164345,0.161167,0.164587
11526,0.164288,0.161111,0.16453
11527,0.164253,0.161075,0.164495
11528,0.164216,0.161038,0.164458
11529,0.164167,0.160989,0.164409
11530,0.164135,0.160956,0.164377
11531,0.164062,0.160883,0.164304
11532,0.163972,0.160792,0.164213
11533,0.163938,0.160758,0.164179
11534,0.163904,0.160725,0.164146
11535,0.163876,0.160696,0.164117
11536,0.163796,0.160615,0.164037
11537,0.163746,0.160565,0.163988
11538,0.163683,0.160502,0.163925
11539,0.163608,0.160426,0.163849
11540,0.163558,0.160376,0.1638
11541,0.163516,0.160334,0.163758
11542,0.163426,0.160244,0.163668
11543,0.163353,0.16017,0.163595
11544,0.163291,0.160108,0.163532
11545,0.163259,0.160076,0.1635
11546,0.163218,0.160034,0.163459
11547,0.163157,0.159974,0.163398
11548,0.163119,0.159935,0.163361
11549,0.163047,0.159863,0.163288
11550,0.162972,0.159787,0.163213
11551,0.162879,0.159694,0.16312
11552,0.162801,0.159615,0.163041
11553,0.16278,0.159594,0.16302
11554,0.162705,0.159519,0.162944
11555,0.162673,0.159487,0.162912
11556,0.162599,0.159413,0.162838
11557,0.162525,0.159338,0.162763
11558,0.162477,0.15929,0.162715
11559,0.162436,0.159249,0.162674
11560,0.162398,0.159211,0.162635
11561,0.162378,0.159191,0.162616
11562,0.162349,0.159161,0.162586
11563,0.162279,0.159091,0.162516
11564,0.16226,0.159072,0.162497
11565,0.162234,0.159046,0.162471
11566,0.162176,0.158987,0.162413
11567,0.162119,0.15893,0.162357
11568,0.162058,0.158869,0.162297
11569,0.162026,0.158837,0.162265
11570,0.161945,0.158755,0.162184
11571,0.161893,0.158703,0.162132
11572,0.16182,0.158629,0.162059
11573,0.161735,0.158544,0.161974
11574,0.161655,0.158463,0.161894
11575,0.161613,0.158422,0.161852
11576,0.161571,0.15838,0.16181
11577,0.161531,0.158339,0.16177
11578,0.16149,0.158298,0.16173
11579,0.161435,0.158243,0.161675
11580,0.161385,0.158193,0.161625
11581,0.16135,0.158157,0.16159
11582,0.161277,0.158084,0.161517
11583,0.161248,0.158054,0.161488
11584,0.161192,0.157999,0.161433
11585,0.161136,0.157942,0.161377
11586,0.161061,0.157867,0.161303
11587,0.16097,0.157775,0.161212
11588,0.160886,0.157691,0.161127
11589,0.160806,0.157611,0.161048
11590,0.160756,0.157561,0.160997
11591,0.160691,0.157495,0.160932
11592,0.160601,0.157405,0.160842
11593,0.160559,0.157363,0.1608
11594,0.16054,0.157343,0.16078
11595,0.160484,0.157287,0.160724
11596,0.160418,0.157221,0.160657
11597,0.160367,0.15717,0.160606
11598,0.160322,0.157124,0.160561
11599,0.160259,0.157061,0.160497
11600,0.16024,0.157042,0.160478
11601,0.160186,0.156988,0.160425
11602,0.160132,0.156933,0.16037
11603,0.160113,0.156914,0.160352
11604,0.160059,0.15686,0.160297
11605,0.16,0.1568,0.160238
11606,0.159974,0.156775,0.160213
11607,0.159952,0.156752,0.160191
11608,0.159902,0.156702,0.160142
11609,0.159832,0.156632,0.160072
11610,0.159758,0.156558,0.159999
11611,0.159724,0.156523,0.159965
11612,0.159661,0.15646,0.159903
11613,0.1596,0.156399,0.159842
11614,0.159509,0.156307,0.159751
11615,0.159451,0.156249,0.159694
11616,0.159427,0.156225,0.15967
11617,0.159357,0.156154,0.1596
11618,0.159296,0.156093,0.159539
11619,0.159205,0.156002,0.159449
11620,0.159117,0.155913,0.15936
11621,0.15906,0.155855,0.159303
11622,0.159026,0.155822,0.159269
11623,0.159001,0.155797,0.159245
11624,0.158961,0.155757,0.159204
11625,0.158932,0.155728,0.159176
11626,0.158853,0.155648,0.159097
11627,0.158772,0.155566,0.159016
11628,0.158741,0.155535,0.158985
11629,0.15866,0.155454,0.158905
11630,0.158589,0.155382,0.158833
11631,0.158543,0.155336,0.158787
11632,0.158509,0.155302,0.158753
11633,0.158486,0.155279,0.158731
11634,0.158431,0.155224,0.158676
11635,0.158383,0.155176,0.158629
11636,0.158318,0.15511,0.158564
11637,0.158268,0.15506,0.158514
11638,0.158209,0.155001,0.158456
11639,0.158188,0.15498,0.158436
11640,0.158109,0.1549,0.158357
11641,0.158032,0.154823,0.15828
11642,0.158009,0.1548,0.158258
11643,0.157918,0.154708,0.158167
11644,0.157832,0.154622,0.158081
11645,0.157739,0.154529,0.157989
11646,0.157689,0.154478,0.157938
11647,0.157643,0.154432,0.157893
11648,0.157613,0.154402,0.157863
11649,0.157566,0.154354,0.157815
11650,0.157497,0.154286,0.157747
11651,0.157455,0.154243,0.157706
11652,0.157381,0.154169,0.157632
11653,0.157346,0.154133,0.157597
11654,0.15727,0.154057,0.157521
11655,0.157193,0.15398,0.157444
11656,0.157118,0.153905,0.157369
11657,0.15708,0.153866,0.157331
11658,0.157049,0.153834,0.1573
11659,0.156995,0.153781,0.157247
11660,0.156936,0.153721,0.157188
11661,0.156855,0.15364,0.157107
11662,0.156819,0.153604,0.157072
11663,0.156746,0.15353,0.156998
11664,0.156664,0.153448,0.156916
11665,0.156578,0.153362,0.15683
11666,0.156507,0.15329,0.156758
11667,0.156445,0.153228,0.156696
11668,0.156414,0.153197,0.156666
11669,0.156382,0.153165,0.156634
11670,0.156297,0.153079,0.156548
11671,0.156263,0.153045,0.156514
11672,0.156189,0.152971,0.15644
11673,0.156143,0.152925,0.156394
11674,0.156107,0.152888,0.156358
11675,0.156064,0.152845,0.156315
11676,0.156018,0.152799,0.156269
11677,0.155955,0.152735,0.156206
11678,0.155866,0.152646,0.156117
11679,0.155822,0.152602,0.156073
11680,0.155778,0.152558,0.156029
11681,0.155717,0.152497,0.155968
11682,0.155692,0.152471,0.155943
11683,0.155615,0.152394,0.155866
11684,0.155542,0.152321,0.155794
11685,0.155508,0.152286,0.155759
11686,0.155468,0.152246,0.15572
11687,0.155377,0.152155,0.155629
11688,0.155329,0.152107,0.155581
11689,0.155307,0.152084,0.155559
11690,0.155235,0.152012,0.155487
11691,0.155213,0.15199,0.155465
11692,0.155121,0.151897,0.155373
11693,0.155039,0.151815,0.155292
11694,0.154974,0.15175,0.155227
11695,0.154928,0.151703,0.15518
11696,0.154864,0.151639,0.155116
11697,0.154843,0.151618,0.155096
11698,0.154799,0.151574,0.155052
11699,0.154759,0.151534,0.155012
11700,0.154712,0.151486,0.154966
11701,0.154655,0.151429,0.154909
11702,0.154636,0.15141,0.154891
11703,0.154558,0.151331,0.154813
11704,0.154488,0.151261,0.154744
11705,0.154431,0.151204,0.154687
11706,0.154407,0.151179,0.154664
11707,0.154377,0.151149,0.154635
11708,0.15429,0.151062,0.154548
11709,0.154202,0.150974,0.154461
11710,0.154127,0.150898,0.154386
11711,0.154046,0.150817,0.154306
11712,0.154007,0.150777,0.154267
11713,0.153933,0.150704,0.154194
11714,0.153842,0.150611,0.154102
11715,0.1538,0.150569,0.15406
11716,0.153751,0.15052,0.154011
11717,0.153663,0.150432,0.153924
11718,0.153592,0.15036,0.153853
11719,0.153528,0.150296,0.153789
11720,0.153502,0.15027,0.153763
11721,0.153456,0.150224,0.153718
11722,0.153379,0.150147,0.153641
11723,0.153316,0.150083,0.153577
11724,0.153241,0.150008,0.153503
11725,0.153188,0.149955,0.15345
11726,0.153165,0.149931,0.153427
11727,0.153092,0.149858,0.153354
11728,0.153043,0.149809,0.153306
11729,0.152965,0.14973,0.153227
11730,0.152927,0.149692,0.15319
11731,0.152865,0.14963,0.153128
11732,0.152796,0.149561,0.15306
11733,0.152706,0.149471,0.15297
11734,0.152634,0.149398,0.152897
11735,0.152547,0.14931,0.15281
11736,0.152469,0.149232,0.152732
11737,0.152439,0.149202,0.152701
11738,0.152361,0.149124,0.152624
11739,0.152342,0.149105,0.152605
11740,0.152261,0.149023,0.152523
11741,0.152179,0.14894,0.152441
11742,0.15212,0.148881,0.152381
11743,0.152071,0.148832,0.152332
11744,0.152006,0.148767,0.152267
11745,0.151922,0.148682,0.152183
11746,0.151888,0.148648,0.152148
11747,0.151802,0.148561,0.152061
11748,0.151783,0.148543,0.152043
11749,0.151747,0.148507,0.152007
11750,0.151718,0.148478,0.151978
11751,0.151683,0.148442,0.151942
11752,0.151643,0.148402,0.151903
11753,0.151551,0.148309,0.15181
11754,0.15153,0.148288,0.15179
11755,0.151472,0.14823,0.151732
11756,0.15139,0.148147,0.15165
11757,0.151314,0.148071,0.151574
11758,0.151263,0.14802,0.151523
11759,0.151218,0.147974,0.151478
11760,0.151145,0.147902,0.151406
11761,0.151095,0.147851,0.151355
11762,0.151058,0.147814,0.151319
11763,0.150971,0.147727,0.151232
11764,0.15089,0.147645,0.15115
11765,0.150856,0.147611,0.151116
11766,0.150799,0.147554,0.15106
11767,0.150718,0.147472,0.150978
11768,0.150686,0.14744,0.150946
11769,0.150646,0.1474,0.150907
11770,0.150607,0.147361,0.150868
11771,0.150548,0.147301,0.150809
11772,0.150467,0.14722,0.150728
11773,0.150379,0.147131,0.15064
11774,0.150319,0.147072,0.15058
11775,0.150234,0.146985,0.150494
11776,0.150191,0.146943,0.150451
11777,0.150122,0.146874,0.150382
11778,0.150045,0.146796,0.150305
11779,0.149978,0.146729,0.150238
11780,0.149907,0.146657,0.150166
11781,0.149856,0.146605,0.150114
11782,0.149827,0.146577,0.150086
11783,0.149794,0.146544,0.150052
11784,0.149726,0.146476,0.149984
11785,0.149705,0.146455,0.149963
11786,0.149682,0.146431,0.14994
11787,0.149647,0.146396,0.149905
11788,0.149598,0.146347,0.149857
11789,0.149515,0.146263,0.149774
11790,0.149454,0.146202,0.149713
11791,0.149406,0.146154,0.149665
11792,0.149315,0.146062,0.149574
11793,0.149243,0.14599,0.149502
11794,0.149171,0.145917,0.149429
11795,0.149141,0.145887,0.149399
11796,0.149057,0.145803,0.149316
11797,0.148992,0.145737,0.14925
11798,0.148907,0.145652,0.149164
11799,0.148861,0.145606,0.149119
11800,0.148804,0.145549,0.149062
11801,0.148754,0.145498,0.149011
11802,0.148691,0.145435,0.148948
11803,0.148653,0.145397,0.14891
11804,0.148628,0.145372,0.148884
11805,0.148591,0.145335,0.148847
11806,0.148566,0.145309,0.148822
11807,0.148528,0.145271,0.148785
11808,0.148484,0.145227,0.148741
11809,0.148424,0.145167,0.148681
11810,0.148339,0.145082,0.148597
11811,0.14832,0.145062,0.148578
11812,0.148289,0.145031,0.148547
11813,0.148259,0.145001,0.148518
11814,0.148171,0.144912,0.14843
11815,0.148091,0.144832,0.14835
11816,0.148034,0.144775,0.148295
11817,0.14795,0.14469,0.14821
11818,0.14788,0.14462,0.148141
11819,0.147852,0.144592,0.148113
11820,0.147768,0.144508,0.148029
11821,0.1477,0.144439,0.147961
11822,0.147671,0.14441,0.147933
11823,0.147629,0.144368,0.147891
11824,0.147537,0.144276,0.1478
11825,0.147446,0.144184,0.147709
11826,0.147412,0.14415,0.147674
11827,0.147351,0.144088,0.147614
11828,0.147302,0.144039,0.147564
11829,0.147252,0.143988,0.147514
11830,0.147193,0.143929,0.147456
11831,0.14711,0.143846,0.147373
11832,0.147069,0.143805,0.147333
11833,0.147031,0.143767,0.147294
11834,0.146964,0.1437,0.147228
11835,0.146885,0.14362,0.147149
11836,0.146834,0.143569,0.147098
11837,0.146795,0.14353,0.147059
11838,0.146725,0.14346,0.14699
11839,0.146691,0.143425,0.146955
11840,0.14662,0.143354,0.146885
11841,0.146599,0.143333,0.146864
11842,0.146524,0.143257,0.146789
11843,0.146483,0.143216,0.146749
11844,0.146456,0.143189,0.146723
11845,0.146376,0.143108,0.146643
11846,0.146313,0.143045,0.14658
11847,0.146225,0.142957,0.146493
11848,0.146159,0.14289,0.146426
11849,0.146099,0.142831,0.146368
11850,0.146009,0.14274,0.146278
11851,0.145943,0.142674,0.146211
11852,0.145857,0.142587,0.146125
11853,0.145793,0.142523,0.146061
11854,0.14573,0.142459,0.145997
11855,0.145692,0.142421,0.14596
11856,0.145673,0.142402,0.145941
11857,0.145635,0.142364,0.145903
11858,0.145557,0.142285,0.145825
11859,0.145512,0.14224,0.14578
11860,0.145423,0.142151,0.145691
11861,0.145392,0.142119,0.14566
11862,0.145329,0.142057,0.145598
11863,0.145286,0.142013,0.145554
11864,0.145204,0.14193,0.145473
11865,0.14514,0.141867,0.145409
11866,0.145062,0.141788,0.145331
11867,0.14501,0.141736,0.145279
11868,0.144924,0.141649,0.145193
11869,0.144878,0.141603,0.145147
11870,0.144812,0.141537,0.14508
11871,0.144759,0.141484,0.145027
11872,0.144686,0.14141,0.144954
11873,0.144665,0.141389,0.144934
11874,0.144598,0.141322,0.144867
11875,0.144575,0.141299,0.144843
11876,0.144533,0.141256,0.144801
11877,0.144459,0.141181,0.144727
11878,0.144434,0.141157,0.144703
11879,0.144375,0.141098,0.144644
11880,0.144294,0.141016,0.144563
11881,0.144201,0.140923,0.14447
11882,0.14413,0.140851,0.144399
11883,0.14408,0.140801,0.144349
11884,0.14399,0.14071,0.144259
11885,0.143956,0.140677,0.144225
11886,0.143874,0.140594,0.144143
11887,0.143784,0.140504,0.144052
11888,0.143746,0.140465,0.144013
11889,0.143667,0.140386,0.143934
11890,0.14361,0.140329,0.143877
11891,0.143541,0.140259,0.143807
11892,0.143472,0.14019,0.143738
11893,0.143405,0.140123,0.14367
11894,0.143362,0.140079,0.143626
11895,0.143337,0.140054,0.143601
11896,0.143305,0.140022,0.143568
11897,0.143215,0.139932,0.143479
11898,0.143145,0.139861,0.143408
11899,0.143093,0.139809,0.143355
11900,0.143061,0.139777,0.143322
11901,0.142983,0.139698,0.143244
11902,0.142929,0.139644,0.143189
11903,0.142888,0.139603,0.143148
11904,0.14286,0.139575,0.14312
11905,0.142813,0.139527,0.143072
11906,0.142766,0.13948,0.143025
11907,0.142677,0.139391,0.142936
11908,0.142647,0.139361,0.142905
11909,0.142624,0.139338,0.142883
11910,0.14257,0.139283,0.142828
11911,0.142517,0.13923,0.142775
11912,0.142452,0.139165,0.14271
11913,0.142433,0.139145,0.142691
11914,0.142355,0.139068,0.142613
11915,0.142272,0.138984,0.14253
11916,0.142201,0.138912,0.142458
11917,0.142159,0.13887,0.142416
11918,0.142134,0.138846,0.142391
11919,0.142063,0.138774,0.142319
11920,0.142021,0.138732,0.142278
11921,0.14195,0.13866,0.142206
11922,0.141862,0.138572,0.142118
11923,0.141819,0.138529,0.142075
11924,0.141734,0.138443,0.141989
11925,0.141687,0.138396,0.141942
11926,0.141629,0.138338,0.141883
11927,0.141594,0.138303,0.141848
11928,0.141557,0.138265,0.14181
11929,0.141524,0.138232,0.141777
11930,0.141489,0.138198,0.141742
11931,0.141468,0.138176,0.141721
11932,0.141443,0.138151,0.141696
11933,0.141398,0.138105,0.141651
11934,0.141358,0.138066,0.141612
11935,0.14127,0.137977,0.141523
11936,0.141219,0.137925,0.141473
11937,0.141146,0.137853,0.1414
11938,0.141087,0.137793,0.141341
11939,0.141006,0.137712,0.14126
11940,0.140949,0.137654,0.141202
11941,0.140928,0.137633,0.141182
11942,0.140883,0.137588,0.141137
11943,0.140795,0.1375,0.141049
11944,0.140719,0.137423,0.140973
11945,0.140684,0.137388,0.140937
11946,0.14061,0.137314,0.140863
11947,0.140547,0.13725,0.1408
11948,0.140469,0.137172,0.140722
11949,0.140403,0.137106,0.140655
11950,0.140379,0.137082,0.140631
11951,0.140343,0.137045,0.140594
11952,0.140291,0.136993,0.140541
11953,0.140269,0.136971,0.14052
11954,0.140228,0.13693,0.140479
11955,0.140184,0.136886,0.140435
11956,0.140129,0.13683,0.140379
11957,0.140079,0.13678,0.140329
11958,0.139989,0.13669,0.140239
11959,0.13992,0.13662,0.14017
11960,0.13987,0.13657,0.14012
11961,0.139825,0.136525,0.140075
11962,0.139788,0.136487,0.140037
11963,0.139722,0.136421,0.139971
11964,0.139667,0.136366,0.139916
11965,0.139603,0.136302,0.139852
11966,0.139549,0.136247,0.139798
11967,0.139472,0.13617,0.13972
11968,0.139445,0.136143,0.139693
11969,0.139385,0.136082,0.139632
11970,0.139323,0.136021,0.139571
11971,0.139296,0.135993,0.139543
11972,0.139236,0.135933,0.139483
11973,0.139165,0.135861,0.139411
11974,0.139118,0.135814,0.139364
11975,0.139098,0.135794,0.139343
11976,0.13907,0.135766,0.139315
11977,0.139051,0.135747,0.139296
11978,0.139025,0.135721,0.139271
11979,0.138983,0.135679,0.139229
11980,0.138928,0.135623,0.139174
11981,0.138846,0.135541,0.139092
11982,0.138777,0.135471,0.139023
11983,0.138722,0.135416,0.138968
11984,0.138679,0.135373,0.138925
11985,0.138657,0.135351,0.138904
11986,0.138625,0.135319,0.138872
11987,0.138586,0.135279,0.138833
11988,0.138508,0.135201,0.138755
11989,0.138453,0.135146,0.1387
11990,0.138386,0.135078,0.138633
11991,0.138302,0.134994,0.138549
11992,0.13827,0.134962,0.138517
11993,0.138206,0.134898,0.138453
11994,0.138125,0.134817,0.138372
11995,0.1381,0.134791,0.138347
11996,0.138008,0.134699,0.138255
11997,0.137987,0.134677,0.138233
11998,0.137931,0.134621,0.138177
11999,0.137866,0.134556,0.138113
12000,0.137804,0.134494,0.13805
