time,soc_true,soc_kf,soc_fgo
0,0.799943,0.799943,0.799943
1,0.799886,0.799887,0.799887
2,0.799849,0.799849,0.799849
3,0.799812,0.799812,0.799812
4,0.799769,0.79977,0.79977
5,0.799745,0.799745,0.799745
6,0.799717,0.799717,0.799717
7,0.799697,0.799698,0.799698
8,0.799605,0.799606,0.799605
9,0.799561,0.799562,0.799561
10,0.799523,0.799523,0.799523
11,0.799493,0.799493,0.799493
12,0.79945,0.79945,0.79945
13,0.799358,0.799358,0.799358
14,0.799287,0.799288,0.799287
15,0.799239,0.799239,0.799239
16,0.799165,0.799166,0.799165
17,0.799109,0.79911,0.799109
18,0.799083,0.799083,0.799083
19,0.798997,0.798997,0.798997
20,0.798946,0.798946,0.798946
21,0.798863,0.798863,0.798863
22,0.798803,0.798803,0.798803
23,0.798751,0.798752,0.798752
24,0.798685,0.798685,0.798685
25,0.798637,0.798638,0.798637
26,0.798549,0.79855,0.798549
27,0.798504,0.798504,0.798504
28,0.798416,0.798416,0.798416
29,0.798368,0.798368,0.798368
30,0.798289,0.79829,0.798289
31,0.798242,0.798242,0.798242
32,0.798178,0.798178,0.798178
33,0.798121,0.798122,0.798121
34,0.798093,0.798094,0.798093
35,0.798021,0.798021,0.798021
36,0.797964,0.797965,0.797964
37,0.797914,0.797914,0.797914
38,0.797869,0.79787,0.797869
39,0.797779,0.79778,0.797779
40,0.797743,0.797744,0.797743
41,0.797699,0.7977,0.797699
42,0.797631,0.797631,0.797631
43,0.797594,0.797594,0.797594
44,0.79755,0.797551,0.79755
45,0.797485,0.797485,0.797484
46,0.79743,0.79743,0.797429
47,0.797351,0.797351,0.79735
48,0.797284,0.797284,0.797284
49,0.797206,0.797206,0.797206
50,0.797184,0.797184,0.797184
51,0.797118,0.797118,0.797117
52,0.797062,0.797062,0.797062
53,0.797003,0.797003,0.797002
54,0.79693,0.79693,0.79693
55,0.796846,0.796847,0.796846
56,0.796762,0.796763,0.796762
57,0.796741,0.796741,0.796741
58,0.796682,0.796682,0.796682
59,0.796654,0.796654,0.796654
60,0.796575,0.796576,0.796575
61,0.796485,0.796486,0.796485
62,0.796442,0.796443,0.796442
63,0.796355,0.796355,0.796355
64,0.796268,0.796268,0.796268
65,0.796228,0.796228,0.796227
66,0.796177,0.796178,0.796177
67,0.796112,0.796113,0.796112
68,0.796035,0.796035,0.796035
69,0.795988,0.795988,0.795988
70,0.795923,0.795924,0.795923
71,0.795876,0.795876,0.795876
72,0.795788,0.795789,0.795788
73,0.795731,0.795731,0.795731
74,0.795654,0.795654,0.795654
75,0.795615,0.795615,0.795615
76,0.795582,0.795582,0.795582
77,0.795523,0.795523,0.795523
78,0.795447,0.795448,0.795447
79,0.795379,0.79538,0.795379
80,0.795331,0.795331,0.795331
81,0.795277,0.795277,0.795277
82,0.795233,0.795233,0.795233
83,0.795191,0.795191,0.795191
84,0.79514,0.79514,0.79514
85,0.795121,0.795121,0.795121
86,0.795062,0.795062,0.795062
87,0.795033,0.795033,0.795033
88,0.794945,0.794946,0.794946
89,0.794885,0.794885,0.794885
90,0.79485,0.79485,0.79485
91,0.794805,0.794805,0.794805
92,0.794717,0.794717,0.794717
93,0.794641,0.794641,0.794641
94,0.79456,0.79456,0.794559
95,0.794482,0.794483,0.794482
96,0.794407,0.794407,0.794407
97,0.794362,0.794362,0.794361
98,0.7943,0.7943,0.794299
99,0.794246,0.794246,0.794246
100,0.794222,0.794223,0.794222
101,0.794203,0.794203,0.794202
102,0.794164,0.794165,0.794164
103,0.794141,0.794141,0.794141
104,0.794105,0.794105,0.794105
105,0.794048,0.794048,0.794047
106,0.794018,0.794019,0.794018
107,0.793985,0.793985,0.793985
108,0.793901,0.793902,0.793901
109,0.793813,0.793813,0.793813
110,0.793722,0.793722,0.793722
111,0.793693,0.793693,0.793693
112,0.79361,0.79361,0.79361
113,0.793554,0.793554,0.793554
114,0.793513,0.793513,0.793513
115,0.793455,0.793456,0.793455
116,0.793414,0.793414,0.793414
117,0.793335,0.793335,0.793335
118,0.793245,0.793245,0.793244
119,0.793162,0.793163,0.793162
120,0.793137,0.793138,0.793137
121,0.7931,0.7931,0.7931
122,0.793022,0.793022,0.793021
123,0.792989,0.792989,0.792988
124,0.792935,0.792936,0.792935
125,0.792863,0.792864,0.792863
126,0.792814,0.792814,0.792813
127,0.792779,0.792779,0.792778
128,0.792697,0.792698,0.792697
129,0.792664,0.792664,0.792663
130,0.792637,0.792637,0.792636
131,0.792606,0.792606,0.792605
132,0.792581,0.792581,0.79258
133,0.792496,0.792497,0.792496
134,0.792472,0.792472,0.792472
135,0.792444,0.792444,0.792443
136,0.792357,0.792357,0.792357
137,0.792284,0.792285,0.792284
138,0.792232,0.792233,0.792232
139,0.792211,0.792211,0.79221
140,0.79213,0.79213,0.79213
141,0.792096,0.792096,0.792095
142,0.792017,0.792017,0.792017
143,0.791949,0.791949,0.791948
144,0.791856,0.791857,0.791856
145,0.791785,0.791785,0.791784
146,0.791763,0.791763,0.791763
147,0.791682,0.791682,0.791682
148,0.791601,0.791601,0.791601
149,0.791537,0.791537,0.791537
150,0.791486,0.791487,0.791486
151,0.791457,0.791458,0.791457
152,0.791421,0.791421,0.79142
153,0.791363,0.791363,0.791363
154,0.791312,0.791313,0.791312
155,0.791255,0.791255,0.791255
156,0.791169,0.791169,0.791169
157,0.791143,0.791143,0.791143
158,0.791123,0.791123,0.791123
159,0.791098,0.791099,0.791098
160,0.791012,0.791013,0.791012
161,0.790936,0.790936,0.790936
162,0.790908,0.790909,0.790908
163,0.790883,0.790883,0.790883
164,0.79084,0.79084,0.79084
165,0.790784,0.790785,0.790784
166,0.790753,0.790753,0.790752
167,0.790701,0.790702,0.790701
168,0.790663,0.790663,0.790662
169,0.790598,0.790599,0.790598
170,0.790523,0.790523,0.790523
171,0.790498,0.790498,0.790497
172,0.790431,0.790431,0.790431
173,0.790355,0.790355,0.790354
174,0.790309,0.790309,0.790309
175,0.79029,0.790291,0.79029
176,0.79026,0.79026,0.79026
177,0.790227,0.790227,0.790227
178,0.790173,0.790174,0.790173
179,0.790087,0.790087,0.790086
180,0.790019,0.79002,0.790019
181,0.789981,0.789981,0.789981
182,0.789889,0.78989,0.789889
183,0.789832,0.789832,0.789832
184,0.789761,0.789762,0.789761
185,0.789719,0.78972,0.789719
186,0.789632,0.789632,0.789631
187,0.789606,0.789606,0.789605
188,0.789552,0.789552,0.789552
189,0.789509,0.789509,0.789508
190,0.789479,0.789479,0.789479
191,0.789429,0.789429,0.789428
192,0.789347,0.789347,0.789346
193,0.789324,0.789324,0.789323
194,0.789231,0.789232,0.789231
195,0.789197,0.789197,0.789196
196,0.789151,0.789152,0.789151
197,0.78906,0.78906,0.78906
198,0.789028,0.789028,0.789028
199,0.788999,0.788999,0.788999
200,0.788947,0.788947,0.788947
201,0.788915,0.788915,0.788915
202,0.788852,0.788853,0.788852
203,0.788815,0.788816,0.788815
204,0.788737,0.788737,0.788737
205,0.788665,0.788666,0.788665
206,0.788636,0.788636,0.788635
207,0.788615,0.788616,0.788615
208,0.788594,0.788594,0.788594
209,0.788525,0.788526,0.788525
210,0.788455,0.788456,0.788455
211,0.788396,0.788397,0.788396
212,0.788306,0.788306,0.788306
213,0.788253,0.788253,0.788253
214,0.788219,0.78822,0.788219
215,0.788193,0.788194,0.788193
216,0.788117,0.788117,0.788117
217,0.788097,0.788098,0.788097
218,0.788023,0.788023,0.788023
219,0.787995,0.787996,0.787995
220,0.787975,0.787975,0.787975
221,0.787956,0.787956,0.787956
222,0.787889,0.787889,0.787889
223,0.787798,0.787799,0.787798
224,0.787763,0.787763,0.787763
225,0.787744,0.787744,0.787744
226,0.787691,0.787691,0.787691
227,0.787626,0.787627,0.787626
228,0.787539,0.78754,0.787539
229,0.787505,0.787505,0.787505
230,0.787482,0.787482,0.787482
231,0.787455,0.787455,0.787455
232,0.787423,0.787424,0.787423
233,0.787341,0.787342,0.787341
234,0.787294,0.787294,0.787293
235,0.787207,0.787208,0.787207
236,0.787131,0.787131,0.787131
237,0.787082,0.787083,0.787082
238,0.787013,0.787013,0.787013
239,0.786955,0.786955,0.786955
240,0.786904,0.786904,0.786904
241,0.786821,0.786822,0.786821
242,0.786779,0.786779,0.786779
243,0.786755,0.786755,0.786754
244,0.78672,0.786721,0.78672
245,0.786688,0.786688,0.786688
246,0.786653,0.786654,0.786653
247,0.786623,0.786623,0.786623
248,0.786589,0.786589,0.786589
249,0.786563,0.786563,0.786563
250,0.78653,0.78653,0.78653
251,0.786483,0.786483,0.786483
252,0.786445,0.786445,0.786445
253,0.786359,0.786359,0.786359
254,0.786305,0.786305,0.786305
255,0.786214,0.786214,0.786214
256,0.786122,0.786122,0.786122
257,0.786043,0.786044,0.786043
258,0.785988,0.785989,0.785988
259,0.785901,0.785902,0.785901
260,0.78585,0.78585,0.78585
261,0.78583,0.78583,0.78583
262,0.785778,0.785778,0.785777
263,0.78571,0.78571,0.78571
264,0.785647,0.785647,0.785647
265,0.785576,0.785576,0.785576
266,0.785541,0.785542,0.785541
267,0.785501,0.785502,0.785501
268,0.785444,0.785444,0.785444
269,0.785372,0.785372,0.785372
270,0.785288,0.785289,0.785288
271,0.78523,0.785231,0.78523
272,0.785143,0.785143,0.785143
273,0.785105,0.785106,0.785105
274,0.785078,0.785079,0.785078
275,0.785046,0.785046,0.785046
276,0.785027,0.785028,0.785027
277,0.784949,0.784949,0.784948
278,0.784916,0.784917,0.784916
279,0.784854,0.784854,0.784853
280,0.78482,0.78482,0.784819
281,0.784796,0.784796,0.784796
282,0.784719,0.78472,0.784719
283,0.784684,0.784684,0.784684
284,0.784623,0.784624,0.784623
285,0.784567,0.784568,0.784567
286,0.784486,0.784486,0.784486
287,0.784403,0.784404,0.784403
288,0.784339,0.784339,0.784338
289,0.784264,0.784265,0.784264
290,0.784176,0.784176,0.784176
291,0.784151,0.784151,0.78415
292,0.784092,0.784092,0.784092
293,0.78403,0.78403,0.78403
294,0.784011,0.784011,0.784011
295,0.783964,0.783964,0.783964
296,0.783887,0.783887,0.783886
297,0.783857,0.783857,0.783857
298,0.783809,0.783809,0.783809
299,0.783764,0.783764,0.783763
300,0.783686,0.783686,0.783686
301,0.783628,0.783628,0.783628
302,0.783569,0.78357,0.783569
303,0.783516,0.783516,0.783516
304,0.783427,0.783427,0.783427
305,0.783384,0.783385,0.783384
306,0.783306,0.783306,0.783306
307,0.783256,0.783256,0.783256
308,0.783222,0.783223,0.783222
309,0.783177,0.783178,0.783177
310,0.783112,0.783112,0.783112
311,0.783042,0.783043,0.783042
312,0.782999,0.782999,0.782999
313,0.782974,0.782975,0.782974
314,0.78293,0.782931,0.78293
315,0.782908,0.782908,0.782907
316,0.782884,0.782884,0.782884
317,0.782801,0.782801,0.7828
318,0.782731,0.782731,0.782731
319,0.782649,0.782649,0.782649
320,0.782623,0.782624,0.782623
321,0.782586,0.782586,0.782586
322,0.782516,0.782516,0.782515
323,0.782485,0.782486,0.782485
324,0.782431,0.782431,0.782431
325,0.782367,0.782367,0.782367
326,0.782279,0.78228,0.782279
327,0.782256,0.782257,0.782256
328,0.782196,0.782197,0.782196
329,0.782136,0.782136,0.782136
330,0.782094,0.782094,0.782094
331,0.782002,0.782003,0.782002
332,0.78195,0.78195,0.78195
333,0.781884,0.781884,0.781884
334,0.781847,0.781848,0.781847
335,0.78178,0.78178,0.78178
336,0.781732,0.781732,0.781732
337,0.781657,0.781658,0.781657
338,0.781631,0.781632,0.781631
339,0.781544,0.781544,0.781544
340,0.781468,0.781468,0.781468
341,0.78144,0.781441,0.78144
342,0.781361,0.781361,0.781361
343,0.781273,0.781273,0.781273
344,0.781211,0.781212,0.781211
345,0.781147,0.781148,0.781147
346,0.78108,0.78108,0.78108
347,0.781042,0.781043,0.781042
348,0.780972,0.780973,0.780972
349,0.780888,0.780889,0.780888
350,0.780803,0.780803,0.780803
351,0.780761,0.780761,0.780761
352,0.780729,0.780729,0.780729
353,0.780691,0.780691,0.780691
354,0.780665,0.780665,0.780665
355,0.78059,0.78059,0.780589
356,0.780563,0.780563,0.780563
357,0.780536,0.780536,0.780536
358,0.78046,0.780461,0.78046
359,0.78037,0.78037,0.78037
360,0.780337,0.780338,0.780337
361,0.780262,0.780262,0.780261
362,0.780176,0.780176,0.780176
363,0.780132,0.780132,0.780132
364,0.780049,0.78005,0.780049
365,0.779974,0.779974,0.779974
366,0.77991,0.779911,0.77991
367,0.779825,0.779826,0.779825
368,0.779739,0.779739,0.779739
369,0.779699,0.7797,0.779699
370,0.779635,0.779635,0.779635
371,0.77959,0.77959,0.77959
372,0.779537,0.779537,0.779537
373,0.779497,0.779498,0.779497
374,0.779421,0.779421,0.77942
375,0.779396,0.779396,0.779396
376,0.779316,0.779316,0.779316
377,0.779279,0.779279,0.779279
378,0.779244,0.779244,0.779244
379,0.779171,0.779171,0.779171
380,0.779085,0.779085,0.779084
381,0.779027,0.779027,0.779027
382,0.779001,0.779002,0.779001
383,0.77896,0.77896,0.77896
384,0.778907,0.778908,0.778907
385,0.778825,0.778825,0.778824
386,0.778745,0.778745,0.778745
387,0.778674,0.778675,0.778674
388,0.77859,0.77859,0.77859
389,0.778499,0.778499,0.778499
390,0.778446,0.778447,0.778446
391,0.778362,0.778363,0.778362
392,0.778322,0.778322,0.778322
393,0.778276,0.778276,0.778276
394,0.778204,0.778204,0.778204
395,0.778153,0.778153,0.778153
396,0.778093,0.778093,0.778093
397,0.778026,0.778026,0.778026
398,0.777959,0.77796,0.777959
399,0.777939,0.777939,0.777939
400,0.777884,0.777884,0.777884
401,0.777863,0.777863,0.777863
402,0.777814,0.777815,0.777814
403,0.77776,0.77776,0.77776
404,0.77774,0.77774,0.77774
405,0.777682,0.777683,0.777682
406,0.77761,0.777611,0.77761
407,0.777586,0.777587,0.777586
408,0.777503,0.777504,0.777503
409,0.777458,0.777458,0.777458
410,0.777433,0.777433,0.777433
411,0.777382,0.777383,0.777383
412,0.777321,0.777321,0.777321
413,0.777278,0.777279,0.777279
414,0.777209,0.77721,0.77721
415,0.777131,0.777131,0.777131
416,0.777068,0.777068,0.777068
417,0.77701,0.77701,0.77701
418,0.776921,0.776921,0.776921
419,0.776858,0.776859,0.776859
420,0.776798,0.776798,0.776798
421,0.776747,0.776748,0.776748
422,0.776704,0.776704,0.776704
423,0.77665,0.776651,0.776651
424,0.776597,0.776598,0.776598
425,0.776569,0.776569,0.776569
426,0.776539,0.77654,0.77654
427,0.776464,0.776464,0.776464
428,0.776427,0.776428,0.776428
429,0.776381,0.776382,0.776382
430,0.776355,0.776355,0.776355
431,0.776302,0.776303,0.776303
432,0.776259,0.776259,0.776259
433,0.776227,0.776227,0.776227
434,0.776168,0.776169,0.776169
435,0.776148,0.776148,0.776148
436,0.776073,0.776074,0.776074
437,0.776003,0.776003,0.776003
438,0.775945,0.775945,0.775945
439,0.775904,0.775904,0.775904
440,0.775851,0.775852,0.775851
441,0.775786,0.775787,0.775787
442,0.775732,0.775732,0.775732
443,0.775646,0.775646,0.775646
444,0.775591,0.775592,0.775592
445,0.775546,0.775546,0.775546
446,0.775474,0.775474,0.775474
447,0.77542,0.77542,0.77542
448,0.775345,0.775346,0.775346
449,0.775268,0.775268,0.775268
450,0.775211,0.775211,0.775211
451,0.775179,0.775179,0.775179
452,0.775116,0.775117,0.775117
453,0.775055,0.775056,0.775055
454,0.775001,0.775002,0.775002
455,0.774922,0.774923,0.774922
456,0.77489,0.774891,0.77489
457,0.774856,0.774856,0.774856
458,0.77478,0.77478,0.77478
459,0.774756,0.774756,0.774756
460,0.774698,0.774698,0.774698
461,0.774622,0.774622,0.774622
462,0.774534,0.774535,0.774535
463,0.774504,0.774505,0.774504
464,0.774434,0.774434,0.774434
465,0.774364,0.774365,0.774364
466,0.774325,0.774325,0.774325
467,0.774252,0.774252,0.774252
468,0.774176,0.774176,0.774176
469,0.774118,0.774118,0.774118
470,0.774038,0.774039,0.774038
471,0.773995,0.773995,0.773995
472,0.773972,0.773972,0.773972
473,0.773892,0.773893,0.773892
474,0.773803,0.773803,0.773803
475,0.773772,0.773773,0.773772
476,0.773691,0.773691,0.773691
477,0.773648,0.773648,0.773648
478,0.773622,0.773622,0.773622
479,0.773532,0.773533,0.773533
480,0.773481,0.773481,0.773481
481,0.773453,0.773453,0.773453
482,0.77337,0.77337,0.77337
483,0.773303,0.773303,0.773303
484,0.773221,0.773221,0.773221
485,0.773153,0.773153,0.773153
486,0.773133,0.773133,0.773133
487,0.773102,0.773102,0.773102
488,0.773023,0.773023,0.773023
489,0.772945,0.772946,0.772946
490,0.772925,0.772926,0.772926
491,0.772893,0.772893,0.772893
492,0.772836,0.772837,0.772837
493,0.772792,0.772792,0.772792
494,0.772711,0.772711,0.772712
495,0.772638,0.772638,0.772638
496,0.772562,0.772562,0.772563
497,0.772525,0.772525,0.772526
498,0.772435,0.772435,0.772435
499,0.772381,0.772382,0.772382
500,0.772302,0.772302,0.772302
501,0.772216,0.772216,0.772216
502,0.772155,0.772156,0.772156
503,0.772087,0.772088,0.772088
504,0.772009,0.772009,0.772009
505,0.771989,0.771989,0.771989
506,0.771968,0.771968,0.771968
507,0.771901,0.771901,0.771901
508,0.771836,0.771837,0.771837
509,0.771775,0.771775,0.771775
510,0.771737,0.771738,0.771738
511,0.77169,0.771691,0.771691
512,0.771653,0.771653,0.771653
513,0.771611,0.771611,0.771611
514,0.771543,0.771544,0.771543
515,0.771511,0.771512,0.771512
516,0.771464,0.771465,0.771464
517,0.771381,0.771382,0.771381
518,0.771358,0.771358,0.771358
519,0.771279,0.77128,0.77128
520,0.771208,0.771208,0.771208
521,0.771119,0.77112,0.771119
522,0.771061,0.771061,0.771061
523,0.771027,0.771027,0.771027
524,0.770986,0.770986,0.770986
525,0.770915,0.770915,0.770915
526,0.770835,0.770836,0.770835
527,0.770811,0.770811,0.770811
528,0.770761,0.770762,0.770761
529,0.77072,0.77072,0.77072
530,0.770657,0.770657,0.770657
531,0.770587,0.770587,0.770587
532,0.770519,0.770519,0.770519
533,0.770494,0.770494,0.770494
534,0.770406,0.770406,0.770406
535,0.77036,0.77036,0.77036
536,0.770316,0.770316,0.770316
537,0.770286,0.770286,0.770286
538,0.770227,0.770227,0.770227
539,0.770146,0.770146,0.770146
540,0.770101,0.770101,0.770101
541,0.77002,0.770021,0.770021
542,0.77,0.770001,0.77
543,0.76991,0.769911,0.76991
544,0.769886,0.769887,0.769886
545,0.769813,0.769814,0.769813
546,0.769734,0.769734,0.769734
547,0.769701,0.769702,0.769701
548,0.769644,0.769644,0.769644
549,0.769596,0.769596,0.769596
550,0.769574,0.769574,0.769574
551,0.769511,0.769511,0.769511
552,0.769453,0.769454,0.769454
553,0.769401,0.769401,0.769401
554,0.769347,0.769347,0.769347
555,0.76929,0.76929,0.76929
556,0.769256,0.769257,0.769256
557,0.769232,0.769232,0.769232
558,0.769162,0.769163,0.769162
559,0.769073,0.769074,0.769073
560,0.769038,0.769039,0.769038
561,0.769018,0.769018,0.769017
562,0.768937,0.768938,0.768937
563,0.768875,0.768876,0.768875
564,0.768828,0.768828,0.768827
565,0.768763,0.768763,0.768763
566,0.768702,0.768703,0.768702
567,0.76865,0.768651,0.76865
568,0.768607,0.768608,0.768607
569,0.768545,0.768545,0.768545
570,0.768484,0.768484,0.768483
571,0.768402,0.768402,0.768401
572,0.768354,0.768354,0.768354
573,0.768297,0.768298,0.768297
574,0.768226,0.768226,0.768226
575,0.768143,0.768144,0.768143
576,0.768109,0.768109,0.768109
577,0.768069,0.76807,0.768069
578,0.768004,0.768004,0.768004
579,0.767967,0.767968,0.767967
580,0.76792,0.767921,0.76792
581,0.767888,0.767888,0.767888
582,0.767841,0.767842,0.767841
583,0.767781,0.767782,0.767781
584,0.767748,0.767748,0.767748
585,0.767681,0.767682,0.767681
586,0.767661,0.767661,0.767661
587,0.767623,0.767623,0.767623
588,0.767549,0.767549,0.767549
589,0.767464,0.767464,0.767464
590,0.76738,0.767381,0.76738
591,0.767319,0.76732,0.767319
592,0.7673,0.767301,0.767301
593,0.767226,0.767226,0.767226
594,0.767171,0.767172,0.767172
595,0.767116,0.767117,0.767117
596,0.767032,0.767032,0.767032
597,0.766965,0.766965,0.766965
598,0.766933,0.766934,0.766934
599,0.766883,0.766883,0.766883
600,0.766845,0.766845,0.766845
601,0.766824,0.766824,0.766824
602,0.766799,0.766799,0.766799
603,0.76671,0.766711,0.76671
604,0.766675,0.766675,0.766675
605,0.766585,0.766585,0.766585
606,0.766561,0.766562,0.766561
607,0.76653,0.76653,0.76653
608,0.766456,0.766456,0.766456
609,0.766422,0.766422,0.766422
610,0.766392,0.766392,0.766392
611,0.766301,0.766302,0.766301
612,0.76622,0.766221,0.76622
613,0.766176,0.766176,0.766176
614,0.766134,0.766134,0.766134
615,0.766073,0.766073,0.766073
616,0.766019,0.76602,0.766019
617,0.765975,0.765975,0.765975
618,0.765908,0.765909,0.765908
619,0.76585,0.76585,0.76585
620,0.765803,0.765804,0.765803
621,0.765738,0.765738,0.765738
622,0.765662,0.765662,0.765662
623,0.765574,0.765574,0.765574
624,0.765547,0.765547,0.765547
625,0.765513,0.765514,0.765513
626,0.765464,0.765464,0.765463
627,0.76542,0.765421,0.76542
628,0.765387,0.765388,0.765387
629,0.765342,0.765342,0.765342
630,0.765258,0.765259,0.765258
631,0.765179,0.765179,0.765179
632,0.765131,0.765132,0.765131
633,0.765042,0.765042,0.765042
634,0.76501,0.765011,0.76501
635,0.764975,0.764975,0.764975
636,0.764883,0.764884,0.764883
637,0.764802,0.764803,0.764802
638,0.764732,0.764732,0.764732
639,0.764685,0.764686,0.764685
640,0.764625,0.764625,0.764624
641,0.764548,0.764549,0.764548
642,0.764517,0.764517,0.764516
643,0.764445,0.764445,0.764445
644,0.76438,0.764381,0.76438
645,0.764298,0.764299,0.764298
646,0.764266,0.764267,0.764266
647,0.764212,0.764212,0.764211
648,0.764184,0.764184,0.764184
649,0.76412,0.764121,0.76412
650,0.764051,0.764052,0.764051
651,0.763963,0.763963,0.763963
652,0.763939,0.763939,0.763939
653,0.763884,0.763885,0.763884
654,0.763835,0.763836,0.763836
655,0.763791,0.763792,0.763792
656,0.763713,0.763714,0.763714
657,0.763668,0.763668,0.763668
658,0.763581,0.763581,0.763581
659,0.763555,0.763556,0.763555
660,0.763502,0.763503,0.763502
661,0.763475,0.763476,0.763476
662,0.763443,0.763443,0.763443
663,0.763423,0.763424,0.763423
664,0.763396,0.763396,0.763396
665,0.763306,0.763307,0.763307
666,0.763249,0.763249,0.763249
667,0.763186,0.763186,0.763186
668,0.76315,0.76315,0.76315
669,0.763122,0.763122,0.763122
670,0.763056,0.763056,0.763056
671,0.762973,0.762974,0.762974
672,0.762945,0.762946,0.762946
673,0.762861,0.762861,0.762861
674,0.762791,0.762791,0.762791
675,0.762772,0.762773,0.762773
676,0.762736,0.762736,0.762737
677,0.762698,0.762698,0.762698
678,0.762666,0.762666,0.762666
679,0.762645,0.762646,0.762646
680,0.762598,0.762599,0.762599
681,0.762538,0.762539,0.762539
682,0.762452,0.762452,0.762452
683,0.762383,0.762384,0.762384
684,0.762305,0.762305,0.762305
685,0.762281,0.762281,0.762281
686,0.762207,0.762207,0.762207
687,0.76213,0.762131,0.762131
688,0.762095,0.762095,0.762095
689,0.762031,0.762031,0.762031
690,0.761996,0.761997,0.761997
691,0.761907,0.761907,0.761907
692,0.761884,0.761884,0.761884
693,0.761851,0.761851,0.761851
694,0.761796,0.761796,0.761796
695,0.761751,0.761752,0.761752
696,0.76168,0.76168,0.76168
697,0.76161,0.76161,0.76161
698,0.761538,0.761538,0.761538
699,0.761488,0.761488,0.761488
700,0.761423,0.761423,0.761423
701,0.761355,0.761355,0.761355
702,0.761315,0.761316,0.761316
703,0.761296,0.761296,0.761296
704,0.76127,0.76127,0.76127
705,0.76122,0.76122,0.76122
706,0.761196,0.761196,0.761196
707,0.761169,0.761169,0.761169
708,0.761094,0.761095,0.761095
709,0.76104,0.76104,0.76104
710,0.760948,0.760949,0.760948
711,0.760903,0.760903,0.760903
712,0.76088,0.760881,0.760881
713,0.760799,0.7608,0.7608
714,0.760757,0.760757,0.760757
715,0.76071,0.76071,0.76071
716,0.760691,0.760692,0.760691
717,0.760624,0.760624,0.760624
718,0.760605,0.760605,0.760605
719,0.760532,0.760533,0.760533
720,0.760495,0.760495,0.760495
721,0.760447,0.760447,0.760447
722,0.760418,0.760418,0.760418
723,0.760343,0.760343,0.760343
724,0.760269,0.760269,0.760269
725,0.760192,0.760192,0.760192
726,0.760114,0.760115,0.760114
727,0.760096,0.760096,0.760096
728,0.760058,0.760059,0.760059
729,0.759966,0.759967,0.759966
730,0.759879,0.759879,0.759879
731,0.759788,0.759788,0.759788
732,0.759716,0.759717,0.759717
733,0.759634,0.759634,0.759634
734,0.759601,0.759601,0.759601
735,0.759582,0.759582,0.759582
736,0.75956,0.75956,0.75956
737,0.759485,0.759485,0.759485
738,0.75945,0.759451,0.759451
739,0.759395,0.759395,0.759395
740,0.75935,0.75935,0.75935
741,0.759291,0.759291,0.759291
742,0.7592,0.7592,0.7592
743,0.759168,0.759168,0.759168
744,0.759132,0.759132,0.759132
745,0.759079,0.759079,0.759079
746,0.759059,0.75906,0.759059
747,0.758986,0.758986,0.758986
748,0.758962,0.758962,0.758962
749,0.758921,0.758922,0.758921
750,0.758895,0.758896,0.758895
751,0.75887,0.75887,0.75887
752,0.758844,0.758844,0.758844
753,0.758818,0.758819,0.758818
754,0.758752,0.758752,0.758752
755,0.758671,0.758671,0.758671
756,0.758599,0.758599,0.758599
757,0.758548,0.758548,0.758547
758,0.758482,0.758482,0.758482
759,0.758401,0.758402,0.758401
760,0.758316,0.758316,0.758316
761,0.758281,0.758282,0.758281
762,0.758241,0.758241,0.75824
763,0.758156,0.758157,0.758156
764,0.758081,0.758082,0.758081
765,0.75803,0.75803,0.758029
766,0.757962,0.757963,0.757962
767,0.75792,0.757921,0.75792
768,0.757836,0.757836,0.757836
769,0.75781,0.75781,0.757809
770,0.757718,0.757718,0.757717
771,0.757647,0.757648,0.757647
772,0.757604,0.757604,0.757603
773,0.757573,0.757574,0.757573
774,0.757532,0.757533,0.757532
775,0.757474,0.757474,0.757473
776,0.757437,0.757437,0.757436
777,0.757406,0.757406,0.757405
778,0.75735,0.75735,0.757349
779,0.757299,0.7573,0.757299
780,0.757222,0.757222,0.757222
781,0.75717,0.75717,0.75717
782,0.757103,0.757104,0.757103
783,0.757017,0.757017,0.757017
784,0.756966,0.756966,0.756966
785,0.756941,0.756941,0.756941
786,0.756889,0.75689,0.756889
787,0.756869,0.75687,0.756869
788,0.756842,0.756842,0.756842
789,0.756805,0.756806,0.756805
790,0.756759,0.756759,0.756758
791,0.756706,0.756706,0.756706
792,0.756646,0.756647,0.756646
793,0.75661,0.756611,0.75661
794,0.756581,0.756581,0.756581
795,0.756551,0.756551,0.756551
796,0.756499,0.7565,0.756499
797,0.756423,0.756423,0.756423
798,0.756344,0.756344,0.756344
799,0.75629,0.756291,0.75629
800,0.756255,0.756255,0.756255
801,0.756229,0.756229,0.756229
802,0.756152,0.756152,0.756152
803,0.756112,0.756112,0.756112
804,0.756044,0.756044,0.756044
805,0.755965,0.755965,0.755965
806,0.755922,0.755922,0.755922
807,0.755857,0.755857,0.755857
808,0.75582,0.75582,0.75582
809,0.755736,0.755737,0.755736
810,0.755688,0.755688,0.755688
811,0.75562,0.755621,0.75562
812,0.755584,0.755585,0.755584
813,0.755556,0.755557,0.755556
814,0.755514,0.755514,0.755514
815,0.75548,0.755481,0.75548
816,0.75542,0.755421,0.75542
817,0.755335,0.755336,0.755335
818,0.755297,0.755297,0.755297
819,0.755271,0.755271,0.755271
820,0.755218,0.755219,0.755218
821,0.755127,0.755127,0.755127
822,0.75505,0.75505,0.755049
823,0.754976,0.754977,0.754976
824,0.754886,0.754887,0.754886
825,0.75482,0.75482,0.75482
826,0.754794,0.754795,0.754794
827,0.754741,0.754742,0.754741
828,0.754651,0.754652,0.754651
829,0.754565,0.754566,0.754565
830,0.754513,0.754514,0.754513
831,0.75447,0.75447,0.754469
832,0.754382,0.754383,0.754382
833,0.7543,0.7543,0.754299
834,0.754211,0.754211,0.754211
835,0.75414,0.754141,0.75414
836,0.754085,0.754085,0.754085
837,0.754059,0.754059,0.754058
838,0.753967,0.753967,0.753966
839,0.753878,0.753878,0.753877
840,0.753825,0.753825,0.753824
841,0.753797,0.753798,0.753797
842,0.753764,0.753764,0.753763
843,0.753693,0.753693,0.753692
844,0.753606,0.753606,0.753605
845,0.753547,0.753547,0.753546
846,0.753493,0.753493,0.753492
847,0.753448,0.753449,0.753448
848,0.7534,0.7534,0.753399
849,0.753326,0.753327,0.753326
850,0.753248,0.753248,0.753247
851,0.753157,0.753157,0.753156
852,0.753067,0.753067,0.753066
853,0.753023,0.753024,0.753023
854,0.752933,0.752933,0.752932
855,0.752905,0.752905,0.752904
856,0.752818,0.752818,0.752817
857,0.752782,0.752782,0.752781
858,0.752715,0.752715,0.752714
859,0.752639,0.752639,0.752638
860,0.752619,0.752619,0.752618
861,0.752587,0.752588,0.752587
862,0.752516,0.752516,0.752515
863,0.752424,0.752424,0.752423
864,0.752395,0.752395,0.752395
865,0.752333,0.752333,0.752332
866,0.752282,0.752282,0.752282
867,0.752221,0.752221,0.75222
868,0.752197,0.752198,0.752197
869,0.752133,0.752134,0.752133
870,0.752087,0.752087,0.752087
871,0.752019,0.752019,0.752018
872,0.75194,0.75194,0.75194
873,0.751896,0.751896,0.751895
874,0.751839,0.75184,0.751839
875,0.751752,0.751752,0.751752
876,0.751686,0.751687,0.751686
877,0.751604,0.751604,0.751604
878,0.751576,0.751577,0.751576
879,0.751484,0.751484,0.751484
880,0.751449,0.751449,0.751449
881,0.751373,0.751373,0.751373
882,0.751306,0.751306,0.751306
883,0.751244,0.751244,0.751244
884,0.751199,0.751199,0.751199
885,0.751129,0.751129,0.751129
886,0.751077,0.751078,0.751078
887,0.751026,0.751026,0.751026
888,0.75097,0.750971,0.75097
889,0.750912,0.750912,0.750912
890,0.750871,0.750871,0.750871
891,0.750835,0.750835,0.750835
892,0.750811,0.750812,0.750811
893,0.75072,0.750721,0.750721
894,0.750662,0.750662,0.750662
895,0.750615,0.750616,0.750616
896,0.750545,0.750546,0.750545
897,0.75048,0.75048,0.75048
898,0.750388,0.750388,0.750388
899,0.750299,0.750299,0.750299
900,0.750207,0.750207,0.750207
901,0.750145,0.750145,0.750145
902,0.75009,0.750091,0.75009
903,0.750039,0.750039,0.750039
904,0.749953,0.749954,0.749954
905,0.749889,0.74989,0.74989
906,0.74981,0.74981,0.74981
907,0.749765,0.749765,0.749765
908,0.749678,0.749678,0.749678
909,0.749591,0.749591,0.749591
910,0.74955,0.74955,0.74955
911,0.749492,0.749492,0.749492
912,0.749467,0.749467,0.749467
913,0.749392,0.749392,0.749392
914,0.749318,0.749318,0.749318
915,0.749251,0.749251,0.749251
916,0.749207,0.749207,0.749207
917,0.749124,0.749124,0.749124
918,0.749047,0.749047,0.749047
919,0.748984,0.748984,0.748984
920,0.74894,0.74894,0.74894
921,0.748865,0.748865,0.748865
922,0.748809,0.748809,0.748809
923,0.748781,0.748781,0.748781
924,0.748757,0.748757,0.748757
925,0.748698,0.748698,0.748698
926,0.748655,0.748655,0.748655
927,0.7486,0.7486,0.7486
928,0.748534,0.748535,0.748534
929,0.748477,0.748477,0.748477
930,0.748439,0.748439,0.748439
931,0.74841,0.74841,0.74841
932,0.748371,0.748371,0.748371
933,0.748327,0.748327,0.748327
934,0.748236,0.748237,0.748237
935,0.748154,0.748155,0.748154
936,0.748129,0.748129,0.748129
937,0.748055,0.748056,0.748056
938,0.747978,0.747978,0.747978
939,0.747931,0.747931,0.747931
940,0.747873,0.747873,0.747873
941,0.74785,0.74785,0.74785
942,0.747783,0.747783,0.747783
943,0.74774,0.747741,0.747741
944,0.747699,0.7477,0.747699
945,0.747664,0.747664,0.747664
946,0.74761,0.74761,0.74761
947,0.747572,0.747573,0.747573
948,0.747524,0.747524,0.747524
949,0.747449,0.74745,0.74745
950,0.747389,0.747389,0.747389
951,0.747331,0.747332,0.747332
952,0.747253,0.747254,0.747254
953,0.747202,0.747203,0.747203
954,0.747113,0.747114,0.747114
955,0.747027,0.747027,0.747027
956,0.74696,0.74696,0.74696
957,0.74694,0.746941,0.746941
958,0.746903,0.746904,0.746904
959,0.746882,0.746883,0.746883
960,0.746801,0.746801,0.746801
961,0.746781,0.746781,0.746781
962,0.746704,0.746704,0.746704
963,0.74668,0.74668,0.74668
964,0.746652,0.746653,0.746653
965,0.746591,0.746592,0.746592
966,0.746538,0.746538,0.746538
967,0.746494,0.746494,0.746495
968,0.746436,0.746436,0.746436
969,0.746395,0.746396,0.746396
970,0.746367,0.746367,0.746368
971,0.746301,0.746301,0.746301
972,0.746234,0.746234,0.746234
973,0.746169,0.746169,0.746169
974,0.746126,0.746127,0.746127
975,0.74607,0.74607,0.746071
976,0.746048,0.746049,0.746049
977,0.746029,0.746029,0.746029
978,0.746004,0.746004,0.746005
979,0.745963,0.745963,0.745963
980,0.745891,0.745891,0.745891
981,0.745812,0.745813,0.745813
982,0.745772,0.745772,0.745772
983,0.745681,0.745681,0.745681
984,0.745616,0.745616,0.745616
985,0.745566,0.745566,0.745566
986,0.745498,0.745499,0.745499
987,0.745452,0.745452,0.745452
988,0.745404,0.745404,0.745404
989,0.745313,0.745314,0.745314
990,0.74526,0.745261,0.745261
991,0.745219,0.745219,0.745219
992,0.745186,0.745187,0.745187
993,0.74514,0.74514,0.74514
994,0.745115,0.745115,0.745115
995,0.745055,0.745055,0.745055
996,0.744975,0.744976,0.744976
997,0.744941,0.744941,0.744941
998,0.744883,0.744883,0.744883
999,0.744825,0.744825,0.744825
1000,0.744766,0.744767,0.744767
1001,0.744676,0.744676,0.744676
1002,0.744647,0.744647,0.744647
1003,0.744605,0.744606,0.744605
1004,0.744541,0.744541,0.744541
1005,0.744481,0.744481,0.744481
1006,0.744421,0.744421,0.744421
1007,0.744329,0.74433,0.74433
1008,0.744311,0.744311,0.744311
1009,0.744291,0.744292,0.744292
1010,0.744244,0.744245,0.744245
1011,0.744195,0.744195,0.744195
1012,0.744119,0.74412,0.74412
1013,0.744048,0.744049,0.744049
1014,0.743964,0.743965,0.743965
1015,0.743917,0.743918,0.743918
1016,0.743836,0.743836,0.743836
1017,0.743753,0.743753,0.743753
1018,0.743696,0.743696,0.743696
1019,0.743608,0.743608,0.743608
1020,0.743541,0.743541,0.743541
1021,0.743491,0.743491,0.743491
1022,0.743449,0.743449,0.743449
1023,0.743386,0.743386,0.743386
1024,0.743357,0.743357,0.743357
1025,0.743292,0.743293,0.743293
1026,0.743243,0.743243,0.743243
1027,0.743209,0.743209,0.743209
1028,0.74319,0.74319,0.74319
1029,0.743157,0.743158,0.743157
1030,0.743103,0.743103,0.743103
1031,0.743036,0.743036,0.743036
1032,0.742989,0.742989,0.742989
1033,0.742963,0.742964,0.742963
1034,0.7429,0.742901,0.7429
1035,0.742827,0.742828,0.742827
1036,0.742796,0.742796,0.742796
1037,0.742759,0.74276,0.742759
1038,0.742688,0.742688,0.742688
1039,0.742662,0.742663,0.742662
1040,0.74258,0.74258,0.74258
1041,0.742536,0.742536,0.742536
1042,0.742444,0.742445,0.742444
1043,0.742421,0.742421,0.742421
1044,0.742377,0.742377,0.742377
1045,0.74229,0.742291,0.74229
1046,0.742216,0.742217,0.742216
1047,0.742165,0.742165,0.742165
1048,0.742102,0.742102,0.742102
1049,0.742079,0.742079,0.742079
1050,0.742003,0.742003,0.742003
1051,0.741934,0.741934,0.741934
1052,0.741895,0.741895,0.741895
1053,0.741827,0.741827,0.741826
1054,0.741791,0.741791,0.74179
1055,0.741738,0.741738,0.741737
1056,0.741664,0.741665,0.741664
1057,0.741644,0.741645,0.741644
1058,0.74158,0.741581,0.74158
1059,0.741517,0.741517,0.741517
1060,0.741455,0.741455,0.741454
1061,0.741432,0.741433,0.741432
1062,0.741345,0.741346,0.741345
1063,0.741254,0.741255,0.741254
1064,0.741233,0.741234,0.741233
1065,0.741212,0.741213,0.741212
1066,0.741149,0.74115,0.741149
1067,0.7411,0.7411,0.7411
1068,0.741047,0.741047,0.741047
1069,0.74096,0.740961,0.74096
1070,0.740891,0.740892,0.740891
1071,0.740845,0.740845,0.740845
1072,0.740756,0.740757,0.740756
1073,0.740677,0.740677,0.740677
1074,0.740643,0.740643,0.740643
1075,0.740579,0.74058,0.740579
1076,0.740528,0.740528,0.740528
1077,0.74047,0.74047,0.74047
1078,0.740448,0.740449,0.740448
1079,0.740416,0.740417,0.740416
1080,0.740367,0.740368,0.740367
1081,0.740284,0.740285,0.740285
1082,0.740259,0.740259,0.740259
1083,0.740184,0.740184,0.740184
1084,0.740135,0.740136,0.740135
1085,0.740068,0.740068,0.740068
1086,0.740027,0.740027,0.740027
1087,0.739938,0.739939,0.739938
1088,0.739871,0.739871,0.739871
1089,0.739823,0.739823,0.739823
1090,0.739735,0.739735,0.739735
1091,0.739647,0.739648,0.739647
1092,0.739606,0.739607,0.739606
1093,0.739581,0.739581,0.739581
1094,0.739493,0.739494,0.739493
1095,0.739439,0.73944,0.739439
1096,0.739411,0.739411,0.739411
1097,0.739385,0.739385,0.739385
1098,0.739339,0.739339,0.739339
1099,0.739311,0.739311,0.739311
1100,0.739267,0.739268,0.739267
1101,0.739224,0.739225,0.739224
1102,0.739134,0.739134,0.739134
1103,0.739062,0.739062,0.739062
1104,0.738996,0.738996,0.738996
1105,0.738912,0.738913,0.738912
1106,0.738846,0.738847,0.738846
1107,0.738826,0.738826,0.738826
1108,0.738757,0.738758,0.738757
1109,0.738695,0.738695,0.738695
1110,0.73864,0.73864,0.73864
1111,0.738559,0.73856,0.738559
1112,0.738507,0.738507,0.738507
1113,0.738479,0.738479,0.738478
1114,0.738431,0.738431,0.738431
1115,0.738405,0.738405,0.738405
1116,0.73832,0.738321,0.73832
1117,0.738229,0.738229,0.738229
1118,0.738201,0.738201,0.738201
1119,0.738139,0.738139,0.738139
1120,0.738098,0.738098,0.738098
1121,0.738055,0.738056,0.738055
1122,0.738023,0.738024,0.738023
1123,0.737956,0.737956,0.737956
1124,0.737878,0.737878,0.737878
1125,0.737805,0.737805,0.737805
1126,0.737764,0.737764,0.737764
1127,0.737691,0.737691,0.737691
1128,0.737653,0.737653,0.737653
1129,0.7376,0.737601,0.7376
1130,0.737546,0.737547,0.737546
1131,0.737514,0.737515,0.737514
1132,0.737456,0.737457,0.737457
1133,0.737435,0.737436,0.737436
1134,0.737359,0.737359,0.737359
1135,0.737331,0.737331,0.737331
1136,0.737279,0.737279,0.737279
1137,0.737207,0.737207,0.737207
1138,0.73717,0.73717,0.73717
1139,0.737132,0.737132,0.737132
1140,0.73707,0.73707,0.73707
1141,0.736993,0.736994,0.736993
1142,0.736961,0.736961,0.736961
1143,0.736893,0.736894,0.736894
1144,0.736858,0.736858,0.736858
1145,0.736812,0.736812,0.736812
1146,0.736742,0.736742,0.736742
1147,0.73671,0.736711,0.73671
1148,0.73664,0.736641,0.736641
1149,0.73658,0.736581,0.736581
1150,0.736521,0.736521,0.736521
1151,0.736481,0.736481,0.736481
1152,0.736412,0.736412,0.736412
1153,0.736391,0.736392,0.736391
1154,0.736363,0.736363,0.736363
1155,0.736311,0.736311,0.736311
1156,0.736242,0.736242,0.736242
1157,0.736183,0.736184,0.736184
1158,0.736152,0.736152,0.736152
1159,0.736126,0.736127,0.736127
1160,0.736056,0.736057,0.736057
1161,0.735998,0.735998,0.735998
1162,0.735945,0.735945,0.735945
1163,0.735911,0.735911,0.735911
1164,0.735819,0.735819,0.735819
1165,0.735799,0.7358,0.735799
1166,0.735736,0.735736,0.735736
1167,0.735702,0.735702,0.735702
1168,0.735655,0.735656,0.735655
1169,0.735619,0.73562,0.73562
1170,0.735584,0.735584,0.735584
1171,0.735552,0.735553,0.735553
1172,0.735469,0.735469,0.735469
1173,0.735443,0.735444,0.735443
1174,0.735384,0.735385,0.735385
1175,0.735341,0.735341,0.735341
1176,0.735279,0.73528,0.73528
1177,0.735209,0.735209,0.735209
1178,0.735134,0.735135,0.735134
1179,0.735099,0.735099,0.735099
1180,0.735058,0.735058,0.735058
1181,0.734969,0.73497,0.734969
1182,0.734928,0.734928,0.734928
1183,0.734858,0.734859,0.734858
1184,0.734804,0.734805,0.734805
1185,0.73473,0.734731,0.73473
1186,0.734678,0.734678,0.734678
1187,0.734628,0.734628,0.734628
1188,0.734564,0.734564,0.734564
1189,0.734515,0.734515,0.734515
1190,0.734494,0.734494,0.734494
1191,0.734455,0.734455,0.734455
1192,0.734433,0.734434,0.734434
1193,0.73436,0.73436,0.73436
1194,0.734328,0.734328,0.734328
1195,0.734257,0.734257,0.734257
1196,0.734204,0.734205,0.734205
1197,0.734124,0.734124,0.734124
1198,0.734034,0.734035,0.734035
1199,0.734,0.734,0.734
1200,0.733933,0.733933,0.733933
1201,0.733887,0.733888,0.733888
1202,0.733817,0.733818,0.733818
1203,0.733754,0.733754,0.733755
1204,0.733667,0.733668,0.733668
1205,0.73359,0.733591,0.733591
1206,0.733501,0.733501,0.733501
1207,0.733474,0.733474,0.733474
1208,0.73343,0.73343,0.73343
1209,0.733409,0.73341,0.73341
1210,0.733371,0.733372,0.733372
1211,0.733282,0.733282,0.733282
1212,0.733196,0.733196,0.733196
1213,0.733132,0.733132,0.733132
1214,0.73311,0.73311,0.73311
1215,0.733054,0.733055,0.733055
1216,0.732979,0.732979,0.732979
1217,0.732908,0.732908,0.732908
1218,0.732852,0.732852,0.732852
1219,0.732813,0.732813,0.732813
1220,0.732781,0.732781,0.732781
1221,0.73274,0.732741,0.73274
1222,0.732712,0.732713,0.732713
1223,0.732628,0.732628,0.732628
1224,0.732584,0.732584,0.732584
1225,0.732558,0.732558,0.732558
1226,0.732485,0.732485,0.732485
1227,0.732459,0.732459,0.732459
1228,0.732432,0.732433,0.732432
1229,0.732373,0.732373,0.732373
1230,0.732292,0.732292,0.732292
1231,0.732208,0.732208,0.732208
1232,0.732137,0.732138,0.732137
1233,0.73206,0.73206,0.73206
1234,0.731993,0.731994,0.731993
1235,0.731971,0.731971,0.731971
1236,0.731887,0.731888,0.731887
1237,0.731816,0.731817,0.731816
1238,0.731779,0.731779,0.731779
1239,0.731693,0.731693,0.731693
1240,0.731606,0.731607,0.731606
1241,0.731544,0.731544,0.731543
1242,0.731457,0.731458,0.731457
1243,0.731393,0.731393,0.731393
1244,0.73132,0.73132,0.73132
1245,0.731235,0.731236,0.731235
1246,0.731193,0.731193,0.731193
1247,0.731174,0.731174,0.731174
1248,0.73111,0.731111,0.731111
1249,0.731047,0.731048,0.731047
1250,0.731028,0.731028,0.731028
1251,0.730972,0.730972,0.730972
1252,0.730884,0.730885,0.730885
1253,0.730842,0.730842,0.730842
1254,0.730785,0.730786,0.730786
1255,0.730695,0.730695,0.730695
1256,0.73062,0.73062,0.73062
1257,0.73054,0.73054,0.73054
1258,0.730487,0.730488,0.730488
1259,0.730428,0.730428,0.730428
1260,0.73035,0.730351,0.730351
1261,0.730316,0.730316,0.730316
1262,0.730267,0.730267,0.730267
1263,0.730238,0.730238,0.730238
1264,0.730211,0.730211,0.730212
1265,0.730171,0.730171,0.730171
1266,0.730136,0.730136,0.730136
1267,0.730062,0.730062,0.730062
1268,0.730035,0.730036,0.730036
1269,0.729979,0.729979,0.729979
1270,0.729894,0.729894,0.729895
1271,0.729841,0.729841,0.729841
1272,0.729781,0.729781,0.729782
1273,0.729691,0.729692,0.729692
1274,0.729611,0.729611,0.729611
1275,0.729565,0.729566,0.729566
1276,0.729535,0.729535,0.729535
1277,0.729492,0.729492,0.729492
1278,0.729451,0.729452,0.729452
1279,0.729417,0.729417,0.729417
1280,0.729361,0.729361,0.729361
1281,0.729285,0.729285,0.729285
1282,0.72921,0.72921,0.72921
1283,0.729161,0.729162,0.729162
1284,0.72908,0.729081,0.72908
1285,0.729045,0.729046,0.729046
1286,0.729008,0.729008,0.729008
1287,0.728959,0.72896,0.72896
1288,0.728897,0.728898,0.728898
1289,0.728841,0.728841,0.728841
1290,0.728755,0.728755,0.728755
1291,0.728678,0.728679,0.728679
1292,0.728587,0.728588,0.728588
1293,0.728568,0.728569,0.728569
1294,0.728479,0.72848,0.72848
1295,0.728453,0.728454,0.728454
1296,0.728414,0.728414,0.728414
1297,0.72837,0.72837,0.728371
1298,0.728315,0.728316,0.728316
1299,0.728276,0.728276,0.728276
1300,0.728231,0.728231,0.728231
1301,0.728149,0.728149,0.728149
1302,0.728118,0.728119,0.728119
1303,0.728077,0.728077,0.728077
1304,0.727989,0.727989,0.727989
1305,0.727925,0.727926,0.727926
1306,0.727894,0.727895,0.727895
1307,0.727819,0.727819,0.727819
1308,0.727781,0.727781,0.727781
1309,0.727736,0.727736,0.727736
1310,0.727666,0.727667,0.727667
1311,0.727589,0.72759,0.72759
1312,0.727534,0.727535,0.727535
1313,0.727461,0.727461,0.727461
1314,0.72742,0.727421,0.727421
1315,0.727381,0.727381,0.727381
1316,0.727351,0.727352,0.727351
1317,0.727326,0.727326,0.727326
1318,0.727291,0.727291,0.727291
1319,0.727259,0.727259,0.727259
1320,0.727239,0.727239,0.727239
1321,0.727169,0.72717,0.72717
1322,0.727145,0.727145,0.727145
1323,0.72711,0.72711,0.72711
1324,0.727049,0.727049,0.727049
1325,0.727011,0.727012,0.727012
1326,0.726976,0.726976,0.726976
1327,0.7269,0.7269,0.7269
1328,0.726875,0.726875,0.726875
1329,0.726846,0.726846,0.726846
1330,0.726815,0.726816,0.726816
1331,0.72679,0.72679,0.72679
1332,0.726715,0.726716,0.726716
1333,0.726657,0.726657,0.726657
1334,0.726633,0.726633,0.726633
1335,0.726582,0.726582,0.726582
1336,0.726528,0.726528,0.726528
1337,0.72648,0.726481,0.726481
1338,0.726402,0.726402,0.726402
1339,0.726323,0.726323,0.726323
1340,0.7263,0.7263,0.7263
1341,0.726211,0.726211,0.726211
1342,0.726166,0.726166,0.726166
1343,0.726139,0.726139,0.726139
1344,0.726057,0.726058,0.726057
1345,0.726009,0.726009,0.726009
1346,0.725966,0.725967,0.725966
1347,0.72588,0.72588,0.72588
1348,0.725795,0.725796,0.725795
1349,0.725734,0.725734,0.725734
1350,0.725703,0.725703,0.725703
1351,0.725653,0.725653,0.725653
1352,0.725582,0.725582,0.725582
1353,0.725511,0.725511,0.725511
1354,0.72544,0.725441,0.72544
1355,0.725386,0.725387,0.725386
1356,0.725306,0.725306,0.725306
1357,0.725287,0.725287,0.725287
1358,0.725252,0.725252,0.725252
1359,0.725165,0.725166,0.725165
1360,0.725134,0.725134,0.725134
1361,0.725083,0.725083,0.725083
1362,0.725048,0.725048,0.725048
1363,0.724998,0.724998,0.724997
1364,0.72493,0.72493,0.72493
1365,0.724864,0.724864,0.724864
1366,0.724822,0.724823,0.724822
1367,0.724791,0.724791,0.72479
1368,0.72471,0.72471,0.72471
1369,0.724648,0.724648,0.724647
1370,0.724622,0.724622,0.724621
1371,0.724539,0.724539,0.724538
1372,0.724457,0.724457,0.724457
1373,0.724408,0.724409,0.724408
1374,0.724322,0.724323,0.724322
1375,0.724298,0.724298,0.724298
1376,0.72421,0.72421,0.72421
1377,0.724188,0.724189,0.724188
1378,0.724129,0.72413,0.724129
1379,0.724106,0.724106,0.724106
1380,0.724074,0.724074,0.724074
1381,0.724,0.724,0.724
1382,0.723947,0.723947,0.723947
1383,0.723885,0.723885,0.723885
1384,0.723795,0.723795,0.723795
1385,0.72377,0.72377,0.72377
1386,0.723732,0.723733,0.723732
1387,0.723688,0.723688,0.723688
1388,0.723653,0.723654,0.723653
1389,0.723583,0.723584,0.723583
1390,0.723532,0.723533,0.723533
1391,0.723446,0.723446,0.723446
1392,0.723421,0.723422,0.723421
1393,0.723401,0.723401,0.723401
1394,0.723332,0.723332,0.723332
1395,0.723288,0.723288,0.723288
1396,0.723253,0.723254,0.723254
1397,0.723225,0.723226,0.723225
1398,0.72319,0.72319,0.72319
1399,0.723166,0.723167,0.723167
1400,0.723111,0.723111,0.723111
1401,0.723081,0.723081,0.723082
1402,0.723051,0.723052,0.723052
1403,0.722975,0.722975,0.722976
1404,0.722931,0.722931,0.722932
1405,0.722873,0.722873,0.722873
1406,0.722845,0.722845,0.722845
1407,0.722754,0.722754,0.722755
1408,0.7227,0.7227,0.7227
1409,0.722626,0.722626,0.722626
1410,0.722555,0.722555,0.722555
1411,0.722471,0.722471,0.722471
1412,0.72245,0.722451,0.722451
1413,0.722404,0.722404,0.722404
1414,0.722361,0.722361,0.722361
1415,0.722334,0.722335,0.722335
1416,0.722263,0.722263,0.722263
1417,0.722175,0.722175,0.722175
1418,0.722115,0.722115,0.722115
1419,0.722074,0.722074,0.722074
1420,0.72202,0.722021,0.722021
1421,0.721987,0.721987,0.721987
1422,0.721904,0.721905,0.721904
1423,0.721848,0.721849,0.721848
1424,0.721796,0.721797,0.721796
1425,0.721771,0.721771,0.721771
1426,0.721683,0.721684,0.721683
1427,0.721652,0.721653,0.721652
1428,0.721575,0.721575,0.721575
1429,0.721491,0.721492,0.721491
1430,0.721437,0.721438,0.721437
1431,0.721369,0.721369,0.721369
1432,0.72133,0.72133,0.72133
1433,0.721296,0.721297,0.721296
1434,0.721222,0.721223,0.721222
1435,0.721194,0.721194,0.721194
1436,0.721122,0.721122,0.721122
1437,0.721091,0.721091,0.721091
1438,0.721033,0.721033,0.721033
1439,0.721005,0.721006,0.721005
1440,0.720937,0.720937,0.720937
1441,0.720862,0.720863,0.720862
1442,0.720833,0.720834,0.720833
1443,0.720758,0.720758,0.720758
1444,0.720719,0.720719,0.720719
1445,0.720698,0.720699,0.720699
1446,0.720649,0.720649,0.720649
1447,0.720577,0.720578,0.720578
1448,0.72053,0.72053,0.72053
1449,0.720461,0.720462,0.720461
1450,0.720403,0.720403,0.720403
1451,0.720381,0.720381,0.720381
1452,0.720312,0.720312,0.720312
1453,0.72023,0.72023,0.72023
1454,0.720196,0.720196,0.720196
1455,0.720175,0.720175,0.720175
1456,0.720136,0.720136,0.720136
1457,0.720053,0.720053,0.720053
1458,0.71997,0.71997,0.71997
1459,0.719916,0.719917,0.719916
1460,0.719867,0.719867,0.719866
1461,0.719801,0.719802,0.719801
1462,0.719747,0.719747,0.719747
1463,0.719682,0.719682,0.719682
1464,0.719652,0.719652,0.719652
1465,0.719577,0.719577,0.719577
1466,0.719494,0.719494,0.719494
1467,0.719449,0.719449,0.719449
1468,0.719369,0.719369,0.719369
1469,0.719287,0.719287,0.719287
1470,0.719228,0.719228,0.719228
1471,0.719155,0.719155,0.719155
1472,0.719102,0.719103,0.719102
1473,0.719058,0.719058,0.719058
1474,0.719034,0.719034,0.719034
1475,0.718952,0.718952,0.718951
1476,0.718909,0.718909,0.718909
1477,0.718845,0.718845,0.718845
1478,0.718791,0.718791,0.718791
1479,0.718716,0.718717,0.718716
1480,0.718689,0.71869,0.718689
1481,0.718633,0.718633,0.718632
1482,0.718544,0.718545,0.718544
1483,0.718453,0.718454,0.718453
1484,0.718364,0.718365,0.718364
1485,0.718316,0.718316,0.718315
1486,0.718288,0.718288,0.718287
1487,0.718251,0.718251,0.718251
1488,0.718186,0.718186,0.718185
1489,0.718119,0.71812,0.718119
1490,0.718082,0.718083,0.718082
1491,0.718001,0.718001,0.718
1492,0.717979,0.71798,0.717979
1493,0.71791,0.71791,0.717909
1494,0.717847,0.717847,0.717846
1495,0.717818,0.717818,0.717817
1496,0.717735,0.717735,0.717735
1497,0.717667,0.717667,0.717666
1498,0.717623,0.717623,0.717622
1499,0.717555,0.717555,0.717554
1500,0.717504,0.717505,0.717504
1501,0.71746,0.71746,0.717459
1502,0.717386,0.717387,0.717386
1503,0.717326,0.717327,0.717326
1504,0.717302,0.717302,0.717301
1505,0.717276,0.717276,0.717276
1506,0.717248,0.717249,0.717248
1507,0.71717,0.717171,0.71717
1508,0.7171,0.7171,0.717099
1509,0.717034,0.717034,0.717033
1510,0.716966,0.716967,0.716966
1511,0.716891,0.716892,0.716891
1512,0.71684,0.71684,0.716839
1513,0.716785,0.716786,0.716785
1514,0.716749,0.716749,0.716748
1515,0.716695,0.716695,0.716694
1516,0.716635,0.716635,0.716635
1517,0.716596,0.716597,0.716596
1518,0.716546,0.716547,0.716546
1519,0.716507,0.716508,0.716507
1520,0.716423,0.716424,0.716423
1521,0.716335,0.716336,0.716335
1522,0.716249,0.71625,0.716249
1523,0.716217,0.716218,0.716217
1524,0.716178,0.716178,0.716177
1525,0.716121,0.716121,0.71612
1526,0.716047,0.716047,0.716047
1527,0.716008,0.716008,0.716008
1528,0.715929,0.715929,0.715929
1529,0.715867,0.715867,0.715867
1530,0.715789,0.715789,0.715788
1531,0.715728,0.715728,0.715728
1532,0.715665,0.715665,0.715665
1533,0.715622,0.715622,0.715622
1534,0.715588,0.715588,0.715588
1535,0.715509,0.71551,0.715509
1536,0.715429,0.715429,0.715429
1537,0.715369,0.71537,0.715369
1538,0.715302,0.715303,0.715302
1539,0.715282,0.715283,0.715282
1540,0.715192,0.715193,0.715192
1541,0.715121,0.715121,0.715121
1542,0.7151,0.7151,0.7151
1543,0.715048,0.715048,0.715048
1544,0.714959,0.714959,0.714959
1545,0.714926,0.714926,0.714926
1546,0.714898,0.714898,0.714898
1547,0.714879,0.714879,0.714879
1548,0.714788,0.714788,0.714788
1549,0.714766,0.714767,0.714766
1550,0.714682,0.714682,0.714682
1551,0.71463,0.71463,0.71463
1552,0.714564,0.714564,0.714564
1553,0.714544,0.714544,0.714544
1554,0.714459,0.714459,0.714459
1555,0.714437,0.714437,0.714437
1556,0.714392,0.714393,0.714393
1557,0.714303,0.714303,0.714303
1558,0.714253,0.714254,0.714253
1559,0.714182,0.714183,0.714183
1560,0.714111,0.714111,0.714111
1561,0.71405,0.71405,0.71405
1562,0.713985,0.713986,0.713985
1563,0.713914,0.713914,0.713914
1564,0.713856,0.713856,0.713856
1565,0.713772,0.713772,0.713772
1566,0.713747,0.713747,0.713747
1567,0.713668,0.713669,0.713668
1568,0.713603,0.713603,0.713603
1569,0.713581,0.713581,0.713581
1570,0.71352,0.71352,0.71352
1571,0.713435,0.713436,0.713435
1572,0.713402,0.713402,0.713402
1573,0.71332,0.713321,0.71332
1574,0.713273,0.713273,0.713273
1575,0.713245,0.713245,0.713245
1576,0.713186,0.713186,0.713185
1577,0.713104,0.713105,0.713104
1578,0.713017,0.713017,0.713017
1579,0.71293,0.71293,0.71293
1580,0.712903,0.712904,0.712903
1581,0.712859,0.712859,0.712859
1582,0.712795,0.712795,0.712795
1583,0.712767,0.712767,0.712767
1584,0.712726,0.712726,0.712726
1585,0.712703,0.712704,0.712703
1586,0.712651,0.712651,0.712651
1587,0.712626,0.712626,0.712626
1588,0.712554,0.712555,0.712554
1589,0.712492,0.712492,0.712492
1590,0.712459,0.712459,0.712459
1591,0.712381,0.712381,0.71238
1592,0.712313,0.712313,0.712312
1593,0.71228,0.71228,0.71228
1594,0.71225,0.71225,0.712249
1595,0.712223,0.712223,0.712223
1596,0.712151,0.712152,0.712151
1597,0.712116,0.712116,0.712115
1598,0.712082,0.712082,0.712082
1599,0.712028,0.712029,0.712028
1600,0.712005,0.712006,0.712005
1601,0.71192,0.711921,0.71192
1602,0.711863,0.711864,0.711863
1603,0.711774,0.711775,0.711774
1604,0.711756,0.711756,0.711755
1605,0.711667,0.711668,0.711667
1606,0.711615,0.711615,0.711614
1607,0.711571,0.711572,0.711571
1608,0.711529,0.711529,0.711528
1609,0.711451,0.711451,0.711451
1610,0.711404,0.711404,0.711404
1611,0.711367,0.711368,0.711367
1612,0.711331,0.711331,0.711331
1613,0.711289,0.711289,0.711288
1614,0.711207,0.711207,0.711206
1615,0.711165,0.711165,0.711164
1616,0.711114,0.711115,0.711114
1617,0.711052,0.711052,0.711052
1618,0.710968,0.710968,0.710968
1619,0.71092,0.71092,0.710919
1620,0.710866,0.710866,0.710866
1621,0.710846,0.710847,0.710846
1622,0.710816,0.710816,0.710815
1623,0.710729,0.710729,0.710729
1624,0.71067,0.710671,0.71067
1625,0.710611,0.710611,0.710611
1626,0.710528,0.710529,0.710528
1627,0.710438,0.710438,0.710438
1628,0.710377,0.710377,0.710377
1629,0.710333,0.710333,0.710332
1630,0.710305,0.710305,0.710305
1631,0.710244,0.710245,0.710244
1632,0.710209,0.71021,0.710209
1633,0.71019,0.710191,0.71019
1634,0.710149,0.71015,0.710149
1635,0.710125,0.710126,0.710125
1636,0.710103,0.710104,0.710103
1637,0.710058,0.710058,0.710058
1638,0.709981,0.709982,0.709981
1639,0.709949,0.709949,0.709949
1640,0.709894,0.709894,0.709894
1641,0.709829,0.70983,0.709829
1642,0.709771,0.709772,0.709771
1643,0.709724,0.709724,0.709724
1644,0.709691,0.709691,0.709691
1645,0.709665,0.709665,0.709665
1646,0.709603,0.709603,0.709603
1647,0.709526,0.709526,0.709526
1648,0.709488,0.709489,0.709488
1649,0.709405,0.709405,0.709405
1650,0.70934,0.709341,0.70934
1651,0.709272,0.709273,0.709272
1652,0.709211,0.709212,0.709211
1653,0.709156,0.709157,0.709156
1654,0.709089,0.70909,0.709089
1655,0.709019,0.70902,0.709019
1656,0.70897,0.70897,0.70897
1657,0.708894,0.708894,0.708894
1658,0.708816,0.708817,0.708816
1659,0.708744,0.708745,0.708744
1660,0.708705,0.708705,0.708705
1661,0.708614,0.708614,0.708614
1662,0.708557,0.708558,0.708557
1663,0.708487,0.708488,0.708487
1664,0.708425,0.708425,0.708424
1665,0.708406,0.708406,0.708405
1666,0.708339,0.708339,0.708339
1667,0.708275,0.708276,0.708275
1668,0.70823,0.708231,0.70823
1669,0.708162,0.708162,0.708162
1670,0.708142,0.708143,0.708142
1671,0.70811,0.708111,0.70811
1672,0.708076,0.708077,0.708076
1673,0.708056,0.708056,0.708056
1674,0.707971,0.707971,0.70797
1675,0.707951,0.707952,0.707951
1676,0.707916,0.707916,0.707915
1677,0.707885,0.707886,0.707885
1678,0.707806,0.707806,0.707805
1679,0.707722,0.707722,0.707722
1680,0.70764,0.707641,0.70764
1681,0.707551,0.707551,0.70755
1682,0.707482,0.707483,0.707482
1683,0.707458,0.707458,0.707458
1684,0.707433,0.707434,0.707433
1685,0.707359,0.70736,0.707359
1686,0.707292,0.707293,0.707292
1687,0.707255,0.707255,0.707255
1688,0.707236,0.707236,0.707236
1689,0.707204,0.707204,0.707204
1690,0.707139,0.707139,0.707139
1691,0.707103,0.707104,0.707103
1692,0.707043,0.707043,0.707043
1693,0.706988,0.706989,0.706989
1694,0.706928,0.706928,0.706928
1695,0.706851,0.706851,0.706851
1696,0.706792,0.706793,0.706792
1697,0.706757,0.706758,0.706757
1698,0.70668,0.70668,0.70668
1699,0.706606,0.706606,0.706606
1700,0.706566,0.706566,0.706566
1701,0.706509,0.706509,0.706509
1702,0.70649,0.70649,0.70649
1703,0.706433,0.706434,0.706433
1704,0.706352,0.706352,0.706352
1705,0.70627,0.70627,0.70627
1706,0.706237,0.706237,0.706237
1707,0.706202,0.706203,0.706203
1708,0.70615,0.70615,0.70615
1709,0.706085,0.706086,0.706086
1710,0.706032,0.706032,0.706032
1711,0.705941,0.705941,0.705941
1712,0.705896,0.705897,0.705896
1713,0.705828,0.705829,0.705828
1714,0.7058,0.7058,0.7058
1715,0.705721,0.705722,0.705722
1716,0.705653,0.705653,0.705653
1717,0.705584,0.705584,0.705584
1718,0.705527,0.705528,0.705527
1719,0.705493,0.705494,0.705493
1720,0.705444,0.705445,0.705445
1721,0.705366,0.705366,0.705366
1722,0.705277,0.705278,0.705277
1723,0.705203,0.705204,0.705204
1724,0.705143,0.705144,0.705143
1725,0.705123,0.705124,0.705124
1726,0.705047,0.705047,0.705047
1727,0.705008,0.705008,0.705008
1728,0.704921,0.704922,0.704922
1729,0.704882,0.704883,0.704883
1730,0.70485,0.70485,0.70485
1731,0.704813,0.704813,0.704813
1732,0.704758,0.704759,0.704758
1733,0.704681,0.704681,0.704681
1734,0.704597,0.704597,0.704597
1735,0.704578,0.704578,0.704578
1736,0.704559,0.70456,0.70456
1737,0.704519,0.70452,0.70452
1738,0.704476,0.704476,0.704476
1739,0.704449,0.704449,0.704449
1740,0.70443,0.70443,0.70443
1741,0.704393,0.704393,0.704393
1742,0.704311,0.704311,0.704312
1743,0.704269,0.70427,0.70427
1744,0.704193,0.704194,0.704194
1745,0.704139,0.704139,0.70414
1746,0.704116,0.704117,0.704117
1747,0.704049,0.704049,0.704049
1748,0.704012,0.704012,0.704012
1749,0.703925,0.703925,0.703925
1750,0.70389,0.70389,0.703891
1751,0.703841,0.703841,0.703841
1752,0.703765,0.703766,0.703766
1753,0.703696,0.703697,0.703697
1754,0.70363,0.70363,0.70363
1755,0.703598,0.703598,0.703599
1756,0.703579,0.703579,0.703579
1757,0.703553,0.703553,0.703553
1758,0.703524,0.703525,0.703525
1759,0.703445,0.703445,0.703445
1760,0.703404,0.703405,0.703405
1761,0.703323,0.703324,0.703324
1762,0.703269,0.703269,0.703269
1763,0.703201,0.703201,0.703201
1764,0.703172,0.703172,0.703172
1765,0.703136,0.703137,0.703136
1766,0.703112,0.703112,0.703112
1767,0.70306,0.70306,0.70306
1768,0.702979,0.70298,0.70298
1769,0.702935,0.702936,0.702935
1770,0.702872,0.702873,0.702872
1771,0.702848,0.702848,0.702848
1772,0.702815,0.702815,0.702815
1773,0.702723,0.702723,0.702723
1774,0.702642,0.702643,0.702643
1775,0.702578,0.702578,0.702578
1776,0.702551,0.702552,0.702551
1777,0.702473,0.702473,0.702473
1778,0.702394,0.702395,0.702394
1779,0.702305,0.702305,0.702305
1780,0.702258,0.702258,0.702258
1781,0.702223,0.702224,0.702224
1782,0.702183,0.702184,0.702184
1783,0.702095,0.702095,0.702095
1784,0.70206,0.702061,0.70206
1785,0.702033,0.702034,0.702034
1786,0.701978,0.701978,0.701978
1787,0.701944,0.701944,0.701944
1788,0.701914,0.701914,0.701914
1789,0.701885,0.701886,0.701886
1790,0.701835,0.701835,0.701835
1791,0.701771,0.701772,0.701771
1792,0.701714,0.701715,0.701714
1793,0.701645,0.701645,0.701645
1794,0.701599,0.7016,0.701599
1795,0.701573,0.701573,0.701573
1796,0.701533,0.701534,0.701534
1797,0.701449,0.701449,0.701449
1798,0.701378,0.701379,0.701379
1799,0.701326,0.701326,0.701326
1800,0.701244,0.701244,0.701244
1801,0.701216,0.701217,0.701216
1802,0.701155,0.701155,0.701155
1803,0.70109,0.70109,0.70109
1804,0.701021,0.701022,0.701022
1805,0.700952,0.700953,0.700953
1806,0.700926,0.700927,0.700926
1807,0.700907,0.700908,0.700908
1808,0.700875,0.700875,0.700875
1809,0.700851,0.700851,0.700851
1810,0.70078,0.70078,0.70078
1811,0.700723,0.700723,0.700723
1812,0.70065,0.70065,0.70065
1813,0.700609,0.700609,0.700609
1814,0.700584,0.700585,0.700585
1815,0.700564,0.700565,0.700565
1816,0.700528,0.700528,0.700528
1817,0.700454,0.700455,0.700455
1818,0.700388,0.700389,0.700389
1819,0.700335,0.700336,0.700336
1820,0.700251,0.700251,0.700251
1821,0.700175,0.700176,0.700176
1822,0.700144,0.700145,0.700145
1823,0.700061,0.700061,0.700061
1824,0.700007,0.700008,0.700008
1825,0.699928,0.699928,0.699928
1826,0.699846,0.699846,0.699846
1827,0.699791,0.699791,0.699791
1828,0.699729,0.699729,0.699729
1829,0.699659,0.69966,0.699659
1830,0.699569,0.699569,0.699569
1831,0.69954,0.69954,0.69954
1832,0.699488,0.699489,0.699488
1833,0.699411,0.699412,0.699411
1834,0.699357,0.699357,0.699357
1835,0.699333,0.699333,0.699333
1836,0.6993,0.699301,0.6993
1837,0.699274,0.699274,0.699274
1838,0.699214,0.699215,0.699214
1839,0.699169,0.69917,0.699169
1840,0.69914,0.69914,0.69914
1841,0.699082,0.699082,0.699082
1842,0.699054,0.699054,0.699054
1843,0.698978,0.698978,0.698978
1844,0.698917,0.698917,0.698917
1845,0.698895,0.698895,0.698895
1846,0.698837,0.698838,0.698838
1847,0.698764,0.698765,0.698765
1848,0.698725,0.698725,0.698725
1849,0.698701,0.698701,0.698701
1850,0.698611,0.698611,0.698611
1851,0.698558,0.698559,0.698558
1852,0.698496,0.698496,0.698496
1853,0.698473,0.698473,0.698473
1854,0.69844,0.69844,0.69844
1855,0.69841,0.69841,0.69841
1856,0.698327,0.698327,0.698327
1857,0.698284,0.698284,0.698284
1858,0.698236,0.698236,0.698236
1859,0.698197,0.698197,0.698197
1860,0.698107,0.698108,0.698107
1861,0.698058,0.698058,0.698058
1862,0.69801,0.69801,0.69801
1863,0.697958,0.697958,0.697958
1864,0.697913,0.697913,0.697913
1865,0.697836,0.697836,0.697836
1866,0.69779,0.69779,0.69779
1867,0.697751,0.697751,0.697751
1868,0.697664,0.697664,0.697664
1869,0.697617,0.697618,0.697617
1870,0.697549,0.697549,0.697549
1871,0.697466,0.697466,0.697466
1872,0.697391,0.697391,0.697391
1873,0.69733,0.69733,0.69733
1874,0.697272,0.697273,0.697272
1875,0.697246,0.697246,0.697246
1876,0.697217,0.697218,0.697217
1877,0.697178,0.697179,0.697178
1878,0.697139,0.69714,0.697139
1879,0.697091,0.697092,0.697091
1880,0.697039,0.69704,0.697039
1881,0.696991,0.696991,0.69699
1882,0.696956,0.696956,0.696956
1883,0.696867,0.696868,0.696867
1884,0.696847,0.696847,0.696847
1885,0.696781,0.696781,0.696781
1886,0.696712,0.696712,0.696712
1887,0.696662,0.696663,0.696662
1888,0.696643,0.696643,0.696643
1889,0.696611,0.696611,0.696611
1890,0.696536,0.696537,0.696536
1891,0.696479,0.696479,0.696479
1892,0.696419,0.696419,0.696419
1893,0.696391,0.696391,0.696391
1894,0.696372,0.696372,0.696372
1895,0.696349,0.696349,0.696349
1896,0.696324,0.696325,0.696324
1897,0.696304,0.696304,0.696304
1898,0.696226,0.696226,0.696226
1899,0.69614,0.69614,0.696139
1900,0.696084,0.696085,0.696084
1901,0.696005,0.696006,0.696005
1902,0.695978,0.695978,0.695978
1903,0.695923,0.695924,0.695923
1904,0.695862,0.695863,0.695862
1905,0.695835,0.695835,0.695835
1906,0.695747,0.695748,0.695747
1907,0.695662,0.695662,0.695661
1908,0.695637,0.695638,0.695637
1909,0.695573,0.695574,0.695573
1910,0.695493,0.695494,0.695493
1911,0.695459,0.695459,0.695459
1912,0.695401,0.695402,0.695401
1913,0.695345,0.695345,0.695344
1914,0.695318,0.695319,0.695318
1915,0.695243,0.695243,0.695242
1916,0.695224,0.695224,0.695223
1917,0.695142,0.695142,0.695141
1918,0.695072,0.695073,0.695072
1919,0.695026,0.695026,0.695025
1920,0.694941,0.694942,0.694941
1921,0.694913,0.694913,0.694913
1922,0.694842,0.694842,0.694841
1923,0.694784,0.694784,0.694784
1924,0.694743,0.694744,0.694743
1925,0.694698,0.694699,0.694698
1926,0.694674,0.694674,0.694673
1927,0.69461,0.69461,0.69461
1928,0.694521,0.694522,0.694521
1929,0.694466,0.694466,0.694466
1930,0.694422,0.694423,0.694422
1931,0.694381,0.694382,0.694381
1932,0.694348,0.694348,0.694347
1933,0.694271,0.694271,0.694271
1934,0.694244,0.694244,0.694244
1935,0.694213,0.694214,0.694213
1936,0.694133,0.694134,0.694133
1937,0.694085,0.694085,0.694085
1938,0.693997,0.693997,0.693996
1939,0.693965,0.693965,0.693965
1940,0.693922,0.693922,0.693922
1941,0.693863,0.693863,0.693863
1942,0.693837,0.693837,0.693837
1943,0.693774,0.693774,0.693774
1944,0.693701,0.693702,0.693701
1945,0.693674,0.693674,0.693674
1946,0.69365,0.69365,0.69365
1947,0.693594,0.693594,0.693593
1948,0.693541,0.693541,0.69354
1949,0.693521,0.693521,0.693521
1950,0.693464,0.693464,0.693464
1951,0.69338,0.69338,0.69338
1952,0.693351,0.693351,0.693351
1953,0.693321,0.693321,0.69332
1954,0.693232,0.693232,0.693232
1955,0.693185,0.693185,0.693185
1956,0.693161,0.693162,0.693161
1957,0.693127,0.693128,0.693127
1958,0.693097,0.693098,0.693097
1959,0.693032,0.693032,0.693032
1960,0.692992,0.692992,0.692992
1961,0.692959,0.69296,0.69296
1962,0.692901,0.692902,0.692901
1963,0.692835,0.692835,0.692835
1964,0.692779,0.692779,0.692779
1965,0.692736,0.692736,0.692736
1966,0.69266,0.692661,0.692661
1967,0.692607,0.692608,0.692608
1968,0.69257,0.692571,0.692571
1969,0.692486,0.692487,0.692487
1970,0.692437,0.692437,0.692437
1971,0.692369,0.69237,0.692369
1972,0.692289,0.692289,0.692289
1973,0.692254,0.692254,0.692254
1974,0.692224,0.692224,0.692224
1975,0.692189,0.692189,0.692189
1976,0.692103,0.692103,0.692103
1977,0.692077,0.692078,0.692077
1978,0.692057,0.692057,0.692057
1979,0.691994,0.691995,0.691994
1980,0.691947,0.691947,0.691947
1981,0.691886,0.691886,0.691886
1982,0.691808,0.691808,0.691807
1983,0.691718,0.691719,0.691718
1984,0.691681,0.691681,0.691681
1985,0.69164,0.69164,0.69164
1986,0.691599,0.691599,0.691599
1987,0.691533,0.691533,0.691533
1988,0.69147,0.691471,0.69147
1989,0.691428,0.691429,0.691428
1990,0.691372,0.691372,0.691371
1991,0.691303,0.691304,0.691303
1992,0.691238,0.691238,0.691237
1993,0.691177,0.691178,0.691177
1994,0.691137,0.691138,0.691137
1995,0.691068,0.691068,0.691068
1996,0.691041,0.691041,0.691041
1997,0.690985,0.690985,0.690985
1998,0.690915,0.690916,0.690915
1999,0.690859,0.690859,0.690859
2000,0.690796,0.690796,0.690796
2001,0.690738,0.690738,0.690738
2002,0.690693,0.690693,0.690693
2003,0.690647,0.690648,0.690647
2004,0.690592,0.690592,0.690592
2005,0.690524,0.690524,0.690524
2006,0.690456,0.690456,0.690456
2007,0.690399,0.6904,0.690399
2008,0.690312,0.690313,0.690312
2009,0.690255,0.690255,0.690255
2010,0.690186,0.690186,0.690186
2011,0.690101,0.690102,0.690102
2012,0.690029,0.69003,0.69003
2013,0.689944,0.689945,0.689944
2014,0.689909,0.689909,0.689909
2015,0.689817,0.689818,0.689817
2016,0.689784,0.689784,0.689784
2017,0.689719,0.689719,0.689719
2018,0.689631,0.689631,0.689631
2019,0.689555,0.689555,0.689555
2020,0.689486,0.689487,0.689486
2021,0.689424,0.689424,0.689424
2022,0.689373,0.689373,0.689373
2023,0.689283,0.689284,0.689284
2024,0.689212,0.689213,0.689212
2025,0.689189,0.689189,0.689189
2026,0.689128,0.689129,0.689129
2027,0.689084,0.689084,0.689084
2028,0.68905,0.68905,0.68905
2029,0.688967,0.688967,0.688967
2030,0.688878,0.688878,0.688878
2031,0.688791,0.688792,0.688791
2032,0.688745,0.688746,0.688745
2033,0.688673,0.688673,0.688673
2034,0.68865,0.688651,0.68865
2035,0.688595,0.688596,0.688595
2036,0.68853,0.68853,0.688529
2037,0.688484,0.688484,0.688483
2038,0.688445,0.688445,0.688444
2039,0.688368,0.688369,0.688368
2040,0.688292,0.688293,0.688292
2041,0.688216,0.688217,0.688216
2042,0.688128,0.688129,0.688128
2043,0.6881,0.6881,0.6881
2044,0.688042,0.688042,0.688041
2045,0.688014,0.688014,0.688014
2046,0.687948,0.687948,0.687948
2047,0.687861,0.687862,0.687861
2048,0.687793,0.687793,0.687793
2049,0.687706,0.687706,0.687706
2050,0.687627,0.687627,0.687627
2051,0.687555,0.687556,0.687555
2052,0.687519,0.687519,0.687519
2053,0.687473,0.687473,0.687473
2054,0.687414,0.687414,0.687414
2055,0.687333,0.687333,0.687332
2056,0.687256,0.687257,0.687256
2057,0.687235,0.687235,0.687235
2058,0.687156,0.687156,0.687156
2059,0.687118,0.687118,0.687118
2060,0.687059,0.68706,0.687059
2061,0.68701,0.68701,0.68701
2062,0.686927,0.686927,0.686927
2063,0.68688,0.68688,0.68688
2064,0.686847,0.686847,0.686847
2065,0.686786,0.686787,0.686786
2066,0.686756,0.686756,0.686756
2067,0.686666,0.686666,0.686666
2068,0.686622,0.686622,0.686622
2069,0.686601,0.686602,0.686602
2070,0.686515,0.686515,0.686515
2071,0.686488,0.686488,0.686488
2072,0.686404,0.686404,0.686404
2073,0.68633,0.686331,0.686331
2074,0.686309,0.686309,0.686309
2075,0.686233,0.686234,0.686233
2076,0.686155,0.686155,0.686155
2077,0.686125,0.686126,0.686126
2078,0.686098,0.686098,0.686098
2079,0.686062,0.686063,0.686063
2080,0.686003,0.686004,0.686003
2081,0.685913,0.685913,0.685913
2082,0.685886,0.685886,0.685886
2083,0.685797,0.685797,0.685797
2084,0.685719,0.68572,0.685719
2085,0.685689,0.68569,0.685689
2086,0.685599,0.6856,0.685599
2087,0.685531,0.685531,0.685531
2088,0.685447,0.685448,0.685447
2089,0.685374,0.685374,0.685374
2090,0.685353,0.685353,0.685353
2091,0.68531,0.68531,0.68531
2092,0.685253,0.685254,0.685253
2093,0.685195,0.685195,0.685195
2094,0.68513,0.68513,0.68513
2095,0.685045,0.685045,0.685045
2096,0.68501,0.68501,0.68501
2097,0.68493,0.684931,0.684931
2098,0.684841,0.684841,0.684841
2099,0.684817,0.684817,0.684817
2100,0.684765,0.684765,0.684765
2101,0.684713,0.684714,0.684714
2102,0.684678,0.684678,0.684678
2103,0.68462,0.68462,0.68462
2104,0.684573,0.684573,0.684573
2105,0.684497,0.684497,0.684497
2106,0.684413,0.684414,0.684413
2107,0.684339,0.68434,0.684339
2108,0.684294,0.684295,0.684294
2109,0.684206,0.684207,0.684206
2110,0.684165,0.684166,0.684165
2111,0.684079,0.684079,0.684079
2112,0.684033,0.684033,0.684033
2113,0.683963,0.683963,0.683963
2114,0.683918,0.683919,0.683918
2115,0.683832,0.683832,0.683832
2116,0.683761,0.683762,0.683761
2117,0.683715,0.683716,0.683715
2118,0.683633,0.683633,0.683633
2119,0.683549,0.68355,0.683549
2120,0.683478,0.683478,0.683477
2121,0.68344,0.683441,0.68344
2122,0.6834,0.683401,0.6834
2123,0.683351,0.683351,0.683351
2124,0.683306,0.683307,0.683306
2125,0.683267,0.683268,0.683267
2126,0.683236,0.683236,0.683236
2127,0.683199,0.683199,0.683198
2128,0.683147,0.683148,0.683147
2129,0.683108,0.683109,0.683108
2130,0.683067,0.683068,0.683067
2131,0.682981,0.682982,0.682981
2132,0.682892,0.682892,0.682892
2133,0.682865,0.682866,0.682865
2134,0.682803,0.682804,0.682803
2135,0.682771,0.682771,0.682771
2136,0.682746,0.682746,0.682746
2137,0.682684,0.682685,0.682684
2138,0.682592,0.682592,0.682591
2139,0.682545,0.682545,0.682545
2140,0.682467,0.682468,0.682467
2141,0.682428,0.682428,0.682428
2142,0.682356,0.682356,0.682356
2143,0.68232,0.68232,0.68232
2144,0.682277,0.682277,0.682277
2145,0.682255,0.682255,0.682255
2146,0.682206,0.682207,0.682206
2147,0.682141,0.682142,0.682141
2148,0.682085,0.682086,0.682085
2149,0.682062,0.682063,0.682062
2150,0.681986,0.681986,0.681986
2151,0.681902,0.681902,0.681901
2152,0.681836,0.681836,0.681836
2153,0.681748,0.681748,0.681748
2154,0.68169,0.68169,0.68169
2155,0.681613,0.681614,0.681613
2156,0.681551,0.681552,0.681551
2157,0.681509,0.681509,0.681509
2158,0.681444,0.681444,0.681444
2159,0.681409,0.68141,0.681409
2160,0.681354,0.681354,0.681354
2161,0.681305,0.681306,0.681305
2162,0.681257,0.681257,0.681257
2163,0.681185,0.681185,0.681185
2164,0.681148,0.681149,0.681148
2165,0.681102,0.681102,0.681102
2166,0.681026,0.681026,0.681026
2167,0.680987,0.680987,0.680986
2168,0.680933,0.680934,0.680933
2169,0.680903,0.680903,0.680903
2170,0.680816,0.680816,0.680816
2171,0.680737,0.680737,0.680737
2172,0.680664,0.680665,0.680665
2173,0.680597,0.680598,0.680597
2174,0.680557,0.680557,0.680557
2175,0.680516,0.680517,0.680516
2176,0.680453,0.680454,0.680453
2177,0.680432,0.680432,0.680432
2178,0.680377,0.680377,0.680377
2179,0.680299,0.6803,0.680299
2180,0.680236,0.680236,0.680236
2181,0.680198,0.680199,0.680198
2182,0.680179,0.680179,0.680179
2183,0.680151,0.680151,0.680151
2184,0.680104,0.680104,0.680104
2185,0.680031,0.680032,0.680032
2186,0.680012,0.680012,0.680012
2187,0.679922,0.679922,0.679922
2188,0.679883,0.679884,0.679883
2189,0.679815,0.679815,0.679815
2190,0.679788,0.679788,0.679788
2191,0.679756,0.679757,0.679756
2192,0.679687,0.679688,0.679688
2193,0.679635,0.679636,0.679635
2194,0.679586,0.679586,0.679586
2195,0.679508,0.679508,0.679508
2196,0.679454,0.679454,0.679454
2197,0.6794,0.679401,0.6794
2198,0.679374,0.679374,0.679374
2199,0.679339,0.67934,0.679339
2200,0.679308,0.679308,0.679308
2201,0.679277,0.679277,0.679277
2202,0.679255,0.679256,0.679255
2203,0.679164,0.679165,0.679164
2204,0.679095,0.679095,0.679095
2205,0.679036,0.679037,0.679036
2206,0.678995,0.678996,0.678995
2207,0.678918,0.678918,0.678918
2208,0.67884,0.67884,0.678839
2209,0.678778,0.678778,0.678778
2210,0.678687,0.678688,0.678687
2211,0.678616,0.678616,0.678615
2212,0.678561,0.678562,0.678561
2213,0.678491,0.678491,0.678491
2214,0.678415,0.678416,0.678415
2215,0.678358,0.678358,0.678357
2216,0.678283,0.678284,0.678283
2217,0.678222,0.678222,0.678222
2218,0.678193,0.678194,0.678193
2219,0.678153,0.678154,0.678153
2220,0.678076,0.678076,0.678076
2221,0.678002,0.678003,0.678002
2222,0.677919,0.67792,0.677919
2223,0.677859,0.677859,0.677859
2224,0.677831,0.677832,0.677831
2225,0.677754,0.677755,0.677754
2226,0.677689,0.677689,0.677689
2227,0.677616,0.677616,0.677616
2228,0.677572,0.677572,0.677571
2229,0.677545,0.677546,0.677545
2230,0.677508,0.677509,0.677508
2231,0.677463,0.677463,0.677463
2232,0.677416,0.677417,0.677416
2233,0.677394,0.677394,0.677394
2234,0.67736,0.67736,0.67736
2235,0.677302,0.677302,0.677302
2236,0.67725,0.67725,0.67725
2237,0.677187,0.677188,0.677187
2238,0.677113,0.677113,0.677113
2239,0.677056,0.677057,0.677056
2240,0.676984,0.676985,0.676984
2241,0.676917,0.676917,0.676917
2242,0.676843,0.676843,0.676842
2243,0.676781,0.676781,0.676781
2244,0.676731,0.676732,0.676731
2245,0.676678,0.676678,0.676678
2246,0.676597,0.676598,0.676597
2247,0.676518,0.676518,0.676518
2248,0.676473,0.676473,0.676473
2249,0.676404,0.676404,0.676404
2250,0.67638,0.676381,0.67638
2251,0.676311,0.676312,0.676311
2252,0.676248,0.676248,0.676248
2253,0.676166,0.676166,0.676165
2254,0.676101,0.676102,0.676101
2255,0.676072,0.676073,0.676072
2256,0.676021,0.676021,0.676021
2257,0.675957,0.675958,0.675957
2258,0.67592,0.67592,0.67592
2259,0.675847,0.675847,0.675846
2260,0.675789,0.675789,0.675789
2261,0.675735,0.675736,0.675735
2262,0.675648,0.675649,0.675648
2263,0.6756,0.6756,0.675599
2264,0.675556,0.675557,0.675556
2265,0.675513,0.675513,0.675513
2266,0.675487,0.675487,0.675487
2267,0.675416,0.675416,0.675416
2268,0.675343,0.675344,0.675343
2269,0.675305,0.675305,0.675305
2270,0.67524,0.675241,0.67524
2271,0.67515,0.67515,0.67515
2272,0.675117,0.675118,0.675117
2273,0.675069,0.675069,0.675069
2274,0.67503,0.675031,0.67503
2275,0.674994,0.674995,0.674994
2276,0.674966,0.674966,0.674966
2277,0.674897,0.674897,0.674897
2278,0.674853,0.674854,0.674853
2279,0.674822,0.674822,0.674822
2280,0.674799,0.674799,0.674799
2281,0.674745,0.674745,0.674745
2282,0.674693,0.674693,0.674693
2283,0.674647,0.674648,0.674647
2284,0.674565,0.674565,0.674565
2285,0.674546,0.674547,0.674547
2286,0.6745,0.6745,0.6745
2287,0.674424,0.674425,0.674424
2288,0.674391,0.674392,0.674392
2289,0.674358,0.674359,0.674359
2290,0.674329,0.674329,0.674329
2291,0.674254,0.674254,0.674254
2292,0.674202,0.674202,0.674202
2293,0.674174,0.674174,0.674174
2294,0.674097,0.674097,0.674097
2295,0.674007,0.674007,0.674007
2296,0.673943,0.673944,0.673944
2297,0.673866,0.673866,0.673866
2298,0.673843,0.673844,0.673843
2299,0.673774,0.673774,0.673774
2300,0.673699,0.673699,0.673699
2301,0.673607,0.673607,0.673607
2302,0.673578,0.673579,0.673579
2303,0.673538,0.673539,0.673538
2304,0.673454,0.673454,0.673454
2305,0.673367,0.673367,0.673367
2306,0.673326,0.673326,0.673326
2307,0.673244,0.673245,0.673245
2308,0.673188,0.673189,0.673189
2309,0.673131,0.673131,0.673131
2310,0.673058,0.673058,0.673058
2311,0.672977,0.672977,0.672977
2312,0.672932,0.672933,0.672933
2313,0.672882,0.672883,0.672883
2314,0.672851,0.672852,0.672852
2315,0.67282,0.67282,0.67282
2316,0.672762,0.672762,0.672762
2317,0.672681,0.672681,0.672681
2318,0.672612,0.672613,0.672613
2319,0.672568,0.672569,0.672569
2320,0.672528,0.672529,0.672529
2321,0.672444,0.672445,0.672445
2322,0.672372,0.672372,0.672373
2323,0.672351,0.672351,0.672351
2324,0.6723,0.672301,0.672301
2325,0.672228,0.672228,0.672228
2326,0.672169,0.672169,0.67217
2327,0.672146,0.672146,0.672147
2328,0.672122,0.672123,0.672123
2329,0.672082,0.672082,0.672082
2330,0.672045,0.672045,0.672045
2331,0.672025,0.672025,0.672025
2332,0.672,0.672,0.672001
2333,0.67198,0.67198,0.67198
2334,0.671943,0.671943,0.671944
2335,0.671924,0.671924,0.671924
2336,0.671862,0.671863,0.671863
2337,0.671831,0.671831,0.671832
2338,0.67177,0.671771,0.671771
2339,0.671706,0.671706,0.671707
2340,0.671679,0.671679,0.67168
2341,0.671653,0.671653,0.671653
2342,0.671618,0.671619,0.671619
2343,0.67153,0.67153,0.67153
2344,0.671476,0.671477,0.671477
2345,0.671397,0.671397,0.671397
2346,0.671332,0.671333,0.671333
2347,0.67128,0.67128,0.67128
2348,0.671248,0.671249,0.671248
2349,0.671172,0.671172,0.671172
2350,0.671151,0.671151,0.671151
2351,0.671064,0.671064,0.671064
2352,0.67098,0.67098,0.67098
2353,0.670912,0.670912,0.670912
2354,0.670822,0.670822,0.670822
2355,0.670767,0.670767,0.670767
2356,0.670696,0.670697,0.670696
2357,0.670642,0.670642,0.670642
2358,0.670577,0.670577,0.670577
2359,0.670504,0.670505,0.670504
2360,0.670469,0.67047,0.670469
2361,0.670441,0.670442,0.670442
2362,0.670396,0.670396,0.670396
2363,0.670304,0.670305,0.670304
2364,0.67027,0.670271,0.67027
2365,0.670183,0.670183,0.670183
2366,0.670118,0.670119,0.670118
2367,0.670042,0.670042,0.670042
2368,0.670017,0.670018,0.670018
2369,0.669946,0.669947,0.669946
2370,0.669855,0.669855,0.669855
2371,0.669773,0.669774,0.669773
2372,0.669693,0.669693,0.669693
2373,0.669635,0.669635,0.669635
2374,0.669612,0.669612,0.669612
2375,0.669591,0.669591,0.669591
2376,0.669504,0.669504,0.669504
2377,0.669412,0.669412,0.669412
2378,0.66932,0.66932,0.66932
2379,0.669233,0.669234,0.669233
2380,0.669182,0.669183,0.669182
2381,0.669121,0.669121,0.669121
2382,0.6691,0.6691,0.6691
2383,0.669041,0.669041,0.669041
2384,0.668979,0.66898,0.66898
2385,0.668951,0.668951,0.668951
2386,0.668927,0.668928,0.668928
2387,0.668858,0.668858,0.668858
2388,0.66882,0.66882,0.66882
2389,0.668739,0.668739,0.668739
2390,0.668707,0.668707,0.668707
2391,0.668616,0.668617,0.668616
2392,0.668568,0.668568,0.668568
2393,0.668488,0.668488,0.668488
2394,0.668413,0.668414,0.668414
2395,0.668368,0.668368,0.668368
2396,0.668307,0.668308,0.668307
2397,0.668265,0.668265,0.668265
2398,0.668203,0.668203,0.668203
2399,0.668117,0.668118,0.668117
2400,0.668076,0.668076,0.668076
2401,0.668056,0.668057,0.668056
2402,0.668002,0.668002,0.668002
2403,0.667946,0.667946,0.667946
2404,0.667902,0.667903,0.667902
2405,0.667835,0.667836,0.667835
2406,0.667807,0.667808,0.667807
2407,0.667766,0.667767,0.667767
2408,0.667677,0.667678,0.667677
2409,0.667638,0.667638,0.667638
2410,0.667603,0.667603,0.667603
2411,0.667558,0.667558,0.667558
2412,0.667526,0.667526,0.667526
2413,0.66745,0.66745,0.66745
2414,0.667422,0.667423,0.667423
2415,0.667392,0.667392,0.667392
2416,0.667372,0.667372,0.667372
2417,0.667314,0.667315,0.667314
2418,0.667248,0.667248,0.667248
2419,0.667187,0.667188,0.667188
2420,0.667095,0.667095,0.667095
2421,0.667012,0.667012,0.667012
2422,0.666922,0.666922,0.666922
2423,0.666843,0.666843,0.666843
2424,0.666786,0.666786,0.666786
2425,0.666697,0.666697,0.666697
2426,0.666643,0.666644,0.666644
2427,0.666558,0.666559,0.666559
2428,0.666521,0.666522,0.666522
2429,0.66649,0.666491,0.666491
2430,0.666434,0.666434,0.666434
2431,0.666396,0.666396,0.666396
2432,0.666366,0.666366,0.666366
2433,0.666292,0.666292,0.666292
2434,0.666201,0.666202,0.666202
2435,0.666146,0.666147,0.666147
2436,0.6661,0.6661,0.6661
2437,0.666033,0.666034,0.666034
2438,0.66601,0.666011,0.666011
2439,0.665945,0.665945,0.665945
2440,0.66589,0.665891,0.665891
2441,0.665838,0.665838,0.665838
2442,0.665772,0.665772,0.665772
2443,0.665722,0.665722,0.665723
2444,0.665635,0.665635,0.665635
2445,0.665606,0.665606,0.665606
2446,0.665585,0.665585,0.665585
2447,0.665541,0.665541,0.665541
2448,0.66551,0.66551,0.66551
2449,0.665433,0.665434,0.665434
2450,0.665405,0.665406,0.665406
2451,0.665367,0.665367,0.665367
2452,0.665318,0.665318,0.665318
2453,0.665274,0.665274,0.665274
2454,0.665189,0.665189,0.665189
2455,0.665141,0.665141,0.665141
2456,0.665083,0.665083,0.665083
2457,0.665042,0.665043,0.665043
2458,0.664992,0.664992,0.664992
2459,0.664942,0.664943,0.664943
2460,0.6649,0.664901,0.664901
2461,0.664866,0.664866,0.664866
2462,0.664806,0.664806,0.664806
2463,0.664777,0.664777,0.664777
2464,0.664729,0.66473,0.664729
2465,0.664678,0.664678,0.664678
2466,0.664635,0.664636,0.664635
2467,0.664589,0.66459,0.66459
2468,0.664509,0.664509,0.664509
2469,0.66444,0.66444,0.66444
2470,0.664408,0.664408,0.664408
2471,0.664386,0.664387,0.664386
2472,0.664364,0.664364,0.664364
2473,0.664323,0.664323,0.664323
2474,0.664293,0.664293,0.664293
2475,0.66425,0.66425,0.66425
2476,0.664181,0.664181,0.664181
2477,0.664097,0.664098,0.664097
2478,0.664014,0.664014,0.664014
2479,0.663981,0.663981,0.663981
2480,0.663914,0.663914,0.663914
2481,0.663885,0.663885,0.663885
2482,0.663862,0.663862,0.663862
2483,0.663829,0.66383,0.66383
2484,0.663759,0.663759,0.663759
2485,0.663705,0.663706,0.663705
2486,0.663676,0.663677,0.663676
2487,0.663637,0.663637,0.663637
2488,0.663549,0.66355,0.663549
2489,0.663466,0.663467,0.663466
2490,0.663394,0.663394,0.663394
2491,0.663347,0.663348,0.663348
2492,0.663267,0.663267,0.663267
2493,0.66322,0.663221,0.66322
2494,0.663167,0.663168,0.663168
2495,0.663138,0.663139,0.663138
2496,0.663116,0.663117,0.663116
2497,0.663059,0.663059,0.663059
2498,0.663015,0.663016,0.663015
2499,0.662985,0.662986,0.662985
2500,0.662903,0.662904,0.662903
2501,0.66288,0.66288,0.662879
2502,0.662813,0.662813,0.662812
2503,0.662776,0.662776,0.662775
2504,0.662727,0.662728,0.662727
2505,0.662651,0.662651,0.662651
2506,0.662559,0.662559,0.662559
2507,0.662532,0.662532,0.662532
2508,0.662504,0.662505,0.662504
2509,0.662424,0.662424,0.662424
2510,0.662374,0.662374,0.662373
2511,0.662337,0.662337,0.662336
2512,0.662318,0.662318,0.662318
2513,0.66224,0.662241,0.66224
2514,0.662218,0.662218,0.662217
2515,0.662192,0.662192,0.662192
2516,0.66211,0.66211,0.66211
2517,0.662056,0.662056,0.662056
2518,0.661964,0.661965,0.661964
2519,0.661919,0.661919,0.661918
2520,0.661875,0.661875,0.661874
2521,0.661794,0.661794,0.661794
2522,0.661742,0.661743,0.661742
2523,0.661696,0.661696,0.661696
2524,0.661652,0.661652,0.661652
2525,0.661626,0.661627,0.661626
2526,0.661585,0.661586,0.661585
2527,0.661549,0.661549,0.661549
2528,0.661457,0.661457,0.661457
2529,0.661384,0.661385,0.661384
2530,0.661343,0.661343,0.661343
2531,0.661294,0.661294,0.661294
2532,0.661234,0.661235,0.661234
2533,0.661161,0.661162,0.661161
2534,0.66112,0.66112,0.66112
2535,0.661083,0.661084,0.661083
2536,0.661003,0.661003,0.661003
2537,0.660947,0.660948,0.660947
2538,0.660866,0.660866,0.660866
2539,0.660796,0.660796,0.660796
2540,0.660738,0.660738,0.660738
2541,0.660685,0.660686,0.660685
2542,0.660606,0.660606,0.660606
2543,0.660543,0.660543,0.660543
2544,0.660451,0.660452,0.660451
2545,0.66041,0.66041,0.66041
2546,0.660325,0.660325,0.660325
2547,0.660303,0.660303,0.660303
2548,0.660257,0.660257,0.660257
2549,0.660231,0.660231,0.660231
2550,0.660209,0.660209,0.660208
2551,0.660149,0.66015,0.660149
2552,0.660062,0.660062,0.660062
2553,0.660002,0.660003,0.660002
2554,0.659916,0.659916,0.659916
2555,0.659834,0.659834,0.659834
2556,0.659787,0.659787,0.659786
2557,0.659761,0.659761,0.65976
2558,0.659672,0.659672,0.659671
2559,0.659621,0.659621,0.659621
2560,0.659557,0.659557,0.659556
2561,0.659471,0.659472,0.659471
2562,0.659413,0.659413,0.659412
2563,0.659333,0.659333,0.659332
2564,0.659309,0.659309,0.659308
2565,0.659266,0.659267,0.659266
2566,0.65923,0.65923,0.659229
2567,0.659174,0.659174,0.659173
2568,0.659127,0.659127,0.659126
2569,0.659053,0.659053,0.659052
2570,0.658989,0.65899,0.658989
2571,0.658957,0.658958,0.658957
2572,0.6589,0.658901,0.6589
2573,0.658812,0.658812,0.658811
2574,0.658792,0.658792,0.658791
2575,0.65873,0.658731,0.65873
2576,0.658643,0.658644,0.658643
2577,0.6586,0.6586,0.658599
2578,0.658541,0.658541,0.65854
2579,0.658467,0.658467,0.658466
2580,0.658439,0.658439,0.658439
2581,0.658415,0.658415,0.658414
2582,0.658336,0.658337,0.658336
2583,0.658253,0.658253,0.658252
2584,0.658201,0.658202,0.658201
2585,0.65816,0.65816,0.658159
2586,0.65813,0.658131,0.65813
2587,0.658046,0.658046,0.658045
2588,0.657987,0.657987,0.657986
2589,0.657963,0.657964,0.657963
2590,0.657902,0.657902,0.657901
2591,0.657818,0.657818,0.657818
2592,0.657766,0.657767,0.657766
2593,0.657745,0.657745,0.657745
2594,0.657657,0.657658,0.657657
2595,0.657573,0.657573,0.657572
2596,0.657542,0.657543,0.657542
2597,0.65749,0.657491,0.65749
2598,0.657403,0.657403,0.657402
2599,0.657321,0.657321,0.65732
2600,0.657268,0.657268,0.657267
2601,0.65722,0.65722,0.657219
2602,0.657173,0.657174,0.657173
2603,0.657138,0.657139,0.657138
2604,0.657088,0.657088,0.657087
2605,0.657044,0.657044,0.657043
2606,0.656963,0.656964,0.656963
2607,0.656933,0.656933,0.656932
2608,0.656904,0.656905,0.656904
2609,0.656854,0.656854,0.656853
2610,0.656784,0.656785,0.656784
2611,0.656736,0.656737,0.656736
2612,0.656712,0.656713,0.656712
2613,0.656641,0.656642,0.656641
2614,0.65662,0.65662,0.65662
2615,0.656561,0.656562,0.656561
2616,0.65649,0.65649,0.656489
2617,0.656448,0.656448,0.656448
2618,0.656398,0.656398,0.656398
2619,0.656328,0.656328,0.656327
2620,0.656252,0.656253,0.656252
2621,0.656184,0.656184,0.656184
2622,0.656138,0.656139,0.656138
2623,0.656119,0.65612,0.656119
2624,0.656028,0.656028,0.656028
2625,0.655982,0.655982,0.655982
2626,0.655918,0.655919,0.655918
2627,0.655888,0.655888,0.655888
2628,0.655806,0.655806,0.655806
2629,0.655737,0.655737,0.655737
2630,0.65565,0.65565,0.65565
2631,0.655576,0.655577,0.655576
2632,0.655534,0.655534,0.655534
2633,0.655451,0.655451,0.655451
2634,0.655431,0.655432,0.655431
2635,0.655378,0.655378,0.655378
2636,0.655319,0.655319,0.655319
2637,0.655249,0.655249,0.655249
2638,0.655224,0.655224,0.655224
2639,0.655169,0.655169,0.655169
2640,0.655082,0.655083,0.655082
2641,0.655052,0.655053,0.655052
2642,0.655013,0.655014,0.655013
2643,0.654977,0.654978,0.654977
2644,0.654925,0.654926,0.654926
2645,0.654844,0.654845,0.654844
2646,0.654802,0.654803,0.654802
2647,0.654753,0.654753,0.654753
2648,0.654732,0.654732,0.654732
2649,0.654671,0.654671,0.654671
2650,0.654598,0.654598,0.654598
2651,0.654568,0.654568,0.654568
2652,0.654529,0.654529,0.654529
2653,0.654492,0.654492,0.654492
2654,0.654417,0.654417,0.654417
2655,0.654343,0.654344,0.654343
2656,0.65432,0.65432,0.65432
2657,0.654237,0.654238,0.654237
2658,0.654152,0.654153,0.654152
2659,0.654074,0.654074,0.654074
2660,0.654041,0.654041,0.654041
2661,0.653963,0.653964,0.653963
2662,0.65391,0.65391,0.65391
2663,0.653847,0.653848,0.653847
2664,0.653769,0.653769,0.653769
2665,0.653732,0.653732,0.653732
2666,0.653665,0.653665,0.653665
2667,0.653646,0.653646,0.653646
2668,0.653596,0.653596,0.653596
2669,0.653553,0.653553,0.653553
2670,0.653491,0.653491,0.653491
2671,0.653434,0.653434,0.653434
2672,0.653387,0.653387,0.653387
2673,0.653335,0.653335,0.653335
2674,0.653257,0.653257,0.653257
2675,0.653212,0.653213,0.653212
2676,0.653184,0.653185,0.653184
2677,0.653094,0.653094,0.653094
2678,0.65301,0.65301,0.65301
2679,0.652927,0.652927,0.652927
2680,0.652873,0.652874,0.652873
2681,0.652824,0.652824,0.652824
2682,0.652769,0.65277,0.652769
2683,0.652721,0.652722,0.652721
2684,0.652686,0.652686,0.652686
2685,0.652639,0.652639,0.652639
2686,0.652609,0.65261,0.652609
2687,0.652564,0.652565,0.652564
2688,0.652539,0.652539,0.652539
2689,0.652488,0.652489,0.652488
2690,0.652465,0.652465,0.652465
2691,0.652392,0.652392,0.652392
2692,0.652354,0.652354,0.652354
2693,0.652311,0.652312,0.652311
2694,0.652289,0.65229,0.652289
2695,0.652221,0.652221,0.652221
2696,0.652144,0.652144,0.652144
2697,0.652076,0.652077,0.652076
2698,0.652057,0.652057,0.652057
2699,0.652029,0.65203,0.652029
2700,0.651983,0.651984,0.651983
2701,0.651897,0.651898,0.651897
2702,0.651825,0.651826,0.651825
2703,0.651797,0.651798,0.651797
2704,0.651744,0.651744,0.651744
2705,0.65166,0.65166,0.651659
2706,0.6516,0.651601,0.6516
2707,0.651538,0.651539,0.651538
2708,0.651498,0.651498,0.651498
2709,0.651464,0.651464,0.651464
2710,0.651419,0.65142,0.651419
2711,0.651383,0.651384,0.651383
2712,0.651351,0.651351,0.651351
2713,0.651271,0.651271,0.651271
2714,0.651231,0.651232,0.651231
2715,0.651206,0.651207,0.651206
2716,0.65117,0.65117,0.651169
2717,0.651141,0.651142,0.651141
2718,0.651118,0.651118,0.651118
2719,0.651075,0.651076,0.651075
2720,0.651044,0.651045,0.651044
2721,0.651017,0.651017,0.651017
2722,0.650983,0.650983,0.650982
2723,0.650945,0.650946,0.650945
2724,0.650882,0.650882,0.650882
2725,0.650841,0.650841,0.650841
2726,0.650809,0.650809,0.650809
2727,0.650786,0.650787,0.650786
2728,0.650745,0.650745,0.650745
2729,0.65066,0.65066,0.650659
2730,0.650582,0.650582,0.650581
2731,0.650507,0.650507,0.650506
2732,0.650451,0.650451,0.65045
2733,0.650428,0.650428,0.650427
2734,0.650382,0.650382,0.650382
2735,0.650328,0.650328,0.650327
2736,0.650251,0.650251,0.65025
2737,0.65021,0.65021,0.650209
2738,0.650174,0.650174,0.650173
2739,0.650142,0.650142,0.650142
2740,0.650123,0.650123,0.650122
2741,0.65009,0.650091,0.65009
2742,0.650068,0.650069,0.650068
2743,0.650005,0.650006,0.650005
2744,0.64994,0.64994,0.649939
2745,0.649918,0.649918,0.649918
2746,0.649846,0.649846,0.649846
2747,0.649775,0.649775,0.649774
2748,0.649753,0.649754,0.649753
2749,0.649682,0.649682,0.649681
2750,0.649654,0.649654,0.649653
2751,0.649578,0.649578,0.649578
2752,0.649543,0.649543,0.649543
2753,0.649478,0.649478,0.649478
2754,0.649443,0.649443,0.649442
2755,0.649418,0.649418,0.649418
2756,0.649328,0.649329,0.649328
2757,0.649307,0.649307,0.649306
2758,0.649287,0.649287,0.649287
2759,0.649253,0.649253,0.649253
2760,0.649187,0.649188,0.649187
2761,0.649108,0.649108,0.649108
2762,0.64907,0.649071,0.64907
2763,0.649029,0.649029,0.649029
2764,0.648953,0.648953,0.648953
2765,0.64891,0.64891,0.648909
2766,0.648846,0.648847,0.648846
2767,0.648815,0.648815,0.648814
2768,0.648764,0.648764,0.648764
2769,0.648697,0.648697,0.648697
2770,0.648664,0.648664,0.648663
2771,0.64858,0.648581,0.64858
2772,0.648528,0.648528,0.648527
2773,0.648475,0.648475,0.648475
2774,0.648433,0.648433,0.648433
2775,0.648363,0.648364,0.648363
2776,0.648306,0.648306,0.648306
2777,0.64825,0.64825,0.648249
2778,0.648228,0.648228,0.648227
2779,0.648141,0.648141,0.648141
2780,0.648101,0.648101,0.648101
2781,0.648081,0.648081,0.64808
2782,0.648012,0.648013,0.648012
2783,0.647921,0.647921,0.647921
2784,0.64785,0.64785,0.64785
2785,0.647774,0.647774,0.647774
2786,0.647707,0.647707,0.647707
2787,0.647637,0.647637,0.647637
2788,0.647565,0.647565,0.647565
2789,0.647488,0.647488,0.647488
2790,0.647407,0.647407,0.647407
2791,0.647358,0.647358,0.647358
2792,0.647331,0.647332,0.647331
2793,0.647306,0.647306,0.647306
2794,0.647279,0.647279,0.647279
2795,0.647188,0.647188,0.647188
2796,0.647099,0.6471,0.647099
2797,0.647062,0.647062,0.647062
2798,0.64701,0.64701,0.64701
2799,0.646983,0.646983,0.646983
2800,0.646947,0.646947,0.646947
2801,0.646903,0.646904,0.646903
2802,0.646833,0.646833,0.646833
2803,0.646802,0.646803,0.646803
2804,0.646719,0.646719,0.646719
2805,0.646627,0.646628,0.646627
2806,0.646589,0.646589,0.646589
2807,0.646511,0.646512,0.646512
2808,0.64647,0.64647,0.64647
2809,0.64645,0.64645,0.64645
2810,0.646408,0.646409,0.646408
2811,0.646333,0.646333,0.646333
2812,0.646303,0.646303,0.646303
2813,0.646254,0.646255,0.646254
2814,0.646218,0.646218,0.646218
2815,0.646159,0.646159,0.646159
2816,0.646115,0.646115,0.646115
2817,0.646047,0.646047,0.646047
2818,0.645985,0.645985,0.645985
2819,0.645932,0.645932,0.645932
2820,0.645856,0.645856,0.645856
2821,0.645818,0.645819,0.645818
2822,0.645782,0.645783,0.645783
2823,0.645729,0.645729,0.645729
2824,0.64568,0.64568,0.64568
2825,0.645592,0.645593,0.645592
2826,0.645515,0.645515,0.645515
2827,0.645457,0.645457,0.645457
2828,0.64541,0.64541,0.64541
2829,0.645371,0.645371,0.645371
2830,0.645329,0.64533,0.64533
2831,0.645238,0.645238,0.645238
2832,0.645182,0.645182,0.645182
2833,0.64516,0.645161,0.645161
2834,0.645075,0.645076,0.645076
2835,0.644989,0.64499,0.644989
2836,0.644927,0.644927,0.644927
2837,0.644839,0.64484,0.64484
2838,0.644811,0.644812,0.644812
2839,0.644772,0.644772,0.644772
2840,0.644735,0.644735,0.644735
2841,0.644699,0.644699,0.644699
2842,0.644618,0.644619,0.644618
2843,0.644572,0.644572,0.644572
2844,0.644521,0.644521,0.644521
2845,0.644496,0.644496,0.644496
2846,0.644452,0.644453,0.644452
2847,0.644385,0.644386,0.644386
2848,0.644331,0.644332,0.644331
2849,0.644296,0.644296,0.644296
2850,0.644223,0.644224,0.644223
2851,0.644176,0.644176,0.644176
2852,0.644099,0.6441,0.644099
2853,0.644013,0.644013,0.644012
2854,0.643932,0.643933,0.643932
2855,0.643865,0.643865,0.643864
2856,0.643802,0.643802,0.643802
2857,0.64377,0.64377,0.64377
2858,0.643682,0.643682,0.643682
2859,0.643607,0.643608,0.643607
2860,0.643528,0.643529,0.643528
2861,0.643443,0.643443,0.643443
2862,0.643371,0.643371,0.64337
2863,0.643325,0.643325,0.643325
2864,0.643251,0.643251,0.643251
2865,0.643208,0.643208,0.643207
2866,0.643177,0.643178,0.643177
2867,0.643101,0.643101,0.6431
2868,0.643071,0.643072,0.643071
2869,0.643002,0.643003,0.643002
2870,0.642923,0.642923,0.642923
2871,0.642861,0.642861,0.642861
2872,0.642803,0.642803,0.642803
2873,0.64275,0.64275,0.64275
2874,0.6427,0.6427,0.6427
2875,0.642623,0.642623,0.642623
2876,0.64258,0.64258,0.64258
2877,0.642517,0.642517,0.642516
2878,0.64244,0.642441,0.64244
2879,0.642368,0.642368,0.642368
2880,0.642322,0.642322,0.642322
2881,0.642276,0.642276,0.642276
2882,0.642224,0.642224,0.642224
2883,0.642154,0.642154,0.642154
2884,0.642065,0.642065,0.642064
2885,0.641998,0.641998,0.641998
2886,0.641924,0.641925,0.641924
2887,0.641891,0.641891,0.641891
2888,0.641839,0.641839,0.641839
2889,0.641781,0.641782,0.641781
2890,0.641748,0.641748,0.641748
2891,0.641707,0.641707,0.641707
2892,0.641618,0.641619,0.641618
2893,0.641565,0.641565,0.641565
2894,0.641518,0.641518,0.641518
2895,0.641445,0.641445,0.641445
2896,0.64138,0.64138,0.64138
2897,0.641358,0.641358,0.641358
2898,0.64127,0.641271,0.64127
2899,0.641205,0.641206,0.641205
2900,0.641114,0.641114,0.641114
2901,0.641066,0.641066,0.641066
2902,0.641012,0.641013,0.641013
2903,0.640941,0.640941,0.640941
2904,0.640918,0.640918,0.640918
2905,0.640855,0.640856,0.640856
2906,0.640787,0.640787,0.640787
2907,0.640759,0.640759,0.640759
2908,0.640712,0.640713,0.640712
2909,0.64067,0.640671,0.64067
2910,0.640589,0.64059,0.64059
2911,0.640562,0.640563,0.640563
2912,0.640524,0.640525,0.640525
2913,0.64044,0.64044,0.64044
2914,0.64038,0.640381,0.640381
2915,0.640343,0.640344,0.640344
2916,0.640311,0.640311,0.640311
2917,0.640272,0.640273,0.640273
2918,0.640211,0.640212,0.640211
2919,0.640159,0.64016,0.640159
2920,0.640123,0.640124,0.640124
2921,0.640052,0.640052,0.640052
2922,0.639985,0.639985,0.639985
2923,0.639902,0.639902,0.639902
2924,0.63988,0.63988,0.63988
2925,0.639837,0.639838,0.639838
2926,0.639785,0.639785,0.639785
2927,0.639757,0.639757,0.639757
2928,0.639734,0.639734,0.639734
2929,0.639692,0.639693,0.639692
2930,0.639646,0.639647,0.639647
2931,0.639584,0.639584,0.639584
2932,0.639507,0.639507,0.639507
2933,0.63943,0.63943,0.63943
2934,0.639381,0.639382,0.639382
2935,0.639359,0.63936,0.63936
2936,0.639336,0.639336,0.639336
2937,0.639302,0.639302,0.639302
2938,0.639221,0.639222,0.639222
2939,0.639197,0.639197,0.639197
2940,0.639159,0.639159,0.639159
2941,0.639131,0.639132,0.639132
2942,0.639106,0.639106,0.639106
2943,0.639048,0.639049,0.639049
2944,0.638958,0.638958,0.638958
2945,0.638933,0.638933,0.638933
2946,0.638852,0.638852,0.638852
2947,0.638794,0.638794,0.638794
2948,0.63874,0.63874,0.63874
2949,0.638681,0.638681,0.638681
2950,0.638647,0.638648,0.638647
2951,0.638572,0.638572,0.638572
2952,0.638538,0.638539,0.638539
2953,0.638459,0.63846,0.638459
2954,0.638435,0.638435,0.638435
2955,0.638366,0.638366,0.638366
2956,0.638301,0.638301,0.638301
2957,0.638259,0.63826,0.638259
2958,0.638233,0.638233,0.638233
2959,0.638203,0.638204,0.638203
2960,0.638122,0.638123,0.638123
2961,0.638093,0.638093,0.638093
2962,0.638045,0.638045,0.638045
2963,0.638022,0.638022,0.638022
2964,0.637968,0.637968,0.637968
2965,0.637937,0.637937,0.637937
2966,0.637863,0.637863,0.637863
2967,0.637841,0.637842,0.637842
2968,0.637762,0.637762,0.637762
2969,0.637741,0.637741,0.637741
2970,0.63772,0.637721,0.637721
2971,0.637682,0.637682,0.637682
2972,0.63761,0.63761,0.63761
2973,0.637582,0.637583,0.637583
2974,0.637542,0.637542,0.637542
2975,0.637501,0.637502,0.637502
2976,0.637437,0.637437,0.637437
2977,0.6374,0.6374,0.6374
2978,0.637351,0.637351,0.637351
2979,0.637296,0.637296,0.637296
2980,0.637239,0.637239,0.637239
2981,0.637161,0.637161,0.637161
2982,0.637077,0.637077,0.637077
2983,0.637035,0.637035,0.637035
2984,0.637013,0.637014,0.637013
2985,0.636975,0.636975,0.636975
2986,0.636904,0.636904,0.636904
2987,0.636867,0.636868,0.636867
2988,0.636813,0.636814,0.636813
2989,0.636725,0.636726,0.636725
2990,0.636689,0.636689,0.636689
2991,0.636607,0.636607,0.636607
2992,0.636539,0.63654,0.636539
2993,0.636464,0.636464,0.636464
2994,0.636377,0.636377,0.636377
2995,0.636358,0.636359,0.636358
2996,0.636276,0.636276,0.636276
2997,0.636236,0.636237,0.636236
2998,0.636188,0.636189,0.636189
2999,0.636112,0.636113,0.636112
3000,0.636032,0.636033,0.636032
3001,0.635948,0.635948,0.635948
3002,0.635865,0.635866,0.635865
3003,0.635817,0.635817,0.635817
3004,0.635794,0.635794,0.635794
3005,0.635743,0.635743,0.635743
3006,0.635692,0.635692,0.635692
3007,0.635608,0.635608,0.635608
3008,0.635532,0.635532,0.635532
3009,0.635473,0.635474,0.635473
3010,0.635448,0.635448,0.635448
3011,0.635372,0.635372,0.635372
3012,0.635313,0.635313,0.635313
3013,0.635276,0.635277,0.635276
3014,0.635197,0.635197,0.635197
3015,0.635173,0.635174,0.635173
3016,0.635111,0.635111,0.635111
3017,0.635065,0.635065,0.635065
3018,0.635029,0.635029,0.635029
3019,0.634969,0.634969,0.634969
3020,0.634949,0.634949,0.634949
3021,0.634877,0.634877,0.634877
3022,0.634844,0.634845,0.634844
3023,0.634811,0.634811,0.634811
3024,0.634782,0.634782,0.634782
3025,0.634731,0.634731,0.634731
3026,0.634701,0.634701,0.634701
3027,0.634682,0.634683,0.634682
3028,0.634617,0.634618,0.634618
3029,0.634538,0.634539,0.634538
3030,0.634484,0.634485,0.634485
3031,0.634431,0.634431,0.634431
3032,0.634384,0.634385,0.634385
3033,0.634346,0.634347,0.634347
3034,0.63429,0.63429,0.63429
3035,0.634269,0.634269,0.634269
3036,0.634196,0.634196,0.634196
3037,0.634177,0.634177,0.634177
3038,0.63415,0.634151,0.634151
3039,0.634119,0.634119,0.634119
3040,0.634064,0.634064,0.634064
3041,0.634024,0.634025,0.634025
3042,0.633968,0.633968,0.633968
3043,0.633919,0.633919,0.633919
3044,0.633849,0.63385,0.633849
3045,0.633796,0.633797,0.633796
3046,0.633751,0.633752,0.633751
3047,0.633672,0.633672,0.633672
3048,0.633615,0.633616,0.633616
3049,0.633543,0.633543,0.633543
3050,0.63348,0.63348,0.63348
3051,0.633409,0.633409,0.633409
3052,0.633364,0.633364,0.633364
3053,0.63332,0.63332,0.63332
3054,0.633294,0.633295,0.633294
3055,0.633217,0.633217,0.633217
3056,0.633188,0.633189,0.633188
3057,0.633165,0.633166,0.633165
3058,0.633104,0.633104,0.633104
3059,0.633078,0.633078,0.633078
3060,0.633029,0.633029,0.633029
3061,0.632995,0.632996,0.632995
3062,0.632956,0.632956,0.632956
3063,0.632909,0.63291,0.632909
3064,0.632875,0.632875,0.632874
3065,0.632813,0.632813,0.632812
3066,0.632762,0.632763,0.632762
3067,0.632673,0.632673,0.632673
3068,0.632626,0.632626,0.632625
3069,0.632553,0.632553,0.632552
3070,0.632495,0.632496,0.632495
3071,0.632454,0.632454,0.632454
3072,0.632409,0.632409,0.632409
3073,0.632332,0.632332,0.632332
3074,0.632286,0.632286,0.632286
3075,0.632235,0.632235,0.632235
3076,0.632203,0.632204,0.632203
3077,0.632139,0.632139,0.632139
3078,0.632071,0.632071,0.632071
3079,0.631979,0.63198,0.631979
3080,0.631953,0.631953,0.631953
3081,0.631929,0.631929,0.631929
3082,0.631859,0.631859,0.631859
3083,0.631814,0.631815,0.631814
3084,0.631737,0.631737,0.631737
3085,0.631679,0.631679,0.631679
3086,0.631589,0.631589,0.631589
3087,0.631503,0.631503,0.631503
3088,0.631418,0.631418,0.631418
3089,0.631355,0.631356,0.631356
3090,0.631307,0.631307,0.631307
3091,0.631268,0.631268,0.631269
3092,0.631225,0.631226,0.631226
3093,0.631159,0.63116,0.63116
3094,0.631067,0.631068,0.631068
3095,0.631043,0.631043,0.631044
3096,0.630965,0.630965,0.630965
3097,0.630888,0.630888,0.630889
3098,0.630809,0.63081,0.63081
3099,0.630787,0.630788,0.630788
3100,0.630711,0.630712,0.630712
3101,0.630623,0.630623,0.630623
3102,0.630542,0.630542,0.630542
3103,0.630516,0.630516,0.630516
3104,0.630492,0.630492,0.630492
3105,0.630427,0.630428,0.630428
3106,0.630376,0.630377,0.630377
3107,0.630338,0.630339,0.630339
3108,0.630316,0.630316,0.630316
3109,0.630254,0.630254,0.630254
3110,0.630234,0.630234,0.630234
3111,0.630214,0.630214,0.630214
3112,0.630145,0.630146,0.630146
3113,0.630066,0.630067,0.630067
3114,0.629974,0.629974,0.629975
3115,0.629902,0.629902,0.629902
3116,0.629824,0.629825,0.629825
3117,0.629779,0.629779,0.629779
3118,0.629754,0.629754,0.629754
3119,0.629697,0.629698,0.629698
3120,0.629618,0.629618,0.629618
3121,0.629533,0.629533,0.629533
3122,0.62947,0.62947,0.62947
3123,0.629407,0.629407,0.629407
3124,0.629332,0.629333,0.629333
3125,0.629251,0.629252,0.629252
3126,0.629188,0.629188,0.629188
3127,0.629153,0.629153,0.629153
3128,0.629066,0.629067,0.629067
3129,0.629031,0.629032,0.629032
3130,0.629002,0.629002,0.629002
3131,0.628933,0.628934,0.628934
3132,0.628858,0.628859,0.628859
3133,0.62877,0.628771,0.628771
3134,0.628684,0.628685,0.628685
3135,0.62866,0.628661,0.628661
3136,0.628617,0.628617,0.628617
3137,0.628561,0.628562,0.628562
3138,0.628501,0.628502,0.628502
3139,0.628473,0.628474,0.628474
3140,0.62845,0.62845,0.62845
3141,0.628373,0.628373,0.628373
3142,0.628297,0.628297,0.628297
3143,0.628225,0.628225,0.628225
3144,0.628151,0.628152,0.628152
3145,0.628126,0.628126,0.628126
3146,0.628072,0.628072,0.628072
3147,0.628032,0.628032,0.628032
3148,0.627946,0.627947,0.627946
3149,0.627877,0.627877,0.627877
3150,0.627849,0.627849,0.627849
3151,0.627756,0.627757,0.627757
3152,0.627728,0.627729,0.627729
3153,0.627707,0.627707,0.627707
3154,0.627624,0.627624,0.627624
3155,0.627561,0.627562,0.627562
3156,0.627508,0.627509,0.627509
3157,0.627465,0.627466,0.627466
3158,0.627395,0.627395,0.627395
3159,0.627368,0.627368,0.627368
3160,0.627344,0.627344,0.627344
3161,0.627313,0.627314,0.627314
3162,0.627263,0.627264,0.627264
3163,0.627219,0.627219,0.627219
3164,0.627135,0.627136,0.627136
3165,0.627097,0.627097,0.627097
3166,0.62706,0.62706,0.62706
3167,0.627017,0.627018,0.627017
3168,0.626977,0.626977,0.626977
3169,0.626896,0.626896,0.626896
3170,0.626838,0.626838,0.626837
3171,0.626747,0.626748,0.626747
3172,0.626658,0.626658,0.626658
3173,0.626576,0.626577,0.626576
3174,0.626533,0.626533,0.626533
3175,0.626476,0.626477,0.626476
3176,0.626444,0.626444,0.626444
3177,0.62638,0.62638,0.62638
3178,0.626308,0.626309,0.626308
3179,0.626285,0.626285,0.626285
3180,0.626245,0.626245,0.626245
3181,0.626155,0.626155,0.626155
3182,0.62613,0.62613,0.62613
3183,0.626074,0.626074,0.626074
3184,0.626006,0.626006,0.626006
3185,0.625951,0.625951,0.625951
3186,0.625905,0.625905,0.625905
3187,0.62586,0.62586,0.62586
3188,0.625789,0.62579,0.625789
3189,0.625747,0.625747,0.625747
3190,0.62571,0.62571,0.625709
3191,0.625667,0.625667,0.625667
3192,0.625585,0.625585,0.625585
3193,0.625525,0.625526,0.625525
3194,0.625454,0.625455,0.625454
3195,0.6254,0.625401,0.6254
3196,0.625308,0.625308,0.625308
3197,0.625275,0.625276,0.625275
3198,0.625218,0.625218,0.625217
3199,0.625142,0.625143,0.625142
3200,0.625098,0.625099,0.625098
3201,0.625047,0.625047,0.625046
3202,0.624968,0.624969,0.624968
3203,0.624928,0.624929,0.624928
3204,0.62487,0.62487,0.624869
3205,0.624835,0.624836,0.624835
3206,0.624784,0.624785,0.624784
3207,0.624736,0.624736,0.624736
3208,0.624674,0.624674,0.624673
3209,0.624587,0.624588,0.624587
3210,0.624531,0.624531,0.62453
3211,0.624454,0.624455,0.624454
3212,0.624392,0.624392,0.624392
3213,0.624322,0.624322,0.624321
3214,0.624276,0.624277,0.624276
3215,0.624199,0.624199,0.624198
3216,0.624162,0.624163,0.624162
3217,0.624098,0.624098,0.624097
3218,0.624034,0.624034,0.624033
3219,0.623945,0.623946,0.623945
3220,0.623911,0.623911,0.623911
3221,0.623823,0.623823,0.623823
3222,0.623778,0.623778,0.623778
3223,0.623738,0.623739,0.623738
3224,0.623697,0.623698,0.623697
3225,0.623662,0.623662,0.623661
3226,0.623609,0.62361,0.623609
3227,0.623587,0.623588,0.623587
3228,0.623555,0.623555,0.623554
3229,0.623484,0.623485,0.623484
3230,0.62344,0.62344,0.62344
3231,0.623385,0.623386,0.623385
3232,0.623346,0.623347,0.623346
3233,0.623316,0.623316,0.623316
3234,0.623251,0.623252,0.623251
3235,0.623209,0.62321,0.623209
3236,0.623134,0.623134,0.623133
3237,0.623055,0.623055,0.623055
3238,0.623028,0.623029,0.623028
3239,0.622959,0.622959,0.622958
3240,0.622915,0.622916,0.622915
3241,0.622837,0.622837,0.622836
3242,0.62278,0.622781,0.62278
3243,0.622705,0.622705,0.622705
3244,0.622637,0.622637,0.622637
3245,0.622615,0.622616,0.622615
3246,0.62253,0.62253,0.622529
3247,0.622468,0.622468,0.622468
3248,0.622411,0.622411,0.62241
3249,0.622346,0.622346,0.622346
3250,0.622322,0.622322,0.622321
3251,0.622257,0.622257,0.622256
3252,0.622199,0.622199,0.622198
3253,0.622121,0.622121,0.622121
3254,0.622051,0.622051,0.62205
3255,0.621994,0.621994,0.621993
3256,0.62197,0.621971,0.62197
3257,0.621917,0.621918,0.621917
3258,0.621892,0.621892,0.621891
3259,0.621843,0.621843,0.621843
3260,0.621766,0.621766,0.621766
3261,0.621706,0.621706,0.621705
3262,0.621666,0.621667,0.621666
3263,0.621636,0.621636,0.621635
3264,0.621598,0.621598,0.621597
3265,0.621524,0.621524,0.621523
3266,0.621446,0.621446,0.621446
3267,0.621427,0.621427,0.621427
3268,0.621402,0.621403,0.621402
3269,0.62135,0.621351,0.62135
3270,0.621313,0.621314,0.621313
3271,0.621249,0.621249,0.621249
3272,0.621185,0.621186,0.621185
3273,0.621149,0.62115,0.621149
3274,0.621091,0.621092,0.621091
3275,0.621044,0.621044,0.621044
3276,0.621013,0.621013,0.621013
3277,0.620993,0.620994,0.620993
3278,0.620946,0.620947,0.620946
3279,0.62091,0.62091,0.62091
3280,0.620874,0.620874,0.620874
3281,0.620843,0.620844,0.620843
3282,0.620777,0.620777,0.620777
3283,0.620698,0.620699,0.620698
3284,0.620606,0.620606,0.620606
3285,0.620516,0.620517,0.620516
3286,0.620428,0.620428,0.620427
3287,0.620408,0.620408,0.620407
3288,0.620378,0.620378,0.620378
3289,0.62035,0.62035,0.62035
3290,0.620279,0.620279,0.620279
3291,0.620222,0.620222,0.620221
3292,0.620155,0.620155,0.620154
3293,0.620087,0.620087,0.620086
3294,0.620066,0.620066,0.620066
3295,0.620044,0.620044,0.620043
3296,0.620006,0.620007,0.620006
3297,0.619962,0.619962,0.619961
3298,0.619911,0.619912,0.619911
3299,0.619884,0.619884,0.619884
3300,0.619806,0.619806,0.619806
3301,0.619773,0.619774,0.619773
3302,0.619736,0.619737,0.619736
3303,0.619691,0.619691,0.619691
3304,0.61966,0.619661,0.61966
3305,0.619615,0.619616,0.619615
3306,0.619536,0.619537,0.619536
3307,0.619449,0.619449,0.619449
3308,0.619372,0.619373,0.619373
3309,0.619338,0.619338,0.619338
3310,0.619267,0.619268,0.619267
3311,0.619248,0.619248,0.619248
3312,0.619188,0.619189,0.619188
3313,0.61912,0.61912,0.61912
3314,0.619095,0.619096,0.619096
3315,0.619034,0.619035,0.619034
3316,0.618986,0.618986,0.618986
3317,0.618901,0.618902,0.618901
3318,0.61885,0.61885,0.61885
3319,0.618763,0.618764,0.618764
3320,0.618685,0.618686,0.618685
3321,0.618639,0.618639,0.618639
3322,0.618604,0.618605,0.618604
3323,0.618527,0.618527,0.618527
3324,0.618491,0.618491,0.618491
3325,0.618462,0.618462,0.618462
3326,0.618443,0.618444,0.618444
3327,0.618407,0.618407,0.618407
3328,0.618346,0.618346,0.618346
3329,0.61832,0.61832,0.61832
3330,0.618231,0.618231,0.618231
3331,0.618211,0.618211,0.618211
3332,0.618163,0.618163,0.618163
3333,0.618109,0.61811,0.61811
3334,0.618028,0.618028,0.618028
3335,0.617987,0.617987,0.617987
3336,0.61791,0.617911,0.617911
3337,0.61788,0.617881,0.617881
3338,0.61779,0.61779,0.61779
3339,0.617728,0.617728,0.617728
3340,0.617673,0.617674,0.617673
3341,0.61763,0.617631,0.61763
3342,0.617607,0.617608,0.617607
3343,0.617525,0.617526,0.617525
3344,0.61744,0.617441,0.61744
3345,0.617403,0.617404,0.617403
3346,0.617339,0.61734,0.617339
3347,0.617277,0.617278,0.617277
3348,0.617258,0.617258,0.617258
3349,0.617178,0.617178,0.617177
3350,0.617089,0.617089,0.617089
3351,0.616997,0.616997,0.616997
3352,0.616913,0.616913,0.616913
3353,0.616841,0.616842,0.616841
3354,0.616758,0.616758,0.616758
3355,0.616686,0.616686,0.616686
3356,0.616595,0.616595,0.616595
3357,0.616574,0.616575,0.616575
3358,0.616489,0.616489,0.616489
3359,0.616437,0.616437,0.616437
3360,0.61635,0.61635,0.61635
3361,0.616275,0.616276,0.616276
3362,0.6162,0.616201,0.616201
3363,0.616147,0.616147,0.616147
3364,0.616115,0.616115,0.616115
3365,0.616081,0.616081,0.616081
3366,0.616011,0.616011,0.616011
3367,0.615933,0.615934,0.615933
3368,0.615857,0.615858,0.615858
3369,0.615799,0.6158,0.6158
3370,0.615768,0.615768,0.615768
3371,0.615731,0.615732,0.615732
3372,0.615686,0.615686,0.615686
3373,0.61563,0.61563,0.61563
3374,0.615604,0.615605,0.615604
3375,0.615521,0.615521,0.615521
3376,0.615436,0.615437,0.615436
3377,0.615397,0.615398,0.615397
3378,0.615368,0.615368,0.615368
3379,0.615348,0.615348,0.615348
3380,0.615267,0.615268,0.615267
3381,0.615183,0.615183,0.615183
3382,0.615118,0.615118,0.615118
3383,0.615073,0.615074,0.615073
3384,0.615024,0.615024,0.615024
3385,0.614951,0.614951,0.614951
3386,0.61488,0.61488,0.61488
3387,0.614805,0.614805,0.614805
3388,0.614713,0.614714,0.614714
3389,0.614629,0.614629,0.614629
3390,0.614547,0.614547,0.614547
3391,0.614493,0.614493,0.614493
3392,0.614419,0.61442,0.614419
3393,0.614335,0.614335,0.614335
3394,0.614297,0.614298,0.614297
3395,0.614257,0.614257,0.614257
3396,0.614169,0.61417,0.614169
3397,0.614087,0.614088,0.614087
3398,0.614026,0.614026,0.614026
3399,0.613973,0.613974,0.613973
3400,0.613924,0.613925,0.613924
3401,0.613881,0.613882,0.613881
3402,0.613831,0.613831,0.613831
3403,0.613743,0.613743,0.613743
3404,0.613693,0.613693,0.613693
3405,0.613609,0.61361,0.613609
3406,0.613579,0.613579,0.613579
3407,0.613555,0.613555,0.613555
3408,0.613476,0.613476,0.613476
3409,0.613407,0.613407,0.613407
3410,0.613374,0.613374,0.613374
3411,0.613315,0.613315,0.613315
3412,0.61326,0.61326,0.61326
3413,0.61324,0.61324,0.61324
3414,0.613158,0.613158,0.613158
3415,0.613089,0.613089,0.613089
3416,0.613056,0.613057,0.613056
3417,0.612983,0.612983,0.612983
3418,0.612916,0.612917,0.612916
3419,0.612846,0.612846,0.612846
3420,0.612784,0.612785,0.612784
3421,0.612738,0.612738,0.612738
3422,0.612657,0.612657,0.612657
3423,0.612594,0.612594,0.612594
3424,0.612573,0.612574,0.612573
3425,0.612537,0.612538,0.612537
3426,0.612472,0.612472,0.612472
3427,0.612419,0.612419,0.612419
3428,0.612371,0.612371,0.612371
3429,0.612291,0.612291,0.612291
3430,0.612248,0.612248,0.612248
3431,0.61221,0.61221,0.61221
3432,0.612165,0.612166,0.612165
3433,0.612138,0.612139,0.612139
3434,0.61209,0.61209,0.61209
3435,0.612008,0.612008,0.612008
3436,0.611918,0.611918,0.611918
3437,0.611837,0.611837,0.611837
3438,0.611756,0.611756,0.611756
3439,0.611719,0.611719,0.611719
3440,0.611639,0.61164,0.611639
3441,0.611566,0.611566,0.611566
3442,0.611507,0.611508,0.611507
3443,0.611435,0.611435,0.611435
3444,0.611369,0.611369,0.611369
3445,0.611323,0.611324,0.611324
3446,0.611249,0.61125,0.611249
3447,0.611207,0.611207,0.611207
3448,0.611184,0.611185,0.611185
3449,0.611151,0.611151,0.611151
3450,0.611131,0.611132,0.611131
3451,0.611042,0.611042,0.611042
3452,0.610986,0.610987,0.610986
3453,0.610921,0.610922,0.610922
3454,0.610885,0.610885,0.610885
3455,0.610799,0.610799,0.610799
3456,0.610712,0.610713,0.610713
3457,0.610657,0.610658,0.610658
3458,0.61058,0.610581,0.610581
3459,0.610512,0.610512,0.610513
3460,0.610492,0.610492,0.610492
3461,0.610427,0.610427,0.610428
3462,0.610398,0.610399,0.610399
3463,0.61037,0.61037,0.610371
3464,0.610319,0.610319,0.610319
3465,0.610241,0.610242,0.610242
3466,0.610202,0.610202,0.610202
3467,0.610118,0.610118,0.610118
3468,0.610027,0.610027,0.610027
3469,0.609989,0.60999,0.60999
3470,0.609936,0.609937,0.609937
3471,0.609864,0.609864,0.609864
3472,0.609812,0.609812,0.609812
3473,0.609751,0.609752,0.609752
3474,0.60972,0.60972,0.60972
3475,0.609673,0.609673,0.609673
3476,0.609591,0.609591,0.609591
3477,0.609529,0.60953,0.60953
3478,0.609453,0.609454,0.609454
3479,0.609405,0.609405,0.609406
3480,0.609356,0.609356,0.609357
3481,0.609288,0.609288,0.609289
3482,0.609266,0.609266,0.609266
3483,0.609245,0.609245,0.609245
3484,0.609221,0.609221,0.609221
3485,0.609148,0.609148,0.609148
3486,0.609116,0.609116,0.609117
3487,0.609051,0.609051,0.609051
3488,0.609025,0.609025,0.609026
3489,0.608983,0.608984,0.608984
3490,0.608901,0.608902,0.608902
3491,0.608828,0.608829,0.608829
3492,0.608794,0.608795,0.608795
3493,0.608713,0.608713,0.608713
3494,0.608684,0.608684,0.608684
3495,0.608595,0.608596,0.608596
3496,0.608521,0.608521,0.608521
3497,0.608465,0.608465,0.608465
3498,0.608413,0.608413,0.608413
3499,0.60832,0.608321,0.608321
3500,0.608251,0.608251,0.608251
3501,0.608223,0.608223,0.608223
3502,0.608136,0.608136,0.608136
3503,0.608107,0.608107,0.608107
3504,0.608085,0.608086,0.608086
3505,0.608,0.608,0.608
3506,0.607957,0.607957,0.607957
3507,0.607871,0.607872,0.607871
3508,0.607798,0.607798,0.607798
3509,0.607723,0.607723,0.607723
3510,0.607647,0.607647,0.607647
3511,0.607575,0.607575,0.607575
3512,0.607503,0.607504,0.607504
3513,0.607432,0.607432,0.607432
3514,0.607355,0.607356,0.607356
3515,0.607281,0.607281,0.607281
3516,0.607189,0.607189,0.607189
3517,0.607168,0.607168,0.607168
3518,0.607087,0.607088,0.607087
3519,0.607037,0.607037,0.607037
3520,0.60697,0.60697,0.60697
3521,0.606917,0.606918,0.606918
3522,0.606894,0.606895,0.606895
3523,0.606818,0.606819,0.606819
3524,0.606778,0.606778,0.606778
3525,0.606714,0.606715,0.606715
3526,0.606654,0.606654,0.606655
3527,0.606567,0.606567,0.606567
3528,0.606504,0.606504,0.606504
3529,0.60643,0.60643,0.60643
3530,0.606408,0.606409,0.606409
3531,0.606346,0.606347,0.606347
3532,0.606318,0.606318,0.606318
3533,0.606299,0.606299,0.606299
3534,0.606244,0.606244,0.606244
3535,0.606209,0.60621,0.60621
3536,0.606122,0.606122,0.606122
3537,0.60604,0.606041,0.606041
3538,0.606006,0.606006,0.606007
3539,0.605968,0.605968,0.605968
3540,0.605895,0.605896,0.605896
3541,0.605831,0.605831,0.605831
3542,0.605783,0.605784,0.605784
3543,0.605705,0.605706,0.605706
3544,0.605625,0.605625,0.605626
3545,0.60555,0.605551,0.605551
3546,0.605531,0.605531,0.605531
3547,0.605509,0.605509,0.605509
3548,0.605445,0.605445,0.605445
3549,0.605416,0.605416,0.605416
3550,0.605385,0.605385,0.605385
3551,0.605339,0.605339,0.605339
3552,0.605304,0.605305,0.605305
3553,0.605268,0.605268,0.605268
3554,0.6052,0.6052,0.6052
3555,0.605177,0.605177,0.605178
3556,0.605125,0.605126,0.605126
3557,0.605068,0.605069,0.605069
3558,0.605042,0.605042,0.605042
3559,0.604949,0.604949,0.60495
3560,0.604906,0.604906,0.604906
3561,0.604826,0.604827,0.604827
3562,0.604789,0.60479,0.60479
3563,0.604704,0.604704,0.604704
3564,0.604636,0.604636,0.604636
3565,0.604598,0.604598,0.604598
3566,0.604522,0.604522,0.604522
3567,0.604482,0.604483,0.604482
3568,0.604402,0.604402,0.604402
3569,0.604324,0.604324,0.604324
3570,0.604245,0.604246,0.604245
3571,0.604205,0.604205,0.604205
3572,0.604183,0.604183,0.604183
3573,0.604106,0.604107,0.604106
3574,0.604025,0.604026,0.604025
3575,0.60397,0.60397,0.60397
3576,0.603922,0.603923,0.603922
3577,0.603897,0.603898,0.603897
3578,0.603848,0.603849,0.603848
3579,0.603818,0.603818,0.603818
3580,0.603741,0.603742,0.603741
3581,0.603662,0.603662,0.603662
3582,0.603586,0.603586,0.603586
3583,0.603517,0.603517,0.603517
3584,0.603443,0.603443,0.603442
3585,0.603366,0.603366,0.603366
3586,0.603337,0.603337,0.603336
3587,0.603291,0.603292,0.603291
3588,0.603267,0.603268,0.603267
3589,0.603234,0.603234,0.603234
3590,0.603185,0.603186,0.603185
3591,0.603122,0.603123,0.603122
3592,0.603094,0.603095,0.603094
3593,0.603037,0.603038,0.603037
3594,0.602995,0.602995,0.602995
3595,0.602921,0.602922,0.602921
3596,0.602845,0.602845,0.602845
3597,0.602787,0.602787,0.602787
3598,0.60275,0.602751,0.60275
3599,0.602664,0.602664,0.602664
3600,0.602586,0.602586,0.602586
3601,0.602534,0.602534,0.602534
3602,0.602469,0.602469,0.602469
3603,0.602448,0.602448,0.602448
3604,0.602426,0.602427,0.602426
3605,0.602386,0.602386,0.602386
3606,0.602358,0.602358,0.602358
3607,0.602326,0.602326,0.602326
3608,0.602238,0.602239,0.602239
3609,0.602219,0.602219,0.602219
3610,0.602185,0.602186,0.602185
3611,0.602117,0.602117,0.602117
3612,0.602085,0.602085,0.602085
3613,0.602012,0.602013,0.602012
3614,0.601926,0.601926,0.601926
3615,0.601887,0.601888,0.601887
3616,0.601821,0.601822,0.601822
3617,0.601768,0.601769,0.601769
3618,0.601706,0.601707,0.601706
3619,0.601616,0.601617,0.601616
3620,0.601557,0.601557,0.601557
3621,0.601498,0.601498,0.601498
3622,0.60146,0.60146,0.60146
3623,0.601403,0.601403,0.601403
3624,0.601343,0.601343,0.601343
3625,0.601255,0.601255,0.601255
3626,0.601176,0.601176,0.601176
3627,0.60114,0.601141,0.60114
3628,0.601091,0.601091,0.601091
3629,0.601058,0.601058,0.601058
3630,0.600999,0.600999,0.600999
3631,0.600923,0.600923,0.600923
3632,0.600868,0.600868,0.600868
3633,0.600814,0.600815,0.600815
3634,0.600743,0.600743,0.600743
3635,0.600652,0.600653,0.600652
3636,0.600562,0.600563,0.600563
3637,0.600498,0.600498,0.600498
3638,0.600471,0.600471,0.600471
3639,0.600393,0.600393,0.600393
3640,0.600371,0.600372,0.600371
3641,0.600331,0.600331,0.600331
3642,0.600278,0.600278,0.600278
3643,0.600238,0.600238,0.600238
3644,0.60021,0.60021,0.60021
3645,0.600182,0.600182,0.600182
3646,0.600108,0.600108,0.600108
3647,0.600056,0.600056,0.600056
3648,0.59999,0.59999,0.59999
3649,0.599902,0.599902,0.599902
3650,0.599833,0.599833,0.599833
3651,0.5998,0.5998,0.5998
3652,0.599732,0.599733,0.599732
3653,0.599709,0.599709,0.599709
3654,0.599688,0.599689,0.599688
3655,0.599643,0.599643,0.599643
3656,0.599598,0.599598,0.599598
3657,0.599518,0.599519,0.599518
3658,0.599486,0.599487,0.599486
3659,0.599463,0.599463,0.599463
3660,0.599441,0.599441,0.599441
3661,0.599418,0.599418,0.599418
3662,0.599341,0.599341,0.599341
3663,0.599294,0.599294,0.599294
3664,0.599203,0.599203,0.599203
3665,0.599181,0.599181,0.599181
3666,0.599141,0.599141,0.599141
3667,0.599111,0.599112,0.599112
3668,0.599062,0.599062,0.599062
3669,0.598983,0.598983,0.598983
3670,0.59894,0.598941,0.59894
3671,0.598858,0.598858,0.598858
3672,0.598815,0.598816,0.598815
3673,0.598756,0.598756,0.598756
3674,0.598729,0.59873,0.598729
3675,0.598694,0.598694,0.598694
3676,0.598623,0.598623,0.598623
3677,0.598544,0.598544,0.598544
3678,0.598522,0.598523,0.598522
3679,0.598457,0.598457,0.598457
3680,0.598433,0.598434,0.598433
3681,0.598362,0.598362,0.598362
3682,0.598284,0.598285,0.598284
3683,0.598194,0.598194,0.598193
3684,0.598158,0.598159,0.598158
3685,0.59814,0.59814,0.59814
3686,0.598101,0.598102,0.598101
3687,0.598075,0.598076,0.598075
3688,0.597987,0.597987,0.597987
3689,0.597904,0.597905,0.597904
3690,0.597838,0.597838,0.597838
3691,0.597792,0.597792,0.597792
3692,0.5977,0.5977,0.5977
3693,0.597643,0.597644,0.597643
3694,0.597557,0.597557,0.597557
3695,0.597514,0.597514,0.597514
3696,0.597452,0.597452,0.597452
3697,0.597391,0.597391,0.597391
3698,0.597364,0.597364,0.597364
3699,0.597293,0.597294,0.597293
3700,0.597242,0.597243,0.597243
3701,0.597163,0.597164,0.597163
3702,0.597087,0.597088,0.597087
3703,0.597056,0.597057,0.597056
3704,0.597022,0.597023,0.597023
3705,0.596975,0.596976,0.596975
3706,0.596946,0.596946,0.596946
3707,0.596859,0.596859,0.596859
3708,0.59678,0.596781,0.596781
3709,0.596738,0.596738,0.596738
3710,0.596692,0.596693,0.596692
3711,0.596671,0.596672,0.596672
3712,0.596602,0.596603,0.596602
3713,0.596514,0.596515,0.596514
3714,0.596454,0.596454,0.596454
3715,0.596412,0.596413,0.596412
3716,0.596386,0.596387,0.596387
3717,0.596345,0.596345,0.596345
3718,0.596279,0.59628,0.59628
3719,0.596189,0.59619,0.59619
3720,0.596106,0.596107,0.596106
3721,0.596059,0.596059,0.596059
3722,0.595969,0.59597,0.59597
3723,0.595912,0.595912,0.595912
3724,0.595849,0.595849,0.595849
3725,0.595792,0.595792,0.595792
3726,0.59572,0.595721,0.59572
3727,0.595632,0.595633,0.595632
3728,0.595589,0.59559,0.595589
3729,0.595544,0.595544,0.595544
3730,0.595456,0.595456,0.595456
3731,0.595436,0.595436,0.595436
3732,0.59541,0.59541,0.59541
3733,0.595323,0.595324,0.595323
3734,0.595289,0.595289,0.595289
3735,0.59524,0.595241,0.59524
3736,0.595214,0.595214,0.595214
3737,0.595175,0.595176,0.595175
3738,0.595119,0.59512,0.595119
3739,0.59506,0.59506,0.59506
3740,0.594969,0.594969,0.594969
3741,0.594945,0.594946,0.594945
3742,0.594904,0.594904,0.594904
3743,0.594822,0.594822,0.594822
3744,0.594783,0.594783,0.594783
3745,0.594711,0.594712,0.594711
3746,0.59463,0.59463,0.59463
3747,0.594598,0.594599,0.594599
3748,0.594514,0.594514,0.594514
3749,0.594462,0.594463,0.594462
3750,0.594376,0.594377,0.594376
3751,0.594348,0.594349,0.594348
3752,0.594286,0.594287,0.594286
3753,0.594226,0.594227,0.594226
3754,0.594154,0.594155,0.594154
3755,0.594107,0.594108,0.594107
3756,0.594052,0.594053,0.594052
3757,0.594018,0.594019,0.594018
3758,0.593937,0.593938,0.593937
3759,0.593909,0.59391,0.593909
3760,0.593829,0.593829,0.593829
3761,0.593749,0.593749,0.593748
3762,0.593701,0.593701,0.5937
3763,0.593641,0.593641,0.593641
3764,0.593617,0.593617,0.593617
3765,0.593542,0.593542,0.593542
3766,0.593515,0.593515,0.593515
3767,0.593439,0.593439,0.593439
3768,0.593358,0.593358,0.593358
3769,0.593306,0.593307,0.593306
3770,0.593221,0.593221,0.593221
3771,0.593158,0.593158,0.593157
3772,0.593114,0.593114,0.593114
3773,0.593041,0.593041,0.59304
3774,0.592995,0.592995,0.592995
3775,0.592911,0.592911,0.592911
3776,0.592851,0.592851,0.592851
3777,0.592807,0.592807,0.592806
3778,0.592781,0.592781,0.592781
3779,0.592711,0.592711,0.59271
3780,0.592658,0.592658,0.592658
3781,0.5926,0.5926,0.5926
3782,0.59253,0.592531,0.59253
3783,0.592443,0.592443,0.592442
3784,0.592406,0.592406,0.592405
3785,0.592343,0.592343,0.592342
3786,0.592255,0.592255,0.592254
3787,0.59218,0.59218,0.592179
3788,0.592145,0.592145,0.592145
3789,0.592109,0.59211,0.592109
3790,0.592029,0.592029,0.592029
3791,0.591989,0.59199,0.591989
3792,0.591918,0.591918,0.591918
3793,0.591891,0.591891,0.591891
3794,0.591837,0.591838,0.591837
3795,0.591782,0.591782,0.591782
3796,0.591739,0.59174,0.591739
3797,0.59168,0.591681,0.59168
3798,0.591606,0.591607,0.591606
3799,0.591523,0.591523,0.591523
3800,0.591472,0.591473,0.591472
3801,0.591422,0.591423,0.591422
3802,0.591403,0.591403,0.591403
3803,0.591353,0.591353,0.591353
3804,0.591291,0.591291,0.591291
3805,0.591218,0.591218,0.591218
3806,0.591174,0.591174,0.591174
3807,0.591132,0.591132,0.591132
3808,0.591095,0.591096,0.591096
3809,0.591049,0.591049,0.591049
3810,0.590984,0.590984,0.590984
3811,0.590959,0.590959,0.590959
3812,0.590889,0.590889,0.590889
3813,0.590865,0.590865,0.590865
3814,0.590776,0.590776,0.590776
3815,0.590756,0.590756,0.590756
3816,0.590678,0.590679,0.590679
3817,0.590605,0.590606,0.590605
3818,0.590563,0.590563,0.590563
3819,0.59047,0.590471,0.59047
3820,0.590394,0.590395,0.590395
3821,0.590312,0.590312,0.590312
3822,0.590238,0.590238,0.590238
3823,0.590186,0.590187,0.590187
3824,0.590123,0.590124,0.590124
3825,0.590096,0.590097,0.590096
3826,0.590061,0.590062,0.590061
3827,0.590019,0.59002,0.59002
3828,0.58998,0.58998,0.58998
3829,0.589939,0.589939,0.589939
3830,0.589871,0.589872,0.589871
3831,0.589805,0.589805,0.589805
3832,0.589713,0.589713,0.589713
3833,0.589655,0.589655,0.589655
3834,0.589584,0.589584,0.589584
3835,0.589559,0.589559,0.589559
3836,0.589512,0.589513,0.589512
3837,0.589467,0.589468,0.589467
3838,0.589423,0.589424,0.589423
3839,0.589391,0.589392,0.589391
3840,0.58937,0.58937,0.58937
3841,0.589319,0.58932,0.58932
3842,0.589231,0.589231,0.589231
3843,0.589157,0.589157,0.589157
3844,0.589123,0.589123,0.589123
3845,0.589067,0.589067,0.589067
3846,0.588978,0.588979,0.588978
3847,0.588936,0.588936,0.588936
3848,0.588857,0.588858,0.588858
3849,0.588779,0.588779,0.588779
3850,0.588742,0.588743,0.588743
3851,0.588653,0.588653,0.588653
3852,0.588581,0.588581,0.588581
3853,0.588552,0.588552,0.588552
3854,0.588521,0.588521,0.588521
3855,0.588496,0.588496,0.588496
3856,0.588438,0.588438,0.588438
3857,0.588348,0.588349,0.588348
3858,0.588292,0.588292,0.588292
3859,0.588203,0.588203,0.588203
3860,0.588142,0.588143,0.588142
3861,0.588113,0.588113,0.588113
3862,0.588035,0.588035,0.588035
3863,0.587964,0.587964,0.587964
3864,0.58792,0.58792,0.58792
3865,0.587851,0.587852,0.587851
3866,0.587801,0.587802,0.587801
3867,0.587719,0.58772,0.58772
3868,0.58766,0.587661,0.587661
3869,0.587591,0.587591,0.587591
3870,0.587501,0.587501,0.587501
3871,0.587423,0.587423,0.587423
3872,0.587377,0.587377,0.587377
3873,0.587312,0.587312,0.587312
3874,0.587255,0.587255,0.587255
3875,0.587221,0.587221,0.587221
3876,0.587176,0.587176,0.587176
3877,0.587126,0.587126,0.587126
3878,0.587107,0.587107,0.587107
3879,0.587033,0.587034,0.587034
3880,0.586997,0.586997,0.586997
3881,0.58691,0.58691,0.58691
3882,0.58688,0.58688,0.58688
3883,0.586854,0.586854,0.586854
3884,0.586793,0.586793,0.586793
3885,0.586722,0.586723,0.586722
3886,0.586655,0.586655,0.586655
3887,0.586601,0.586602,0.586601
3888,0.586551,0.586552,0.586551
3889,0.58647,0.586471,0.58647
3890,0.586431,0.586432,0.586431
3891,0.586397,0.586398,0.586397
3892,0.586364,0.586365,0.586364
3893,0.586335,0.586336,0.586335
3894,0.586245,0.586246,0.586245
3895,0.586221,0.586222,0.586221
3896,0.586183,0.586183,0.586183
3897,0.586154,0.586154,0.586153
3898,0.586119,0.586119,0.586119
3899,0.586043,0.586044,0.586043
3900,0.585985,0.585985,0.585985
3901,0.585911,0.585911,0.585911
3902,0.585878,0.585879,0.585878
3903,0.585823,0.585823,0.585823
3904,0.585793,0.585794,0.585793
3905,0.585769,0.585769,0.585768
3906,0.585693,0.585693,0.585693
3907,0.585657,0.585658,0.585657
3908,0.585593,0.585594,0.585593
3909,0.585567,0.585568,0.585567
3910,0.585515,0.585515,0.585514
3911,0.585449,0.58545,0.585449
3912,0.585414,0.585415,0.585414
3913,0.585348,0.585348,0.585347
3914,0.585283,0.585284,0.585283
3915,0.585256,0.585257,0.585256
3916,0.585216,0.585216,0.585215
3917,0.585193,0.585194,0.585193
3918,0.585148,0.585148,0.585148
3919,0.585068,0.585068,0.585068
3920,0.585039,0.585039,0.585038
3921,0.584979,0.58498,0.584979
3922,0.584936,0.584936,0.584935
3923,0.584857,0.584857,0.584856
3924,0.584801,0.584802,0.584801
3925,0.584724,0.584724,0.584724
3926,0.584674,0.584674,0.584674
3927,0.584627,0.584628,0.584627
3928,0.584553,0.584553,0.584552
3929,0.584531,0.584532,0.584531
3930,0.584447,0.584448,0.584447
3931,0.58441,0.58441,0.58441
3932,0.584325,0.584326,0.584325
3933,0.584255,0.584256,0.584255
3934,0.58422,0.584221,0.58422
3935,0.584163,0.584163,0.584163
3936,0.58409,0.58409,0.58409
3937,0.584029,0.584029,0.584029
3938,0.583992,0.583993,0.583992
3939,0.58393,0.58393,0.58393
3940,0.583887,0.583887,0.583886
3941,0.583836,0.583836,0.583836
3942,0.583765,0.583765,0.583764
3943,0.583716,0.583716,0.583716
3944,0.583684,0.583685,0.583684
3945,0.583621,0.583621,0.583621
3946,0.583542,0.583543,0.583542
3947,0.583509,0.58351,0.583509
3948,0.583445,0.583445,0.583445
3949,0.583424,0.583424,0.583424
3950,0.583355,0.583356,0.583355
3951,0.583331,0.583331,0.583331
3952,0.583273,0.583274,0.583273
3953,0.583223,0.583224,0.583223
3954,0.583186,0.583186,0.583186
3955,0.5831,0.583101,0.583101
3956,0.583023,0.583024,0.583023
3957,0.582969,0.582969,0.582969
3958,0.582947,0.582947,0.582947
3959,0.582888,0.582889,0.582888
3960,0.582861,0.582861,0.582861
3961,0.582776,0.582776,0.582776
3962,0.582733,0.582733,0.582733
3963,0.582709,0.582709,0.582709
3964,0.582675,0.582675,0.582674
3965,0.58259,0.58259,0.582589
3966,0.582499,0.582499,0.582498
3967,0.582446,0.582447,0.582446
3968,0.582407,0.582407,0.582407
3969,0.582357,0.582357,0.582356
3970,0.582274,0.582274,0.582273
3971,0.582229,0.58223,0.582229
3972,0.582189,0.582189,0.582189
3973,0.582147,0.582147,0.582147
3974,0.582088,0.582088,0.582088
3975,0.582063,0.582064,0.582063
3976,0.581982,0.581982,0.581982
3977,0.581949,0.581949,0.581949
3978,0.581863,0.581864,0.581863
3979,0.581807,0.581808,0.581807
3980,0.581784,0.581785,0.581784
3981,0.581721,0.581722,0.581721
3982,0.581665,0.581666,0.581665
3983,0.581582,0.581583,0.581582
3984,0.58152,0.58152,0.58152
3985,0.581431,0.581432,0.581431
3986,0.5814,0.581401,0.5814
3987,0.581317,0.581318,0.581317
3988,0.581249,0.581249,0.581249
3989,0.581181,0.581181,0.581181
3990,0.5811,0.581101,0.5811
3991,0.581025,0.581026,0.581025
3992,0.580978,0.580978,0.580978
3993,0.580903,0.580904,0.580903
3994,0.58083,0.580831,0.580831
3995,0.58075,0.58075,0.58075
3996,0.580729,0.580729,0.580729
3997,0.580646,0.580647,0.580646
3998,0.580584,0.580584,0.580584
3999,0.580535,0.580536,0.580536
4000,0.580495,0.580495,0.580495
4001,0.580455,0.580455,0.580455
4002,0.580422,0.580422,0.580422
4003,0.580358,0.580358,0.580358
4004,0.580266,0.580266,0.580266
4005,0.580185,0.580186,0.580185
4006,0.580111,0.580112,0.580111
4007,0.580056,0.580056,0.580056
4008,0.580032,0.580032,0.580031
4009,0.579964,0.579964,0.579964
4010,0.579875,0.579875,0.579874
4011,0.57982,0.579821,0.57982
4012,0.579798,0.579798,0.579798
4013,0.579738,0.579739,0.579738
4014,0.579711,0.579712,0.579711
4015,0.579667,0.579667,0.579667
4016,0.579591,0.579591,0.57959
4017,0.57955,0.57955,0.57955
4018,0.579501,0.579501,0.5795
4019,0.579444,0.579445,0.579444
4020,0.579398,0.579399,0.579398
4021,0.579329,0.579329,0.579329
4022,0.579242,0.579242,0.579241
4023,0.579163,0.579164,0.579163
4024,0.579083,0.579083,0.579083
4025,0.579053,0.579053,0.579053
4026,0.578968,0.578968,0.578967
4027,0.578948,0.578948,0.578947
4028,0.578872,0.578873,0.578872
4029,0.578838,0.578839,0.578838
4030,0.578789,0.578789,0.578788
4031,0.578724,0.578725,0.578724
4032,0.578635,0.578635,0.578634
4033,0.578557,0.578557,0.578556
4034,0.578505,0.578505,0.578504
4035,0.578478,0.578478,0.578477
4036,0.578388,0.578388,0.578387
4037,0.578298,0.578299,0.578298
4038,0.57824,0.578241,0.57824
4039,0.578195,0.578196,0.578195
4040,0.578127,0.578128,0.578127
4041,0.578057,0.578057,0.578056
4042,0.57802,0.57802,0.57802
4043,0.577974,0.577974,0.577973
4044,0.577924,0.577925,0.577924
4045,0.577843,0.577844,0.577843
4046,0.577759,0.57776,0.577759
4047,0.577697,0.577697,0.577697
4048,0.577619,0.57762,0.577619
4049,0.577568,0.577569,0.577568
4050,0.577478,0.577479,0.577478
4051,0.577405,0.577406,0.577405
4052,0.57736,0.57736,0.57736
4053,0.577309,0.57731,0.577309
4054,0.57729,0.57729,0.57729
4055,0.577244,0.577244,0.577244
4056,0.577171,0.577171,0.577171
4057,0.577117,0.577117,0.577117
4058,0.577036,0.577036,0.577036
4059,0.576956,0.576956,0.576956
4060,0.576899,0.5769,0.576899
4061,0.57684,0.576841,0.57684
4062,0.576771,0.576772,0.576772
4063,0.576739,0.576739,0.576739
4064,0.576659,0.57666,0.57666
4065,0.576573,0.576574,0.576573
4066,0.57649,0.576491,0.57649
4067,0.57642,0.57642,0.57642
4068,0.576338,0.576339,0.576339
4069,0.576271,0.576271,0.576271
4070,0.576201,0.576201,0.576201
4071,0.576168,0.576169,0.576168
4072,0.576125,0.576125,0.576125
4073,0.576063,0.576064,0.576063
4074,0.575979,0.57598,0.575979
4075,0.575921,0.575921,0.575921
4076,0.575883,0.575883,0.575883
4077,0.575796,0.575797,0.575796
4078,0.575761,0.575761,0.575761
4079,0.575698,0.575699,0.575698
4080,0.575617,0.575617,0.575617
4081,0.575575,0.575575,0.575575
4082,0.575516,0.575516,0.575516
4083,0.575445,0.575446,0.575445
4084,0.57536,0.57536,0.57536
4085,0.575291,0.575291,0.575291
4086,0.575246,0.575246,0.575246
4087,0.575209,0.575209,0.575209
4088,0.575128,0.575128,0.575128
4089,0.575054,0.575054,0.575054
4090,0.574997,0.574997,0.574997
4091,0.574943,0.574943,0.574942
4092,0.574853,0.574853,0.574852
4093,0.5748,0.5748,0.5748
4094,0.574745,0.574745,0.574744
4095,0.574721,0.574721,0.574721
4096,0.57463,0.574631,0.57463
4097,0.574602,0.574602,0.574601
4098,0.574523,0.574523,0.574523
4099,0.574499,0.574499,0.574498
4100,0.574453,0.574453,0.574452
4101,0.574419,0.574419,0.574419
4102,0.574333,0.574333,0.574333
4103,0.574303,0.574304,0.574303
4104,0.574257,0.574257,0.574257
4105,0.57423,0.57423,0.57423
4106,0.574153,0.574153,0.574153
4107,0.574088,0.574089,0.574088
4108,0.574036,0.574037,0.574036
4109,0.574008,0.574008,0.574008
4110,0.573974,0.573974,0.573974
4111,0.573921,0.573922,0.573921
4112,0.573891,0.573892,0.573891
4113,0.573853,0.573854,0.573853
4114,0.573801,0.573802,0.573801
4115,0.573734,0.573734,0.573734
4116,0.573679,0.57368,0.573679
4117,0.573642,0.573642,0.573642
4118,0.573567,0.573568,0.573567
4119,0.573541,0.573542,0.573541
4120,0.57351,0.573511,0.57351
4121,0.573418,0.573419,0.573418
4122,0.573333,0.573334,0.573333
4123,0.573267,0.573267,0.573267
4124,0.573244,0.573244,0.573244
4125,0.573156,0.573156,0.573156
4126,0.573137,0.573137,0.573137
4127,0.573116,0.573116,0.573116
4128,0.573065,0.573065,0.573065
4129,0.572987,0.572987,0.572987
4130,0.572939,0.57294,0.572939
4131,0.572854,0.572854,0.572853
4132,0.572822,0.572822,0.572821
4133,0.572729,0.57273,0.572729
4134,0.572675,0.572675,0.572675
4135,0.572647,0.572647,0.572647
4136,0.572594,0.572594,0.572594
4137,0.57256,0.572561,0.57256
4138,0.572509,0.572509,0.572509
4139,0.57246,0.57246,0.57246
4140,0.572414,0.572414,0.572414
4141,0.572332,0.572332,0.572332
4142,0.572306,0.572306,0.572306
4143,0.572225,0.572225,0.572225
4144,0.572206,0.572206,0.572206
4145,0.572178,0.572179,0.572178
4146,0.572147,0.572147,0.572147
4147,0.572105,0.572106,0.572105
4148,0.572054,0.572054,0.572054
4149,0.571985,0.571985,0.571985
4150,0.571895,0.571895,0.571895
4151,0.571844,0.571844,0.571844
4152,0.571768,0.571769,0.571768
4153,0.571694,0.571695,0.571694
4154,0.571649,0.571649,0.571649
4155,0.571621,0.571621,0.571621
4156,0.571595,0.571595,0.571595
4157,0.571513,0.571514,0.571513
4158,0.571427,0.571427,0.571427
4159,0.571377,0.571377,0.571377
4160,0.571307,0.571308,0.571307
4161,0.571227,0.571227,0.571227
4162,0.571165,0.571165,0.571165
4163,0.571087,0.571087,0.571087
4164,0.571065,0.571066,0.571065
4165,0.571027,0.571027,0.571027
4166,0.570986,0.570986,0.570986
4167,0.570896,0.570896,0.570896
4168,0.570811,0.570811,0.570811
4169,0.570723,0.570723,0.570723
4170,0.570631,0.570632,0.570631
4171,0.570588,0.570588,0.570588
4172,0.570566,0.570567,0.570566
4173,0.570483,0.570483,0.570483
4174,0.570424,0.570424,0.570424
4175,0.570393,0.570394,0.570394
4176,0.570318,0.570318,0.570318
4177,0.570291,0.570292,0.570292
4178,0.57025,0.570251,0.57025
4179,0.570184,0.570184,0.570184
4180,0.570144,0.570144,0.570144
4181,0.570102,0.570102,0.570102
4182,0.570013,0.570014,0.570014
4183,0.569953,0.569954,0.569954
4184,0.56993,0.56993,0.56993
4185,0.56989,0.56989,0.56989
4186,0.569824,0.569824,0.569824
4187,0.56977,0.569771,0.569771
4188,0.569693,0.569693,0.569693
4189,0.569659,0.569659,0.569659
4190,0.5696,0.569601,0.569601
4191,0.569508,0.569509,0.569509
4192,0.569445,0.569445,0.569446
4193,0.569408,0.569409,0.569409
4194,0.569325,0.569325,0.569325
4195,0.569261,0.569261,0.569261
4196,0.569236,0.569236,0.569236
4197,0.569211,0.569211,0.569211
4198,0.569149,0.569149,0.569149
4199,0.569091,0.569091,0.569091
4200,0.569053,0.569053,0.569053
4201,0.568997,0.568998,0.568998
4202,0.568971,0.568971,0.568971
4203,0.568936,0.568936,0.568936
4204,0.568913,0.568914,0.568914
4205,0.568873,0.568873,0.568873
4206,0.568824,0.568825,0.568824
4207,0.568753,0.568754,0.568753
4208,0.568728,0.568728,0.568728
4209,0.568694,0.568694,0.568694
4210,0.568675,0.568675,0.568675
4211,0.568594,0.568595,0.568594
4212,0.568541,0.568541,0.568541
4213,0.568468,0.568469,0.568468
4214,0.568429,0.568429,0.568429
4215,0.568338,0.568339,0.568338
4216,0.568264,0.568264,0.568264
4217,0.568224,0.568224,0.568224
4218,0.568142,0.568142,0.568142
4219,0.568108,0.568109,0.568108
4220,0.568088,0.568089,0.568088
4221,0.568043,0.568044,0.568043
4222,0.567997,0.567998,0.567997
4223,0.56792,0.56792,0.56792
4224,0.567841,0.567841,0.567841
4225,0.56779,0.56779,0.567789
4226,0.567759,0.56776,0.567759
4227,0.567674,0.567674,0.567673
4228,0.567598,0.567598,0.567597
4229,0.567521,0.567521,0.567521
4230,0.567501,0.567501,0.567501
4231,0.56744,0.567441,0.56744
4232,0.567368,0.567368,0.567367
4233,0.567326,0.567326,0.567326
4234,0.567259,0.56726,0.567259
4235,0.56722,0.56722,0.56722
4236,0.567135,0.567136,0.567135
4237,0.567087,0.567088,0.567087
4238,0.567065,0.567066,0.567066
4239,0.567016,0.567017,0.567016
4240,0.566987,0.566988,0.566987
4241,0.566908,0.566908,0.566908
4242,0.566832,0.566832,0.566832
4243,0.566796,0.566796,0.566796
4244,0.566704,0.566705,0.566705
4245,0.566634,0.566634,0.566634
4246,0.56658,0.56658,0.56658
4247,0.566497,0.566497,0.566497
4248,0.566409,0.566409,0.566409
4249,0.566318,0.566319,0.566318
4250,0.566244,0.566245,0.566244
4251,0.566186,0.566187,0.566187
4252,0.566152,0.566152,0.566152
4253,0.566095,0.566095,0.566095
4254,0.566015,0.566015,0.566015
4255,0.565965,0.565966,0.565965
4256,0.565943,0.565944,0.565943
4257,0.565916,0.565916,0.565916
4258,0.565829,0.565829,0.565829
4259,0.565809,0.565809,0.565809
4260,0.565776,0.565777,0.565776
4261,0.565704,0.565704,0.565704
4262,0.565655,0.565655,0.565655
4263,0.565602,0.565603,0.565603
4264,0.565548,0.565548,0.565548
4265,0.565507,0.565507,0.565507
4266,0.565436,0.565436,0.565436
4267,0.565395,0.565395,0.565395
4268,0.565333,0.565333,0.565333
4269,0.565268,0.565268,0.565268
4270,0.565246,0.565246,0.565246
4271,0.565197,0.565198,0.565197
4272,0.565163,0.565164,0.565164
4273,0.565116,0.565116,0.565116
4274,0.565034,0.565035,0.565034
4275,0.565001,0.565001,0.565001
4276,0.564947,0.564947,0.564947
4277,0.564881,0.564881,0.564881
4278,0.564808,0.564808,0.564808
4279,0.564732,0.564733,0.564733
4280,0.564683,0.564684,0.564683
4281,0.56462,0.564621,0.56462
4282,0.56457,0.564571,0.56457
4283,0.564543,0.564544,0.564544
4284,0.56451,0.564511,0.564511
4285,0.564467,0.564468,0.564468
4286,0.564407,0.564408,0.564407
4287,0.564359,0.56436,0.564359
4288,0.564321,0.564321,0.564321
4289,0.564245,0.564245,0.564245
4290,0.564175,0.564175,0.564175
4291,0.564121,0.564121,0.564121
4292,0.564041,0.564041,0.564041
4293,0.564005,0.564005,0.564005
4294,0.563931,0.563931,0.563931
4295,0.563858,0.563858,0.563858
4296,0.563811,0.563811,0.563811
4297,0.563759,0.56376,0.563759
4298,0.563693,0.563694,0.563693
4299,0.563629,0.563629,0.563629
4300,0.563547,0.563547,0.563547
4301,0.563519,0.563519,0.563519
4302,0.56344,0.56344,0.563439
4303,0.563358,0.563359,0.563358
4304,0.56329,0.56329,0.56329
4305,0.563243,0.563243,0.563242
4306,0.563218,0.563218,0.563218
4307,0.563128,0.563129,0.563128
4308,0.563045,0.563046,0.563045
4309,0.562957,0.562958,0.562957
4310,0.56289,0.562891,0.56289
4311,0.562838,0.562838,0.562838
4312,0.562801,0.562802,0.562801
4313,0.562712,0.562713,0.562712
4314,0.56264,0.56264,0.56264
4315,0.562599,0.562599,0.562598
4316,0.562554,0.562554,0.562554
4317,0.562478,0.562478,0.562478
4318,0.562443,0.562444,0.562443
4319,0.562359,0.562359,0.562359
4320,0.562294,0.562294,0.562293
4321,0.562252,0.562252,0.562251
4322,0.562224,0.562224,0.562224
4323,0.56218,0.56218,0.56218
4324,0.562143,0.562144,0.562143
4325,0.56208,0.562081,0.56208
4326,0.561999,0.561999,0.561999
4327,0.561947,0.561948,0.561947
4328,0.561912,0.561913,0.561912
4329,0.561886,0.561886,0.561885
4330,0.561844,0.561844,0.561844
4331,0.561762,0.561762,0.561762
4332,0.561686,0.561687,0.561686
4333,0.561604,0.561605,0.561604
4334,0.561586,0.561586,0.561586
4335,0.561527,0.561527,0.561527
4336,0.561486,0.561487,0.561486
4337,0.561445,0.561446,0.561445
4338,0.561367,0.561368,0.561367
4339,0.561333,0.561334,0.561333
4340,0.561277,0.561277,0.561277
4341,0.561253,0.561253,0.561253
4342,0.561174,0.561174,0.561174
4343,0.561133,0.561133,0.561133
4344,0.561054,0.561054,0.561054
4345,0.560989,0.560989,0.560989
4346,0.560918,0.560918,0.560918
4347,0.560863,0.560863,0.560863
4348,0.560808,0.560808,0.560808
4349,0.560748,0.560748,0.560748
4350,0.560722,0.560722,0.560722
4351,0.560689,0.56069,0.560689
4352,0.560658,0.560658,0.560657
4353,0.560628,0.560628,0.560628
4354,0.560566,0.560566,0.560565
4355,0.56052,0.56052,0.56052
4356,0.560432,0.560432,0.560432
4357,0.56039,0.560391,0.56039
4358,0.560365,0.560365,0.560365
4359,0.560317,0.560317,0.560317
4360,0.560256,0.560256,0.560256
4361,0.560178,0.560178,0.560177
4362,0.560131,0.560131,0.560131
4363,0.560102,0.560103,0.560102
4364,0.560057,0.560057,0.560056
4365,0.560018,0.560018,0.560017
4366,0.559943,0.559943,0.559943
4367,0.559915,0.559916,0.559915
4368,0.559851,0.559851,0.55985
4369,0.559784,0.559785,0.559784
4370,0.559729,0.55973,0.559729
4371,0.55964,0.55964,0.559639
4372,0.559548,0.559548,0.559547
4373,0.559503,0.559503,0.559503
4374,0.559438,0.559438,0.559437
4375,0.559413,0.559413,0.559412
4376,0.559351,0.559352,0.559351
4377,0.559275,0.559275,0.559274
4378,0.559206,0.559207,0.559206
4379,0.559149,0.559149,0.559148
4380,0.559065,0.559065,0.559064
4381,0.559002,0.559002,0.559001
4382,0.558935,0.558936,0.558935
4383,0.558905,0.558905,0.558905
4384,0.558819,0.558819,0.558818
4385,0.558782,0.558783,0.558782
4386,0.558707,0.558707,0.558706
4387,0.558627,0.558628,0.558627
4388,0.558581,0.558581,0.558581
4389,0.558501,0.558501,0.5585
4390,0.558478,0.558478,0.558477
4391,0.558443,0.558443,0.558443
4392,0.55841,0.558411,0.55841
4393,0.558365,0.558366,0.558365
4394,0.558292,0.558292,0.558292
4395,0.558258,0.558258,0.558258
4396,0.558225,0.558226,0.558225
4397,0.558185,0.558186,0.558185
4398,0.558106,0.558106,0.558105
4399,0.558038,0.558038,0.558038
4400,0.557953,0.557953,0.557952
4401,0.55788,0.557881,0.55788
4402,0.557821,0.557822,0.557821
4403,0.557743,0.557743,0.557742
4404,0.557656,0.557656,0.557656
4405,0.557586,0.557586,0.557585
4406,0.557555,0.557556,0.557555
4407,0.557526,0.557526,0.557526
4408,0.557499,0.557499,0.557499
4409,0.557429,0.557429,0.557428
4410,0.557354,0.557355,0.557354
4411,0.557321,0.557321,0.55732
4412,0.55729,0.557291,0.55729
4413,0.55726,0.55726,0.557259
4414,0.55722,0.557221,0.55722
4415,0.557143,0.557143,0.557143
4416,0.557052,0.557053,0.557052
4417,0.556965,0.556965,0.556965
4418,0.556937,0.556937,0.556937
4419,0.556856,0.556857,0.556856
4420,0.55678,0.556781,0.55678
4421,0.556758,0.556758,0.556758
4422,0.556694,0.556694,0.556693
4423,0.556618,0.556619,0.556618
4424,0.556544,0.556545,0.556544
4425,0.556517,0.556517,0.556517
4426,0.556494,0.556494,0.556494
4427,0.556433,0.556434,0.556433
4428,0.556345,0.556346,0.556345
4429,0.556296,0.556297,0.556296
4430,0.556214,0.556214,0.556214
4431,0.556127,0.556127,0.556126
4432,0.55608,0.55608,0.55608
4433,0.556023,0.556023,0.556022
4434,0.555937,0.555938,0.555937
4435,0.555886,0.555887,0.555886
4436,0.5558,0.5558,0.5558
4437,0.555712,0.555712,0.555712
4438,0.555663,0.555664,0.555663
4439,0.555618,0.555618,0.555617
4440,0.55558,0.555581,0.55558
4441,0.55555,0.555551,0.55555
4442,0.5555,0.5555,0.5555
4443,0.555409,0.55541,0.555409
4444,0.555353,0.555353,0.555353
4445,0.55527,0.55527,0.55527
4446,0.555226,0.555227,0.555226
4447,0.555143,0.555144,0.555144
4448,0.555098,0.555098,0.555098
4449,0.555058,0.555059,0.555058
4450,0.555025,0.555026,0.555025
4451,0.554953,0.554953,0.554953
4452,0.554902,0.554903,0.554902
4453,0.554882,0.554882,0.554882
4454,0.554836,0.554836,0.554836
4455,0.55476,0.55476,0.55476
4456,0.554727,0.554728,0.554727
4457,0.554695,0.554695,0.554695
4458,0.55464,0.554641,0.55464
4459,0.554605,0.554605,0.554605
4460,0.554572,0.554573,0.554572
4461,0.554482,0.554482,0.554481
4462,0.55445,0.55445,0.554449
4463,0.554397,0.554397,0.554396
4464,0.554371,0.554371,0.55437
4465,0.554311,0.554312,0.554311
4466,0.554275,0.554275,0.554275
4467,0.554208,0.554208,0.554207
4468,0.554167,0.554168,0.554167
4469,0.554086,0.554086,0.554086
4470,0.553999,0.554,0.553999
4471,0.553924,0.553924,0.553924
4472,0.553887,0.553887,0.553887
4473,0.553799,0.5538,0.553799
4474,0.553721,0.553721,0.553721
4475,0.553647,0.553647,0.553647
4476,0.553569,0.55357,0.553569
4477,0.553504,0.553504,0.553504
4478,0.553444,0.553444,0.553443
4479,0.553371,0.553372,0.553371
4480,0.553299,0.553299,0.553299
4481,0.553261,0.553262,0.553261
4482,0.553195,0.553195,0.553195
4483,0.553157,0.553157,0.553156
4484,0.553078,0.553079,0.553078
4485,0.553025,0.553025,0.553024
4486,0.552967,0.552967,0.552967
4487,0.552907,0.552907,0.552907
4488,0.552819,0.552819,0.552818
4489,0.55277,0.55277,0.55277
4490,0.552705,0.552705,0.552704
4491,0.552671,0.552671,0.55267
4492,0.552588,0.552588,0.552587
4493,0.552535,0.552535,0.552534
4494,0.55245,0.552451,0.55245
4495,0.552416,0.552417,0.552416
4496,0.552363,0.552363,0.552362
4497,0.5523,0.5523,0.552299
4498,0.552249,0.55225,0.552249
4499,0.552208,0.552208,0.552207
4500,0.55212,0.55212,0.55212
4501,0.55207,0.552071,0.55207
4502,0.552038,0.552039,0.552038
4503,0.552015,0.552015,0.552014
4504,0.551981,0.551981,0.55198
4505,0.551919,0.55192,0.551919
4506,0.551869,0.551869,0.551869
4507,0.551848,0.551849,0.551848
4508,0.551771,0.551771,0.55177
4509,0.551736,0.551736,0.551736
4510,0.551659,0.55166,0.551659
4511,0.551615,0.551616,0.551615
4512,0.551546,0.551547,0.551546
4513,0.5515,0.5515,0.551499
4514,0.551456,0.551456,0.551456
4515,0.551367,0.551367,0.551367
4516,0.551278,0.551279,0.551278
4517,0.551235,0.551235,0.551235
4518,0.551145,0.551146,0.551145
4519,0.551053,0.551053,0.551053
4520,0.55102,0.55102,0.551019
4521,0.55096,0.550961,0.55096
4522,0.550893,0.550893,0.550893
4523,0.550872,0.550873,0.550872
4524,0.550783,0.550783,0.550783
4525,0.550718,0.550719,0.550718
4526,0.550629,0.550629,0.550629
4527,0.550565,0.550566,0.550565
4528,0.550517,0.550518,0.550518
4529,0.550483,0.550484,0.550483
4530,0.550396,0.550396,0.550396
4531,0.550318,0.550318,0.550318
4532,0.550295,0.550296,0.550296
4533,0.550203,0.550204,0.550204
4534,0.550174,0.550174,0.550174
4535,0.550106,0.550106,0.550106
4536,0.550059,0.55006,0.55006
4537,0.550019,0.55002,0.55002
4538,0.54994,0.54994,0.54994
4539,0.54989,0.549891,0.549891
4540,0.549814,0.549814,0.549814
4541,0.549772,0.549772,0.549772
4542,0.549745,0.549745,0.549745
4543,0.549691,0.549691,0.549691
4544,0.549611,0.549611,0.549611
4545,0.54959,0.54959,0.54959
4546,0.549556,0.549557,0.549556
4547,0.549508,0.549508,0.549508
4548,0.549488,0.549488,0.549488
4549,0.549454,0.549454,0.549454
4550,0.549406,0.549407,0.549406
4551,0.549318,0.549318,0.549318
4552,0.549248,0.549248,0.549248
4553,0.549227,0.549227,0.549227
4554,0.549147,0.549148,0.549147
4555,0.549103,0.549104,0.549103
4556,0.549025,0.549025,0.549025
4557,0.548938,0.548938,0.548938
4558,0.548879,0.548879,0.548879
4559,0.548803,0.548804,0.548803
4560,0.548753,0.548754,0.548753
4561,0.548697,0.548697,0.548697
4562,0.548637,0.548637,0.548637
4563,0.548594,0.548594,0.548594
4564,0.548524,0.548524,0.548524
4565,0.548445,0.548445,0.548444
4566,0.548376,0.548377,0.548376
4567,0.548343,0.548343,0.548342
4568,0.548299,0.5483,0.548299
4569,0.548221,0.548221,0.548221
4570,0.54813,0.548131,0.54813
4571,0.548061,0.548062,0.548061
4572,0.547996,0.547997,0.547996
4573,0.547966,0.547966,0.547966
4574,0.5479,0.5479,0.5479
4575,0.547816,0.547816,0.547816
4576,0.547796,0.547796,0.547796
4577,0.547723,0.547723,0.547723
4578,0.547632,0.547632,0.547632
4579,0.547557,0.547557,0.547557
4580,0.547468,0.547468,0.547468
4581,0.547406,0.547406,0.547406
4582,0.547374,0.547375,0.547374
4583,0.547284,0.547285,0.547284
4584,0.547196,0.547196,0.547196
4585,0.547104,0.547105,0.547104
4586,0.547027,0.547027,0.547027
4587,0.546966,0.546967,0.546966
4588,0.546921,0.546921,0.546921
4589,0.546864,0.546864,0.546864
4590,0.546832,0.546833,0.546833
4591,0.54675,0.54675,0.54675
4592,0.546697,0.546697,0.546697
4593,0.546678,0.546678,0.546678
4594,0.546598,0.546599,0.546598
4595,0.546528,0.546529,0.546528
4596,0.546493,0.546493,0.546493
4597,0.546464,0.546465,0.546464
4598,0.546388,0.546389,0.546389
4599,0.546347,0.546347,0.546347
4600,0.54628,0.54628,0.54628
4601,0.546259,0.546259,0.546259
4602,0.546204,0.546205,0.546204
4603,0.546114,0.546114,0.546114
4604,0.546028,0.546028,0.546028
4605,0.546007,0.546008,0.546008
4606,0.545987,0.545987,0.545987
4607,0.545897,0.545897,0.545897
4608,0.545835,0.545836,0.545836
4609,0.545747,0.545747,0.545747
4610,0.545667,0.545668,0.545668
4611,0.545576,0.545577,0.545576
4612,0.545551,0.545551,0.545551
4613,0.545508,0.545508,0.545508
4614,0.545437,0.545437,0.545437
4615,0.545405,0.545406,0.545405
4616,0.545326,0.545326,0.545326
4617,0.545239,0.545239,0.545239
4618,0.545152,0.545153,0.545152
4619,0.545099,0.545099,0.545099
4620,0.545027,0.545028,0.545027
4621,0.544957,0.544958,0.544957
4622,0.54487,0.54487,0.54487
4623,0.544832,0.544833,0.544832
4624,0.544747,0.544747,0.544747
4625,0.544668,0.544669,0.544668
4626,0.544578,0.544579,0.544578
4627,0.544514,0.544515,0.544514
4628,0.544433,0.544434,0.544433
4629,0.544356,0.544357,0.544356
4630,0.544313,0.544313,0.544313
4631,0.544286,0.544286,0.544286
4632,0.544208,0.544209,0.544208
4633,0.544163,0.544164,0.544163
4634,0.544113,0.544113,0.544113
4635,0.544056,0.544056,0.544056
4636,0.543997,0.543997,0.543997
4637,0.543916,0.543917,0.543916
4638,0.543868,0.543868,0.543868
4639,0.543848,0.543849,0.543848
4640,0.543761,0.543761,0.543761
4641,0.54368,0.54368,0.54368
4642,0.5436,0.5436,0.5436
4643,0.54357,0.543571,0.54357
4644,0.543513,0.543514,0.543514
4645,0.543457,0.543457,0.543457
4646,0.543436,0.543436,0.543436
4647,0.543353,0.543353,0.543353
4648,0.543278,0.543278,0.543278
4649,0.543228,0.543228,0.543228
4650,0.543204,0.543205,0.543205
4651,0.543154,0.543154,0.543154
4652,0.543076,0.543076,0.543076
4653,0.543054,0.543054,0.543054
4654,0.542974,0.542975,0.542974
4655,0.542918,0.542918,0.542918
4656,0.542851,0.542851,0.542851
4657,0.542807,0.542807,0.542807
4658,0.542718,0.542718,0.542718
4659,0.542642,0.542643,0.542642
4660,0.542613,0.542613,0.542613
4661,0.542548,0.542548,0.542548
4662,0.542507,0.542508,0.542507
4663,0.542449,0.54245,0.542449
4664,0.542388,0.542388,0.542388
4665,0.542335,0.542336,0.542335
4666,0.542272,0.542272,0.542272
4667,0.542181,0.542181,0.542181
4668,0.542111,0.542112,0.542111
4669,0.542026,0.542026,0.542026
4670,0.541987,0.541987,0.541987
4671,0.541933,0.541934,0.541933
4672,0.5419,0.5419,0.5419
4673,0.541878,0.541878,0.541878
4674,0.541835,0.541835,0.541834
4675,0.541777,0.541777,0.541777
4676,0.541738,0.541738,0.541738
4677,0.541656,0.541656,0.541656
4678,0.541568,0.541568,0.541568
4679,0.541495,0.541496,0.541495
4680,0.541434,0.541435,0.541434
4681,0.541405,0.541405,0.541405
4682,0.541334,0.541335,0.541334
4683,0.541279,0.541279,0.541279
4684,0.541229,0.54123,0.541229
4685,0.541197,0.541197,0.541197
4686,0.541177,0.541177,0.541177
4687,0.541141,0.541141,0.541141
4688,0.541086,0.541086,0.541086
4689,0.541049,0.541049,0.541049
4690,0.540967,0.540968,0.540967
4691,0.54093,0.540931,0.54093
4692,0.540861,0.540861,0.540861
4693,0.540795,0.540796,0.540795
4694,0.54076,0.540761,0.540761
4695,0.540725,0.540725,0.540725
4696,0.540666,0.540666,0.540666
4697,0.540616,0.540617,0.540617
4698,0.540526,0.540526,0.540526
4699,0.54049,0.54049,0.54049
4700,0.540466,0.540467,0.540467
4701,0.540435,0.540435,0.540435
4702,0.540352,0.540352,0.540352
4703,0.540323,0.540324,0.540324
4704,0.540271,0.540272,0.540272
4705,0.540191,0.540191,0.540191
4706,0.540156,0.540157,0.540157
4707,0.540125,0.540125,0.540125
4708,0.540052,0.540052,0.540052
4709,0.540005,0.540005,0.540005
4710,0.539919,0.539919,0.539919
4711,0.539849,0.539849,0.539849
4712,0.539799,0.5398,0.5398
4713,0.53977,0.539771,0.53977
4714,0.539731,0.539731,0.539731
4715,0.539702,0.539703,0.539703
4716,0.539634,0.539634,0.539634
4717,0.539582,0.539582,0.539582
4718,0.539557,0.539557,0.539557
4719,0.539533,0.539533,0.539533
4720,0.539483,0.539483,0.539483
4721,0.53942,0.539421,0.53942
4722,0.539365,0.539366,0.539365
4723,0.53932,0.539321,0.53932
4724,0.539255,0.539256,0.539255
4725,0.539179,0.539179,0.539179
4726,0.539092,0.539092,0.539092
4727,0.539029,0.539029,0.539028
4728,0.538939,0.538939,0.538939
4729,0.53888,0.538881,0.53888
4730,0.538833,0.538833,0.538833
4731,0.538792,0.538793,0.538792
4732,0.5387,0.538701,0.5387
4733,0.538616,0.538616,0.538616
4734,0.538526,0.538526,0.538526
4735,0.538438,0.538439,0.538438
4736,0.538357,0.538357,0.538357
4737,0.538334,0.538334,0.538334
4738,0.538259,0.538259,0.538259
4739,0.538237,0.538238,0.538237
4740,0.538153,0.538153,0.538153
4741,0.538084,0.538084,0.538084
4742,0.538042,0.538042,0.538042
4743,0.538012,0.538013,0.538012
4744,0.537948,0.537948,0.537948
4745,0.537888,0.537889,0.537888
4746,0.537825,0.537826,0.537825
4747,0.537766,0.537767,0.537766
4748,0.537685,0.537685,0.537685
4749,0.537614,0.537615,0.537614
4750,0.537527,0.537527,0.537527
4751,0.537448,0.537448,0.537448
4752,0.537424,0.537425,0.537424
4753,0.537387,0.537388,0.537387
4754,0.537295,0.537296,0.537295
4755,0.537272,0.537272,0.537272
4756,0.537182,0.537183,0.537182
4757,0.537151,0.537152,0.537151
4758,0.537132,0.537133,0.537132
4759,0.5371,0.5371,0.5371
4760,0.537033,0.537033,0.537032
4761,0.536971,0.536971,0.536971
4762,0.536888,0.536889,0.536888
4763,0.536833,0.536833,0.536833
4764,0.536808,0.536808,0.536808
4765,0.536753,0.536753,0.536753
4766,0.536668,0.536669,0.536668
4767,0.536621,0.536621,0.53662
4768,0.536552,0.536552,0.536551
4769,0.536515,0.536516,0.536515
4770,0.536467,0.536467,0.536466
4771,0.536397,0.536398,0.536397
4772,0.536375,0.536375,0.536375
4773,0.536322,0.536322,0.536322
4774,0.536243,0.536243,0.536242
4775,0.536191,0.536191,0.536191
4776,0.536099,0.536099,0.536099
4777,0.536016,0.536016,0.536016
4778,0.535984,0.535984,0.535984
4779,0.535892,0.535893,0.535892
4780,0.53586,0.53586,0.535859
4781,0.535825,0.535825,0.535824
4782,0.535733,0.535733,0.535733
4783,0.535687,0.535688,0.535687
4784,0.535637,0.535637,0.535637
4785,0.535579,0.535579,0.535579
4786,0.535544,0.535545,0.535544
4787,0.535462,0.535463,0.535462
4788,0.5354,0.535401,0.5354
4789,0.53532,0.53532,0.53532
4790,0.535232,0.535232,0.535232
4791,0.535205,0.535206,0.535205
4792,0.535127,0.535127,0.535127
4793,0.535065,0.535066,0.535065
4794,0.534989,0.53499,0.534989
4795,0.534952,0.534952,0.534951
4796,0.534925,0.534926,0.534925
4797,0.534872,0.534872,0.534871
4798,0.534831,0.534831,0.534831
4799,0.534757,0.534758,0.534757
4800,0.534707,0.534707,0.534707
4801,0.53467,0.53467,0.534669
4802,0.534594,0.534595,0.534594
4803,0.534567,0.534567,0.534567
4804,0.534481,0.534481,0.534481
4805,0.53443,0.534431,0.53443
4806,0.534374,0.534374,0.534373
4807,0.534354,0.534354,0.534354
4808,0.534297,0.534298,0.534297
4809,0.534253,0.534253,0.534252
4810,0.534202,0.534202,0.534201
4811,0.534166,0.534167,0.534166
4812,0.534135,0.534135,0.534134
4813,0.534045,0.534045,0.534044
4814,0.534018,0.534018,0.534017
4815,0.533947,0.533947,0.533946
4816,0.533919,0.533919,0.533918
4817,0.533899,0.533899,0.533898
4818,0.533823,0.533823,0.533822
4819,0.533759,0.533759,0.533759
4820,0.533716,0.533716,0.533715
4821,0.533667,0.533668,0.533667
4822,0.533577,0.533577,0.533576
4823,0.533512,0.533513,0.533512
4824,0.533455,0.533456,0.533455
4825,0.533423,0.533423,0.533423
4826,0.533345,0.533345,0.533345
4827,0.533274,0.533275,0.533274
4828,0.533234,0.533234,0.533234
4829,0.533171,0.533171,0.53317
4830,0.533113,0.533114,0.533113
4831,0.533058,0.533058,0.533057
4832,0.532983,0.532984,0.532983
4833,0.5329,0.5329,0.5329
4834,0.532818,0.532818,0.532818
4835,0.532754,0.532754,0.532753
4836,0.532665,0.532665,0.532664
4837,0.532622,0.532622,0.532622
4838,0.532552,0.532553,0.532552
4839,0.53252,0.532521,0.53252
4840,0.532443,0.532444,0.532443
4841,0.532417,0.532417,0.532416
4842,0.532328,0.532328,0.532328
4843,0.532276,0.532277,0.532276
4844,0.532194,0.532194,0.532193
4845,0.532143,0.532144,0.532143
4846,0.532054,0.532054,0.532053
4847,0.531964,0.531964,0.531963
4848,0.531908,0.531908,0.531908
4849,0.53187,0.53187,0.53187
4850,0.531777,0.531778,0.531777
4851,0.531719,0.531719,0.531719
4852,0.531665,0.531666,0.531665
4853,0.531645,0.531646,0.531645
4854,0.531591,0.531592,0.531591
4855,0.531544,0.531544,0.531543
4856,0.531454,0.531454,0.531454
4857,0.531396,0.531396,0.531396
4858,0.531326,0.531326,0.531326
4859,0.531247,0.531247,0.531247
4860,0.531186,0.531186,0.531186
4861,0.531104,0.531104,0.531104
4862,0.53102,0.531021,0.53102
4863,0.530933,0.530934,0.530933
4864,0.53091,0.53091,0.53091
4865,0.530822,0.530822,0.530821
4866,0.530801,0.530801,0.5308
4867,0.530756,0.530756,0.530755
4868,0.530704,0.530704,0.530703
4869,0.530619,0.530619,0.530619
4870,0.530595,0.530595,0.530595
4871,0.530521,0.530521,0.530521
4872,0.53049,0.53049,0.530489
4873,0.530435,0.530436,0.530435
4874,0.530388,0.530389,0.530388
4875,0.530325,0.530326,0.530325
4876,0.530253,0.530253,0.530253
4877,0.530173,0.530174,0.530173
4878,0.530087,0.530087,0.530087
4879,0.53002,0.53002,0.530019
4880,0.53,0.53,0.53
4881,0.529946,0.529946,0.529946
4882,0.529868,0.529868,0.529868
4883,0.529816,0.529816,0.529816
4884,0.529773,0.529773,0.529773
4885,0.529751,0.529751,0.529751
4886,0.529688,0.529689,0.529688
4887,0.529648,0.529648,0.529648
4888,0.529602,0.529603,0.529602
4889,0.529521,0.529521,0.529521
4890,0.529492,0.529492,0.529492
4891,0.52941,0.529411,0.52941
4892,0.52938,0.52938,0.52938
4893,0.529331,0.529331,0.529331
4894,0.529257,0.529257,0.529257
4895,0.529176,0.529177,0.529176
4896,0.529111,0.529112,0.529111
4897,0.52904,0.52904,0.52904
4898,0.529001,0.529002,0.529001
4899,0.528956,0.528956,0.528956
4900,0.528867,0.528867,0.528867
4901,0.528819,0.528819,0.528818
4902,0.528799,0.528799,0.528799
4903,0.52873,0.528731,0.52873
4904,0.528709,0.52871,0.528709
4905,0.528655,0.528656,0.528655
4906,0.528588,0.528589,0.528588
4907,0.528569,0.528569,0.528569
4908,0.528489,0.52849,0.528489
4909,0.528432,0.528432,0.528432
4910,0.528356,0.528356,0.528356
4911,0.528337,0.528337,0.528337
4912,0.528279,0.528279,0.528279
4913,0.528193,0.528193,0.528193
4914,0.528103,0.528103,0.528103
4915,0.528078,0.528079,0.528078
4916,0.528029,0.52803,0.52803
4917,0.527939,0.52794,0.52794
4918,0.527901,0.527902,0.527901
4919,0.527862,0.527863,0.527862
4920,0.527842,0.527843,0.527842
4921,0.527809,0.527809,0.527809
4922,0.527719,0.527719,0.527719
4923,0.527669,0.527669,0.527669
4924,0.527635,0.527635,0.527635
4925,0.527545,0.527546,0.527546
4926,0.527479,0.52748,0.52748
4927,0.527395,0.527395,0.527395
4928,0.527316,0.527316,0.527316
4929,0.527284,0.527284,0.527284
4930,0.527259,0.527259,0.527259
4931,0.527213,0.527213,0.527213
4932,0.527144,0.527144,0.527144
4933,0.527119,0.52712,0.527119
4934,0.527091,0.527092,0.527091
4935,0.527026,0.527026,0.527026
4936,0.526956,0.526957,0.526956
4937,0.526902,0.526903,0.526903
4938,0.52682,0.526821,0.526821
4939,0.526763,0.526763,0.526763
4940,0.526689,0.526689,0.526689
4941,0.52664,0.526641,0.52664
4942,0.52657,0.526571,0.526571
4943,0.526518,0.526518,0.526518
4944,0.526463,0.526463,0.526463
4945,0.526411,0.526411,0.526411
4946,0.526377,0.526377,0.526377
4947,0.526354,0.526355,0.526354
4948,0.526271,0.526272,0.526271
4949,0.526194,0.526194,0.526194
4950,0.526165,0.526166,0.526165
4951,0.52612,0.52612,0.52612
4952,0.526101,0.526101,0.526101
4953,0.526037,0.526037,0.526037
4954,0.525952,0.525952,0.525952
4955,0.525893,0.525893,0.525893
4956,0.525848,0.525848,0.525848
4957,0.525772,0.525772,0.525772
4958,0.525733,0.525734,0.525733
4959,0.525705,0.525705,0.525705
4960,0.525647,0.525647,0.525647
4961,0.525588,0.525588,0.525588
4962,0.525546,0.525546,0.525545
4963,0.525456,0.525456,0.525456
4964,0.525412,0.525412,0.525412
4965,0.525337,0.525337,0.525337
4966,0.525258,0.525258,0.525258
4967,0.525213,0.525214,0.525213
4968,0.525121,0.525121,0.525121
4969,0.525092,0.525092,0.525092
4970,0.52506,0.52506,0.52506
4971,0.524982,0.524983,0.524982
4972,0.52491,0.52491,0.52491
4973,0.524873,0.524873,0.524873
4974,0.52479,0.52479,0.52479
4975,0.524734,0.524735,0.524734
4976,0.524661,0.524662,0.524662
4977,0.524583,0.524583,0.524583
4978,0.52454,0.524541,0.524541
4979,0.524508,0.524508,0.524508
4980,0.524471,0.524472,0.524471
4981,0.52444,0.52444,0.52444
4982,0.524383,0.524383,0.524383
4983,0.524359,0.524359,0.524359
4984,0.524274,0.524275,0.524275
4985,0.524231,0.524231,0.524231
4986,0.524212,0.524212,0.524212
4987,0.524191,0.524191,0.524191
4988,0.524121,0.524121,0.524121
4989,0.524096,0.524096,0.524096
4990,0.524062,0.524062,0.524062
4991,0.524041,0.524041,0.524041
4992,0.524012,0.524013,0.524012
4993,0.523926,0.523926,0.523926
4994,0.52389,0.523891,0.52389
4995,0.523863,0.523864,0.523863
4996,0.523833,0.523833,0.523833
4997,0.523805,0.523805,0.523805
4998,0.523762,0.523763,0.523763
4999,0.5237,0.523701,0.523701
5000,0.523632,0.523632,0.523632
5001,0.523566,0.523566,0.523566
5002,0.523521,0.523522,0.523522
5003,0.523499,0.523499,0.523499
5004,0.523407,0.523407,0.523407
5005,0.523338,0.523338,0.523338
5006,0.523305,0.523305,0.523305
5007,0.523264,0.523264,0.523264
5008,0.523216,0.523217,0.523217
5009,0.523176,0.523177,0.523177
5010,0.523125,0.523126,0.523126
5011,0.52305,0.52305,0.52305
5012,0.522959,0.522959,0.522959
5013,0.522909,0.522909,0.522909
5014,0.522843,0.522843,0.522843
5015,0.522756,0.522757,0.522757
5016,0.522707,0.522707,0.522707
5017,0.522676,0.522677,0.522677
5018,0.522601,0.522601,0.522601
5019,0.522534,0.522534,0.522534
5020,0.522473,0.522473,0.522473
5021,0.52245,0.52245,0.52245
5022,0.522377,0.522377,0.522377
5023,0.522318,0.522318,0.522318
5024,0.522279,0.52228,0.522279
5025,0.522224,0.522224,0.522224
5026,0.522176,0.522176,0.522176
5027,0.522083,0.522083,0.522083
5028,0.522027,0.522027,0.522027
5029,0.521986,0.521987,0.521987
5030,0.521914,0.521915,0.521915
5031,0.521855,0.521855,0.521855
5032,0.521822,0.521822,0.521822
5033,0.521792,0.521793,0.521793
5034,0.521716,0.521716,0.521716
5035,0.521642,0.521642,0.521642
5036,0.521575,0.521576,0.521575
5037,0.521544,0.521544,0.521544
5038,0.521495,0.521495,0.521495
5039,0.521463,0.521463,0.521463
5040,0.521403,0.521403,0.521403
5041,0.521348,0.521348,0.521348
5042,0.521291,0.521292,0.521291
5043,0.521199,0.521199,0.521199
5044,0.521155,0.521156,0.521155
5045,0.521064,0.521065,0.521064
5046,0.520989,0.520989,0.520989
5047,0.520899,0.5209,0.520899
5048,0.520823,0.520824,0.520823
5049,0.520775,0.520776,0.520775
5050,0.520741,0.520742,0.520741
5051,0.520666,0.520666,0.520666
5052,0.520582,0.520582,0.520582
5053,0.520534,0.520534,0.520534
5054,0.520461,0.520461,0.520461
5055,0.52043,0.520431,0.52043
5056,0.520396,0.520397,0.520396
5057,0.520314,0.520315,0.520314
5058,0.520266,0.520267,0.520266
5059,0.520237,0.520237,0.520237
5060,0.520196,0.520196,0.520196
5061,0.52013,0.52013,0.52013
5062,0.520098,0.520098,0.520098
5063,0.520049,0.520049,0.520049
5064,0.519999,0.519999,0.519999
5065,0.519907,0.519908,0.519907
5066,0.51987,0.519871,0.519871
5067,0.51982,0.51982,0.51982
5068,0.519741,0.519741,0.519741
5069,0.519692,0.519693,0.519692
5070,0.519638,0.519638,0.519638
5071,0.519602,0.519603,0.519602
5072,0.519521,0.519521,0.519521
5073,0.519454,0.519455,0.519454
5074,0.519416,0.519417,0.519416
5075,0.519351,0.519351,0.519351
5076,0.519258,0.519259,0.519258
5077,0.519176,0.519176,0.519176
5078,0.519103,0.519103,0.519103
5079,0.519058,0.519058,0.519058
5080,0.51897,0.51897,0.51897
5081,0.518924,0.518924,0.518924
5082,0.518872,0.518873,0.518872
5083,0.518786,0.518787,0.518786
5084,0.518744,0.518744,0.518743
5085,0.518665,0.518665,0.518665
5086,0.518595,0.518596,0.518595
5087,0.518537,0.518537,0.518537
5088,0.518482,0.518483,0.518482
5089,0.518426,0.518426,0.518425
5090,0.518396,0.518396,0.518395
5091,0.518366,0.518366,0.518365
5092,0.518275,0.518276,0.518275
5093,0.518244,0.518244,0.518244
5094,0.518222,0.518222,0.518222
5095,0.518151,0.518152,0.518151
5096,0.518129,0.518129,0.518129
5097,0.518091,0.518091,0.518091
5098,0.518023,0.518023,0.518023
5099,0.517968,0.517968,0.517967
5100,0.517928,0.517928,0.517928
5101,0.517875,0.517875,0.517875
5102,0.517848,0.517849,0.517848
5103,0.517778,0.517778,0.517778
5104,0.517705,0.517705,0.517704
5105,0.517658,0.517659,0.517658
5106,0.517624,0.517624,0.517624
5107,0.517556,0.517556,0.517556
5108,0.517483,0.517484,0.517483
5109,0.517421,0.517421,0.517421
5110,0.51733,0.517331,0.51733
5111,0.517256,0.517257,0.517256
5112,0.517222,0.517222,0.517222
5113,0.517151,0.517152,0.517151
5114,0.517073,0.517073,0.517072
5115,0.517041,0.517041,0.517041
5116,0.516994,0.516994,0.516994
5117,0.516956,0.516957,0.516956
5118,0.516936,0.516936,0.516936
5119,0.516877,0.516877,0.516877
5120,0.516799,0.516799,0.516799
5121,0.516765,0.516766,0.516765
5122,0.516729,0.51673,0.516729
5123,0.516643,0.516643,0.516643
5124,0.516621,0.516621,0.516621
5125,0.516592,0.516593,0.516592
5126,0.516512,0.516513,0.516512
5127,0.51647,0.51647,0.51647
5128,0.51641,0.51641,0.51641
5129,0.516358,0.516358,0.516358
5130,0.516303,0.516304,0.516303
5131,0.516232,0.516233,0.516232
5132,0.516164,0.516164,0.516164
5133,0.516098,0.516099,0.516098
5134,0.51602,0.516021,0.516021
5135,0.515943,0.515943,0.515943
5136,0.515853,0.515853,0.515853
5137,0.515829,0.515829,0.515829
5138,0.515774,0.515774,0.515774
5139,0.51569,0.51569,0.51569
5140,0.515654,0.515654,0.515654
5141,0.515572,0.515573,0.515573
5142,0.515485,0.515486,0.515485
5143,0.515439,0.515439,0.515439
5144,0.515416,0.515417,0.515417
5145,0.515392,0.515392,0.515392
5146,0.51536,0.51536,0.51536
5147,0.51532,0.51532,0.51532
5148,0.51529,0.51529,0.51529
5149,0.515264,0.515265,0.515264
5150,0.515212,0.515212,0.515212
5151,0.515172,0.515173,0.515172
5152,0.515136,0.515136,0.515136
5153,0.515089,0.515089,0.515089
5154,0.515005,0.515005,0.515005
5155,0.514959,0.514959,0.514959
5156,0.514904,0.514905,0.514904
5157,0.514818,0.514818,0.514818
5158,0.514738,0.514739,0.514739
5159,0.514679,0.514679,0.514679
5160,0.514639,0.514639,0.514639
5161,0.514552,0.514552,0.514552
5162,0.514509,0.51451,0.514509
5163,0.514434,0.514434,0.514434
5164,0.514379,0.51438,0.51438
5165,0.514325,0.514325,0.514325
5166,0.514284,0.514285,0.514284
5167,0.514223,0.514224,0.514223
5168,0.514204,0.514205,0.514204
5169,0.514162,0.514162,0.514162
5170,0.514112,0.514112,0.514112
5171,0.51407,0.51407,0.51407
5172,0.514027,0.514028,0.514027
5173,0.514007,0.514008,0.514007
5174,0.513955,0.513956,0.513955
5175,0.513869,0.513869,0.513869
5176,0.513827,0.513828,0.513827
5177,0.513739,0.513739,0.513739
5178,0.513652,0.513653,0.513652
5179,0.513577,0.513578,0.513577
5180,0.513488,0.513488,0.513488
5181,0.513406,0.513406,0.513406
5182,0.513344,0.513344,0.513344
5183,0.513262,0.513263,0.513262
5184,0.513198,0.513198,0.513198
5185,0.51313,0.51313,0.51313
5186,0.513084,0.513085,0.513085
5187,0.513048,0.513048,0.513048
5188,0.512996,0.512996,0.512996
5189,0.512968,0.512968,0.512968
5190,0.512931,0.512931,0.512931
5191,0.512849,0.51285,0.51285
5192,0.512771,0.512772,0.512771
5193,0.512747,0.512747,0.512747
5194,0.512696,0.512696,0.512696
5195,0.512613,0.512614,0.512613
5196,0.512576,0.512576,0.512576
5197,0.51252,0.51252,0.51252
5198,0.51245,0.512451,0.51245
5199,0.512372,0.512372,0.512372
5200,0.512351,0.512352,0.512351
5201,0.512285,0.512286,0.512285
5202,0.512198,0.512198,0.512198
5203,0.512176,0.512176,0.512176
5204,0.512156,0.512157,0.512156
5205,0.512132,0.512133,0.512133
5206,0.512085,0.512086,0.512086
5207,0.512031,0.512031,0.512031
5208,0.511961,0.511962,0.511962
5209,0.511915,0.511915,0.511915
5210,0.511836,0.511836,0.511836
5211,0.511804,0.511804,0.511804
5212,0.511733,0.511734,0.511734
5213,0.511696,0.511697,0.511697
5214,0.511609,0.511609,0.511609
5215,0.511554,0.511554,0.511554
5216,0.511478,0.511478,0.511478
5217,0.511456,0.511457,0.511457
5218,0.511397,0.511397,0.511397
5219,0.511346,0.511346,0.511346
5220,0.511321,0.511321,0.511321
5221,0.511274,0.511274,0.511274
5222,0.511242,0.511242,0.511242
5223,0.511157,0.511157,0.511157
5224,0.511105,0.511105,0.511105
5225,0.511054,0.511054,0.511054
5226,0.511024,0.511024,0.511025
5227,0.510997,0.510998,0.510998
5228,0.510958,0.510959,0.510959
5229,0.510931,0.510932,0.510932
5230,0.51086,0.510861,0.510861
5231,0.51084,0.51084,0.510841
5232,0.510778,0.510779,0.510779
5233,0.510689,0.510689,0.510689
5234,0.510626,0.510626,0.510626
5235,0.510569,0.510569,0.510569
5236,0.510522,0.510522,0.510522
5237,0.510429,0.51043,0.51043
5238,0.510389,0.510389,0.510389
5239,0.510329,0.51033,0.51033
5240,0.51026,0.51026,0.51026
5241,0.510207,0.510207,0.510207
5242,0.510141,0.510142,0.510142
5243,0.510057,0.510057,0.510057
5244,0.510028,0.510028,0.510028
5245,0.509973,0.509974,0.509974
5246,0.509895,0.509895,0.509895
5247,0.509855,0.509855,0.509855
5248,0.509791,0.509791,0.509791
5249,0.509755,0.509755,0.509755
5250,0.509687,0.509688,0.509688
5251,0.509626,0.509626,0.509626
5252,0.509594,0.509594,0.509594
5253,0.509528,0.509528,0.509528
5254,0.509448,0.509448,0.509448
5255,0.509378,0.509379,0.509379
5256,0.509344,0.509345,0.509345
5257,0.509259,0.50926,0.50926
5258,0.509241,0.509241,0.509241
5259,0.509161,0.509161,0.509161
5260,0.509099,0.5091,0.5091
5261,0.509044,0.509045,0.509045
5262,0.509008,0.509008,0.509008
5263,0.508948,0.508948,0.508948
5264,0.50886,0.50886,0.50886
5265,0.508799,0.5088,0.508799
5266,0.508751,0.508751,0.508751
5267,0.508694,0.508695,0.508694
5268,0.508628,0.508628,0.508628
5269,0.508579,0.50858,0.508579
5270,0.508553,0.508554,0.508553
5271,0.508466,0.508466,0.508466
5272,0.508437,0.508438,0.508438
5273,0.508414,0.508414,0.508414
5274,0.508371,0.508371,0.508371
5275,0.508297,0.508298,0.508297
5276,0.508272,0.508273,0.508272
5277,0.508207,0.508207,0.508207
5278,0.508169,0.50817,0.508169
5279,0.5081,0.5081,0.5081
5280,0.508057,0.508058,0.508057
5281,0.508028,0.508028,0.508028
5282,0.507971,0.507971,0.50797
5283,0.507917,0.507918,0.507917
5284,0.507856,0.507857,0.507856
5285,0.50782,0.507821,0.50782
5286,0.507761,0.507762,0.507761
5287,0.507671,0.507671,0.507671
5288,0.507619,0.50762,0.507619
5289,0.507562,0.507563,0.507562
5290,0.507524,0.507525,0.507524
5291,0.507433,0.507434,0.507433
5292,0.507357,0.507357,0.507357
5293,0.507338,0.507338,0.507338
5294,0.507265,0.507265,0.507265
5295,0.507206,0.507207,0.507206
5296,0.507176,0.507176,0.507176
5297,0.5071,0.507101,0.5071
5298,0.507031,0.507031,0.507031
5299,0.506966,0.506967,0.506966
5300,0.506907,0.506907,0.506907
5301,0.506884,0.506885,0.506884
5302,0.506823,0.506823,0.506823
5303,0.506784,0.506785,0.506784
5304,0.506733,0.506733,0.506733
5305,0.506696,0.506697,0.506696
5306,0.506631,0.506631,0.506631
5307,0.506544,0.506544,0.506544
5308,0.50648,0.50648,0.50648
5309,0.506449,0.506449,0.506449
5310,0.506398,0.506399,0.506398
5311,0.506311,0.506312,0.506311
5312,0.506286,0.506287,0.506286
5313,0.506225,0.506226,0.506225
5314,0.506152,0.506153,0.506152
5315,0.506066,0.506067,0.506066
5316,0.506002,0.506003,0.506002
5317,0.505932,0.505933,0.505932
5318,0.505841,0.505841,0.505841
5319,0.505818,0.505818,0.505817
5320,0.505725,0.505725,0.505725
5321,0.505702,0.505703,0.505702
5322,0.505656,0.505656,0.505656
5323,0.505603,0.505603,0.505603
5324,0.505544,0.505545,0.505544
5325,0.505473,0.505473,0.505473
5326,0.505445,0.505445,0.505445
5327,0.505382,0.505382,0.505382
5328,0.505308,0.505308,0.505308
5329,0.505243,0.505244,0.505243
5330,0.505179,0.505179,0.505178
5331,0.505159,0.505159,0.505158
5332,0.505113,0.505113,0.505112
5333,0.505089,0.505089,0.505088
5334,0.50501,0.50501,0.505009
5335,0.504974,0.504974,0.504973
5336,0.504888,0.504889,0.504888
5337,0.504856,0.504857,0.504856
5338,0.504772,0.504772,0.504772
5339,0.504738,0.504739,0.504738
5340,0.504688,0.504689,0.504688
5341,0.504669,0.504669,0.504668
5342,0.504643,0.504644,0.504643
5343,0.504552,0.504553,0.504552
5344,0.504508,0.504509,0.504508
5345,0.504471,0.504471,0.504471
5346,0.504398,0.504399,0.504398
5347,0.504322,0.504323,0.504322
5348,0.504303,0.504303,0.504302
5349,0.504227,0.504227,0.504226
5350,0.504166,0.504166,0.504166
5351,0.504112,0.504113,0.504112
5352,0.504088,0.504088,0.504087
5353,0.50406,0.50406,0.504059
5354,0.503983,0.503984,0.503983
5355,0.503907,0.503907,0.503906
5356,0.503871,0.503871,0.503871
5357,0.503842,0.503842,0.503842
5358,0.503804,0.503805,0.503804
5359,0.503729,0.503729,0.503728
5360,0.503677,0.503677,0.503676
5361,0.503653,0.503653,0.503653
5362,0.503576,0.503577,0.503576
5363,0.503531,0.503531,0.50353
5364,0.503476,0.503476,0.503476
5365,0.50339,0.50339,0.503389
5366,0.503322,0.503322,0.503321
5367,0.503261,0.503261,0.50326
5368,0.503175,0.503175,0.503174
5369,0.503091,0.503091,0.503091
5370,0.503031,0.503032,0.503031
5371,0.502947,0.502947,0.502947
5372,0.502879,0.50288,0.502879
5373,0.502816,0.502817,0.502816
5374,0.502775,0.502775,0.502775
5375,0.502729,0.502729,0.502728
5376,0.502697,0.502698,0.502697
5377,0.502606,0.502606,0.502606
5378,0.50257,0.50257,0.50257
5379,0.502515,0.502515,0.502515
5380,0.502471,0.502472,0.502471
5381,0.502432,0.502432,0.502432
5382,0.502382,0.502382,0.502382
5383,0.502328,0.502328,0.502327
5384,0.502284,0.502285,0.502284
5385,0.502242,0.502243,0.502242
5386,0.502199,0.5022,0.502199
5387,0.502146,0.502147,0.502146
5388,0.502085,0.502085,0.502085
5389,0.502032,0.502033,0.502032
5390,0.501976,0.501976,0.501976
5391,0.501911,0.501912,0.501911
5392,0.501852,0.501853,0.501853
5393,0.501797,0.501797,0.501797
5394,0.501768,0.501768,0.501768
5395,0.501692,0.501693,0.501692
5396,0.501655,0.501655,0.501655
5397,0.501608,0.501608,0.501608
5398,0.501547,0.501547,0.501547
5399,0.501509,0.501509,0.501508
5400,0.50144,0.50144,0.50144
5401,0.501367,0.501367,0.501367
5402,0.501341,0.501341,0.501341
5403,0.501303,0.501303,0.501303
5404,0.501213,0.501213,0.501213
5405,0.501163,0.501163,0.501163
5406,0.501094,0.501095,0.501094
5407,0.50101,0.50101,0.50101
5408,0.500967,0.500967,0.500967
5409,0.50091,0.500911,0.50091
5410,0.500882,0.500883,0.500882
5411,0.500827,0.500827,0.500826
5412,0.50075,0.500751,0.50075
5413,0.500667,0.500667,0.500666
5414,0.500623,0.500623,0.500622
5415,0.500592,0.500592,0.500591
5416,0.500555,0.500556,0.500555
5417,0.500482,0.500482,0.500481
5418,0.500459,0.500459,0.500458
5419,0.500407,0.500407,0.500406
5420,0.500384,0.500384,0.500383
5421,0.500349,0.500349,0.500348
5422,0.50026,0.50026,0.500259
5423,0.500227,0.500227,0.500227
5424,0.500205,0.500205,0.500204
5425,0.500179,0.50018,0.500179
5426,0.500125,0.500125,0.500125
5427,0.500083,0.500083,0.500082
5428,0.500043,0.500043,0.500042
5429,0.499959,0.49996,0.499959
5430,0.499932,0.499932,0.499932
5431,0.499863,0.499863,0.499863
5432,0.49984,0.49984,0.499839
5433,0.499795,0.499796,0.499795
5434,0.499744,0.499745,0.499744
5435,0.499671,0.499671,0.499671
5436,0.499637,0.499637,0.499636
5437,0.499609,0.49961,0.499609
5438,0.49959,0.499591,0.49959
5439,0.499521,0.499522,0.499521
5440,0.499475,0.499475,0.499475
5441,0.499432,0.499433,0.499432
5442,0.499372,0.499372,0.499371
5443,0.499325,0.499325,0.499325
5444,0.499243,0.499243,0.499243
5445,0.499224,0.499224,0.499224
5446,0.499198,0.499199,0.499198
5447,0.499135,0.499135,0.499135
5448,0.499102,0.499102,0.499102
5449,0.499037,0.499038,0.499037
5450,0.498952,0.498952,0.498952
5451,0.498866,0.498867,0.498866
5452,0.498818,0.498818,0.498818
5453,0.498727,0.498728,0.498727
5454,0.498693,0.498693,0.498693
5455,0.49865,0.49865,0.498649
5456,0.498593,0.498593,0.498593
5457,0.498569,0.49857,0.498569
5458,0.498478,0.498478,0.498478
5459,0.498441,0.498442,0.498441
5460,0.49842,0.49842,0.49842
5461,0.498399,0.4984,0.498399
5462,0.498371,0.498371,0.49837
5463,0.498291,0.498291,0.498291
5464,0.498201,0.498201,0.498201
5465,0.498169,0.498169,0.498169
5466,0.498127,0.498127,0.498127
5467,0.498041,0.498041,0.498041
5468,0.497984,0.497984,0.497984
5469,0.497928,0.497929,0.497928
5470,0.497864,0.497864,0.497864
5471,0.497784,0.497784,0.497784
5472,0.497701,0.497701,0.497701
5473,0.497674,0.497675,0.497674
5474,0.497598,0.497598,0.497598
5475,0.497569,0.497569,0.497569
5476,0.497499,0.4975,0.497499
5477,0.497472,0.497472,0.497472
5478,0.497395,0.497395,0.497395
5479,0.497363,0.497363,0.497363
5480,0.497338,0.497338,0.497337
5481,0.497284,0.497284,0.497284
5482,0.497192,0.497192,0.497192
5483,0.497172,0.497172,0.497172
5484,0.497139,0.497139,0.497139
5485,0.497108,0.497109,0.497108
5486,0.497023,0.497023,0.497023
5487,0.496969,0.496969,0.496969
5488,0.496945,0.496945,0.496945
5489,0.496862,0.496863,0.496863
5490,0.496833,0.496833,0.496833
5491,0.496791,0.496791,0.496791
5492,0.496754,0.496755,0.496754
5493,0.496664,0.496665,0.496664
5494,0.496623,0.496624,0.496623
5495,0.496534,0.496535,0.496535
5496,0.496465,0.496465,0.496465
5497,0.496424,0.496424,0.496424
5498,0.496351,0.496351,0.496351
5499,0.496281,0.496282,0.496281
5500,0.496229,0.496229,0.496229
5501,0.496193,0.496194,0.496193
5502,0.496167,0.496168,0.496167
5503,0.496107,0.496107,0.496107
5504,0.496043,0.496043,0.496043
5505,0.496023,0.496024,0.496023
5506,0.496,0.496001,0.496
5507,0.495981,0.495982,0.495981
5508,0.495912,0.495912,0.495912
5509,0.495866,0.495867,0.495866
5510,0.49584,0.495841,0.49584
5511,0.495806,0.495806,0.495805
5512,0.49573,0.49573,0.49573
5513,0.495698,0.495698,0.495698
5514,0.495643,0.495644,0.495643
5515,0.495607,0.495607,0.495607
5516,0.495572,0.495573,0.495572
5517,0.495528,0.495528,0.495528
5518,0.495504,0.495504,0.495504
5519,0.495441,0.495441,0.495441
5520,0.495405,0.495406,0.495405
5521,0.495339,0.49534,0.495339
5522,0.495251,0.495251,0.495251
5523,0.495187,0.495188,0.495187
5524,0.495147,0.495148,0.495147
5525,0.495125,0.495125,0.495125
5526,0.49506,0.49506,0.49506
5527,0.495015,0.495015,0.495015
5528,0.49495,0.49495,0.49495
5529,0.494868,0.494868,0.494868
5530,0.494843,0.494843,0.494843
5531,0.494807,0.494807,0.494807
5532,0.494759,0.49476,0.49476
5533,0.494708,0.494708,0.494708
5534,0.494634,0.494634,0.494634
5535,0.494572,0.494573,0.494573
5536,0.494484,0.494484,0.494484
5537,0.494438,0.494438,0.494438
5538,0.494362,0.494362,0.494362
5539,0.494334,0.494334,0.494334
5540,0.494272,0.494273,0.494272
5541,0.494214,0.494215,0.494214
5542,0.494151,0.494151,0.494151
5543,0.494131,0.494131,0.494131
5544,0.494059,0.494059,0.494059
5545,0.493989,0.49399,0.49399
5546,0.493908,0.493909,0.493908
5547,0.493824,0.493825,0.493824
5548,0.493744,0.493745,0.493744
5549,0.493689,0.49369,0.493689
5550,0.493631,0.493631,0.493631
5551,0.493554,0.493555,0.493554
5552,0.493471,0.493471,0.493471
5553,0.493422,0.493423,0.493422
5554,0.493363,0.493364,0.493364
5555,0.493271,0.493272,0.493271
5556,0.493241,0.493242,0.493241
5557,0.493182,0.493182,0.493182
5558,0.493091,0.493091,0.493091
5559,0.493027,0.493027,0.493027
5560,0.492976,0.492976,0.492976
5561,0.492944,0.492944,0.492944
5562,0.492898,0.492899,0.492898
5563,0.492856,0.492857,0.492856
5564,0.492766,0.492766,0.492766
5565,0.492725,0.492725,0.492725
5566,0.492649,0.49265,0.492649
5567,0.492587,0.492588,0.492587
5568,0.492567,0.492567,0.492567
5569,0.49251,0.49251,0.492509
5570,0.492456,0.492457,0.492456
5571,0.4924,0.4924,0.492399
5572,0.49236,0.49236,0.49236
5573,0.492341,0.492341,0.492341
5574,0.492322,0.492323,0.492322
5575,0.492237,0.492237,0.492236
5576,0.49217,0.49217,0.49217
5577,0.492109,0.492109,0.492109
5578,0.492047,0.492048,0.492047
5579,0.491984,0.491984,0.491984
5580,0.491919,0.49192,0.491919
5581,0.491855,0.491855,0.491854
5582,0.491813,0.491813,0.491812
5583,0.49178,0.49178,0.49178
5584,0.491741,0.491741,0.491741
5585,0.491717,0.491717,0.491717
5586,0.491663,0.491663,0.491662
5587,0.491643,0.491643,0.491643
5588,0.491622,0.491622,0.491622
5589,0.491596,0.491596,0.491596
5590,0.491576,0.491576,0.491576
5591,0.491524,0.491525,0.491524
5592,0.491504,0.491504,0.491504
5593,0.491473,0.491474,0.491473
5594,0.491402,0.491403,0.491402
5595,0.491317,0.491318,0.491317
5596,0.491261,0.491261,0.491261
5597,0.491224,0.491224,0.491223
5598,0.491165,0.491166,0.491165
5599,0.49113,0.491131,0.49113
5600,0.491056,0.491056,0.491055
5601,0.490965,0.490965,0.490964
5602,0.490884,0.490885,0.490884
5603,0.490838,0.490838,0.490837
5604,0.490772,0.490773,0.490772
5605,0.490699,0.490699,0.490698
5606,0.490627,0.490627,0.490627
5607,0.490563,0.490563,0.490563
5608,0.490483,0.490484,0.490483
5609,0.490441,0.490441,0.49044
5610,0.490382,0.490382,0.490382
5611,0.49034,0.49034,0.49034
5612,0.490312,0.490312,0.490312
5613,0.490248,0.490249,0.490248
5614,0.490213,0.490214,0.490213
5615,0.490141,0.490141,0.490141
5616,0.490048,0.490049,0.490048
5617,0.489991,0.489991,0.489991
5618,0.489944,0.489944,0.489944
5619,0.489903,0.489904,0.489903
5620,0.489821,0.489822,0.489821
5621,0.489741,0.489741,0.489741
5622,0.489702,0.489703,0.489702
5623,0.489634,0.489635,0.489634
5624,0.489566,0.489567,0.489566
5625,0.489491,0.489492,0.489491
5626,0.489424,0.489425,0.489424
5627,0.489342,0.489342,0.489342
5628,0.489288,0.489289,0.489288
5629,0.489211,0.489211,0.489211
5630,0.489132,0.489133,0.489132
5631,0.489073,0.489073,0.489073
5632,0.489,0.489001,0.489
5633,0.488953,0.488953,0.488953
5634,0.488909,0.488909,0.488909
5635,0.48882,0.48882,0.48882
5636,0.488764,0.488764,0.488764
5637,0.488735,0.488735,0.488735
5638,0.488707,0.488708,0.488707
5639,0.488664,0.488665,0.488664
5640,0.488602,0.488602,0.488602
5641,0.488582,0.488583,0.488582
5642,0.488559,0.48856,0.488559
5643,0.488508,0.488509,0.488509
5644,0.488476,0.488477,0.488477
5645,0.488407,0.488407,0.488407
5646,0.488351,0.488352,0.488352
5647,0.488268,0.488268,0.488268
5648,0.488216,0.488216,0.488216
5649,0.488142,0.488142,0.488142
5650,0.488113,0.488114,0.488113
5651,0.48806,0.488061,0.488061
5652,0.487979,0.48798,0.487979
5653,0.487908,0.487908,0.487908
5654,0.487868,0.487868,0.487868
5655,0.487831,0.487832,0.487832
5656,0.487765,0.487766,0.487766
5657,0.487736,0.487736,0.487736
5658,0.487697,0.487697,0.487697
5659,0.487671,0.487671,0.487671
5660,0.487628,0.487629,0.487629
5661,0.487549,0.487549,0.487549
5662,0.4875,0.4875,0.4875
5663,0.487447,0.487448,0.487447
5664,0.487407,0.487408,0.487407
5665,0.487327,0.487328,0.487328
5666,0.487286,0.487286,0.487286
5667,0.487258,0.487258,0.487258
5668,0.487167,0.487167,0.487167
5669,0.487083,0.487083,0.487083
5670,0.487011,0.487012,0.487011
5671,0.48694,0.486941,0.48694
5672,0.486905,0.486906,0.486905
5673,0.486861,0.486861,0.486861
5674,0.486825,0.486825,0.486825
5675,0.486803,0.486804,0.486803
5676,0.486726,0.486727,0.486726
5677,0.486669,0.48667,0.486669
5678,0.4866,0.486601,0.4866
5679,0.486523,0.486523,0.486523
5680,0.486502,0.486502,0.486502
5681,0.486479,0.486479,0.486479
5682,0.486448,0.486448,0.486448
5683,0.486413,0.486414,0.486413
5684,0.486329,0.48633,0.486329
5685,0.486269,0.486269,0.486268
5686,0.486178,0.486178,0.486177
5687,0.486134,0.486135,0.486134
5688,0.486095,0.486095,0.486095
5689,0.486012,0.486013,0.486012
5690,0.485929,0.485929,0.485929
5691,0.485879,0.48588,0.485879
5692,0.485805,0.485805,0.485805
5693,0.485751,0.485752,0.485751
5694,0.485707,0.485708,0.485707
5695,0.485643,0.485643,0.485643
5696,0.485563,0.485563,0.485563
5697,0.485491,0.485492,0.485491
5698,0.485442,0.485442,0.485442
5699,0.48537,0.485371,0.48537
5700,0.48533,0.485331,0.48533
5701,0.485264,0.485264,0.485264
5702,0.485188,0.485188,0.485188
5703,0.485138,0.485139,0.485138
5704,0.48512,0.48512,0.48512
5705,0.485037,0.485037,0.485037
5706,0.484995,0.484995,0.484994
5707,0.484916,0.484916,0.484916
5708,0.48484,0.48484,0.48484
5709,0.484796,0.484796,0.484796
5710,0.484751,0.484751,0.484751
5711,0.484726,0.484726,0.484725
5712,0.484655,0.484656,0.484655
5713,0.484598,0.484598,0.484598
5714,0.484578,0.484578,0.484578
5715,0.484512,0.484513,0.484512
5716,0.484452,0.484452,0.484452
5717,0.4844,0.484401,0.4844
5718,0.484356,0.484357,0.484356
5719,0.484294,0.484294,0.484293
5720,0.484241,0.484242,0.484241
5721,0.484209,0.48421,0.484209
5722,0.484178,0.484179,0.484178
5723,0.484096,0.484096,0.484096
5724,0.484019,0.484019,0.484019
5725,0.483992,0.483993,0.483992
5726,0.483919,0.48392,0.48392
5727,0.483867,0.483868,0.483867
5728,0.483844,0.483844,0.483844
5729,0.483779,0.48378,0.483779
5730,0.483758,0.483758,0.483758
5731,0.483729,0.483729,0.483729
5732,0.483656,0.483656,0.483656
5733,0.483611,0.483611,0.483611
5734,0.483549,0.483549,0.483549
5735,0.483487,0.483488,0.483487
5736,0.483419,0.483419,0.483419
5737,0.48335,0.483351,0.48335
5738,0.483281,0.483281,0.483281
5739,0.483223,0.483223,0.483222
5740,0.483134,0.483134,0.483134
5741,0.483115,0.483115,0.483114
5742,0.483034,0.483035,0.483034
5743,0.482982,0.482983,0.482982
5744,0.482953,0.482954,0.482953
5745,0.482889,0.482889,0.482888
5746,0.482849,0.482849,0.482848
5747,0.482827,0.482827,0.482827
5748,0.482795,0.482795,0.482794
5749,0.482715,0.482715,0.482715
5750,0.482667,0.482667,0.482667
5751,0.482604,0.482605,0.482604
5752,0.482541,0.482541,0.482541
5753,0.48245,0.48245,0.48245
5754,0.482394,0.482395,0.482394
5755,0.482329,0.482329,0.482329
5756,0.482241,0.482242,0.482241
5757,0.48219,0.48219,0.48219
5758,0.482169,0.48217,0.482169
5759,0.482149,0.48215,0.482149
5760,0.48208,0.482081,0.48208
5761,0.482021,0.482021,0.482021
5762,0.481994,0.481994,0.481994
5763,0.481928,0.481928,0.481928
5764,0.481842,0.481843,0.481842
5765,0.481751,0.481752,0.481751
5766,0.481717,0.481718,0.481717
5767,0.481626,0.481626,0.481626
5768,0.481574,0.481575,0.481574
5769,0.481508,0.481508,0.481508
5770,0.481418,0.481418,0.481418
5771,0.481371,0.481371,0.481371
5772,0.481311,0.481311,0.481311
5773,0.481234,0.481235,0.481234
5774,0.481173,0.481173,0.481173
5775,0.48111,0.48111,0.48111
5776,0.481075,0.481075,0.481075
5777,0.480995,0.480995,0.480995
5778,0.48094,0.48094,0.48094
5779,0.480854,0.480854,0.480854
5780,0.480833,0.480833,0.480833
5781,0.4808,0.4808,0.4808
5782,0.480729,0.48073,0.480729
5783,0.480673,0.480674,0.480673
5784,0.480632,0.480632,0.480632
5785,0.480609,0.48061,0.480609
5786,0.480552,0.480552,0.480552
5787,0.480503,0.480503,0.480503
5788,0.480457,0.480458,0.480457
5789,0.480422,0.480422,0.480422
5790,0.480364,0.480364,0.480364
5791,0.480276,0.480276,0.480276
5792,0.480186,0.480187,0.480186
5793,0.480097,0.480098,0.480097
5794,0.480017,0.480017,0.480017
5795,0.479933,0.479934,0.479933
5796,0.47986,0.47986,0.47986
5797,0.479839,0.479839,0.479839
5798,0.479773,0.479773,0.479773
5799,0.479724,0.479724,0.479724
5800,0.47965,0.47965,0.47965
5801,0.479603,0.479603,0.479603
5802,0.479514,0.479514,0.479514
5803,0.479437,0.479438,0.479437
5804,0.479371,0.479372,0.479371
5805,0.479297,0.479297,0.479297
5806,0.479267,0.479267,0.479267
5807,0.479191,0.479192,0.479192
5808,0.479109,0.47911,0.479109
5809,0.479051,0.479052,0.479051
5810,0.479017,0.479017,0.479017
5811,0.478996,0.478996,0.478996
5812,0.478966,0.478966,0.478966
5813,0.478901,0.478902,0.478901
5814,0.478865,0.478865,0.478865
5815,0.478782,0.478783,0.478782
5816,0.478763,0.478763,0.478762
5817,0.478703,0.478703,0.478703
5818,0.478665,0.478666,0.478665
5819,0.478614,0.478615,0.478614
5820,0.478557,0.478557,0.478557
5821,0.478501,0.478502,0.478501
5822,0.478465,0.478465,0.478465
5823,0.478372,0.478373,0.478372
5824,0.478286,0.478287,0.478286
5825,0.478212,0.478212,0.478212
5826,0.478161,0.478161,0.478161
5827,0.478104,0.478105,0.478104
5828,0.478062,0.478062,0.478061
5829,0.478014,0.478014,0.478014
5830,0.477926,0.477926,0.477926
5831,0.477859,0.47786,0.477859
5832,0.477787,0.477788,0.477787
5833,0.477741,0.477742,0.477741
5834,0.477696,0.477696,0.477696
5835,0.477654,0.477654,0.477654
5836,0.477588,0.477589,0.477588
5837,0.477517,0.477518,0.477517
5838,0.477481,0.477482,0.477481
5839,0.477441,0.477442,0.477441
5840,0.47741,0.47741,0.47741
5841,0.477359,0.477359,0.477359
5842,0.477276,0.477276,0.477276
5843,0.477246,0.477246,0.477246
5844,0.477196,0.477197,0.477196
5845,0.477141,0.477141,0.477141
5846,0.47709,0.477091,0.47709
5847,0.477049,0.47705,0.477049
5848,0.477018,0.477019,0.477018
5849,0.476973,0.476973,0.476973
5850,0.476922,0.476922,0.476921
5851,0.476891,0.476891,0.476891
5852,0.476846,0.476847,0.476846
5853,0.476771,0.476771,0.476771
5854,0.476751,0.476751,0.476751
5855,0.476668,0.476668,0.476668
5856,0.476626,0.476626,0.476626
5857,0.476585,0.476585,0.476585
5858,0.476519,0.476519,0.476518
5859,0.476434,0.476434,0.476434
5860,0.476359,0.476359,0.476359
5861,0.476308,0.476309,0.476308
5862,0.476251,0.476252,0.476251
5863,0.476221,0.476221,0.476221
5864,0.476174,0.476174,0.476174
5865,0.476128,0.476128,0.476128
5866,0.476073,0.476073,0.476073
5867,0.476021,0.476021,0.476021
5868,0.476001,0.476001,0.476001
5869,0.475953,0.475953,0.475953
5870,0.475915,0.475916,0.475916
5871,0.475881,0.475882,0.475882
5872,0.475813,0.475814,0.475814
5873,0.475739,0.47574,0.475739
5874,0.47569,0.47569,0.47569
5875,0.475625,0.475626,0.475626
5876,0.475535,0.475536,0.475536
5877,0.475491,0.475491,0.475491
5878,0.475406,0.475407,0.475407
5879,0.475381,0.475381,0.475381
5880,0.475359,0.475359,0.475359
5881,0.475339,0.475339,0.475339
5882,0.475248,0.475249,0.475249
5883,0.47522,0.47522,0.47522
5884,0.475176,0.475177,0.475177
5885,0.475109,0.475109,0.475109
5886,0.475024,0.475025,0.475025
5887,0.474995,0.474996,0.474996
5888,0.474967,0.474967,0.474967
5889,0.474884,0.474884,0.474884
5890,0.474808,0.474809,0.474809
5891,0.474764,0.474764,0.474764
5892,0.474678,0.474678,0.474679
5893,0.474625,0.474626,0.474626
5894,0.474537,0.474537,0.474537
5895,0.4745,0.474501,0.474501
5896,0.474432,0.474432,0.474432
5897,0.474382,0.474383,0.474383
5898,0.474323,0.474323,0.474323
5899,0.474233,0.474233,0.474233
5900,0.474202,0.474202,0.474202
5901,0.474173,0.474173,0.474173
5902,0.474083,0.474084,0.474084
5903,0.473998,0.473999,0.473999
5904,0.473947,0.473947,0.473947
5905,0.473895,0.473895,0.473895
5906,0.473874,0.473874,0.473874
5907,0.473802,0.473803,0.473803
5908,0.47374,0.47374,0.47374
5909,0.473662,0.473662,0.473662
5910,0.473623,0.473624,0.473624
5911,0.473585,0.473585,0.473585
5912,0.473566,0.473566,0.473566
5913,0.473521,0.473522,0.473521
5914,0.473466,0.473467,0.473466
5915,0.473398,0.473398,0.473398
5916,0.473327,0.473328,0.473327
5917,0.473304,0.473305,0.473304
5918,0.473226,0.473226,0.473226
5919,0.473157,0.473157,0.473157
5920,0.473116,0.473116,0.473116
5921,0.47303,0.47303,0.47303
5922,0.472985,0.472986,0.472985
5923,0.472916,0.472917,0.472916
5924,0.472872,0.472872,0.472872
5925,0.472849,0.47285,0.472849
5926,0.472815,0.472816,0.472815
5927,0.472733,0.472733,0.472733
5928,0.472667,0.472667,0.472667
5929,0.472582,0.472582,0.472582
5930,0.472535,0.472535,0.472535
5931,0.472503,0.472503,0.472503
5932,0.472413,0.472414,0.472413
5933,0.47238,0.47238,0.47238
5934,0.472332,0.472333,0.472333
5935,0.47228,0.47228,0.47228
5936,0.472229,0.472229,0.472229
5937,0.472183,0.472183,0.472183
5938,0.472132,0.472132,0.472132
5939,0.472104,0.472104,0.472104
5940,0.472028,0.472028,0.472028
5941,0.471945,0.471945,0.471945
5942,0.471897,0.471898,0.471898
5943,0.471843,0.471844,0.471844
5944,0.471773,0.471773,0.471773
5945,0.471684,0.471684,0.471684
5946,0.471649,0.471649,0.471649
5947,0.471621,0.471621,0.471621
5948,0.471536,0.471536,0.471536
5949,0.47146,0.471461,0.471461
5950,0.471433,0.471433,0.471433
5951,0.471384,0.471385,0.471385
5952,0.471297,0.471297,0.471297
5953,0.471235,0.471236,0.471236
5954,0.471212,0.471213,0.471213
5955,0.471147,0.471148,0.471147
5956,0.471098,0.471098,0.471098
5957,0.471006,0.471006,0.471006
5958,0.470927,0.470927,0.470927
5959,0.470874,0.470875,0.470875
5960,0.470802,0.470802,0.470802
5961,0.470776,0.470777,0.470777
5962,0.470712,0.470712,0.470712
5963,0.470651,0.470652,0.470652
5964,0.470614,0.470614,0.470614
5965,0.470553,0.470554,0.470553
5966,0.470502,0.470502,0.470502
5967,0.470478,0.470479,0.470479
5968,0.470436,0.470436,0.470436
5969,0.470415,0.470415,0.470415
5970,0.470369,0.470369,0.470369
5971,0.470327,0.470328,0.470328
5972,0.470298,0.470299,0.470299
5973,0.470221,0.470222,0.470221
5974,0.470172,0.470172,0.470172
5975,0.470081,0.470081,0.470081
5976,0.470025,0.470025,0.470025
5977,0.469947,0.469947,0.469947
5978,0.469914,0.469914,0.469914
5979,0.469882,0.469882,0.469882
5980,0.46983,0.469831,0.469831
5981,0.469753,0.469753,0.469753
5982,0.469716,0.469716,0.469716
5983,0.469643,0.469644,0.469643
5984,0.469593,0.469593,0.469593
5985,0.46954,0.469541,0.46954
5986,0.469509,0.469509,0.469509
5987,0.469426,0.469427,0.469426
5988,0.469389,0.46939,0.46939
5989,0.469307,0.469307,0.469307
5990,0.469274,0.469274,0.469274
5991,0.469255,0.469255,0.469255
5992,0.469163,0.469164,0.469163
5993,0.469077,0.469077,0.469077
5994,0.469044,0.469045,0.469045
5995,0.469011,0.469012,0.469011
5996,0.468921,0.468921,0.468921
5997,0.46886,0.46886,0.46886
5998,0.468823,0.468823,0.468823
5999,0.468737,0.468738,0.468738
6000,0.468718,0.468718,0.468718
6001,0.468681,0.468682,0.468682
6002,0.468625,0.468625,0.468625
6003,0.468561,0.468562,0.468561
6004,0.468511,0.468512,0.468512
6005,0.468453,0.468453,0.468453
6006,0.468425,0.468425,0.468425
6007,0.468376,0.468376,0.468376
6008,0.468342,0.468343,0.468342
6009,0.468287,0.468287,0.468287
6010,0.468203,0.468203,0.468203
6011,0.468153,0.468153,0.468153
6012,0.468116,0.468116,0.468116
6013,0.468038,0.468039,0.468038
6014,0.46801,0.468011,0.468011
6015,0.467953,0.467954,0.467954
6016,0.467887,0.467887,0.467887
6017,0.467817,0.467818,0.467818
6018,0.467745,0.467745,0.467745
6019,0.467711,0.467711,0.467711
6020,0.467632,0.467632,0.467632
6021,0.467589,0.46759,0.467589
6022,0.467561,0.467561,0.467561
6023,0.467477,0.467477,0.467477
6024,0.467414,0.467414,0.467414
6025,0.467327,0.467328,0.467328
6026,0.467309,0.467309,0.467309
6027,0.467277,0.467278,0.467277
6028,0.467239,0.467239,0.467239
6029,0.46717,0.46717,0.46717
6030,0.467124,0.467124,0.467124
6031,0.467062,0.467063,0.467062
6032,0.466988,0.466988,0.466988
6033,0.466922,0.466922,0.466922
6034,0.466888,0.466889,0.466888
6035,0.46687,0.46687,0.46687
6036,0.466837,0.466837,0.466837
6037,0.466744,0.466744,0.466744
6038,0.466705,0.466706,0.466706
6039,0.466625,0.466625,0.466625
6040,0.466573,0.466573,0.466573
6041,0.466495,0.466495,0.466495
6042,0.466459,0.46646,0.46646
6043,0.466377,0.466377,0.466377
6044,0.466329,0.466329,0.466329
6045,0.466285,0.466285,0.466285
6046,0.466232,0.466233,0.466233
6047,0.466185,0.466185,0.466185
6048,0.46611,0.46611,0.46611
6049,0.466039,0.466039,0.466039
6050,0.466018,0.466018,0.466018
6051,0.465944,0.465944,0.465944
6052,0.465904,0.465905,0.465904
6053,0.465833,0.465833,0.465833
6054,0.465777,0.465778,0.465777
6055,0.465737,0.465738,0.465737
6056,0.465694,0.465694,0.465694
6057,0.465643,0.465643,0.465643
6058,0.465599,0.465599,0.465599
6059,0.465564,0.465565,0.465564
6060,0.465525,0.465525,0.465525
6061,0.4655,0.4655,0.4655
6062,0.465428,0.465429,0.465428
6063,0.465367,0.465368,0.465367
6064,0.465302,0.465302,0.465302
6065,0.465211,0.465212,0.465211
6066,0.465167,0.465167,0.465167
6067,0.465123,0.465123,0.465122
6068,0.465055,0.465055,0.465055
6069,0.465013,0.465013,0.465013
6070,0.46496,0.46496,0.46496
6071,0.464922,0.464922,0.464922
6072,0.464842,0.464842,0.464841
6073,0.464775,0.464776,0.464775
6074,0.464714,0.464714,0.464714
6075,0.46465,0.464651,0.46465
6076,0.464628,0.464628,0.464628
6077,0.46456,0.46456,0.46456
6078,0.464526,0.464527,0.464526
6079,0.464435,0.464435,0.464435
6080,0.464372,0.464373,0.464372
6081,0.464317,0.464317,0.464317
6082,0.46429,0.46429,0.46429
6083,0.464197,0.464198,0.464197
6084,0.464128,0.464128,0.464128
6085,0.464059,0.464059,0.464059
6086,0.463979,0.46398,0.463979
6087,0.463909,0.463909,0.463909
6088,0.46383,0.46383,0.46383
6089,0.463754,0.463754,0.463754
6090,0.463735,0.463735,0.463735
6091,0.463694,0.463695,0.463694
6092,0.463646,0.463647,0.463646
6093,0.463582,0.463583,0.463582
6094,0.463561,0.463562,0.463561
6095,0.463512,0.463512,0.463512
6096,0.463447,0.463448,0.463447
6097,0.463381,0.463381,0.463381
6098,0.463301,0.463301,0.4633
6099,0.463254,0.463254,0.463254
6100,0.463182,0.463182,0.463182
6101,0.463119,0.463119,0.463119
6102,0.463097,0.463098,0.463097
6103,0.463051,0.463051,0.463051
6104,0.46297,0.462971,0.46297
6105,0.462915,0.462915,0.462915
6106,0.462871,0.462871,0.462871
6107,0.462831,0.462831,0.462831
6108,0.46279,0.462791,0.46279
6109,0.4627,0.4627,0.4627
6110,0.462652,0.462653,0.462652
6111,0.462603,0.462604,0.462604
6112,0.462532,0.462532,0.462532
6113,0.46247,0.462471,0.462471
6114,0.462438,0.462438,0.462438
6115,0.462384,0.462385,0.462384
6116,0.462316,0.462316,0.462316
6117,0.462278,0.462278,0.462278
6118,0.462191,0.462191,0.462191
6119,0.462123,0.462124,0.462123
6120,0.462094,0.462094,0.462094
6121,0.462018,0.462018,0.462018
6122,0.461968,0.461968,0.461968
6123,0.461904,0.461905,0.461904
6124,0.461826,0.461826,0.461826
6125,0.461764,0.461764,0.461764
6126,0.461676,0.461676,0.461676
6127,0.461594,0.461594,0.461594
6128,0.461518,0.461518,0.461518
6129,0.461438,0.461438,0.461438
6130,0.461367,0.461367,0.461367
6131,0.461296,0.461296,0.461296
6132,0.461264,0.461264,0.461264
6133,0.461177,0.461177,0.461177
6134,0.461098,0.461099,0.461098
6135,0.461047,0.461048,0.461047
6136,0.460994,0.460994,0.460993
6137,0.460956,0.460957,0.460956
6138,0.460904,0.460904,0.460903
6139,0.460817,0.460817,0.460816
6140,0.460761,0.460761,0.46076
6141,0.460686,0.460686,0.460685
6142,0.46064,0.46064,0.46064
6143,0.460574,0.460574,0.460573
6144,0.460482,0.460482,0.460482
6145,0.460406,0.460406,0.460405
6146,0.460343,0.460343,0.460342
6147,0.460255,0.460255,0.460254
6148,0.460189,0.460189,0.460188
6149,0.460154,0.460155,0.460154
6150,0.460083,0.460084,0.460083
6151,0.460039,0.460039,0.460038
6152,0.459964,0.459964,0.459964
6153,0.459923,0.459923,0.459923
6154,0.459896,0.459897,0.459896
6155,0.459823,0.459824,0.459823
6156,0.459731,0.459732,0.459731
6157,0.459695,0.459696,0.459695
6158,0.459631,0.459631,0.459631
6159,0.459564,0.459564,0.459564
6160,0.459502,0.459502,0.459501
6161,0.459438,0.459438,0.459437
6162,0.459413,0.459413,0.459412
6163,0.459362,0.459363,0.459362
6164,0.459285,0.459285,0.459284
6165,0.459208,0.459209,0.459208
6166,0.459133,0.459133,0.459132
6167,0.459082,0.459082,0.459082
6168,0.459031,0.459032,0.459031
6169,0.45895,0.458951,0.45895
6170,0.45888,0.45888,0.458879
6171,0.458856,0.458857,0.458856
6172,0.458809,0.458809,0.458808
6173,0.458735,0.458736,0.458735
6174,0.458712,0.458713,0.458712
6175,0.458655,0.458655,0.458655
6176,0.458623,0.458623,0.458623
6177,0.458585,0.458585,0.458584
6178,0.458527,0.458528,0.458527
6179,0.458457,0.458458,0.458457
6180,0.458436,0.458437,0.458436
6181,0.45835,0.458351,0.45835
6182,0.458283,0.458283,0.458282
6183,0.458247,0.458247,0.458247
6184,0.458215,0.458216,0.458215
6185,0.458179,0.458179,0.458179
6186,0.458127,0.458128,0.458127
6187,0.458036,0.458037,0.458036
6188,0.457985,0.457985,0.457985
6189,0.457963,0.457964,0.457963
6190,0.45788,0.45788,0.45788
6191,0.457792,0.457792,0.457791
6192,0.457766,0.457766,0.457765
6193,0.457698,0.457699,0.457698
6194,0.457678,0.457678,0.457678
6195,0.457628,0.457628,0.457627
6196,0.457561,0.457562,0.457561
6197,0.457508,0.457508,0.457507
6198,0.457432,0.457432,0.457432
6199,0.457346,0.457346,0.457345
6200,0.457326,0.457326,0.457325
6201,0.45724,0.457241,0.45724
6202,0.457183,0.457184,0.457183
6203,0.457096,0.457096,0.457096
6204,0.457037,0.457037,0.457036
6205,0.457001,0.457001,0.457
6206,0.456934,0.456934,0.456934
6207,0.456891,0.456892,0.456891
6208,0.456859,0.456859,0.456859
6209,0.456786,0.456787,0.456786
6210,0.456737,0.456738,0.456737
6211,0.456708,0.456708,0.456708
6212,0.45666,0.45666,0.45666
6213,0.456596,0.456596,0.456596
6214,0.456515,0.456515,0.456514
6215,0.456484,0.456485,0.456484
6216,0.456433,0.456433,0.456433
6217,0.45641,0.45641,0.45641
6218,0.456383,0.456383,0.456383
6219,0.456302,0.456302,0.456302
6220,0.456248,0.456248,0.456248
6221,0.456219,0.456219,0.456219
6222,0.456137,0.456138,0.456137
6223,0.456099,0.456099,0.456099
6224,0.456068,0.456068,0.456068
6225,0.456047,0.456047,0.456047
6226,0.455986,0.455987,0.455986
6227,0.455961,0.455961,0.455961
6228,0.45589,0.455891,0.45589
6229,0.455835,0.455835,0.455835
6230,0.455751,0.455752,0.455752
6231,0.455732,0.455733,0.455733
6232,0.455682,0.455682,0.455682
6233,0.455618,0.455618,0.455618
6234,0.455582,0.455582,0.455582
6235,0.455558,0.455558,0.455558
6236,0.455509,0.455509,0.455509
6237,0.455469,0.455469,0.455469
6238,0.455449,0.455449,0.455449
6239,0.455385,0.455385,0.455385
6240,0.455343,0.455343,0.455343
6241,0.455284,0.455285,0.455284
6242,0.455224,0.455224,0.455224
6243,0.45514,0.45514,0.45514
6244,0.455097,0.455097,0.455097
6245,0.455057,0.455057,0.455057
6246,0.455001,0.455001,0.455001
6247,0.454913,0.454914,0.454913
6248,0.454879,0.45488,0.454879
6249,0.454815,0.454816,0.454815
6250,0.454781,0.454781,0.454781
6251,0.454695,0.454696,0.454695
6252,0.454634,0.454634,0.454634
6253,0.454544,0.454545,0.454544
6254,0.45452,0.45452,0.45452
6255,0.454468,0.454468,0.454468
6256,0.454392,0.454393,0.454392
6257,0.454339,0.454339,0.454338
6258,0.454273,0.454273,0.454273
6259,0.454231,0.454231,0.454231
6260,0.454187,0.454187,0.454186
6261,0.454105,0.454106,0.454105
6262,0.454068,0.454069,0.454068
6263,0.454018,0.454019,0.454018
6264,0.453936,0.453936,0.453936
6265,0.453897,0.453897,0.453897
6266,0.453861,0.453862,0.453861
6267,0.453821,0.453822,0.453821
6268,0.453753,0.453754,0.453753
6269,0.453681,0.453681,0.45368
6270,0.453659,0.453659,0.453659
6271,0.453598,0.453599,0.453598
6272,0.45351,0.45351,0.45351
6273,0.45343,0.45343,0.453429
6274,0.453354,0.453354,0.453353
6275,0.453317,0.453318,0.453317
6276,0.453296,0.453297,0.453296
6277,0.453263,0.453263,0.453263
6278,0.453202,0.453202,0.453202
6279,0.453143,0.453144,0.453143
6280,0.453063,0.453063,0.453063
6281,0.453022,0.453023,0.453022
6282,0.452988,0.452988,0.452988
6283,0.452914,0.452915,0.452914
6284,0.452882,0.452882,0.452882
6285,0.452808,0.452808,0.452808
6286,0.452724,0.452724,0.452724
6287,0.452657,0.452658,0.452657
6288,0.452635,0.452635,0.452635
6289,0.452554,0.452554,0.452554
6290,0.452509,0.452509,0.452509
6291,0.452479,0.45248,0.452479
6292,0.452441,0.452442,0.452442
6293,0.452385,0.452385,0.452385
6294,0.452339,0.452339,0.452339
6295,0.452261,0.452261,0.452261
6296,0.452179,0.452179,0.452178
6297,0.452148,0.452148,0.452148
6298,0.452088,0.452089,0.452088
6299,0.452011,0.452011,0.45201
6300,0.451918,0.451919,0.451918
6301,0.451879,0.451879,0.451879
6302,0.451817,0.451818,0.451817
6303,0.451769,0.451769,0.451769
6304,0.451745,0.451746,0.451745
6305,0.451717,0.451717,0.451717
6306,0.451659,0.451659,0.451659
6307,0.451612,0.451612,0.451612
6308,0.451583,0.451583,0.451583
6309,0.451562,0.451563,0.451562
6310,0.451499,0.451499,0.451499
6311,0.451439,0.451439,0.451439
6312,0.451355,0.451356,0.451355
6313,0.451277,0.451277,0.451277
6314,0.451193,0.451194,0.451194
6315,0.451171,0.451171,0.451171
6316,0.451084,0.451084,0.451084
6317,0.451059,0.451059,0.451059
6318,0.450998,0.450998,0.450998
6319,0.45095,0.45095,0.45095
6320,0.450916,0.450916,0.450916
6321,0.450839,0.450839,0.450839
6322,0.450801,0.450802,0.450802
6323,0.450717,0.450717,0.450717
6324,0.450631,0.450632,0.450632
6325,0.450558,0.450558,0.450558
6326,0.450506,0.450506,0.450506
6327,0.450465,0.450465,0.450465
6328,0.450427,0.450428,0.450427
6329,0.450346,0.450346,0.450346
6330,0.4503,0.450301,0.4503
6331,0.450252,0.450252,0.450252
6332,0.450214,0.450214,0.450214
6333,0.450171,0.450171,0.450171
6334,0.450104,0.450104,0.450104
6335,0.450044,0.450045,0.450044
6336,0.449998,0.449998,0.449998
6337,0.449973,0.449974,0.449973
6338,0.449934,0.449934,0.449934
6339,0.449842,0.449842,0.449842
6340,0.449789,0.449789,0.449789
6341,0.449722,0.449722,0.449722
6342,0.449665,0.449666,0.449665
6343,0.449617,0.449618,0.449617
6344,0.449538,0.449538,0.449538
6345,0.449466,0.449466,0.449466
6346,0.449416,0.449417,0.449416
6347,0.449348,0.449349,0.449348
6348,0.449278,0.449278,0.449278
6349,0.44921,0.44921,0.44921
6350,0.449177,0.449178,0.449177
6351,0.44913,0.449131,0.44913
6352,0.449095,0.449095,0.449095
6353,0.449019,0.449019,0.449019
6354,0.448945,0.448945,0.448944
6355,0.448881,0.448881,0.448881
6356,0.448844,0.448844,0.448844
6357,0.448807,0.448807,0.448807
6358,0.448727,0.448727,0.448727
6359,0.448702,0.448702,0.448702
6360,0.448623,0.448623,0.448623
6361,0.448531,0.448532,0.448531
6362,0.448453,0.448454,0.448453
6363,0.448394,0.448395,0.448394
6364,0.448356,0.448357,0.448356
6365,0.448311,0.448311,0.448311
6366,0.448271,0.448271,0.448271
6367,0.448219,0.448219,0.448219
6368,0.448196,0.448196,0.448196
6369,0.448104,0.448104,0.448104
6370,0.448075,0.448075,0.448075
6371,0.44799,0.44799,0.44799
6372,0.447931,0.447932,0.447931
6373,0.447895,0.447895,0.447895
6374,0.447855,0.447856,0.447855
6375,0.447814,0.447815,0.447814
6376,0.447755,0.447756,0.447755
6377,0.447727,0.447728,0.447727
6378,0.447636,0.447637,0.447636
6379,0.447595,0.447596,0.447595
6380,0.447528,0.447528,0.447527
6381,0.447484,0.447485,0.447484
6382,0.447424,0.447424,0.447423
6383,0.447336,0.447336,0.447336
6384,0.447285,0.447286,0.447285
6385,0.447238,0.447239,0.447238
6386,0.447204,0.447205,0.447204
6387,0.447175,0.447176,0.447175
6388,0.447094,0.447095,0.447094
6389,0.447062,0.447063,0.447062
6390,0.446977,0.446977,0.446976
6391,0.446897,0.446897,0.446897
6392,0.446858,0.446858,0.446857
6393,0.446821,0.446822,0.446821
6394,0.446773,0.446773,0.446772
6395,0.446744,0.446744,0.446743
6396,0.446699,0.446699,0.446698
6397,0.446637,0.446637,0.446636
6398,0.446613,0.446613,0.446613
6399,0.446582,0.446582,0.446582
6400,0.446513,0.446513,0.446513
6401,0.446475,0.446475,0.446475
6402,0.446387,0.446387,0.446386
6403,0.446334,0.446334,0.446334
6404,0.446287,0.446287,0.446287
6405,0.446234,0.446234,0.446234
6406,0.446158,0.446159,0.446158
6407,0.446101,0.446102,0.446101
6408,0.446025,0.446026,0.446025
6409,0.445981,0.445981,0.445981
6410,0.445895,0.445895,0.445895
6411,0.445813,0.445813,0.445812
6412,0.44573,0.445731,0.44573
6413,0.445707,0.445707,0.445707
6414,0.445658,0.445659,0.445658
6415,0.445624,0.445625,0.445624
6416,0.445552,0.445552,0.445552
6417,0.445528,0.445528,0.445528
6418,0.445494,0.445494,0.445494
6419,0.445418,0.445419,0.445418
6420,0.445339,0.44534,0.445339
6421,0.445272,0.445273,0.445272
6422,0.445219,0.445219,0.445219
6423,0.445185,0.445186,0.445185
6424,0.445129,0.445129,0.445129
6425,0.44507,0.44507,0.44507
6426,0.445028,0.445028,0.445028
6427,0.444986,0.444986,0.444986
6428,0.444948,0.444948,0.444948
6429,0.444915,0.444916,0.444915
6430,0.444884,0.444885,0.444884
6431,0.444822,0.444822,0.444822
6432,0.444746,0.444746,0.444746
6433,0.44468,0.44468,0.44468
6434,0.44461,0.444611,0.44461
6435,0.444526,0.444526,0.444526
6436,0.4445,0.4445,0.4445
6437,0.444442,0.444442,0.444442
6438,0.444365,0.444366,0.444365
6439,0.444312,0.444313,0.444312
6440,0.444231,0.444231,0.444231
6441,0.444143,0.444143,0.444143
6442,0.444098,0.444098,0.444098
6443,0.444064,0.444065,0.444064
6444,0.444044,0.444044,0.444044
6445,0.444026,0.444026,0.444025
6446,0.443979,0.443979,0.443979
6447,0.443946,0.443946,0.443946
6448,0.443901,0.443901,0.443901
6449,0.443821,0.443822,0.443821
6450,0.443785,0.443786,0.443785
6451,0.443718,0.443718,0.443717
6452,0.443655,0.443655,0.443655
6453,0.443632,0.443632,0.443632
6454,0.443565,0.443566,0.443565
6455,0.443502,0.443502,0.443501
6456,0.443467,0.443467,0.443467
6457,0.443427,0.443427,0.443427
6458,0.443339,0.44334,0.443339
6459,0.443294,0.443294,0.443294
6460,0.443273,0.443273,0.443273
6461,0.443244,0.443244,0.443244
6462,0.443158,0.443158,0.443158
6463,0.443074,0.443075,0.443074
6464,0.442992,0.442992,0.442992
6465,0.442967,0.442967,0.442967
6466,0.442897,0.442897,0.442897
6467,0.442857,0.442858,0.442857
6468,0.442818,0.442818,0.442818
6469,0.442749,0.442749,0.442749
6470,0.442712,0.442712,0.442712
6471,0.442687,0.442687,0.442686
6472,0.442621,0.442621,0.442621
6473,0.442536,0.442536,0.442535
6474,0.442444,0.442445,0.442444
6475,0.44237,0.442371,0.44237
6476,0.442327,0.442327,0.442327
6477,0.442261,0.442261,0.442261
6478,0.442211,0.442211,0.442211
6479,0.442169,0.44217,0.442169
6480,0.442105,0.442105,0.442105
6481,0.442013,0.442014,0.442013
6482,0.441953,0.441953,0.441953
6483,0.441925,0.441925,0.441925
6484,0.441841,0.441841,0.441841
6485,0.441765,0.441765,0.441765
6486,0.441696,0.441696,0.441696
6487,0.441632,0.441633,0.441633
6488,0.441605,0.441605,0.441605
6489,0.441534,0.441534,0.441534
6490,0.441475,0.441475,0.441475
6491,0.441401,0.441401,0.441401
6492,0.441321,0.441322,0.441322
6493,0.441289,0.441289,0.441289
6494,0.441268,0.441268,0.441268
6495,0.441182,0.441183,0.441182
6496,0.441146,0.441146,0.441146
6497,0.441089,0.44109,0.441089
6498,0.441015,0.441016,0.441015
6499,0.440971,0.440971,0.440971
6500,0.440922,0.440922,0.440922
6501,0.440889,0.440889,0.440889
6502,0.440839,0.44084,0.440839
6503,0.440767,0.440768,0.440767
6504,0.440734,0.440734,0.440734
6505,0.440667,0.440667,0.440666
6506,0.440611,0.440611,0.440611
6507,0.440542,0.440542,0.440542
6508,0.440479,0.440479,0.440479
6509,0.440443,0.440443,0.440443
6510,0.440399,0.440399,0.440399
6511,0.440323,0.440324,0.440324
6512,0.440241,0.440242,0.440242
6513,0.440173,0.440173,0.440173
6514,0.44011,0.440111,0.440111
6515,0.440064,0.440065,0.440065
6516,0.440021,0.440021,0.440021
6517,0.439973,0.439973,0.439973
6518,0.439883,0.439884,0.439884
6519,0.43981,0.43981,0.43981
6520,0.439733,0.439733,0.439733
6521,0.439657,0.439658,0.439658
6522,0.439577,0.439577,0.439577
6523,0.439521,0.439521,0.439521
6524,0.439487,0.439488,0.439488
6525,0.439395,0.439396,0.439396
6526,0.439362,0.439362,0.439362
6527,0.439284,0.439284,0.439284
6528,0.43923,0.43923,0.439231
6529,0.43919,0.43919,0.43919
6530,0.439099,0.4391,0.4391
6531,0.439029,0.439029,0.43903
6532,0.438968,0.438968,0.438968
6533,0.43894,0.438941,0.438941
6534,0.438915,0.438916,0.438916
6535,0.438865,0.438865,0.438865
6536,0.438798,0.438798,0.438798
6537,0.438744,0.438745,0.438745
6538,0.438723,0.438723,0.438723
6539,0.438674,0.438675,0.438675
6540,0.438631,0.438632,0.438632
6541,0.438561,0.438561,0.438561
6542,0.438473,0.438473,0.438473
6543,0.438433,0.438433,0.438433
6544,0.438354,0.438354,0.438354
6545,0.43829,0.43829,0.43829
6546,0.438224,0.438225,0.438225
6547,0.438139,0.43814,0.43814
6548,0.438081,0.438081,0.438081
6549,0.437988,0.437989,0.437989
6550,0.437935,0.437936,0.437936
6551,0.437882,0.437883,0.437883
6552,0.437811,0.437811,0.437811
6553,0.437742,0.437743,0.437743
6554,0.43765,0.43765,0.43765
6555,0.437603,0.437603,0.437603
6556,0.437518,0.437518,0.437518
6557,0.437457,0.437457,0.437457
6558,0.437436,0.437436,0.437436
6559,0.43739,0.437391,0.43739
6560,0.437368,0.437369,0.437369
6561,0.437313,0.437314,0.437313
6562,0.43723,0.437231,0.43723
6563,0.437183,0.437184,0.437183
6564,0.437123,0.437124,0.437123
6565,0.437097,0.437098,0.437097
6566,0.437041,0.437042,0.437042
6567,0.437016,0.437016,0.437016
6568,0.436972,0.436972,0.436972
6569,0.436881,0.436881,0.436881
6570,0.436811,0.436811,0.436811
6571,0.436761,0.436761,0.436761
6572,0.436736,0.436736,0.436736
6573,0.436675,0.436676,0.436675
6574,0.4366,0.4366,0.4366
6575,0.436521,0.436522,0.436522
6576,0.436453,0.436453,0.436453
6577,0.436383,0.436384,0.436383
6578,0.436353,0.436354,0.436353
6579,0.436266,0.436266,0.436266
6580,0.436174,0.436175,0.436174
6581,0.43614,0.436141,0.436141
6582,0.436071,0.436072,0.436071
6583,0.436,0.436,0.436
6584,0.435959,0.435959,0.435959
6585,0.435926,0.435926,0.435926
6586,0.435871,0.435871,0.435871
6587,0.435799,0.4358,0.435799
6588,0.435723,0.435723,0.435723
6589,0.4357,0.435701,0.4357
6590,0.43564,0.43564,0.43564
6591,0.435552,0.435552,0.435552
6592,0.435503,0.435503,0.435503
6593,0.435484,0.435484,0.435483
6594,0.435446,0.435446,0.435446
6595,0.435419,0.435419,0.435419
6596,0.435337,0.435338,0.435337
6597,0.435313,0.435313,0.435313
6598,0.435232,0.435232,0.435232
6599,0.435208,0.435209,0.435208
6600,0.435169,0.43517,0.435169
6601,0.435085,0.435085,0.435085
6602,0.435001,0.435001,0.435001
6603,0.434932,0.434933,0.434933
6604,0.434906,0.434906,0.434906
6605,0.434861,0.434861,0.434861
6606,0.434833,0.434833,0.434833
6607,0.434753,0.434754,0.434753
6608,0.434692,0.434693,0.434692
6609,0.434673,0.434673,0.434673
6610,0.434622,0.434622,0.434622
6611,0.434541,0.434542,0.434541
6612,0.434449,0.434449,0.434449
6613,0.434399,0.434399,0.434399
6614,0.434371,0.434371,0.434371
6615,0.434331,0.434331,0.434331
6616,0.434239,0.434239,0.434239
6617,0.434171,0.434171,0.434171
6618,0.434144,0.434144,0.434144
6619,0.434087,0.434087,0.434087
6620,0.434068,0.434068,0.434068
6621,0.433989,0.433989,0.433989
6622,0.433955,0.433955,0.433955
6623,0.433872,0.433873,0.433872
6624,0.433813,0.433814,0.433813
6625,0.433769,0.43377,0.433769
6626,0.433719,0.43372,0.433719
6627,0.433658,0.433658,0.433658
6628,0.43363,0.433631,0.43363
6629,0.433575,0.433576,0.433575
6630,0.433539,0.43354,0.433539
6631,0.433487,0.433487,0.433487
6632,0.433442,0.433443,0.433442
6633,0.433372,0.433373,0.433372
6634,0.433316,0.433317,0.433316
6635,0.43324,0.433241,0.43324
6636,0.433191,0.433191,0.433191
6637,0.433118,0.433119,0.433118
6638,0.433038,0.433039,0.433038
6639,0.432965,0.432965,0.432965
6640,0.432898,0.432898,0.432898
6641,0.432819,0.43282,0.432819
6642,0.432745,0.432746,0.432745
6643,0.432673,0.432673,0.432673
6644,0.432592,0.432593,0.432592
6645,0.432569,0.432569,0.432569
6646,0.432477,0.432477,0.432477
6647,0.432401,0.432401,0.432401
6648,0.432318,0.432318,0.432318
6649,0.432299,0.432299,0.432299
6650,0.432252,0.432253,0.432252
6651,0.43219,0.43219,0.43219
6652,0.432143,0.432144,0.432143
6653,0.432077,0.432078,0.432077
6654,0.432058,0.432058,0.432058
6655,0.431992,0.431992,0.431992
6656,0.431944,0.431944,0.431943
6657,0.431881,0.431881,0.431881
6658,0.43186,0.431861,0.43186
6659,0.43178,0.43178,0.43178
6660,0.431748,0.431748,0.431748
6661,0.431714,0.431715,0.431714
6662,0.431684,0.431684,0.431684
6663,0.431626,0.431627,0.431626
6664,0.431546,0.431547,0.431546
6665,0.431522,0.431522,0.431522
6666,0.431448,0.431449,0.431448
6667,0.43139,0.431391,0.43139
6668,0.431324,0.431324,0.431324
6669,0.431234,0.431234,0.431234
6670,0.431191,0.431191,0.431191
6671,0.431161,0.431161,0.431161
6672,0.431121,0.431122,0.431121
6673,0.431065,0.431066,0.431065
6674,0.43101,0.431011,0.43101
6675,0.430958,0.430959,0.430958
6676,0.430872,0.430873,0.430872
6677,0.4308,0.4308,0.4308
6678,0.430749,0.430749,0.430749
6679,0.43069,0.43069,0.43069
6680,0.430616,0.430617,0.430616
6681,0.430593,0.430594,0.430593
6682,0.430544,0.430545,0.430544
6683,0.430511,0.430511,0.430511
6684,0.430437,0.430437,0.430437
6685,0.430359,0.430359,0.430359
6686,0.430297,0.430297,0.430297
6687,0.430216,0.430217,0.430216
6688,0.430141,0.430141,0.430141
6689,0.430049,0.430049,0.430049
6690,0.429974,0.429974,0.429974
6691,0.429955,0.429955,0.429955
6692,0.429874,0.429875,0.429874
6693,0.429825,0.429825,0.429825
6694,0.4298,0.4298,0.4298
6695,0.429743,0.429743,0.429743
6696,0.429651,0.429651,0.429651
6697,0.429585,0.429585,0.429585
6698,0.429528,0.429528,0.429528
6699,0.429452,0.429452,0.429452
6700,0.429432,0.429433,0.429433
6701,0.429369,0.429369,0.429369
6702,0.429315,0.429315,0.429315
6703,0.429229,0.429229,0.429229
6704,0.429168,0.429168,0.429168
6705,0.429109,0.429109,0.429109
6706,0.429038,0.429038,0.429038
6707,0.42901,0.429011,0.429011
6708,0.42897,0.42897,0.42897
6709,0.42893,0.42893,0.42893
6710,0.428847,0.428848,0.428848
6711,0.428782,0.428783,0.428783
6712,0.428762,0.428762,0.428762
6713,0.428714,0.428715,0.428715
6714,0.428655,0.428656,0.428655
6715,0.428596,0.428597,0.428597
6716,0.428578,0.428578,0.428578
6717,0.428556,0.428556,0.428556
6718,0.428498,0.428499,0.428498
6719,0.428413,0.428413,0.428413
6720,0.428384,0.428384,0.428384
6721,0.42835,0.42835,0.42835
6722,0.428304,0.428304,0.428304
6723,0.428281,0.428281,0.428281
6724,0.428207,0.428208,0.428207
6725,0.428185,0.428185,0.428185
6726,0.428139,0.428139,0.428139
6727,0.428059,0.42806,0.428059
6728,0.42797,0.427971,0.42797
6729,0.427893,0.427893,0.427893
6730,0.427809,0.42781,0.427809
6731,0.427724,0.427724,0.427724
6732,0.427672,0.427672,0.427672
6733,0.427615,0.427615,0.427615
6734,0.427579,0.42758,0.427579
6735,0.427506,0.427506,0.427506
6736,0.42746,0.42746,0.42746
6737,0.427377,0.427378,0.427377
6738,0.427315,0.427315,0.427315
6739,0.427243,0.427244,0.427244
6740,0.427184,0.427184,0.427184
6741,0.427145,0.427145,0.427145
6742,0.427062,0.427063,0.427063
6743,0.427031,0.427032,0.427032
6744,0.427003,0.427003,0.427003
6745,0.426913,0.426913,0.426913
6746,0.426846,0.426847,0.426847
6747,0.426789,0.426789,0.426789
6748,0.42673,0.426731,0.426731
6749,0.426706,0.426706,0.426706
6750,0.426673,0.426673,0.426673
6751,0.426584,0.426584,0.426584
6752,0.426505,0.426506,0.426505
6753,0.426471,0.426471,0.426471
6754,0.426444,0.426445,0.426445
6755,0.426412,0.426412,0.426412
6756,0.426388,0.426388,0.426388
6757,0.426314,0.426315,0.426314
6758,0.426233,0.426234,0.426234
6759,0.426184,0.426184,0.426184
6760,0.426136,0.426136,0.426136
6761,0.426112,0.426113,0.426113
6762,0.426067,0.426067,0.426067
6763,0.426013,0.426013,0.426013
6764,0.425968,0.425968,0.425968
6765,0.425889,0.42589,0.425889
6766,0.425804,0.425804,0.425804
6767,0.425745,0.425745,0.425745
6768,0.425719,0.425719,0.425719
6769,0.425659,0.42566,0.425659
6770,0.425636,0.425637,0.425637
6771,0.42561,0.42561,0.42561
6772,0.425584,0.425585,0.425584
6773,0.425558,0.425558,0.425558
6774,0.425527,0.425527,0.425527
6775,0.42544,0.425441,0.42544
6776,0.425368,0.425369,0.425368
6777,0.425345,0.425346,0.425345
6778,0.425264,0.425264,0.425264
6779,0.425183,0.425183,0.425183
6780,0.425132,0.425133,0.425132
6781,0.425088,0.425089,0.425088
6782,0.425029,0.425029,0.425029
6783,0.424961,0.424961,0.424961
6784,0.424922,0.424923,0.424922
6785,0.424838,0.424839,0.424838
6786,0.424762,0.424763,0.424762
6787,0.42471,0.424711,0.424711
6788,0.424667,0.424668,0.424667
6789,0.424582,0.424582,0.424582
6790,0.424544,0.424545,0.424544
6791,0.42448,0.42448,0.42448
6792,0.424411,0.424411,0.424411
6793,0.424375,0.424375,0.424375
6794,0.424317,0.424317,0.424317
6795,0.424234,0.424234,0.424234
6796,0.42415,0.424151,0.424151
6797,0.42407,0.42407,0.42407
6798,0.424006,0.424006,0.424006
6799,0.423928,0.423928,0.423928
6800,0.423852,0.423853,0.423853
6801,0.423832,0.423833,0.423833
6802,0.423784,0.423784,0.423784
6803,0.423729,0.423729,0.423729
6804,0.423678,0.423679,0.423679
6805,0.423636,0.423637,0.423637
6806,0.42361,0.42361,0.42361
6807,0.423548,0.423549,0.423549
6808,0.423491,0.423491,0.423491
6809,0.423401,0.423401,0.423401
6810,0.423365,0.423365,0.423365
6811,0.42328,0.423281,0.423281
6812,0.423262,0.423262,0.423262
6813,0.423185,0.423185,0.423185
6814,0.42316,0.42316,0.42316
6815,0.423101,0.423101,0.423101
6816,0.423012,0.423012,0.423012
6817,0.42298,0.42298,0.42298
6818,0.422893,0.422893,0.422893
6819,0.422837,0.422838,0.422837
6820,0.422798,0.422798,0.422798
6821,0.422777,0.422777,0.422777
6822,0.422743,0.422744,0.422744
6823,0.422651,0.422652,0.422651
6824,0.422613,0.422613,0.422613
6825,0.422538,0.422539,0.422538
6826,0.422491,0.422491,0.422491
6827,0.422407,0.422407,0.422407
6828,0.422316,0.422317,0.422316
6829,0.422232,0.422232,0.422232
6830,0.422168,0.422169,0.422169
6831,0.422121,0.422122,0.422122
6832,0.422072,0.422072,0.422072
6833,0.422017,0.422017,0.422017
6834,0.421945,0.421945,0.421945
6835,0.421911,0.421912,0.421911
6836,0.421869,0.42187,0.421869
6837,0.421807,0.421808,0.421807
6838,0.421765,0.421765,0.421765
6839,0.42174,0.421741,0.42174
6840,0.4217,0.4217,0.4217
6841,0.421661,0.421661,0.421661
6842,0.421587,0.421588,0.421587
6843,0.421565,0.421565,0.421565
6844,0.421495,0.421495,0.421495
6845,0.421416,0.421416,0.421416
6846,0.421356,0.421356,0.421356
6847,0.421326,0.421327,0.421326
6848,0.421303,0.421303,0.421303
6849,0.421283,0.421283,0.421282
6850,0.42123,0.42123,0.42123
6851,0.421168,0.421169,0.421168
6852,0.421141,0.421141,0.421141
6853,0.421116,0.421117,0.421116
6854,0.421038,0.421039,0.421038
6855,0.420987,0.420987,0.420987
6856,0.420938,0.420938,0.420938
6857,0.420876,0.420876,0.420876
6858,0.420787,0.420788,0.420787
6859,0.420753,0.420754,0.420753
6860,0.420682,0.420682,0.420682
6861,0.420624,0.420625,0.420624
6862,0.420602,0.420602,0.420602
6863,0.420543,0.420543,0.420543
6864,0.420523,0.420523,0.420523
6865,0.420433,0.420433,0.420433
6866,0.420396,0.420397,0.420396
6867,0.420333,0.420333,0.420333
6868,0.420314,0.420314,0.420314
6869,0.420256,0.420256,0.420256
6870,0.420173,0.420173,0.420173
6871,0.42012,0.42012,0.420119
6872,0.420043,0.420044,0.420043
6873,0.420003,0.420004,0.420003
6874,0.419982,0.419982,0.419981
6875,0.419893,0.419893,0.419893
6876,0.419866,0.419867,0.419866
6877,0.419803,0.419803,0.419803
6878,0.419752,0.419752,0.419752
6879,0.4197,0.4197,0.4197
6880,0.419663,0.419663,0.419663
6881,0.419613,0.419614,0.419613
6882,0.419577,0.419578,0.419577
6883,0.419489,0.419489,0.419489
6884,0.419464,0.419465,0.419464
6885,0.419407,0.419407,0.419407
6886,0.419329,0.419329,0.419328
6887,0.419283,0.419283,0.419283
6888,0.419208,0.419208,0.419207
6889,0.419164,0.419165,0.419164
6890,0.419123,0.419124,0.419123
6891,0.419078,0.419078,0.419078
6892,0.41901,0.41901,0.419009
6893,0.41895,0.41895,0.41895
6894,0.418911,0.418911,0.41891
6895,0.418856,0.418856,0.418856
6896,0.418832,0.418832,0.418831
6897,0.418811,0.418811,0.41881
6898,0.418764,0.418765,0.418764
6899,0.418732,0.418733,0.418732
6900,0.418688,0.418688,0.418688
6901,0.418639,0.418639,0.418638
6902,0.418611,0.418612,0.418611
6903,0.418574,0.418574,0.418574
6904,0.418519,0.41852,0.418519
6905,0.418499,0.4185,0.418499
6906,0.418424,0.418424,0.418423
6907,0.418344,0.418345,0.418344
6908,0.418297,0.418297,0.418297
6909,0.418236,0.418237,0.418236
6910,0.418217,0.418217,0.418216
6911,0.418174,0.418174,0.418174
6912,0.418123,0.418124,0.418123
6913,0.418078,0.418079,0.418078
6914,0.418032,0.418032,0.418032
6915,0.417964,0.417965,0.417964
6916,0.417891,0.417891,0.417891
6917,0.417865,0.417865,0.417864
6918,0.417772,0.417772,0.417772
6919,0.417686,0.417686,0.417686
6920,0.417607,0.417607,0.417607
6921,0.417522,0.417522,0.417522
6922,0.417436,0.417437,0.417436
6923,0.41737,0.41737,0.41737
6924,0.417297,0.417298,0.417297
6925,0.417235,0.417235,0.417235
6926,0.417211,0.417212,0.417211
6927,0.417139,0.417139,0.417139
6928,0.417064,0.417065,0.417065
6929,0.417009,0.41701,0.417009
6930,0.416984,0.416985,0.416984
6931,0.416961,0.416962,0.416961
6932,0.416911,0.416911,0.416911
6933,0.416844,0.416844,0.416844
6934,0.416766,0.416767,0.416766
6935,0.416727,0.416728,0.416727
6936,0.416667,0.416667,0.416667
6937,0.416604,0.416604,0.416604
6938,0.416524,0.416525,0.416524
6939,0.416443,0.416443,0.416443
6940,0.416416,0.416416,0.416416
6941,0.416394,0.416395,0.416395
6942,0.416323,0.416323,0.416323
6943,0.416236,0.416236,0.416236
6944,0.416204,0.416204,0.416204
6945,0.416153,0.416153,0.416153
6946,0.416117,0.416117,0.416117
6947,0.41607,0.41607,0.41607
6948,0.416012,0.416012,0.416012
6949,0.415985,0.415986,0.415985
6950,0.415896,0.415896,0.415896
6951,0.415862,0.415863,0.415862
6952,0.415777,0.415778,0.415777
6953,0.415699,0.415699,0.415699
6954,0.415619,0.41562,0.415619
6955,0.415595,0.415595,0.415595
6956,0.415539,0.415539,0.415539
6957,0.41551,0.41551,0.41551
6958,0.415482,0.415482,0.415482
6959,0.415426,0.415426,0.415426
6960,0.415361,0.415361,0.415361
6961,0.415304,0.415304,0.415304
6962,0.415239,0.41524,0.415239
6963,0.415166,0.415166,0.415166
6964,0.415146,0.415146,0.415146
6965,0.415102,0.415103,0.415102
6966,0.41503,0.415031,0.41503
6967,0.414954,0.414954,0.414954
6968,0.414863,0.414863,0.414863
6969,0.414827,0.414827,0.414827
6970,0.41477,0.414771,0.41477
6971,0.414709,0.414709,0.414709
6972,0.414675,0.414676,0.414675
6973,0.414627,0.414628,0.414627
6974,0.414608,0.414609,0.414608
6975,0.414565,0.414566,0.414565
6976,0.414494,0.414494,0.414494
6977,0.414472,0.414472,0.414472
6978,0.414397,0.414397,0.414397
6979,0.414325,0.414326,0.414325
6980,0.414241,0.414242,0.414241
6981,0.414207,0.414208,0.414207
6982,0.414153,0.414154,0.414153
6983,0.414109,0.414109,0.414109
6984,0.414055,0.414055,0.414055
6985,0.413999,0.414,0.413999
6986,0.413962,0.413962,0.413962
6987,0.413871,0.413871,0.413871
6988,0.413825,0.413826,0.413825
6989,0.413797,0.413797,0.413797
6990,0.413715,0.413715,0.413715
6991,0.413644,0.413645,0.413644
6992,0.413565,0.413565,0.413565
6993,0.413514,0.413514,0.413514
6994,0.413491,0.413492,0.413491
6995,0.413463,0.413464,0.413463
6996,0.413426,0.413426,0.413426
6997,0.413368,0.413368,0.413368
6998,0.413331,0.413332,0.413331
6999,0.413257,0.413257,0.413257
7000,0.413199,0.413199,0.413199
7001,0.413113,0.413113,0.413113
7002,0.413067,0.413067,0.413067
7003,0.413037,0.413038,0.413037
7004,0.413018,0.413019,0.413018
7005,0.412952,0.412953,0.412952
7006,0.412925,0.412926,0.412925
7007,0.412881,0.412882,0.412881
7008,0.412835,0.412835,0.412834
7009,0.412809,0.412809,0.412808
7010,0.412742,0.412742,0.412741
7011,0.412706,0.412706,0.412705
7012,0.412659,0.41266,0.412659
7013,0.41262,0.412621,0.41262
7014,0.412576,0.412576,0.412576
7015,0.41254,0.41254,0.412539
7016,0.41249,0.41249,0.412489
7017,0.412441,0.412442,0.412441
7018,0.412355,0.412355,0.412355
7019,0.412304,0.412305,0.412304
7020,0.412265,0.412265,0.412265
7021,0.412192,0.412192,0.412191
7022,0.412132,0.412133,0.412132
7023,0.412073,0.412073,0.412072
7024,0.412046,0.412046,0.412046
7025,0.412001,0.412001,0.412001
7026,0.41192,0.41192,0.41192
7027,0.411849,0.411849,0.411848
7028,0.411772,0.411772,0.411771
7029,0.411711,0.411712,0.411711
7030,0.411622,0.411622,0.411622
7031,0.411561,0.411562,0.411561
7032,0.411488,0.411488,0.411488
7033,0.4114,0.411401,0.4114
7034,0.411311,0.411312,0.411311
7035,0.41129,0.411291,0.41129
7036,0.411231,0.411232,0.411231
7037,0.411199,0.411199,0.411199
7038,0.411155,0.411155,0.411155
7039,0.41113,0.411131,0.411131
7040,0.411073,0.411073,0.411073
7041,0.41105,0.41105,0.41105
7042,0.410969,0.410969,0.410969
7043,0.410885,0.410886,0.410886
7044,0.410838,0.410838,0.410838
7045,0.410782,0.410782,0.410782
7046,0.410759,0.41076,0.41076
7047,0.410734,0.410734,0.410734
7048,0.410691,0.410692,0.410692
7049,0.41062,0.410621,0.410621
7050,0.41059,0.410591,0.410591
7051,0.410534,0.410534,0.410534
7052,0.410483,0.410483,0.410483
7053,0.410421,0.410421,0.410421
7054,0.41036,0.41036,0.41036
7055,0.410332,0.410332,0.410332
7056,0.410279,0.410279,0.410279
7057,0.410209,0.410209,0.410209
7058,0.410118,0.410119,0.410119
7059,0.410057,0.410057,0.410057
7060,0.410031,0.410031,0.410031
7061,0.409999,0.409999,0.409999
7062,0.409947,0.409947,0.409947
7063,0.409918,0.409918,0.409918
7064,0.409896,0.409897,0.409897
7065,0.409833,0.409833,0.409833
7066,0.409785,0.409785,0.409785
7067,0.409707,0.409708,0.409707
7068,0.409615,0.409615,0.409615
7069,0.40954,0.40954,0.40954
7070,0.409457,0.409458,0.409457
7071,0.409439,0.409439,0.409439
7072,0.40942,0.40942,0.40942
7073,0.409385,0.409386,0.409385
7074,0.409294,0.409294,0.409294
7075,0.409258,0.409259,0.409258
7076,0.409186,0.409187,0.409187
7077,0.409148,0.409149,0.409149
7078,0.40912,0.40912,0.40912
7079,0.409046,0.409047,0.409047
7080,0.408992,0.408993,0.408992
7081,0.408969,0.408969,0.408969
7082,0.40893,0.408931,0.40893
7083,0.408887,0.408888,0.408887
7084,0.408815,0.408815,0.408815
7085,0.408743,0.408744,0.408743
7086,0.408699,0.4087,0.408699
7087,0.408636,0.408636,0.408636
7088,0.408555,0.408556,0.408555
7089,0.408482,0.408482,0.408482
7090,0.408401,0.408401,0.4084
7091,0.408375,0.408375,0.408375
7092,0.408283,0.408283,0.408283
7093,0.408226,0.408226,0.408225
7094,0.408169,0.408169,0.408169
7095,0.408093,0.408094,0.408093
7096,0.408038,0.408039,0.408038
7097,0.407978,0.407978,0.407977
7098,0.407931,0.407931,0.40793
7099,0.407892,0.407892,0.407891
7100,0.407827,0.407827,0.407826
7101,0.407751,0.407751,0.40775
7102,0.407721,0.407722,0.407721
7103,0.407648,0.407648,0.407648
7104,0.407582,0.407582,0.407581
7105,0.407513,0.407513,0.407513
7106,0.407452,0.407452,0.407451
7107,0.407407,0.407407,0.407407
7108,0.407326,0.407326,0.407325
7109,0.407304,0.407305,0.407304
7110,0.407271,0.407272,0.407271
7111,0.407202,0.407202,0.407202
7112,0.407141,0.407141,0.407141
7113,0.407068,0.407068,0.407068
7114,0.407001,0.407001,0.407001
7115,0.40697,0.40697,0.40697
7116,0.406945,0.406945,0.406945
7117,0.406863,0.406864,0.406863
7118,0.406794,0.406794,0.406794
7119,0.406757,0.406757,0.406757
7120,0.40672,0.40672,0.40672
7121,0.406686,0.406687,0.406687
7122,0.406615,0.406615,0.406615
7123,0.406571,0.406571,0.406571
7124,0.406548,0.406549,0.406548
7125,0.406491,0.406492,0.406491
7126,0.406443,0.406443,0.406443
7127,0.406407,0.406407,0.406407
7128,0.406378,0.406378,0.406378
7129,0.406286,0.406287,0.406286
7130,0.406201,0.406202,0.406201
7131,0.406122,0.406122,0.406122
7132,0.406086,0.406086,0.406086
7133,0.406025,0.406026,0.406025
7134,0.405979,0.40598,0.405979
7135,0.405908,0.405908,0.405908
7136,0.405845,0.405846,0.405846
7137,0.405777,0.405777,0.405777
7138,0.405735,0.405736,0.405735
7139,0.405693,0.405694,0.405693
7140,0.405613,0.405614,0.405613
7141,0.405566,0.405567,0.405567
7142,0.405526,0.405526,0.405526
7143,0.405466,0.405466,0.405466
7144,0.405384,0.405385,0.405384
7145,0.405317,0.405317,0.405317
7146,0.405237,0.405237,0.405237
7147,0.405188,0.405188,0.405188
7148,0.405163,0.405164,0.405163
7149,0.405125,0.405126,0.405125
7150,0.405051,0.405051,0.405051
7151,0.404976,0.404976,0.404976
7152,0.40495,0.40495,0.40495
7153,0.404891,0.404891,0.404891
7154,0.404843,0.404843,0.404843
7155,0.404799,0.404799,0.404799
7156,0.404737,0.404737,0.404737
7157,0.404686,0.404687,0.404686
7158,0.404605,0.404606,0.404605
7159,0.404528,0.404529,0.404529
7160,0.404481,0.404482,0.404481
7161,0.404456,0.404457,0.404456
7162,0.404364,0.404365,0.404364
7163,0.404285,0.404285,0.404285
7164,0.404231,0.404231,0.404231
7165,0.404168,0.404169,0.404168
7166,0.404107,0.404108,0.404107
7167,0.404065,0.404066,0.404065
7168,0.403986,0.403986,0.403986
7169,0.403923,0.403923,0.403923
7170,0.403858,0.403858,0.403858
7171,0.403778,0.403778,0.403778
7172,0.403752,0.403752,0.403752
7173,0.40373,0.40373,0.40373
7174,0.403687,0.403687,0.403687
7175,0.403619,0.40362,0.403619
7176,0.40356,0.403561,0.403561
7177,0.403477,0.403478,0.403477
7178,0.403441,0.403441,0.403441
7179,0.403356,0.403356,0.403356
7180,0.403297,0.403297,0.403297
7181,0.403248,0.403249,0.403248
7182,0.403218,0.403219,0.403218
7183,0.403158,0.403158,0.403158
7184,0.403072,0.403073,0.403072
7185,0.403038,0.403039,0.403038
7186,0.403009,0.403009,0.403009
7187,0.402923,0.402923,0.402923
7188,0.402895,0.402896,0.402895
7189,0.402864,0.402865,0.402864
7190,0.402838,0.402839,0.402838
7191,0.402758,0.402758,0.402758
7192,0.402714,0.402714,0.402714
7193,0.402643,0.402643,0.402643
7194,0.402558,0.402559,0.402558
7195,0.402527,0.402527,0.402527
7196,0.402457,0.402457,0.402457
7197,0.402421,0.402421,0.402421
7198,0.402379,0.402379,0.402379
7199,0.402349,0.402349,0.402348
7200,0.402324,0.402324,0.402323
7201,0.402262,0.402262,0.402262
7202,0.402239,0.40224,0.402239
7203,0.402157,0.402158,0.402157
7204,0.402116,0.402116,0.402116
7205,0.402046,0.402047,0.402046
7206,0.402018,0.402018,0.402018
7207,0.401994,0.401995,0.401994
7208,0.401951,0.401952,0.401951
7209,0.401873,0.401873,0.401872
7210,0.401836,0.401836,0.401835
7211,0.40181,0.40181,0.40181
7212,0.40177,0.40177,0.40177
7213,0.401735,0.401736,0.401735
7214,0.401682,0.401682,0.401682
7215,0.401631,0.401632,0.401631
7216,0.401591,0.401591,0.401591
7217,0.401572,0.401573,0.401572
7218,0.401494,0.401494,0.401494
7219,0.401454,0.401455,0.401454
7220,0.401375,0.401375,0.401374
7221,0.401317,0.401318,0.401317
7222,0.40124,0.40124,0.401239
7223,0.40121,0.40121,0.401209
7224,0.401155,0.401156,0.401155
7225,0.401085,0.401085,0.401085
7226,0.401039,0.401039,0.401039
7227,0.401004,0.401004,0.401003
7228,0.400924,0.400924,0.400924
7229,0.400873,0.400873,0.400873
7230,0.400826,0.400827,0.400826
7231,0.400804,0.400804,0.400804
7232,0.400744,0.400744,0.400743
7233,0.400663,0.400663,0.400663
7234,0.400615,0.400615,0.400614
7235,0.400529,0.40053,0.400529
7236,0.400457,0.400457,0.400457
7237,0.400372,0.400372,0.400371
7238,0.400299,0.400299,0.400299
7239,0.400253,0.400254,0.400253
7240,0.400225,0.400225,0.400224
7241,0.400172,0.400173,0.400172
7242,0.400101,0.400101,0.400101
7243,0.400026,0.400027,0.400026
7244,0.39998,0.399981,0.39998
7245,0.399959,0.399959,0.399959
7246,0.399936,0.399936,0.399936
7247,0.399877,0.399878,0.399877
7248,0.399806,0.399806,0.399806
7249,0.399748,0.399748,0.399748
7250,0.399682,0.399682,0.399682
7251,0.399602,0.399602,0.399601
7252,0.399568,0.399569,0.399568
7253,0.39952,0.39952,0.39952
7254,0.399432,0.399432,0.399432
7255,0.399353,0.399353,0.399353
7256,0.399329,0.399329,0.399329
7257,0.399241,0.399242,0.399241
7258,0.399202,0.399202,0.399202
7259,0.399162,0.399163,0.399163
7260,0.399142,0.399143,0.399143
7261,0.399058,0.399058,0.399058
7262,0.398988,0.398989,0.398988
7263,0.398903,0.398903,0.398903
7264,0.398831,0.398832,0.398831
7265,0.398798,0.398799,0.398798
7266,0.398706,0.398707,0.398706
7267,0.398646,0.398647,0.398646
7268,0.398598,0.398599,0.398598
7269,0.398567,0.398567,0.398567
7270,0.398522,0.398522,0.398522
7271,0.398441,0.398441,0.398441
7272,0.398415,0.398415,0.398415
7273,0.398385,0.398385,0.398385
7274,0.398343,0.398343,0.398343
7275,0.398304,0.398304,0.398303
7276,0.398275,0.398276,0.398275
7277,0.398216,0.398216,0.398216
7278,0.39817,0.39817,0.39817
7279,0.398079,0.398079,0.398079
7280,0.397989,0.397989,0.397989
7281,0.397964,0.397965,0.397964
7282,0.397895,0.397896,0.397895
7283,0.397808,0.397809,0.397808
7284,0.397762,0.397763,0.397762
7285,0.397673,0.397673,0.397673
7286,0.397613,0.397613,0.397613
7287,0.39756,0.39756,0.397559
7288,0.397476,0.397476,0.397476
7289,0.397441,0.397441,0.397441
7290,0.39737,0.397371,0.39737
7291,0.397333,0.397333,0.397332
7292,0.39729,0.397291,0.39729
7293,0.397265,0.397265,0.397265
7294,0.397207,0.397207,0.397207
7295,0.397183,0.397184,0.397183
7296,0.397137,0.397137,0.397137
7297,0.397116,0.397117,0.397116
7298,0.397054,0.397054,0.397054
7299,0.39699,0.396991,0.39699
7300,0.396915,0.396916,0.396915
7301,0.396833,0.396834,0.396833
7302,0.396751,0.396751,0.396751
7303,0.396725,0.396725,0.396725
7304,0.396678,0.396678,0.396678
7305,0.396634,0.396634,0.396634
7306,0.39656,0.39656,0.39656
7307,0.396525,0.396526,0.396525
7308,0.396491,0.396491,0.396491
7309,0.396471,0.396471,0.396471
7310,0.396426,0.396426,0.396426
7311,0.396384,0.396384,0.396384
7312,0.396326,0.396327,0.396327
7313,0.396243,0.396243,0.396243
7314,0.396195,0.396196,0.396196
7315,0.396175,0.396175,0.396175
7316,0.396083,0.396083,0.396083
7317,0.395996,0.395997,0.395997
7318,0.395948,0.395948,0.395948
7319,0.395924,0.395924,0.395924
7320,0.39587,0.395871,0.395871
7321,0.395803,0.395803,0.395803
7322,0.395712,0.395712,0.395712
7323,0.39569,0.39569,0.39569
7324,0.39561,0.39561,0.39561
7325,0.395591,0.395592,0.395591
7326,0.395533,0.395534,0.395533
7327,0.395498,0.395498,0.395498
7328,0.395407,0.395407,0.395407
7329,0.395374,0.395374,0.395374
7330,0.395296,0.395297,0.395297
7331,0.395226,0.395226,0.395226
7332,0.395185,0.395185,0.395185
7333,0.395096,0.395096,0.395096
7334,0.395026,0.395026,0.395026
7335,0.394992,0.394993,0.394992
7336,0.394953,0.394954,0.394953
7337,0.394907,0.394907,0.394907
7338,0.39484,0.39484,0.39484
7339,0.394801,0.394801,0.394801
7340,0.394725,0.394725,0.394725
7341,0.394682,0.394682,0.394682
7342,0.394645,0.394646,0.394645
7343,0.394553,0.394553,0.394553
7344,0.394499,0.394499,0.394499
7345,0.394423,0.394424,0.394423
7346,0.394382,0.394382,0.394382
7347,0.39429,0.394291,0.39429
7348,0.394245,0.394245,0.394245
7349,0.394157,0.394158,0.394157
7350,0.394097,0.394098,0.394097
7351,0.394039,0.394039,0.394039
7352,0.393954,0.393955,0.393954
7353,0.39389,0.39389,0.39389
7354,0.393858,0.393859,0.393858
7355,0.393799,0.3938,0.393799
7356,0.393778,0.393778,0.393778
7357,0.393735,0.393736,0.393735
7358,0.393656,0.393656,0.393656
7359,0.393608,0.393608,0.393608
7360,0.393524,0.393525,0.393524
7361,0.393438,0.393438,0.393438
7362,0.393361,0.393362,0.393361
7363,0.393269,0.39327,0.393269
7364,0.393246,0.393246,0.393245
7365,0.393207,0.393207,0.393206
7366,0.393128,0.393128,0.393128
7367,0.393048,0.393049,0.393048
7368,0.393028,0.393029,0.393028
7369,0.39297,0.39297,0.39297
7370,0.392948,0.392948,0.392948
7371,0.392882,0.392882,0.392881
7372,0.392852,0.392852,0.392851
7373,0.392777,0.392777,0.392776
7374,0.392695,0.392695,0.392695
7375,0.392615,0.392615,0.392614
7376,0.392553,0.392553,0.392552
7377,0.392524,0.392524,0.392523
7378,0.392433,0.392434,0.392433
7379,0.392376,0.392377,0.392376
7380,0.392339,0.392339,0.392338
7381,0.392248,0.392248,0.392248
7382,0.39216,0.39216,0.392159
7383,0.392088,0.392088,0.392087
7384,0.391996,0.391996,0.391995
7385,0.391945,0.391945,0.391945
7386,0.391869,0.391869,0.391868
7387,0.39182,0.39182,0.391819
7388,0.391744,0.391744,0.391744
7389,0.391672,0.391672,0.391672
7390,0.391609,0.391609,0.391608
7391,0.391543,0.391544,0.391543
7392,0.391476,0.391477,0.391476
7393,0.391389,0.391389,0.391389
7394,0.391337,0.391338,0.391337
7395,0.391305,0.391305,0.391305
7396,0.39125,0.391251,0.39125
7397,0.391165,0.391166,0.391165
7398,0.391105,0.391106,0.391105
7399,0.391082,0.391083,0.391082
7400,0.391025,0.391025,0.391024
7401,0.390968,0.390968,0.390968
7402,0.390881,0.390881,0.390881
7403,0.390809,0.390809,0.390809
7404,0.390765,0.390765,0.390764
7405,0.390677,0.390677,0.390677
7406,0.390608,0.390609,0.390608
7407,0.39056,0.390561,0.39056
7408,0.390474,0.390474,0.390474
7409,0.390422,0.390423,0.390422
7410,0.390335,0.390336,0.390335
7411,0.390271,0.390272,0.390271
7412,0.390251,0.390251,0.390251
7413,0.390192,0.390192,0.390192
7414,0.390132,0.390133,0.390132
7415,0.390057,0.390057,0.390056
7416,0.389998,0.389998,0.389997
7417,0.389964,0.389965,0.389964
7418,0.389904,0.389905,0.389904
7419,0.389838,0.389839,0.389838
7420,0.389814,0.389815,0.389814
7421,0.389761,0.389762,0.389761
7422,0.38969,0.389691,0.38969
7423,0.389647,0.389647,0.389647
7424,0.389619,0.38962,0.389619
7425,0.389528,0.389529,0.389528
7426,0.389505,0.389505,0.389505
7427,0.389439,0.389439,0.389439
7428,0.389416,0.389416,0.389415
7429,0.389387,0.389387,0.389387
7430,0.38933,0.389331,0.38933
7431,0.389263,0.389264,0.389263
7432,0.389224,0.389224,0.389223
7433,0.389135,0.389135,0.389135
7434,0.389091,0.389091,0.389091
7435,0.389063,0.389064,0.389063
7436,0.389035,0.389036,0.389035
7437,0.389005,0.389005,0.389004
7438,0.388961,0.388961,0.388961
7439,0.388915,0.388916,0.388915
7440,0.388895,0.388895,0.388895
7441,0.388832,0.388833,0.388832
7442,0.388754,0.388754,0.388754
7443,0.3887,0.3887,0.3887
7444,0.38867,0.388671,0.388671
7445,0.38861,0.38861,0.38861
7446,0.388549,0.38855,0.388549
7447,0.388479,0.388479,0.388479
7448,0.388424,0.388425,0.388424
7449,0.388376,0.388376,0.388376
7450,0.388297,0.388298,0.388297
7451,0.388227,0.388228,0.388228
7452,0.388147,0.388147,0.388147
7453,0.388078,0.388078,0.388078
7454,0.388059,0.388059,0.388059
7455,0.38803,0.38803,0.38803
7456,0.38795,0.387951,0.38795
7457,0.387887,0.387888,0.387888
7458,0.387807,0.387808,0.387807
7459,0.387779,0.387779,0.387779
7460,0.387715,0.387715,0.387715
7461,0.387677,0.387677,0.387677
7462,0.3876,0.3876,0.3876
7463,0.387572,0.387572,0.387572
7464,0.387514,0.387515,0.387514
7465,0.387487,0.387488,0.387487
7466,0.387438,0.387438,0.387437
7467,0.387352,0.387353,0.387352
7468,0.387277,0.387278,0.387277
7469,0.387208,0.387208,0.387207
7470,0.387158,0.387158,0.387157
7471,0.387137,0.387137,0.387137
7472,0.387099,0.3871,0.387099
7473,0.38702,0.38702,0.38702
7474,0.386957,0.386957,0.386956
7475,0.386914,0.386915,0.386914
7476,0.386886,0.386886,0.386886
7477,0.386847,0.386848,0.386847
7478,0.386817,0.386818,0.386817
7479,0.386734,0.386734,0.386733
7480,0.386667,0.386667,0.386667
7481,0.386605,0.386605,0.386604
7482,0.386512,0.386512,0.386512
7483,0.38646,0.38646,0.386459
7484,0.386404,0.386405,0.386404
7485,0.386329,0.386329,0.386329
7486,0.386271,0.386271,0.386271
7487,0.38623,0.38623,0.38623
7488,0.386187,0.386187,0.386187
7489,0.386135,0.386136,0.386135
7490,0.386048,0.386049,0.386048
7491,0.386011,0.386011,0.38601
7492,0.385947,0.385947,0.385947
7493,0.385893,0.385894,0.385893
7494,0.385853,0.385854,0.385853
7495,0.385811,0.385811,0.38581
7496,0.385752,0.385752,0.385751
7497,0.385685,0.385685,0.385684
7498,0.385623,0.385624,0.385623
7499,0.385576,0.385576,0.385575
7500,0.385499,0.385499,0.385498
7501,0.385412,0.385412,0.385411
7502,0.385352,0.385352,0.385352
7503,0.385281,0.385281,0.38528
7504,0.385221,0.385221,0.38522
7505,0.385143,0.385144,0.385143
7506,0.385097,0.385097,0.385096
7507,0.385068,0.385068,0.385067
7508,0.385036,0.385037,0.385036
7509,0.385017,0.385017,0.385017
7510,0.384978,0.384979,0.384978
7511,0.384926,0.384926,0.384926
7512,0.384888,0.384889,0.384888
7513,0.384851,0.384852,0.384851
7514,0.384798,0.384798,0.384798
7515,0.384768,0.384768,0.384768
7516,0.384741,0.384742,0.384741
7517,0.384683,0.384683,0.384683
7518,0.384605,0.384606,0.384605
7519,0.384517,0.384518,0.384517
7520,0.384428,0.384428,0.384428
7521,0.384396,0.384396,0.384396
7522,0.384311,0.384312,0.384311
7523,0.384222,0.384222,0.384222
7524,0.384189,0.384189,0.384189
7525,0.384101,0.384101,0.384101
7526,0.38406,0.384061,0.38406
7527,0.383993,0.383994,0.383994
7528,0.383938,0.383938,0.383938
7529,0.383852,0.383853,0.383852
7530,0.383805,0.383806,0.383806
7531,0.383761,0.383761,0.383761
7532,0.383727,0.383728,0.383728
7533,0.383685,0.383686,0.383685
7534,0.383614,0.383615,0.383615
7535,0.383571,0.383571,0.383571
7536,0.383494,0.383495,0.383495
7537,0.383467,0.383468,0.383467
7538,0.383412,0.383412,0.383412
7539,0.383326,0.383326,0.383326
7540,0.383268,0.383268,0.383268
7541,0.383249,0.383249,0.383249
7542,0.383157,0.383157,0.383157
7543,0.383133,0.383133,0.383133
7544,0.383066,0.383066,0.383066
7545,0.382999,0.382999,0.382999
7546,0.382926,0.382926,0.382926
7547,0.382872,0.382873,0.382873
7548,0.382805,0.382806,0.382806
7549,0.382785,0.382785,0.382785
7550,0.382728,0.382728,0.382728
7551,0.382639,0.382639,0.382639
7552,0.382554,0.382555,0.382555
7553,0.382521,0.382522,0.382522
7554,0.382483,0.382483,0.382483
7555,0.382463,0.382463,0.382463
7556,0.382421,0.382421,0.382421
7557,0.382337,0.382338,0.382338
7558,0.382246,0.382247,0.382247
7559,0.382167,0.382167,0.382167
7560,0.382076,0.382076,0.382076
7561,0.382027,0.382028,0.382028
7562,0.382005,0.382006,0.382005
7563,0.381938,0.381939,0.381938
7564,0.381888,0.381889,0.381889
7565,0.381856,0.381856,0.381856
7566,0.381788,0.381788,0.381788
7567,0.381761,0.381762,0.381761
7568,0.381719,0.381719,0.381719
7569,0.381635,0.381636,0.381635
7570,0.381589,0.381589,0.381589
7571,0.381569,0.38157,0.381569
7572,0.381543,0.381543,0.381543
7573,0.381496,0.381497,0.381496
7574,0.381419,0.38142,0.381419
7575,0.381341,0.381341,0.381341
7576,0.381286,0.381286,0.381286
7577,0.381258,0.381258,0.381258
7578,0.381195,0.381195,0.381195
7579,0.381159,0.38116,0.381159
7580,0.381134,0.381134,0.381133
7581,0.381053,0.381054,0.381053
7582,0.380984,0.380985,0.380984
7583,0.380947,0.380947,0.380947
7584,0.38087,0.38087,0.380869
7585,0.380804,0.380804,0.380804
7586,0.380712,0.380713,0.380712
7587,0.380633,0.380633,0.380633
7588,0.380546,0.380546,0.380546
7589,0.38051,0.38051,0.38051
7590,0.380432,0.380432,0.380432
7591,0.380408,0.380408,0.380408
7592,0.380316,0.380316,0.380316
7593,0.380288,0.380288,0.380288
7594,0.380259,0.38026,0.380259
7595,0.380215,0.380215,0.380215
7596,0.380185,0.380186,0.380186
7597,0.380148,0.380148,0.380148
7598,0.380066,0.380066,0.380066
7599,0.379975,0.379976,0.379975
7600,0.379909,0.379909,0.379909
7601,0.379855,0.379855,0.379855
7602,0.379808,0.379808,0.379808
7603,0.379778,0.379779,0.379778
7604,0.37971,0.37971,0.37971
7605,0.379625,0.379625,0.379625
7606,0.379605,0.379605,0.379605
7607,0.37958,0.37958,0.37958
7608,0.379559,0.37956,0.379559
7609,0.379486,0.379487,0.379486
7610,0.379439,0.37944,0.37944
7611,0.379379,0.37938,0.37938
7612,0.379301,0.379301,0.379301
7613,0.379244,0.379244,0.379244
7614,0.379153,0.379153,0.379153
7615,0.37907,0.379071,0.37907
7616,0.379008,0.379009,0.379008
7617,0.37894,0.37894,0.37894
7618,0.3789,0.3789,0.3789
7619,0.37881,0.378811,0.37881
7620,0.378758,0.378759,0.378758
7621,0.378703,0.378703,0.378702
7622,0.378664,0.378664,0.378664
7623,0.378582,0.378583,0.378582
7624,0.378562,0.378563,0.378562
7625,0.378531,0.378531,0.378531
7626,0.378467,0.378467,0.378467
7627,0.378434,0.378435,0.378434
7628,0.378412,0.378412,0.378412
7629,0.378328,0.378328,0.378327
7630,0.378293,0.378293,0.378293
7631,0.378273,0.378273,0.378273
7632,0.378249,0.378249,0.378249
7633,0.378184,0.378184,0.378184
7634,0.378112,0.378112,0.378112
7635,0.378072,0.378072,0.378072
7636,0.378051,0.378052,0.378051
7637,0.377992,0.377992,0.377992
7638,0.377963,0.377963,0.377963
7639,0.377871,0.377872,0.377871
7640,0.377807,0.377807,0.377807
7641,0.377765,0.377766,0.377765
7642,0.377714,0.377714,0.377714
7643,0.377666,0.377667,0.377666
7644,0.377642,0.377642,0.377642
7645,0.377605,0.377605,0.377605
7646,0.377529,0.37753,0.377529
7647,0.377451,0.377451,0.377451
7648,0.377376,0.377377,0.377376
7649,0.377319,0.377319,0.377318
7650,0.377288,0.377288,0.377288
7651,0.377226,0.377226,0.377226
7652,0.377202,0.377202,0.377202
7653,0.377154,0.377155,0.377154
7654,0.377127,0.377128,0.377127
7655,0.377102,0.377103,0.377102
7656,0.377046,0.377046,0.377045
7657,0.376968,0.376968,0.376968
7658,0.376898,0.376898,0.376897
7659,0.376861,0.376861,0.37686
7660,0.3768,0.376801,0.3768
7661,0.376741,0.376741,0.376741
7662,0.376681,0.376682,0.376681
7663,0.376597,0.376597,0.376596
7664,0.376552,0.376552,0.376551
7665,0.37648,0.376481,0.37648
7666,0.376401,0.376401,0.3764
7667,0.376339,0.376339,0.376338
7668,0.376303,0.376304,0.376303
7669,0.376256,0.376256,0.376255
7670,0.376223,0.376223,0.376222
7671,0.376135,0.376135,0.376134
7672,0.376112,0.376112,0.376112
7673,0.376049,0.376049,0.376048
7674,0.376017,0.376017,0.376016
7675,0.375947,0.375948,0.375947
7676,0.375883,0.375884,0.375883
7677,0.375831,0.375832,0.375831
7678,0.375796,0.375796,0.375796
7679,0.375713,0.375714,0.375713
7680,0.375654,0.375654,0.375653
7681,0.375631,0.375632,0.375631
7682,0.375567,0.375567,0.375567
7683,0.375493,0.375493,0.375493
7684,0.375453,0.375453,0.375453
7685,0.375364,0.375364,0.375364
7686,0.375315,0.375316,0.375315
7687,0.375245,0.375245,0.375245
7688,0.375178,0.375178,0.375178
7689,0.375117,0.375118,0.375117
7690,0.375053,0.375053,0.375053
7691,0.375015,0.375016,0.375015
7692,0.374971,0.374971,0.374971
7693,0.374881,0.374882,0.374881
7694,0.37484,0.37484,0.37484
7695,0.37477,0.37477,0.37477
7696,0.374737,0.374737,0.374737
7697,0.37468,0.37468,0.37468
7698,0.374624,0.374624,0.374624
7699,0.37456,0.374561,0.37456
7700,0.374505,0.374505,0.374505
7701,0.374445,0.374445,0.374445
7702,0.374395,0.374395,0.374395
7703,0.374362,0.374363,0.374362
7704,0.37431,0.37431,0.37431
7705,0.374281,0.374282,0.374281
7706,0.374258,0.374258,0.374258
7707,0.374178,0.374178,0.374178
7708,0.374104,0.374104,0.374104
7709,0.374073,0.374073,0.374073
7710,0.373999,0.374,0.373999
7711,0.373954,0.373954,0.373954
7712,0.373904,0.373904,0.373904
7713,0.373833,0.373833,0.373833
7714,0.373754,0.373754,0.373754
7715,0.373682,0.373682,0.373682
7716,0.373614,0.373615,0.373614
7717,0.37358,0.373581,0.37358
7718,0.373511,0.373512,0.373511
7719,0.373446,0.373447,0.373446
7720,0.37342,0.37342,0.373419
7721,0.373391,0.373392,0.373391
7722,0.373323,0.373323,0.373323
7723,0.37325,0.37325,0.37325
7724,0.373222,0.373222,0.373222
7725,0.373183,0.373183,0.373183
7726,0.373098,0.373099,0.373098
7727,0.373048,0.373049,0.373048
7728,0.37298,0.37298,0.37298
7729,0.372907,0.372908,0.372907
7730,0.372836,0.372837,0.372836
7731,0.372807,0.372807,0.372807
7732,0.372761,0.372762,0.372761
7733,0.372694,0.372694,0.372694
7734,0.372607,0.372607,0.372607
7735,0.372576,0.372576,0.372576
7736,0.372525,0.372525,0.372525
7737,0.372435,0.372435,0.372435
7738,0.372397,0.372397,0.372396
7739,0.372327,0.372327,0.372327
7740,0.37227,0.37227,0.372269
7741,0.372251,0.372251,0.372251
7742,0.372162,0.372162,0.372162
7743,0.372107,0.372108,0.372107
7744,0.372038,0.372039,0.372038
7745,0.372014,0.372014,0.372013
7746,0.371946,0.371946,0.371946
7747,0.371875,0.371875,0.371875
7748,0.371823,0.371823,0.371823
7749,0.371772,0.371772,0.371772
7750,0.37174,0.37174,0.37174
7751,0.371667,0.371667,0.371667
7752,0.371632,0.371633,0.371632
7753,0.371545,0.371546,0.371546
7754,0.371523,0.371523,0.371523
7755,0.371504,0.371505,0.371504
7756,0.371446,0.371447,0.371447
7757,0.371426,0.371427,0.371427
7758,0.371362,0.371363,0.371363
7759,0.371304,0.371304,0.371304
7760,0.371214,0.371214,0.371214
7761,0.371186,0.371186,0.371186
7762,0.371138,0.371138,0.371138
7763,0.371118,0.371119,0.371119
7764,0.371033,0.371034,0.371034
7765,0.370957,0.370957,0.370957
7766,0.370872,0.370873,0.370873
7767,0.370844,0.370845,0.370845
7768,0.370807,0.370808,0.370808
7769,0.370725,0.370726,0.370726
7770,0.370664,0.370665,0.370665
7771,0.370609,0.37061,0.37061
7772,0.37058,0.370581,0.370581
7773,0.370545,0.370546,0.370546
7774,0.370485,0.370486,0.370486
7775,0.370452,0.370453,0.370453
7776,0.370419,0.370419,0.370419
7777,0.370373,0.370373,0.370373
7778,0.370285,0.370285,0.370285
7779,0.370235,0.370235,0.370235
7780,0.370163,0.370163,0.370163
7781,0.370112,0.370112,0.370112
7782,0.370032,0.370032,0.370032
7783,0.369948,0.369949,0.369948
7784,0.369924,0.369925,0.369924
7785,0.369876,0.369876,0.369876
7786,0.369813,0.369813,0.369813
7787,0.369721,0.369721,0.369721
7788,0.369656,0.369656,0.369656
7789,0.369585,0.369585,0.369585
7790,0.369519,0.36952,0.369519
7791,0.369486,0.369486,0.369486
7792,0.36945,0.369451,0.36945
7793,0.369364,0.369365,0.369364
7794,0.36933,0.36933,0.369329
7795,0.369246,0.369246,0.369246
7796,0.369199,0.3692,0.369199
7797,0.369166,0.369166,0.369165
7798,0.369102,0.369102,0.369102
7799,0.369061,0.369062,0.369061
7800,0.369017,0.369017,0.369016
7801,0.368976,0.368976,0.368976
7802,0.368924,0.368924,0.368924
7803,0.368853,0.368854,0.368853
7804,0.36883,0.36883,0.368829
7805,0.368751,0.368752,0.368751
7806,0.368731,0.368731,0.368731
7807,0.368646,0.368646,0.368645
7808,0.368569,0.36857,0.368569
7809,0.368539,0.368539,0.368539
7810,0.368463,0.368464,0.368463
7811,0.368412,0.368412,0.368411
7812,0.368336,0.368336,0.368335
7813,0.368287,0.368288,0.368287
7814,0.368201,0.368201,0.368201
7815,0.368138,0.368138,0.368138
7816,0.368079,0.36808,0.368079
7817,0.368033,0.368033,0.368032
7818,0.367957,0.367958,0.367957
7819,0.367883,0.367884,0.367883
7820,0.367826,0.367826,0.367825
7821,0.367759,0.367759,0.367758
7822,0.367729,0.367729,0.367728
7823,0.367679,0.367679,0.367678
7824,0.367654,0.367654,0.367653
7825,0.367561,0.367562,0.367561
7826,0.3675,0.367501,0.3675
7827,0.367423,0.367423,0.367423
7828,0.367353,0.367353,0.367353
7829,0.367263,0.367263,0.367262
7830,0.3672,0.3672,0.367199
7831,0.367156,0.367157,0.367156
7832,0.36709,0.36709,0.367089
7833,0.367069,0.36707,0.367069
7834,0.366977,0.366977,0.366977
7835,0.366899,0.3669,0.366899
7836,0.366826,0.366826,0.366825
7837,0.366748,0.366748,0.366748
7838,0.36668,0.36668,0.36668
7839,0.366602,0.366602,0.366602
7840,0.36652,0.36652,0.36652
7841,0.366443,0.366444,0.366443
7842,0.366355,0.366355,0.366355
7843,0.366306,0.366307,0.366306
7844,0.366227,0.366228,0.366227
7845,0.36616,0.366161,0.36616
7846,0.366108,0.366109,0.366108
7847,0.366057,0.366057,0.366057
7848,0.365969,0.36597,0.365969
7849,0.365939,0.36594,0.365939
7850,0.365916,0.365916,0.365916
7851,0.365833,0.365834,0.365833
7852,0.365771,0.365772,0.365771
7853,0.3657,0.3657,0.3657
7854,0.365649,0.365649,0.365649
7855,0.365601,0.365602,0.365601
7856,0.365519,0.365519,0.365519
7857,0.365447,0.365447,0.365447
7858,0.365411,0.365411,0.365411
7859,0.36534,0.365341,0.36534
7860,0.365301,0.365301,0.365301
7861,0.365245,0.365245,0.365245
7862,0.365204,0.365205,0.365204
7863,0.365123,0.365123,0.365123
7864,0.365056,0.365057,0.365056
7865,0.365019,0.36502,0.365019
7866,0.365,0.365,0.365
7867,0.364933,0.364933,0.364933
7868,0.364882,0.364883,0.364882
7869,0.364815,0.364815,0.364815
7870,0.364781,0.364781,0.364781
7871,0.364696,0.364697,0.364696
7872,0.364659,0.364659,0.364659
7873,0.36464,0.364641,0.36464
7874,0.36459,0.364591,0.36459
7875,0.364509,0.36451,0.364509
7876,0.364488,0.364489,0.364488
7877,0.36447,0.36447,0.364469
7878,0.364445,0.364445,0.364445
7879,0.364378,0.364378,0.364378
7880,0.364349,0.364349,0.364349
7881,0.364284,0.364284,0.364284
7882,0.36421,0.364211,0.36421
7883,0.364187,0.364187,0.364187
7884,0.364119,0.36412,0.364119
7885,0.364054,0.364054,0.364054
7886,0.364002,0.364003,0.364002
7887,0.363912,0.363913,0.363912
7888,0.363882,0.363883,0.363882
7889,0.363818,0.363818,0.363818
7890,0.363772,0.363772,0.363772
7891,0.363728,0.363729,0.363728
7892,0.363645,0.363645,0.363645
7893,0.36356,0.36356,0.36356
7894,0.363523,0.363524,0.363523
7895,0.363462,0.363462,0.363462
7896,0.363377,0.363377,0.363377
7897,0.363285,0.363286,0.363285
7898,0.363205,0.363205,0.363205
7899,0.363136,0.363137,0.363137
7900,0.363117,0.363117,0.363117
7901,0.363078,0.363078,0.363078
7902,0.363018,0.363019,0.363018
7903,0.362995,0.362995,0.362995
7904,0.362943,0.362943,0.362943
7905,0.362875,0.362876,0.362875
7906,0.36285,0.36285,0.36285
7907,0.36278,0.36278,0.36278
7908,0.362717,0.362718,0.362717
7909,0.362667,0.362667,0.362667
7910,0.362636,0.362636,0.362636
7911,0.362553,0.362553,0.362553
7912,0.362528,0.362528,0.362528
7913,0.362495,0.362495,0.362495
7914,0.362403,0.362403,0.362403
7915,0.36233,0.36233,0.36233
7916,0.362257,0.362258,0.362258
7917,0.362235,0.362235,0.362235
7918,0.362209,0.36221,0.362209
7919,0.362172,0.362173,0.362173
7920,0.362132,0.362133,0.362132
7921,0.362111,0.362112,0.362112
7922,0.362087,0.362087,0.362087
7923,0.362017,0.362017,0.362017
7924,0.361973,0.361973,0.361973
7925,0.36195,0.361951,0.36195
7926,0.361864,0.361865,0.361865
7927,0.361799,0.361799,0.361799
7928,0.361721,0.361722,0.361722
7929,0.361691,0.361691,0.361691
7930,0.361628,0.361629,0.361628
7931,0.361551,0.361551,0.361551
7932,0.361523,0.361524,0.361523
7933,0.361482,0.361483,0.361483
7934,0.361435,0.361435,0.361435
7935,0.36141,0.36141,0.36141
7936,0.361321,0.361322,0.361321
7937,0.361272,0.361273,0.361272
7938,0.361192,0.361192,0.361192
7939,0.361118,0.361118,0.361117
7940,0.361049,0.361049,0.361048
7941,0.361011,0.361011,0.361011
7942,0.36094,0.360941,0.36094
7943,0.360868,0.360869,0.360868
7944,0.360798,0.360798,0.360797
7945,0.360747,0.360747,0.360746
7946,0.360698,0.360698,0.360698
7947,0.36063,0.36063,0.360629
7948,0.360571,0.360572,0.360571
7949,0.360525,0.360525,0.360525
7950,0.360455,0.360455,0.360454
7951,0.360428,0.360429,0.360428
7952,0.360394,0.360394,0.360393
7953,0.360364,0.360364,0.360363
7954,0.360313,0.360313,0.360312
7955,0.360276,0.360276,0.360275
7956,0.36023,0.36023,0.360229
7957,0.360177,0.360178,0.360177
7958,0.360155,0.360156,0.360155
7959,0.360129,0.360129,0.360129
7960,0.360045,0.360046,0.360045
7961,0.360019,0.360019,0.360018
7962,0.359998,0.359998,0.359997
7963,0.359948,0.359948,0.359947
7964,0.359896,0.359896,0.359895
7965,0.359816,0.359817,0.359816
7966,0.359757,0.359757,0.359757
7967,0.359705,0.359705,0.359704
7968,0.359633,0.359633,0.359632
7969,0.359555,0.359555,0.359555
7970,0.359495,0.359495,0.359494
7971,0.359456,0.359457,0.359456
7972,0.359433,0.359434,0.359433
7973,0.359398,0.359398,0.359398
7974,0.359329,0.35933,0.359329
7975,0.359237,0.359237,0.359237
7976,0.359145,0.359145,0.359145
7977,0.359113,0.359113,0.359113
7978,0.359094,0.359094,0.359094
7979,0.359036,0.359037,0.359036
7980,0.358965,0.358965,0.358965
7981,0.358923,0.358923,0.358923
7982,0.358836,0.358837,0.358836
7983,0.358787,0.358788,0.358787
7984,0.358763,0.358764,0.358763
7985,0.358711,0.358712,0.358711
7986,0.358644,0.358644,0.358644
7987,0.358562,0.358563,0.358562
7988,0.358536,0.358537,0.358536
7989,0.358457,0.358458,0.358457
7990,0.358417,0.358418,0.358417
7991,0.358345,0.358345,0.358345
7992,0.358306,0.358306,0.358305
7993,0.358277,0.358277,0.358277
7994,0.358195,0.358196,0.358195
7995,0.35813,0.358131,0.35813
7996,0.358102,0.358103,0.358102
7997,0.358043,0.358043,0.358043
7998,0.357961,0.357961,0.357961
7999,0.357932,0.357932,0.357932
8000,0.357894,0.357895,0.357894
8001,0.357848,0.357849,0.357848
8002,0.357796,0.357796,0.357796
8003,0.357748,0.357749,0.357748
8004,0.357702,0.357702,0.357702
8005,0.357631,0.357632,0.357631
8006,0.3576,0.3576,0.3576
8007,0.357572,0.357572,0.357572
8008,0.357531,0.357532,0.357531
8009,0.357509,0.35751,0.357509
8010,0.357437,0.357438,0.357437
8011,0.357389,0.357389,0.357389
8012,0.357347,0.357347,0.357347
8013,0.357257,0.357257,0.357257
8014,0.357168,0.357168,0.357168
8015,0.357127,0.357127,0.357127
8016,0.35704,0.357041,0.35704
8017,0.357,0.357,0.357
8018,0.356923,0.356924,0.356923
8019,0.356862,0.356862,0.356862
8020,0.356797,0.356798,0.356797
8021,0.356728,0.356728,0.356728
8022,0.356639,0.356639,0.356639
8023,0.356615,0.356616,0.356615
8024,0.356589,0.356589,0.356589
8025,0.356551,0.356551,0.356551
8026,0.356463,0.356463,0.356463
8027,0.356376,0.356376,0.356376
8028,0.356322,0.356323,0.356323
8029,0.356241,0.356241,0.356241
8030,0.356182,0.356182,0.356182
8031,0.356152,0.356152,0.356152
8032,0.35613,0.35613,0.35613
8033,0.356087,0.356088,0.356087
8034,0.356023,0.356024,0.356023
8035,0.355951,0.355952,0.355951
8036,0.355895,0.355896,0.355895
8037,0.355864,0.355864,0.355864
8038,0.355822,0.355822,0.355822
8039,0.35578,0.35578,0.35578
8040,0.355733,0.355734,0.355733
8041,0.355676,0.355677,0.355676
8042,0.355638,0.355639,0.355639
8043,0.355573,0.355573,0.355573
8044,0.355513,0.355513,0.355513
8045,0.355462,0.355462,0.355462
8046,0.355441,0.355442,0.355441
8047,0.355376,0.355376,0.355376
8048,0.355319,0.355319,0.355319
8049,0.355251,0.355252,0.355252
8050,0.355162,0.355162,0.355162
8051,0.355138,0.355139,0.355138
8052,0.355083,0.355084,0.355083
8053,0.355002,0.355002,0.355002
8054,0.354942,0.354943,0.354943
8055,0.354887,0.354887,0.354887
8056,0.354829,0.35483,0.354829
8057,0.354737,0.354737,0.354737
8058,0.354662,0.354662,0.354662
8059,0.354625,0.354626,0.354625
8060,0.354607,0.354607,0.354607
8061,0.354573,0.354573,0.354573
8062,0.354548,0.354548,0.354548
8063,0.35449,0.35449,0.35449
8064,0.35446,0.35446,0.35446
8065,0.354423,0.354423,0.354423
8066,0.354394,0.354394,0.354394
8067,0.35434,0.354341,0.35434
8068,0.354304,0.354305,0.354304
8069,0.354279,0.354279,0.354279
8070,0.354211,0.354211,0.354211
8071,0.354178,0.354178,0.354178
8072,0.354088,0.354089,0.354088
8073,0.354056,0.354056,0.354056
8074,0.354012,0.354013,0.354012
8075,0.353972,0.353972,0.353972
8076,0.353903,0.353904,0.353903
8077,0.353837,0.353838,0.353837
8078,0.353817,0.353817,0.353817
8079,0.35376,0.353761,0.35376
8080,0.353707,0.353707,0.353707
8081,0.353673,0.353673,0.353673
8082,0.353636,0.353637,0.353636
8083,0.353583,0.353583,0.353583
8084,0.353557,0.353558,0.353557
8085,0.353498,0.353499,0.353498
8086,0.35341,0.35341,0.35341
8087,0.353376,0.353376,0.353376
8088,0.353323,0.353324,0.353323
8089,0.3533,0.3533,0.3533
8090,0.353262,0.353262,0.353261
8091,0.353216,0.353217,0.353216
8092,0.353171,0.353172,0.353171
8093,0.353117,0.353118,0.353117
8094,0.353085,0.353085,0.353085
8095,0.353015,0.353016,0.353015
8096,0.352953,0.352953,0.352953
8097,0.352934,0.352934,0.352933
8098,0.352864,0.352864,0.352864
8099,0.35282,0.35282,0.352819
8100,0.352739,0.35274,0.352739
8101,0.352679,0.352679,0.352678
8102,0.352626,0.352627,0.352626
8103,0.352537,0.352537,0.352536
8104,0.352482,0.352483,0.352482
8105,0.352447,0.352447,0.352447
8106,0.352369,0.35237,0.352369
8107,0.352344,0.352344,0.352344
8108,0.352313,0.352313,0.352313
8109,0.352282,0.352282,0.352281
8110,0.352241,0.352242,0.352241
8111,0.352178,0.352178,0.352178
8112,0.352125,0.352125,0.352124
8113,0.352096,0.352096,0.352095
8114,0.352036,0.352037,0.352036
8115,0.351983,0.351983,0.351983
8116,0.35196,0.35196,0.351959
8117,0.351885,0.351886,0.351885
8118,0.351817,0.351818,0.351817
8119,0.351797,0.351797,0.351796
8120,0.351714,0.351714,0.351714
8121,0.351642,0.351642,0.351642
8122,0.351558,0.351559,0.351558
8123,0.3515,0.3515,0.3515
8124,0.351448,0.351449,0.351448
8125,0.351402,0.351402,0.351401
8126,0.351372,0.351372,0.351371
8127,0.35131,0.351311,0.35131
8128,0.351259,0.35126,0.351259
8129,0.351224,0.351225,0.351224
8130,0.351135,0.351136,0.351135
8131,0.351112,0.351112,0.351112
8132,0.351044,0.351044,0.351043
8133,0.350961,0.350962,0.350961
8134,0.350918,0.350918,0.350918
8135,0.350857,0.350858,0.350857
8136,0.350823,0.350823,0.350823
8137,0.350783,0.350783,0.350782
8138,0.350713,0.350714,0.350713
8139,0.350677,0.350678,0.350677
8140,0.350637,0.350637,0.350636
8141,0.350571,0.350571,0.35057
8142,0.350534,0.350535,0.350534
8143,0.350468,0.350468,0.350467
8144,0.350423,0.350423,0.350423
8145,0.350404,0.350405,0.350404
8146,0.350342,0.350342,0.350341
8147,0.350298,0.350299,0.350298
8148,0.350211,0.350211,0.35021
8149,0.350131,0.350132,0.350131
8150,0.350056,0.350056,0.350055
8151,0.349993,0.349994,0.349993
8152,0.349921,0.349922,0.349921
8153,0.349884,0.349885,0.349884
8154,0.349816,0.349817,0.349816
8155,0.349755,0.349755,0.349754
8156,0.349675,0.349675,0.349674
8157,0.349646,0.349646,0.349645
8158,0.34958,0.34958,0.34958
8159,0.349491,0.349491,0.349491
8160,0.349443,0.349443,0.349442
8161,0.349411,0.349412,0.349411
8162,0.349373,0.349373,0.349373
8163,0.349298,0.349299,0.349298
8164,0.349214,0.349214,0.349214
8165,0.349156,0.349156,0.349156
8166,0.349121,0.349121,0.349121
8167,0.349072,0.349073,0.349072
8168,0.349005,0.349006,0.349005
8169,0.348982,0.348982,0.348982
8170,0.34896,0.348961,0.348961
8171,0.348919,0.34892,0.348919
8172,0.348896,0.348896,0.348896
8173,0.348877,0.348877,0.348877
8174,0.348839,0.34884,0.348839
8175,0.348811,0.348811,0.348811
8176,0.348786,0.348786,0.348786
8177,0.348708,0.348709,0.348708
8178,0.348637,0.348638,0.348637
8179,0.348554,0.348554,0.348554
8180,0.348534,0.348534,0.348534
8181,0.348442,0.348442,0.348442
8182,0.348393,0.348394,0.348393
8183,0.348324,0.348325,0.348324
8184,0.348279,0.348279,0.348279
8185,0.348259,0.348259,0.348259
8186,0.348215,0.348216,0.348215
8187,0.348138,0.348139,0.348138
8188,0.3481,0.3481,0.3481
8189,0.348043,0.348043,0.348043
8190,0.347997,0.347997,0.347997
8191,0.347924,0.347924,0.347924
8192,0.347904,0.347905,0.347904
8193,0.347819,0.347819,0.347819
8194,0.347748,0.347748,0.347748
8195,0.347716,0.347716,0.347716
8196,0.347672,0.347673,0.347673
8197,0.347628,0.347628,0.347628
8198,0.347604,0.347605,0.347605
8199,0.347536,0.347537,0.347536
8200,0.347458,0.347458,0.347458
8201,0.347411,0.347412,0.347412
8202,0.347344,0.347344,0.347344
8203,0.347316,0.347316,0.347316
8204,0.347255,0.347256,0.347256
8205,0.347208,0.347208,0.347208
8206,0.347176,0.347177,0.347176
8207,0.34715,0.347151,0.347151
8208,0.347066,0.347067,0.347066
8209,0.347046,0.347046,0.347046
8210,0.347012,0.347013,0.347013
8211,0.34698,0.346981,0.346981
8212,0.34692,0.34692,0.34692
8213,0.346837,0.346838,0.346838
8214,0.346747,0.346748,0.346747
8215,0.346703,0.346704,0.346703
8216,0.346659,0.346659,0.346659
8217,0.346633,0.346634,0.346633
8218,0.346598,0.346598,0.346598
8219,0.346568,0.346569,0.346569
8220,0.346533,0.346534,0.346534
8221,0.346488,0.346489,0.346489
8222,0.34641,0.34641,0.34641
8223,0.346338,0.346338,0.346338
8224,0.346282,0.346283,0.346282
8225,0.346191,0.346191,0.346191
8226,0.346152,0.346153,0.346152
8227,0.34609,0.346091,0.34609
8228,0.346001,0.346002,0.346001
8229,0.345942,0.345943,0.345942
8230,0.345889,0.345889,0.345889
8231,0.345812,0.345812,0.345812
8232,0.345788,0.345788,0.345788
8233,0.345699,0.345699,0.345698
8234,0.345647,0.345647,0.345647
8235,0.345594,0.345595,0.345594
8236,0.345529,0.345529,0.345529
8237,0.345496,0.345496,0.345495
8238,0.345445,0.345445,0.345445
8239,0.345426,0.345427,0.345426
8240,0.345349,0.345349,0.345349
8241,0.345304,0.345304,0.345303
8242,0.345211,0.345212,0.345211
8243,0.345127,0.345127,0.345126
8244,0.345087,0.345087,0.345087
8245,0.345007,0.345008,0.345007
8246,0.344951,0.344951,0.344951
8247,0.344909,0.344909,0.344908
8248,0.344888,0.344889,0.344888
8249,0.344814,0.344814,0.344813
8250,0.344759,0.344759,0.344758
8251,0.344712,0.344713,0.344712
8252,0.344622,0.344622,0.344621
8253,0.344593,0.344594,0.344593
8254,0.344511,0.344511,0.34451
8255,0.344483,0.344484,0.344483
8256,0.344412,0.344413,0.344412
8257,0.344344,0.344344,0.344344
8258,0.344304,0.344304,0.344304
8259,0.344244,0.344244,0.344244
8260,0.344201,0.344201,0.344201
8261,0.344178,0.344178,0.344178
8262,0.344142,0.344142,0.344141
8263,0.344058,0.344058,0.344057
8264,0.343995,0.343996,0.343995
8265,0.343952,0.343952,0.343951
8266,0.343869,0.34387,0.343869
8267,0.343789,0.343789,0.343788
8268,0.343743,0.343744,0.343743
8269,0.343684,0.343684,0.343683
8270,0.343604,0.343605,0.343604
8271,0.343536,0.343536,0.343536
8272,0.34346,0.34346,0.34346
8273,0.343413,0.343413,0.343412
8274,0.343375,0.343376,0.343375
8275,0.343297,0.343297,0.343297
8276,0.343223,0.343223,0.343222
8277,0.343204,0.343204,0.343203
8278,0.343144,0.343144,0.343144
8279,0.343077,0.343077,0.343076
8280,0.343045,0.343045,0.343045
8281,0.343011,0.343012,0.343011
8282,0.342983,0.342983,0.342982
8283,0.34295,0.342951,0.34295
8284,0.342925,0.342925,0.342924
8285,0.342894,0.342894,0.342894
8286,0.342829,0.34283,0.342829
8287,0.342758,0.342759,0.342758
8288,0.342729,0.34273,0.342729
8289,0.342673,0.342674,0.342673
8290,0.342606,0.342606,0.342605
8291,0.342525,0.342525,0.342525
8292,0.342465,0.342465,0.342465
8293,0.342418,0.342418,0.342418
8294,0.342376,0.342377,0.342376
8295,0.342311,0.342311,0.342311
8296,0.342253,0.342253,0.342253
8297,0.342209,0.342209,0.342209
8298,0.342147,0.342147,0.342147
8299,0.342066,0.342067,0.342066
8300,0.342039,0.342039,0.342039
8301,0.34201,0.342011,0.34201
8302,0.341966,0.341966,0.341966
8303,0.341893,0.341894,0.341893
8304,0.341851,0.341852,0.341852
8305,0.341807,0.341807,0.341807
8306,0.341775,0.341775,0.341775
8307,0.341725,0.341725,0.341725
8308,0.341661,0.341661,0.341661
8309,0.341624,0.341624,0.341624
8310,0.341585,0.341586,0.341586
8311,0.341506,0.341507,0.341507
8312,0.341454,0.341454,0.341454
8313,0.34138,0.341381,0.341381
8314,0.341305,0.341305,0.341305
8315,0.341223,0.341224,0.341223
8316,0.341189,0.341189,0.341189
8317,0.341151,0.341152,0.341151
8318,0.341068,0.341068,0.341068
8319,0.341034,0.341034,0.341034
8320,0.34097,0.340971,0.34097
8321,0.340927,0.340927,0.340927
8322,0.340847,0.340848,0.340847
8323,0.340814,0.340814,0.340814
8324,0.340781,0.340781,0.340781
8325,0.340696,0.340697,0.340697
8326,0.340655,0.340655,0.340655
8327,0.340565,0.340565,0.340565
8328,0.340479,0.340479,0.340479
8329,0.340446,0.340446,0.340446
8330,0.340374,0.340375,0.340374
8331,0.34029,0.340291,0.34029
8332,0.34026,0.34026,0.34026
8333,0.340182,0.340183,0.340183
8334,0.340137,0.340137,0.340137
8335,0.34005,0.340051,0.340051
8336,0.340021,0.340022,0.340021
8337,0.339972,0.339972,0.339972
8338,0.339954,0.339954,0.339954
8339,0.339907,0.339907,0.339907
8340,0.33987,0.33987,0.33987
8341,0.339836,0.339837,0.339836
8342,0.339786,0.339787,0.339787
8343,0.339722,0.339722,0.339722
8344,0.339634,0.339634,0.339634
8345,0.339565,0.339565,0.339565
8346,0.339528,0.339529,0.339529
8347,0.339486,0.339486,0.339486
8348,0.339424,0.339425,0.339425
8349,0.339375,0.339375,0.339375
8350,0.339287,0.339287,0.339287
8351,0.33926,0.339261,0.339261
8352,0.339238,0.339238,0.339238
8353,0.339213,0.339214,0.339214
8354,0.339195,0.339195,0.339195
8355,0.339145,0.339146,0.339145
8356,0.339111,0.339111,0.339111
8357,0.339064,0.339064,0.339064
8358,0.339002,0.339002,0.339002
8359,0.338922,0.338923,0.338922
8360,0.338849,0.338849,0.338849
8361,0.338789,0.33879,0.338789
8362,0.338767,0.338767,0.338767
8363,0.33874,0.338741,0.33874
8364,0.338701,0.338701,0.338701
8365,0.33866,0.338661,0.33866
8366,0.338605,0.338605,0.338604
8367,0.338562,0.338563,0.338562
8368,0.338487,0.338488,0.338487
8369,0.338417,0.338417,0.338417
8370,0.338328,0.338328,0.338328
8371,0.338259,0.338259,0.338259
8372,0.338232,0.338232,0.338232
8373,0.338186,0.338186,0.338186
8374,0.338114,0.338114,0.338113
8375,0.338033,0.338034,0.338033
8376,0.338001,0.338002,0.338001
8377,0.337959,0.337959,0.337959
8378,0.33789,0.33789,0.33789
8379,0.337848,0.337849,0.337848
8380,0.337818,0.337818,0.337817
8381,0.337795,0.337795,0.337795
8382,0.337729,0.337729,0.337729
8383,0.337666,0.337667,0.337666
8384,0.337613,0.337614,0.337613
8385,0.337525,0.337525,0.337525
8386,0.337498,0.337499,0.337498
8387,0.337407,0.337407,0.337406
8388,0.337386,0.337386,0.337385
8389,0.33736,0.337361,0.33736
8390,0.337269,0.337269,0.337268
8391,0.337203,0.337204,0.337203
8392,0.337146,0.337147,0.337146
8393,0.337098,0.337098,0.337098
8394,0.337073,0.337073,0.337072
8395,0.336985,0.336986,0.336985
8396,0.336943,0.336944,0.336943
8397,0.336861,0.336861,0.336861
8398,0.336815,0.336815,0.336814
8399,0.336771,0.336772,0.336771
8400,0.336688,0.336688,0.336687
8401,0.336642,0.336643,0.336642
8402,0.336561,0.336562,0.336561
8403,0.336482,0.336482,0.336481
8404,0.336408,0.336408,0.336407
8405,0.336345,0.336346,0.336345
8406,0.336298,0.336298,0.336297
8407,0.336234,0.336235,0.336234
8408,0.33621,0.33621,0.336209
8409,0.336178,0.336178,0.336177
8410,0.336155,0.336156,0.336155
8411,0.336091,0.336092,0.336091
8412,0.336027,0.336027,0.336026
8413,0.336,0.336,0.336
8414,0.335977,0.335977,0.335977
8415,0.335956,0.335956,0.335956
8416,0.335883,0.335884,0.335883
8417,0.335845,0.335845,0.335844
8418,0.335753,0.335753,0.335752
8419,0.335703,0.335703,0.335703
8420,0.335638,0.335639,0.335638
8421,0.335585,0.335585,0.335584
8422,0.33554,0.335541,0.33554
8423,0.335521,0.335521,0.33552
8424,0.335492,0.335492,0.335491
8425,0.335468,0.335468,0.335467
8426,0.335425,0.335425,0.335425
8427,0.335384,0.335385,0.335384
8428,0.335357,0.335357,0.335357
8429,0.335321,0.335322,0.335321
8430,0.335243,0.335244,0.335243
8431,0.335185,0.335186,0.335185
8432,0.335121,0.335121,0.335121
8433,0.335087,0.335088,0.335087
8434,0.335055,0.335056,0.335055
8435,0.334991,0.334991,0.334991
8436,0.334953,0.334954,0.334953
8437,0.334873,0.334874,0.334873
8438,0.334807,0.334808,0.334807
8439,0.33478,0.334781,0.33478
8440,0.334708,0.334708,0.334708
8441,0.334642,0.334643,0.334642
8442,0.334575,0.334575,0.334575
8443,0.334503,0.334503,0.334503
8444,0.334473,0.334473,0.334473
8445,0.334436,0.334437,0.334437
8446,0.334349,0.33435,0.334349
8447,0.334325,0.334325,0.334325
8448,0.334286,0.334286,0.334286
8449,0.334255,0.334256,0.334256
8450,0.334188,0.334189,0.334188
8451,0.334105,0.334105,0.334105
8452,0.334051,0.334052,0.334052
8453,0.334017,0.334017,0.334017
8454,0.333929,0.333929,0.333929
8455,0.333873,0.333874,0.333874
8456,0.333784,0.333785,0.333785
8457,0.333744,0.333745,0.333745
8458,0.333697,0.333697,0.333697
8459,0.333633,0.333634,0.333634
8460,0.333544,0.333544,0.333544
8461,0.33352,0.33352,0.33352
8462,0.333499,0.333499,0.333499
8463,0.333445,0.333445,0.333445
8464,0.333375,0.333376,0.333376
8465,0.333333,0.333333,0.333333
8466,0.333306,0.333307,0.333307
8467,0.33328,0.333281,0.333281
8468,0.333243,0.333243,0.333243
8469,0.333218,0.333218,0.333218
8470,0.333131,0.333131,0.333131
8471,0.333091,0.333092,0.333092
8472,0.333046,0.333046,0.333046
8473,0.332983,0.332984,0.332984
8474,0.332953,0.332953,0.332953
8475,0.33291,0.33291,0.332911
8476,0.332842,0.332842,0.332842
8477,0.332785,0.332785,0.332785
8478,0.332692,0.332692,0.332693
8479,0.332671,0.332671,0.332671
8480,0.332633,0.332634,0.332634
8481,0.332548,0.332548,0.332548
8482,0.33251,0.33251,0.33251
8483,0.332423,0.332424,0.332424
8484,0.33236,0.332361,0.332361
8485,0.332272,0.332273,0.332273
8486,0.332181,0.332181,0.332181
8487,0.3321,0.332101,0.332101
8488,0.33206,0.332061,0.332061
8489,0.332027,0.332027,0.332027
8490,0.331993,0.331994,0.331994
8491,0.33191,0.331911,0.33191
8492,0.331846,0.331846,0.331846
8493,0.3318,0.3318,0.3318
8494,0.331711,0.331712,0.331711
8495,0.331666,0.331667,0.331666
8496,0.331592,0.331592,0.331592
8497,0.331517,0.331517,0.331517
8498,0.331449,0.331449,0.331449
8499,0.331423,0.331423,0.331423
8500,0.331397,0.331397,0.331397
8501,0.331342,0.331342,0.331342
8502,0.331254,0.331254,0.331254
8503,0.331171,0.331171,0.331171
8504,0.331138,0.331139,0.331138
8505,0.331077,0.331078,0.331077
8506,0.331013,0.331013,0.331013
8507,0.330954,0.330955,0.330954
8508,0.330905,0.330905,0.330905
8509,0.330851,0.330852,0.330851
8510,0.330778,0.330779,0.330778
8511,0.330757,0.330757,0.330757
8512,0.330711,0.330711,0.330711
8513,0.330624,0.330624,0.330624
8514,0.330592,0.330592,0.330592
8515,0.33054,0.330541,0.33054
8516,0.330488,0.330488,0.330488
8517,0.33045,0.33045,0.33045
8518,0.330377,0.330378,0.330377
8519,0.330302,0.330303,0.330303
8520,0.330244,0.330244,0.330244
8521,0.330181,0.330181,0.330181
8522,0.330135,0.330136,0.330135
8523,0.330061,0.330062,0.330062
8524,0.330002,0.330002,0.330002
8525,0.329934,0.329934,0.329934
8526,0.329841,0.329842,0.329842
8527,0.329751,0.329751,0.329751
8528,0.32966,0.32966,0.32966
8529,0.329634,0.329634,0.329634
8530,0.329557,0.329557,0.329557
8531,0.329485,0.329485,0.329485
8532,0.329455,0.329455,0.329455
8533,0.329393,0.329393,0.329394
8534,0.329361,0.329361,0.329361
8535,0.329317,0.329317,0.329317
8536,0.329229,0.32923,0.32923
8537,0.329151,0.329151,0.329151
8538,0.329104,0.329104,0.329104
8539,0.329041,0.329042,0.329042
8540,0.328958,0.328959,0.328959
8541,0.328901,0.328902,0.328902
8542,0.328877,0.328877,0.328878
8543,0.328815,0.328816,0.328816
8544,0.328759,0.328759,0.32876
8545,0.328698,0.328699,0.328699
8546,0.328622,0.328622,0.328623
8547,0.328601,0.328602,0.328602
8548,0.328557,0.328557,0.328557
8549,0.328472,0.328473,0.328473
8550,0.328432,0.328432,0.328432
8551,0.328393,0.328393,0.328393
8552,0.328331,0.328331,0.328331
8553,0.328283,0.328284,0.328284
8554,0.328255,0.328255,0.328255
8555,0.328179,0.32818,0.32818
8556,0.328087,0.328088,0.328088
8557,0.328013,0.328013,0.328014
8558,0.327982,0.327982,0.327983
8559,0.327954,0.327954,0.327954
8560,0.327872,0.327872,0.327872
8561,0.327784,0.327784,0.327785
8562,0.327696,0.327697,0.327697
8563,0.32763,0.32763,0.327631
8564,0.327557,0.327558,0.327558
8565,0.327533,0.327533,0.327533
8566,0.327463,0.327463,0.327464
8567,0.327427,0.327427,0.327428
8568,0.327361,0.327361,0.327361
8569,0.327298,0.327298,0.327298
8570,0.32722,0.327221,0.327221
8571,0.327182,0.327182,0.327182
8572,0.327128,0.327129,0.327129
8573,0.327074,0.327075,0.327075
8574,0.326999,0.326999,0.326999
8575,0.326944,0.326944,0.326944
8576,0.326869,0.326869,0.326869
8577,0.326846,0.326847,0.326847
8578,0.326816,0.326816,0.326816
8579,0.326783,0.326783,0.326783
8580,0.326755,0.326756,0.326756
8581,0.326734,0.326734,0.326734
8582,0.326654,0.326654,0.326654
8583,0.326575,0.326576,0.326576
8584,0.32651,0.326511,0.32651
8585,0.326448,0.326448,0.326448
8586,0.32639,0.32639,0.32639
8587,0.326303,0.326304,0.326303
8588,0.326233,0.326233,0.326233
8589,0.32618,0.32618,0.32618
8590,0.326123,0.326123,0.326123
8591,0.326084,0.326085,0.326084
8592,0.325992,0.325992,0.325992
8593,0.325949,0.325949,0.325949
8594,0.325875,0.325875,0.325875
8595,0.325851,0.325851,0.325851
8596,0.325783,0.325783,0.325783
8597,0.325699,0.325699,0.325699
8598,0.325648,0.325648,0.325648
8599,0.325613,0.325613,0.325613
8600,0.325593,0.325594,0.325593
8601,0.325513,0.325513,0.325513
8602,0.325445,0.325445,0.325445
8603,0.325384,0.325384,0.325384
8604,0.325345,0.325345,0.325345
8605,0.325265,0.325266,0.325266
8606,0.325227,0.325228,0.325228
8607,0.325206,0.325206,0.325206
8608,0.325179,0.325179,0.325179
8609,0.325099,0.325099,0.325099
8610,0.325045,0.325045,0.325045
8611,0.325018,0.325018,0.325018
8612,0.324983,0.324984,0.324984
8613,0.324953,0.324954,0.324954
8614,0.324935,0.324935,0.324935
8615,0.324888,0.324888,0.324888
8616,0.324845,0.324846,0.324845
8617,0.324753,0.324753,0.324753
8618,0.324723,0.324723,0.324723
8619,0.324648,0.324649,0.324648
8620,0.32457,0.32457,0.32457
8621,0.324515,0.324516,0.324515
8622,0.324447,0.324447,0.324447
8623,0.324364,0.324364,0.324364
8624,0.324328,0.324328,0.324328
8625,0.324263,0.324264,0.324263
8626,0.324221,0.324222,0.324221
8627,0.32414,0.324141,0.32414
8628,0.3241,0.3241,0.3241
8629,0.324058,0.324058,0.324058
8630,0.323987,0.323987,0.323987
8631,0.323935,0.323936,0.323935
8632,0.323868,0.323869,0.323868
8633,0.323807,0.323807,0.323807
8634,0.323749,0.32375,0.323749
8635,0.323706,0.323707,0.323706
8636,0.323671,0.323671,0.323671
8637,0.323584,0.323585,0.323584
8638,0.323548,0.323548,0.323548
8639,0.323465,0.323465,0.323465
8640,0.32342,0.32342,0.32342
8641,0.32334,0.32334,0.32334
8642,0.323267,0.323267,0.323267
8643,0.323176,0.323177,0.323176
8644,0.323111,0.323112,0.323111
8645,0.323071,0.323071,0.323071
8646,0.323001,0.323002,0.323001
8647,0.322928,0.322928,0.322928
8648,0.3229,0.3229,0.3229
8649,0.322856,0.322856,0.322856
8650,0.322798,0.322798,0.322798
8651,0.322768,0.322769,0.322768
8652,0.322739,0.32274,0.32274
8653,0.322703,0.322703,0.322703
8654,0.322623,0.322624,0.322624
8655,0.322557,0.322557,0.322557
8656,0.322483,0.322483,0.322483
8657,0.322414,0.322415,0.322414
8658,0.322342,0.322342,0.322342
8659,0.322274,0.322274,0.322274
8660,0.3222,0.322201,0.322201
8661,0.32216,0.322161,0.32216
8662,0.322134,0.322135,0.322135
8663,0.322068,0.322068,0.322068
8664,0.322024,0.322025,0.322025
8665,0.321954,0.321955,0.321955
8666,0.321881,0.321882,0.321882
8667,0.321856,0.321857,0.321856
8668,0.321786,0.321786,0.321786
8669,0.321713,0.321714,0.321714
8670,0.321631,0.321631,0.321631
8671,0.321603,0.321604,0.321604
8672,0.321538,0.321538,0.321538
8673,0.321461,0.321461,0.321461
8674,0.321403,0.321403,0.321403
8675,0.32134,0.32134,0.32134
8676,0.32126,0.321261,0.32126
8677,0.321169,0.321169,0.321169
8678,0.32114,0.321141,0.321141
8679,0.321119,0.321119,0.321119
8680,0.321048,0.321048,0.321048
8681,0.321023,0.321023,0.321023
8682,0.320997,0.320997,0.320997
8683,0.32092,0.32092,0.32092
8684,0.320868,0.320869,0.320869
8685,0.32079,0.320791,0.320791
8686,0.320711,0.320711,0.320711
8687,0.320653,0.320653,0.320653
8688,0.320573,0.320574,0.320574
8689,0.320506,0.320506,0.320506
8690,0.320473,0.320473,0.320473
8691,0.320425,0.320425,0.320425
8692,0.320395,0.320396,0.320395
8693,0.320357,0.320357,0.320357
8694,0.320313,0.320313,0.320313
8695,0.320261,0.320261,0.320261
8696,0.320221,0.320221,0.320221
8697,0.320174,0.320175,0.320175
8698,0.320103,0.320104,0.320103
8699,0.32005,0.32005,0.32005
8700,0.319962,0.319962,0.319962
8701,0.319911,0.319911,0.319911
8702,0.319847,0.319848,0.319847
8703,0.319765,0.319765,0.319765
8704,0.3197,0.319701,0.3197
8705,0.319638,0.319638,0.319638
8706,0.319551,0.319552,0.319552
8707,0.319464,0.319464,0.319464
8708,0.319427,0.319427,0.319427
8709,0.319381,0.319381,0.319381
8710,0.31935,0.31935,0.31935
8711,0.319278,0.319279,0.319279
8712,0.319232,0.319232,0.319232
8713,0.319157,0.319157,0.319157
8714,0.319101,0.319101,0.319101
8715,0.319041,0.319041,0.319041
8716,0.318977,0.318977,0.318977
8717,0.318941,0.318942,0.318942
8718,0.318861,0.318862,0.318862
8719,0.318784,0.318784,0.318784
8720,0.318753,0.318753,0.318753
8721,0.318689,0.31869,0.318689
8722,0.318629,0.318629,0.318629
8723,0.318547,0.318547,0.318547
8724,0.318506,0.318507,0.318507
8725,0.318482,0.318483,0.318483
8726,0.31842,0.31842,0.31842
8727,0.318381,0.318381,0.318381
8728,0.318296,0.318297,0.318296
8729,0.318207,0.318207,0.318207
8730,0.318124,0.318125,0.318125
8731,0.318071,0.318071,0.318071
8732,0.317984,0.317984,0.317984
8733,0.317959,0.317959,0.317959
8734,0.317895,0.317896,0.317895
8735,0.317837,0.317838,0.317837
8736,0.317764,0.317765,0.317764
8737,0.317679,0.31768,0.31768
8738,0.317616,0.317616,0.317616
8739,0.317569,0.31757,0.317569
8740,0.31755,0.317551,0.31755
8741,0.317488,0.317489,0.317488
8742,0.317402,0.317402,0.317402
8743,0.317337,0.317337,0.317337
8744,0.317292,0.317292,0.317292
8745,0.317246,0.317246,0.317246
8746,0.317173,0.317174,0.317173
8747,0.317131,0.317131,0.317131
8748,0.317091,0.317091,0.317091
8749,0.317043,0.317044,0.317043
8750,0.316957,0.316958,0.316957
8751,0.316925,0.316925,0.316925
8752,0.316879,0.316879,0.316879
8753,0.316832,0.316832,0.316832
8754,0.316778,0.316779,0.316778
8755,0.316688,0.316689,0.316688
8756,0.31663,0.31663,0.31663
8757,0.316559,0.31656,0.316559
8758,0.316515,0.316515,0.316515
8759,0.316468,0.316468,0.316468
8760,0.316383,0.316384,0.316383
8761,0.316344,0.316344,0.316344
8762,0.316276,0.316276,0.316276
8763,0.316222,0.316222,0.316222
8764,0.316168,0.316169,0.316168
8765,0.316095,0.316096,0.316095
8766,0.316059,0.316059,0.316058
8767,0.315967,0.315967,0.315967
8768,0.315938,0.315938,0.315937
8769,0.315892,0.315892,0.315892
8770,0.315802,0.315802,0.315802
8771,0.315746,0.315747,0.315746
8772,0.315723,0.315724,0.315723
8773,0.315631,0.315631,0.315631
8774,0.315544,0.315544,0.315544
8775,0.315523,0.315523,0.315523
8776,0.315495,0.315495,0.315495
8777,0.315459,0.31546,0.315459
8778,0.315371,0.315371,0.315371
8779,0.315282,0.315282,0.315282
8780,0.315206,0.315207,0.315206
8781,0.315122,0.315122,0.315122
8782,0.31507,0.31507,0.31507
8783,0.314983,0.314983,0.314983
8784,0.314953,0.314953,0.314953
8785,0.314897,0.314898,0.314898
8786,0.314855,0.314855,0.314855
8787,0.314802,0.314802,0.314802
8788,0.31475,0.31475,0.31475
8789,0.314722,0.314722,0.314722
8790,0.314683,0.314683,0.314683
8791,0.314608,0.314608,0.314608
8792,0.314519,0.314519,0.314519
8793,0.314429,0.314429,0.314429
8794,0.314351,0.314351,0.314351
8795,0.31431,0.31431,0.31431
8796,0.314273,0.314273,0.314273
8797,0.314236,0.314237,0.314237
8798,0.31415,0.31415,0.31415
8799,0.314088,0.314088,0.314088
8800,0.314042,0.314042,0.314042
8801,0.314018,0.314018,0.314018
8802,0.313984,0.313984,0.313984
8803,0.313953,0.313954,0.313954
8804,0.31387,0.313871,0.31387
8805,0.31385,0.31385,0.31385
8806,0.313762,0.313762,0.313762
8807,0.313705,0.313705,0.313705
8808,0.313645,0.313645,0.313645
8809,0.313606,0.313607,0.313606
8810,0.31358,0.31358,0.31358
8811,0.313561,0.313561,0.313561
8812,0.313499,0.313499,0.313499
8813,0.313447,0.313447,0.313447
8814,0.313396,0.313397,0.313397
8815,0.313364,0.313365,0.313365
8816,0.313306,0.313307,0.313307
8817,0.313216,0.313216,0.313216
8818,0.313143,0.313143,0.313143
8819,0.313095,0.313095,0.313095
8820,0.313056,0.313056,0.313056
8821,0.312977,0.312977,0.312977
8822,0.312887,0.312887,0.312887
8823,0.312867,0.312868,0.312868
8824,0.312823,0.312824,0.312824
8825,0.312796,0.312797,0.312797
8826,0.312708,0.312709,0.312709
8827,0.312675,0.312675,0.312675
8828,0.312616,0.312617,0.312617
8829,0.312532,0.312532,0.312532
8830,0.312507,0.312508,0.312508
8831,0.312457,0.312458,0.312458
8832,0.31237,0.31237,0.31237
8833,0.312294,0.312295,0.312295
8834,0.312262,0.312262,0.312262
8835,0.312224,0.312224,0.312224
8836,0.312169,0.312169,0.312169
8837,0.312134,0.312134,0.312135
8838,0.312106,0.312106,0.312106
8839,0.31208,0.31208,0.31208
8840,0.311991,0.311992,0.311992
8841,0.311915,0.311916,0.311916
8842,0.311871,0.311871,0.311871
8843,0.311792,0.311792,0.311792
8844,0.311757,0.311757,0.311757
8845,0.311714,0.311714,0.311714
8846,0.311685,0.311686,0.311686
8847,0.311606,0.311606,0.311606
8848,0.311576,0.311576,0.311576
8849,0.31155,0.31155,0.31155
8850,0.311465,0.311465,0.311466
8851,0.311374,0.311374,0.311374
8852,0.311325,0.311325,0.311325
8853,0.311276,0.311276,0.311277
8854,0.311247,0.311247,0.311247
8855,0.311185,0.311186,0.311186
8856,0.311151,0.311152,0.311152
8857,0.311131,0.311131,0.311131
8858,0.311097,0.311097,0.311097
8859,0.311053,0.311054,0.311054
8860,0.310967,0.310967,0.310967
8861,0.31094,0.31094,0.310941
8862,0.310913,0.310914,0.310914
8863,0.310857,0.310857,0.310857
8864,0.310767,0.310767,0.310767
8865,0.310692,0.310692,0.310692
8866,0.31062,0.310621,0.310621
8867,0.310598,0.310599,0.310598
8868,0.310527,0.310527,0.310527
8869,0.310486,0.310487,0.310486
8870,0.310436,0.310437,0.310436
8871,0.31036,0.31036,0.31036
8872,0.310301,0.310301,0.310301
8873,0.310275,0.310275,0.310275
8874,0.310201,0.310201,0.310201
8875,0.310124,0.310125,0.310125
8876,0.310064,0.310064,0.310064
8877,0.30998,0.30998,0.30998
8878,0.309928,0.309929,0.309928
8879,0.309845,0.309845,0.309845
8880,0.309788,0.309788,0.309788
8881,0.309757,0.309757,0.309757
8882,0.309713,0.309713,0.309713
8883,0.30963,0.30963,0.30963
8884,0.309554,0.309555,0.309554
8885,0.309522,0.309523,0.309522
8886,0.309476,0.309477,0.309476
8887,0.309457,0.309457,0.309456
8888,0.309426,0.309426,0.309425
8889,0.309336,0.309336,0.309336
8890,0.309284,0.309285,0.309284
8891,0.309195,0.309196,0.309195
8892,0.309151,0.309151,0.30915
8893,0.30911,0.30911,0.30911
8894,0.309058,0.309058,0.309058
8895,0.308973,0.308973,0.308972
8896,0.308939,0.30894,0.308939
8897,0.308913,0.308914,0.308913
8898,0.30888,0.30888,0.30888
8899,0.308794,0.308794,0.308794
8900,0.308758,0.308759,0.308758
8901,0.308707,0.308707,0.308707
8902,0.308645,0.308645,0.308644
8903,0.308602,0.308602,0.308602
8904,0.308533,0.308533,0.308533
8905,0.308442,0.308443,0.308442
8906,0.308367,0.308367,0.308366
8907,0.308337,0.308337,0.308336
8908,0.308271,0.308271,0.308271
8909,0.308251,0.308251,0.308251
8910,0.308224,0.308224,0.308223
8911,0.308147,0.308148,0.308147
8912,0.30807,0.308071,0.30807
8913,0.307981,0.307981,0.307981
8914,0.30791,0.307911,0.30791
8915,0.307852,0.307852,0.307851
8916,0.307814,0.307815,0.307814
8917,0.30776,0.30776,0.30776
8918,0.307699,0.307699,0.307699
8919,0.307609,0.307609,0.307609
8920,0.307557,0.307558,0.307557
8921,0.307482,0.307482,0.307482
8922,0.307461,0.307461,0.307461
8923,0.307371,0.307372,0.307371
8924,0.307335,0.307335,0.307335
8925,0.307282,0.307282,0.307282
8926,0.307259,0.30726,0.307259
8927,0.307229,0.307229,0.307229
8928,0.307187,0.307187,0.307187
8929,0.307122,0.307122,0.307122
8930,0.307069,0.30707,0.30707
8931,0.307051,0.307051,0.307051
8932,0.307006,0.307007,0.307006
8933,0.306934,0.306934,0.306934
8934,0.306907,0.306908,0.306907
8935,0.306851,0.306851,0.306851
8936,0.306811,0.306812,0.306811
8937,0.306746,0.306747,0.306746
8938,0.306705,0.306705,0.306705
8939,0.306679,0.30668,0.306679
8940,0.306631,0.306631,0.306631
8941,0.306583,0.306583,0.306583
8942,0.306508,0.306509,0.306508
8943,0.306424,0.306425,0.306424
8944,0.306402,0.306402,0.306401
8945,0.30636,0.30636,0.30636
8946,0.306272,0.306273,0.306272
8947,0.306241,0.306241,0.306241
8948,0.306185,0.306185,0.306184
8949,0.306113,0.306114,0.306113
8950,0.306021,0.306022,0.306021
8951,0.305937,0.305937,0.305937
8952,0.305911,0.305911,0.30591
8953,0.305856,0.305856,0.305856
8954,0.305774,0.305774,0.305773
8955,0.305688,0.305688,0.305687
8956,0.305609,0.305609,0.305609
8957,0.305577,0.305577,0.305577
8958,0.305484,0.305485,0.305484
8959,0.305403,0.305403,0.305403
8960,0.305376,0.305376,0.305376
8961,0.305304,0.305304,0.305304
8962,0.305272,0.305272,0.305272
8963,0.305202,0.305202,0.305202
8964,0.305119,0.305119,0.305119
8965,0.305028,0.305029,0.305028
8966,0.304968,0.304968,0.304968
8967,0.304882,0.304882,0.304882
8968,0.304798,0.304799,0.304798
8969,0.304758,0.304759,0.304758
8970,0.304734,0.304735,0.304734
8971,0.304706,0.304707,0.304707
8972,0.304634,0.304635,0.304634
8973,0.304598,0.304599,0.304598
8974,0.304514,0.304515,0.304515
8975,0.304481,0.304481,0.304481
8976,0.304426,0.304426,0.304426
8977,0.304377,0.304378,0.304378
8978,0.304327,0.304327,0.304327
8979,0.304239,0.30424,0.304239
8980,0.304221,0.304221,0.304221
8981,0.304128,0.304129,0.304128
8982,0.304062,0.304063,0.304063
8983,0.303998,0.303999,0.303998
8984,0.303916,0.303916,0.303916
8985,0.303893,0.303893,0.303893
8986,0.303829,0.303829,0.303829
8987,0.303775,0.303776,0.303775
8988,0.303698,0.303698,0.303698
8989,0.30362,0.30362,0.30362
8990,0.30358,0.30358,0.30358
8991,0.303541,0.303542,0.303541
8992,0.303499,0.303499,0.303499
8993,0.303449,0.30345,0.303449
8994,0.303403,0.303403,0.303403
8995,0.303333,0.303334,0.303333
8996,0.303295,0.303295,0.303295
8997,0.303227,0.303227,0.303227
8998,0.303202,0.303203,0.303202
8999,0.303184,0.303184,0.303184
9000,0.303135,0.303135,0.303135
9001,0.303069,0.303069,0.303069
9002,0.303018,0.303018,0.303018
9003,0.302939,0.302939,0.302939
9004,0.302866,0.302866,0.302866
9005,0.302826,0.302827,0.302827
9006,0.302782,0.302783,0.302782
9007,0.302755,0.302755,0.302755
9008,0.302685,0.302685,0.302685
9009,0.302638,0.302639,0.302639
9010,0.302564,0.302564,0.302564
9011,0.302536,0.302537,0.302537
9012,0.302517,0.302518,0.302518
9013,0.302426,0.302426,0.302426
9014,0.302348,0.302348,0.302348
9015,0.302264,0.302264,0.302264
9016,0.302244,0.302244,0.302244
9017,0.302181,0.302181,0.302181
9018,0.302143,0.302143,0.302143
9019,0.302053,0.302053,0.302053
9020,0.302021,0.302021,0.302021
9021,0.301984,0.301984,0.301984
9022,0.301893,0.301894,0.301894
9023,0.301838,0.301838,0.301838
9024,0.301782,0.301783,0.301782
9025,0.301738,0.301738,0.301738
9026,0.301705,0.301705,0.301705
9027,0.301622,0.301623,0.301623
9028,0.301596,0.301596,0.301596
9029,0.301567,0.301567,0.301567
9030,0.301487,0.301487,0.301487
9031,0.301408,0.301408,0.301408
9032,0.301375,0.301375,0.301375
9033,0.301328,0.301329,0.301328
9034,0.301298,0.301298,0.301298
9035,0.301262,0.301262,0.301262
9036,0.301189,0.301189,0.301189
9037,0.301131,0.301132,0.301131
9038,0.301111,0.301111,0.301111
9039,0.301024,0.301024,0.301024
9040,0.300932,0.300932,0.300932
9041,0.300868,0.300868,0.300868
9042,0.300847,0.300847,0.300847
9043,0.300776,0.300776,0.300776
9044,0.30072,0.300721,0.30072
9045,0.300699,0.300699,0.300699
9046,0.300622,0.300622,0.300622
9047,0.300564,0.300564,0.300564
9048,0.300512,0.300513,0.300512
9049,0.300422,0.300422,0.300422
9050,0.300361,0.300361,0.30036
9051,0.300327,0.300327,0.300326
9052,0.300234,0.300235,0.300234
9053,0.300189,0.300189,0.300189
9054,0.300125,0.300125,0.300124
9055,0.300098,0.300098,0.300098
9056,0.300056,0.300056,0.300056
9057,0.30002,0.30002,0.30002
9058,0.299948,0.299948,0.299947
9059,0.299894,0.299894,0.299893
9060,0.299846,0.299847,0.299846
9061,0.299755,0.299756,0.299755
9062,0.299672,0.299672,0.299672
9063,0.299633,0.299633,0.299633
9064,0.299573,0.299574,0.299573
9065,0.299551,0.299551,0.29955
9066,0.299503,0.299504,0.299503
9067,0.299442,0.299442,0.299442
9068,0.299421,0.299422,0.299421
9069,0.299392,0.299392,0.299391
9070,0.299364,0.299364,0.299364
9071,0.299272,0.299273,0.299272
9072,0.299209,0.299209,0.299208
9073,0.299149,0.299149,0.299149
9074,0.299106,0.299107,0.299106
9075,0.299015,0.299016,0.299015
9076,0.298983,0.298983,0.298983
9077,0.298901,0.298901,0.298901
9078,0.29886,0.298861,0.29886
9079,0.298779,0.298779,0.298779
9080,0.298756,0.298756,0.298756
9081,0.29868,0.298681,0.29868
9082,0.298596,0.298597,0.298597
9083,0.298576,0.298576,0.298576
9084,0.298552,0.298552,0.298552
9085,0.298482,0.298483,0.298483
9086,0.298438,0.298439,0.298439
9087,0.298401,0.298401,0.298401
9088,0.29833,0.29833,0.29833
9089,0.298241,0.298242,0.298241
9090,0.298167,0.298167,0.298167
9091,0.298079,0.298079,0.298079
9092,0.298048,0.298048,0.298048
9093,0.298018,0.298018,0.298018
9094,0.297982,0.297982,0.297982
9095,0.297929,0.29793,0.297929
9096,0.297904,0.297904,0.297904
9097,0.297836,0.297837,0.297836
9098,0.297813,0.297814,0.297814
9099,0.297763,0.297763,0.297763
9100,0.297682,0.297682,0.297682
9101,0.297643,0.297644,0.297644
9102,0.29757,0.29757,0.29757
9103,0.297519,0.29752,0.297519
9104,0.297485,0.297485,0.297485
9105,0.297399,0.297399,0.297399
9106,0.297338,0.297338,0.297338
9107,0.297258,0.297258,0.297258
9108,0.297174,0.297175,0.297175
9109,0.297097,0.297097,0.297097
9110,0.297022,0.297022,0.297022
9111,0.296942,0.296943,0.296942
9112,0.296873,0.296874,0.296873
9113,0.296816,0.296817,0.296816
9114,0.296746,0.296746,0.296746
9115,0.296683,0.296683,0.296683
9116,0.296593,0.296593,0.296593
9117,0.296555,0.296555,0.296555
9118,0.296511,0.296512,0.296511
9119,0.296482,0.296482,0.296482
9120,0.296445,0.296445,0.296445
9121,0.296424,0.296424,0.296424
9122,0.2964,0.2964,0.2964
9123,0.29638,0.29638,0.29638
9124,0.296305,0.296305,0.296305
9125,0.296266,0.296266,0.296266
9126,0.29623,0.296231,0.296231
9127,0.296144,0.296145,0.296144
9128,0.296094,0.296095,0.296095
9129,0.296011,0.296011,0.296011
9130,0.295955,0.295955,0.295955
9131,0.295895,0.295895,0.295895
9132,0.295852,0.295852,0.295852
9133,0.295782,0.295782,0.295782
9134,0.295752,0.295752,0.295752
9135,0.295693,0.295694,0.295694
9136,0.295657,0.295657,0.295657
9137,0.295573,0.295573,0.295573
9138,0.29552,0.29552,0.29552
9139,0.295463,0.295463,0.295463
9140,0.295437,0.295437,0.295437
9141,0.295346,0.295346,0.295346
9142,0.295302,0.295302,0.295302
9143,0.295273,0.295274,0.295273
9144,0.295233,0.295233,0.295233
9145,0.29515,0.295151,0.29515
9146,0.295059,0.29506,0.295059
9147,0.295016,0.295016,0.295016
9148,0.294974,0.294975,0.294974
9149,0.294937,0.294937,0.294937
9150,0.294895,0.294895,0.294895
9151,0.294825,0.294825,0.294825
9152,0.294734,0.294735,0.294734
9153,0.294665,0.294665,0.294665
9154,0.294608,0.294608,0.294608
9155,0.294532,0.294533,0.294532
9156,0.294494,0.294494,0.294494
9157,0.294418,0.294418,0.294418
9158,0.294376,0.294377,0.294376
9159,0.294332,0.294332,0.294332
9160,0.294255,0.294255,0.294254
9161,0.294234,0.294235,0.294234
9162,0.294159,0.29416,0.294159
9163,0.294079,0.294079,0.294079
9164,0.294038,0.294038,0.294038
9165,0.294006,0.294006,0.294005
9166,0.293963,0.293963,0.293962
9167,0.293875,0.293875,0.293874
9168,0.293793,0.293793,0.293792
9169,0.29374,0.29374,0.293739
9170,0.293689,0.293689,0.293689
9171,0.293598,0.293598,0.293598
9172,0.29356,0.29356,0.293559
9173,0.293502,0.293502,0.293501
9174,0.293423,0.293423,0.293422
9175,0.293354,0.293354,0.293353
9176,0.293296,0.293297,0.293296
9177,0.293242,0.293242,0.293241
9178,0.293201,0.293202,0.293201
9179,0.293118,0.293119,0.293118
9180,0.2931,0.2931,0.293099
9181,0.293069,0.293069,0.293068
9182,0.293037,0.293038,0.293037
9183,0.293002,0.293003,0.293001
9184,0.292924,0.292924,0.292923
9185,0.292866,0.292866,0.292865
9186,0.292809,0.292809,0.292808
9187,0.292719,0.292719,0.292718
9188,0.292669,0.292669,0.292668
9189,0.292609,0.292609,0.292608
9190,0.29253,0.292531,0.29253
9191,0.292505,0.292505,0.292504
9192,0.292483,0.292483,0.292482
9193,0.292421,0.292422,0.292421
9194,0.292353,0.292353,0.292352
9195,0.292318,0.292318,0.292317
9196,0.29225,0.29225,0.29225
9197,0.292159,0.292159,0.292159
9198,0.292119,0.292119,0.292119
9199,0.292067,0.292067,0.292066
9200,0.291978,0.291978,0.291978
9201,0.291945,0.291946,0.291945
9202,0.291882,0.291882,0.291882
9203,0.291847,0.291847,0.291846
9204,0.291788,0.291788,0.291788
9205,0.291747,0.291747,0.291747
9206,0.291669,0.291669,0.291668
9207,0.291646,0.291646,0.291646
9208,0.291587,0.291588,0.291587
9209,0.291546,0.291546,0.291546
9210,0.291471,0.291471,0.291471
9211,0.291438,0.291438,0.291438
9212,0.291397,0.291397,0.291397
9213,0.291327,0.291327,0.291327
9214,0.291293,0.291293,0.291293
9215,0.291214,0.291215,0.291215
9216,0.291188,0.291188,0.291188
9217,0.291108,0.291108,0.291108
9218,0.291041,0.291042,0.291042
9219,0.29102,0.29102,0.291021
9220,0.29096,0.290961,0.290961
9221,0.290923,0.290923,0.290923
9222,0.290888,0.290889,0.290889
9223,0.290848,0.290848,0.290849
9224,0.290813,0.290814,0.290814
9225,0.290741,0.290742,0.290742
9226,0.290691,0.290691,0.290692
9227,0.290661,0.290661,0.290661
9228,0.290609,0.290609,0.290609
9229,0.290531,0.290532,0.290532
9230,0.290498,0.290499,0.290499
9231,0.29047,0.29047,0.290471
9232,0.290389,0.290389,0.29039
9233,0.290354,0.290355,0.290355
9234,0.290288,0.290288,0.290288
9235,0.290231,0.290231,0.290232
9236,0.290147,0.290148,0.290148
9237,0.290118,0.290119,0.290119
9238,0.290064,0.290064,0.290065
9239,0.29001,0.29001,0.290011
9240,0.28997,0.289971,0.289971
9241,0.28995,0.28995,0.28995
9242,0.289916,0.289917,0.289917
9243,0.289873,0.289874,0.289874
9244,0.289796,0.289796,0.289797
9245,0.289776,0.289776,0.289776
9246,0.289726,0.289727,0.289727
9247,0.289696,0.289697,0.289697
9248,0.289641,0.289642,0.289642
9249,0.289579,0.28958,0.28958
9250,0.289539,0.289539,0.289539
9251,0.289466,0.289466,0.289466
9252,0.289402,0.289403,0.289403
9253,0.289335,0.289335,0.289335
9254,0.28926,0.28926,0.28926
9255,0.289241,0.289241,0.289241
9256,0.289217,0.289217,0.289217
9257,0.289187,0.289188,0.289188
9258,0.289109,0.289109,0.289109
9259,0.289042,0.289043,0.289043
9260,0.289023,0.289023,0.289023
9261,0.289001,0.289001,0.289001
9262,0.288961,0.288962,0.288962
9263,0.288937,0.288937,0.288937
9264,0.288884,0.288885,0.288885
9265,0.288794,0.288794,0.288794
9266,0.288761,0.288761,0.288761
9267,0.288707,0.288707,0.288707
9268,0.288642,0.288642,0.288642
9269,0.288569,0.288569,0.288569
9270,0.28849,0.28849,0.28849
9271,0.288466,0.288467,0.288467
9272,0.288377,0.288377,0.288377
9273,0.288322,0.288322,0.288322
9274,0.288293,0.288294,0.288293
9275,0.288243,0.288243,0.288243
9276,0.288208,0.288208,0.288208
9277,0.288127,0.288128,0.288128
9278,0.288082,0.288083,0.288082
9279,0.28804,0.288041,0.288041
9280,0.287963,0.287963,0.287963
9281,0.287927,0.287928,0.287927
9282,0.287873,0.287874,0.287874
9283,0.28784,0.28784,0.28784
9284,0.287811,0.287811,0.287811
9285,0.287757,0.287757,0.287757
9286,0.287708,0.287709,0.287709
9287,0.287647,0.287648,0.287648
9288,0.287569,0.287569,0.287569
9289,0.287492,0.287493,0.287492
9290,0.287424,0.287425,0.287425
9291,0.287353,0.287354,0.287354
9292,0.287269,0.287269,0.287269
9293,0.287189,0.287189,0.287189
9294,0.287165,0.287165,0.287165
9295,0.287118,0.287118,0.287118
9296,0.287075,0.287076,0.287076
9297,0.287032,0.287032,0.287032
9298,0.286949,0.28695,0.28695
9299,0.2869,0.2869,0.2869
9300,0.286829,0.286829,0.286829
9301,0.286764,0.286764,0.286764
9302,0.286733,0.286734,0.286734
9303,0.286714,0.286714,0.286714
9304,0.28666,0.28666,0.28666
9305,0.286609,0.28661,0.28661
9306,0.286588,0.286589,0.286589
9307,0.286518,0.286518,0.286518
9308,0.286432,0.286432,0.286432
9309,0.286369,0.28637,0.28637
9310,0.28633,0.28633,0.28633
9311,0.286249,0.286249,0.286249
9312,0.286205,0.286206,0.286205
9313,0.286165,0.286166,0.286166
9314,0.286092,0.286092,0.286092
9315,0.286021,0.286021,0.286021
9316,0.285979,0.28598,0.28598
9317,0.285903,0.285903,0.285903
9318,0.28585,0.28585,0.28585
9319,0.285784,0.285784,0.285784
9320,0.285726,0.285726,0.285726
9321,0.285646,0.285646,0.285646
9322,0.285553,0.285553,0.285553
9323,0.285495,0.285496,0.285495
9324,0.285423,0.285424,0.285424
9325,0.285346,0.285346,0.285346
9326,0.285262,0.285263,0.285262
9327,0.285182,0.285183,0.285182
9328,0.285158,0.285159,0.285158
9329,0.285119,0.28512,0.285119
9330,0.285053,0.285053,0.285053
9331,0.284965,0.284966,0.284965
9332,0.28492,0.28492,0.28492
9333,0.284855,0.284856,0.284856
9334,0.284806,0.284807,0.284806
9335,0.284747,0.284748,0.284747
9336,0.284696,0.284696,0.284696
9337,0.284659,0.284659,0.284659
9338,0.284616,0.284616,0.284616
9339,0.284568,0.284568,0.284568
9340,0.284483,0.284484,0.284483
9341,0.284453,0.284453,0.284453
9342,0.284361,0.284362,0.284361
9343,0.28428,0.28428,0.28428
9344,0.284217,0.284217,0.284217
9345,0.284141,0.284142,0.284141
9346,0.284106,0.284107,0.284106
9347,0.284065,0.284066,0.284065
9348,0.28404,0.28404,0.28404
9349,0.284019,0.28402,0.284019
9350,0.283934,0.283935,0.283935
9351,0.283879,0.283879,0.283879
9352,0.283797,0.283797,0.283797
9353,0.283753,0.283753,0.283753
9354,0.283729,0.283729,0.283729
9355,0.283689,0.283689,0.283689
9356,0.283655,0.283655,0.283655
9357,0.283576,0.283577,0.283577
9358,0.283502,0.283502,0.283502
9359,0.283447,0.283447,0.283447
9360,0.283373,0.283373,0.283373
9361,0.283319,0.283319,0.283319
9362,0.283247,0.283247,0.283247
9363,0.283207,0.283208,0.283208
9364,0.283158,0.283158,0.283158
9365,0.283126,0.283126,0.283126
9366,0.283035,0.283035,0.283035
9367,0.283013,0.283014,0.283013
9368,0.282922,0.282923,0.282923
9369,0.282876,0.282876,0.282876
9370,0.282797,0.282798,0.282798
9371,0.28272,0.28272,0.28272
9372,0.282643,0.282643,0.282643
9373,0.282612,0.282612,0.282612
9374,0.282524,0.282525,0.282525
9375,0.28249,0.28249,0.28249
9376,0.282447,0.282448,0.282448
9377,0.282358,0.282358,0.282358
9378,0.282328,0.282328,0.282329
9379,0.282308,0.282309,0.282309
9380,0.282268,0.282268,0.282269
9381,0.282233,0.282233,0.282234
9382,0.282172,0.282172,0.282172
9383,0.282092,0.282092,0.282092
9384,0.282072,0.282073,0.282073
9385,0.281999,0.282,0.282
9386,0.281951,0.281951,0.281952
9387,0.281893,0.281894,0.281894
9388,0.281837,0.281838,0.281838
9389,0.281764,0.281764,0.281764
9390,0.281716,0.281716,0.281716
9391,0.281674,0.281674,0.281674
9392,0.281593,0.281593,0.281593
9393,0.281502,0.281502,0.281502
9394,0.281451,0.281451,0.281451
9395,0.281368,0.281368,0.281368
9396,0.28128,0.28128,0.28128
9397,0.281246,0.281247,0.281247
9398,0.28121,0.28121,0.28121
9399,0.281187,0.281188,0.281188
9400,0.281146,0.281146,0.281146
9401,0.281123,0.281123,0.281123
9402,0.281031,0.281032,0.281031
9403,0.28101,0.28101,0.28101
9404,0.280943,0.280943,0.280943
9405,0.280892,0.280892,0.280892
9406,0.280811,0.280812,0.280812
9407,0.280756,0.280757,0.280756
9408,0.280696,0.280696,0.280696
9409,0.280604,0.280605,0.280604
9410,0.280576,0.280576,0.280576
9411,0.280511,0.280511,0.280511
9412,0.280458,0.280458,0.280458
9413,0.280401,0.280402,0.280401
9414,0.280375,0.280375,0.280375
9415,0.280344,0.280345,0.280344
9416,0.280297,0.280297,0.280296
9417,0.28026,0.28026,0.28026
9418,0.280233,0.280234,0.280233
9419,0.280172,0.280173,0.280172
9420,0.280153,0.280153,0.280153
9421,0.280085,0.280085,0.280084
9422,0.280037,0.280037,0.280037
9423,0.279986,0.279986,0.279985
9424,0.279958,0.279958,0.279958
9425,0.279921,0.279921,0.279921
9426,0.279847,0.279848,0.279847
9427,0.279801,0.279802,0.279801
9428,0.279714,0.279714,0.279714
9429,0.279669,0.279669,0.279669
9430,0.279626,0.279627,0.279626
9431,0.279607,0.279608,0.279607
9432,0.279519,0.279519,0.279518
9433,0.279433,0.279433,0.279433
9434,0.279349,0.27935,0.279349
9435,0.279318,0.279318,0.279318
9436,0.279281,0.279281,0.279281
9437,0.279211,0.279211,0.279211
9438,0.27916,0.27916,0.27916
9439,0.279137,0.279138,0.279137
9440,0.279114,0.279115,0.279114
9441,0.279059,0.27906,0.279059
9442,0.279005,0.279006,0.279005
9443,0.278982,0.278982,0.278982
9444,0.278924,0.278925,0.278924
9445,0.278904,0.278904,0.278904
9446,0.278818,0.278819,0.278818
9447,0.278782,0.278782,0.278782
9448,0.278759,0.278759,0.278759
9449,0.278739,0.27874,0.278739
9450,0.278685,0.278685,0.278684
9451,0.278646,0.278647,0.278646
9452,0.278597,0.278598,0.278597
9453,0.278524,0.278524,0.278524
9454,0.278451,0.278452,0.278451
9455,0.278432,0.278432,0.278431
9456,0.278369,0.278369,0.278368
9457,0.278331,0.278332,0.278331
9458,0.278283,0.278283,0.278282
9459,0.278208,0.278209,0.278208
9460,0.278118,0.278118,0.278118
9461,0.278069,0.278069,0.278069
9462,0.278022,0.278022,0.278022
9463,0.277984,0.277984,0.277983
9464,0.277964,0.277964,0.277964
9465,0.277885,0.277885,0.277885
9466,0.277828,0.277828,0.277827
9467,0.277804,0.277804,0.277803
9468,0.277729,0.27773,0.277729
9469,0.277707,0.277707,0.277707
9470,0.277672,0.277672,0.277672
9471,0.277614,0.277615,0.277614
9472,0.27759,0.277591,0.27759
9473,0.277553,0.277553,0.277553
9474,0.277521,0.277521,0.27752
9475,0.277477,0.277478,0.277477
9476,0.277437,0.277437,0.277437
9477,0.277379,0.27738,0.277379
9478,0.277341,0.277341,0.277341
9479,0.277261,0.277261,0.277261
9480,0.277194,0.277194,0.277194
9481,0.277169,0.27717,0.277169
9482,0.277121,0.277122,0.277121
9483,0.277033,0.277033,0.277033
9484,0.276954,0.276955,0.276954
9485,0.276896,0.276897,0.276896
9486,0.276875,0.276876,0.276875
9487,0.276803,0.276804,0.276803
9488,0.276763,0.276764,0.276763
9489,0.276691,0.276692,0.276691
9490,0.276637,0.276637,0.276637
9491,0.276592,0.276593,0.276592
9492,0.276572,0.276573,0.276572
9493,0.276539,0.27654,0.276539
9494,0.276501,0.276501,0.2765
9495,0.276436,0.276436,0.276436
9496,0.276385,0.276386,0.276385
9497,0.276344,0.276345,0.276344
9498,0.276301,0.276302,0.276301
9499,0.276223,0.276224,0.276223
9500,0.2762,0.2762,0.2762
9501,0.27614,0.276141,0.27614
9502,0.276112,0.276112,0.276112
9503,0.276037,0.276037,0.276037
9504,0.275986,0.275987,0.275986
9505,0.275955,0.275955,0.275955
9506,0.275885,0.275885,0.275885
9507,0.275798,0.275798,0.275798
9508,0.275732,0.275732,0.275732
9509,0.275666,0.275666,0.275666
9510,0.275598,0.275598,0.275598
9511,0.275579,0.275579,0.275579
9512,0.275513,0.275514,0.275513
9513,0.275489,0.275489,0.275489
9514,0.275405,0.275406,0.275405
9515,0.275342,0.275343,0.275342
9516,0.275291,0.275291,0.275291
9517,0.275234,0.275234,0.275234
9518,0.275157,0.275157,0.275157
9519,0.275108,0.275108,0.275108
9520,0.27507,0.275071,0.27507
9521,0.275045,0.275045,0.275045
9522,0.275002,0.275002,0.275002
9523,0.274927,0.274928,0.274927
9524,0.274861,0.274861,0.274861
9525,0.274822,0.274822,0.274822
9526,0.274751,0.274751,0.274751
9527,0.274707,0.274707,0.274707
9528,0.274672,0.274672,0.274672
9529,0.274609,0.274609,0.274609
9530,0.274586,0.274586,0.274586
9531,0.27455,0.27455,0.27455
9532,0.274491,0.274491,0.274491
9533,0.274457,0.274457,0.274457
9534,0.274414,0.274415,0.274414
9535,0.27438,0.27438,0.27438
9536,0.274321,0.274321,0.274321
9537,0.274286,0.274287,0.274286
9538,0.274236,0.274237,0.274236
9539,0.274162,0.274163,0.274163
9540,0.274093,0.274093,0.274093
9541,0.274007,0.274008,0.274007
9542,0.273973,0.273974,0.273973
9543,0.273915,0.273915,0.273915
9544,0.273829,0.273829,0.273829
9545,0.273783,0.273783,0.273783
9546,0.273761,0.273762,0.273761
9547,0.273676,0.273676,0.273676
9548,0.273624,0.273624,0.273624
9549,0.273557,0.273557,0.273557
9550,0.273506,0.273506,0.273506
9551,0.273447,0.273447,0.273447
9552,0.273411,0.273411,0.273411
9553,0.273344,0.273344,0.273344
9554,0.273298,0.273299,0.273299
9555,0.273225,0.273225,0.273225
9556,0.273183,0.273183,0.273183
9557,0.273115,0.273116,0.273116
9558,0.273096,0.273096,0.273096
9559,0.273052,0.273052,0.273052
9560,0.273002,0.273002,0.273002
9561,0.27293,0.27293,0.27293
9562,0.272851,0.272852,0.272852
9563,0.27282,0.27282,0.27282
9564,0.272745,0.272745,0.272745
9565,0.272689,0.272689,0.272689
9566,0.27262,0.27262,0.27262
9567,0.2726,0.2726,0.272601
9568,0.272569,0.27257,0.27257
9569,0.272547,0.272547,0.272547
9570,0.272523,0.272523,0.272523
9571,0.27247,0.27247,0.27247
9572,0.272417,0.272418,0.272418
9573,0.272326,0.272327,0.272327
9574,0.272294,0.272294,0.272294
9575,0.272275,0.272275,0.272276
9576,0.272241,0.272242,0.272242
9577,0.272194,0.272194,0.272194
9578,0.272126,0.272126,0.272126
9579,0.272063,0.272064,0.272064
9580,0.27204,0.272041,0.272041
9581,0.271967,0.271967,0.271967
9582,0.271902,0.271902,0.271903
9583,0.271846,0.271846,0.271846
9584,0.27177,0.27177,0.271771
9585,0.271702,0.271702,0.271702
9586,0.271666,0.271667,0.271667
9587,0.271578,0.271578,0.271578
9588,0.271514,0.271515,0.271515
9589,0.271449,0.271449,0.271449
9590,0.271383,0.271383,0.271383
9591,0.271325,0.271325,0.271325
9592,0.271238,0.271239,0.271239
9593,0.271192,0.271193,0.271193
9594,0.271144,0.271144,0.271145
9595,0.271109,0.271109,0.27111
9596,0.271043,0.271043,0.271043
9597,0.270955,0.270955,0.270955
9598,0.270936,0.270936,0.270936
9599,0.270885,0.270885,0.270885
9600,0.270796,0.270796,0.270796
9601,0.27076,0.27076,0.27076
9602,0.270723,0.270724,0.270724
9603,0.270674,0.270674,0.270674
9604,0.270618,0.270618,0.270619
9605,0.270563,0.270564,0.270564
9606,0.270522,0.270522,0.270522
9607,0.270481,0.270481,0.270481
9608,0.270455,0.270455,0.270456
9609,0.270363,0.270364,0.270364
9610,0.270275,0.270275,0.270275
9611,0.270209,0.27021,0.27021
9612,0.270158,0.270159,0.270159
9613,0.270072,0.270073,0.270073
9614,0.270013,0.270013,0.270013
9615,0.269947,0.269947,0.269947
9616,0.269924,0.269924,0.269924
9617,0.269894,0.269894,0.269894
9618,0.269865,0.269865,0.269865
9619,0.269793,0.269793,0.269793
9620,0.269739,0.269739,0.269739
9621,0.269691,0.269692,0.269692
9622,0.269661,0.269661,0.269661
9623,0.269579,0.269579,0.269579
9624,0.269514,0.269514,0.269514
9625,0.26943,0.26943,0.26943
9626,0.269383,0.269384,0.269384
9627,0.269342,0.269343,0.269343
9628,0.269269,0.269269,0.269269
9629,0.269218,0.269218,0.269219
9630,0.269126,0.269127,0.269127
9631,0.269035,0.269035,0.269035
9632,0.268949,0.268949,0.26895
9633,0.268919,0.268919,0.26892
9634,0.268859,0.268859,0.268859
9635,0.268824,0.268825,0.268825
9636,0.268799,0.2688,0.2688
9637,0.268731,0.268732,0.268732
9638,0.268672,0.268672,0.268672
9639,0.268606,0.268606,0.268606
9640,0.268563,0.268563,0.268563
9641,0.268534,0.268534,0.268534
9642,0.268444,0.268444,0.268444
9643,0.268422,0.268422,0.268422
9644,0.268361,0.268361,0.268361
9645,0.268313,0.268313,0.268313
9646,0.268226,0.268226,0.268226
9647,0.26819,0.268191,0.26819
9648,0.268132,0.268132,0.268132
9649,0.268113,0.268113,0.268113
9650,0.268057,0.268058,0.268058
9651,0.268006,0.268006,0.268006
9652,0.267928,0.267929,0.267929
9653,0.267848,0.267848,0.267848
9654,0.26779,0.26779,0.26779
9655,0.267736,0.267736,0.267736
9656,0.267686,0.267687,0.267686
9657,0.267611,0.267611,0.267611
9658,0.26754,0.26754,0.26754
9659,0.267488,0.267488,0.267488
9660,0.267418,0.267419,0.267418
9661,0.267393,0.267393,0.267393
9662,0.267339,0.26734,0.26734
9663,0.267248,0.267248,0.267248
9664,0.267218,0.267218,0.267218
9665,0.267167,0.267167,0.267167
9666,0.267113,0.267114,0.267114
9667,0.267034,0.267035,0.267035
9668,0.266982,0.266982,0.266982
9669,0.266953,0.266953,0.266953
9670,0.266921,0.266922,0.266922
9671,0.266831,0.266832,0.266832
9672,0.266801,0.266801,0.266801
9673,0.266775,0.266776,0.266775
9674,0.266723,0.266723,0.266723
9675,0.266631,0.266631,0.266631
9676,0.266576,0.266576,0.266576
9677,0.266544,0.266545,0.266545
9678,0.266475,0.266475,0.266475
9679,0.266437,0.266438,0.266438
9680,0.266412,0.266412,0.266412
9681,0.266384,0.266384,0.266384
9682,0.26636,0.266361,0.266361
9683,0.266279,0.266279,0.266279
9684,0.266251,0.266252,0.266252
9685,0.266169,0.26617,0.26617
9686,0.266108,0.266108,0.266108
9687,0.266052,0.266052,0.266052
9688,0.265975,0.265975,0.265976
9689,0.265891,0.265891,0.265891
9690,0.265831,0.265831,0.265831
9691,0.265745,0.265746,0.265746
9692,0.265685,0.265686,0.265686
9693,0.265628,0.265629,0.265629
9694,0.265596,0.265596,0.265597
9695,0.26552,0.265521,0.265521
9696,0.265468,0.265469,0.265469
9697,0.265377,0.265377,0.265378
9698,0.265292,0.265292,0.265292
9699,0.265249,0.26525,0.26525
9700,0.265208,0.265209,0.265209
9701,0.265121,0.265121,0.265121
9702,0.265086,0.265087,0.265087
9703,0.265021,0.265021,0.265022
9704,0.264983,0.264983,0.264984
9705,0.264953,0.264954,0.264954
9706,0.264893,0.264894,0.264894
9707,0.264811,0.264812,0.264812
9708,0.26475,0.264751,0.264751
9709,0.264682,0.264683,0.264683
9710,0.264631,0.264632,0.264632
9711,0.264543,0.264544,0.264544
9712,0.264454,0.264454,0.264454
9713,0.264369,0.264369,0.264369
9714,0.264314,0.264314,0.264314
9715,0.264236,0.264237,0.264237
9716,0.264195,0.264195,0.264196
9717,0.264162,0.264162,0.264162
9718,0.264142,0.264142,0.264142
9719,0.264078,0.264078,0.264078
9720,0.264009,0.26401,0.26401
9721,0.263948,0.263948,0.263948
9722,0.263898,0.263899,0.263899
9723,0.263835,0.263836,0.263836
9724,0.263772,0.263772,0.263772
9725,0.263703,0.263703,0.263703
9726,0.263652,0.263652,0.263652
9727,0.263619,0.263619,0.263619
9728,0.263595,0.263595,0.263595
9729,0.263569,0.263569,0.263569
9730,0.263524,0.263525,0.263524
9731,0.263439,0.263439,0.263439
9732,0.263351,0.263351,0.263351
9733,0.263297,0.263297,0.263297
9734,0.26322,0.263221,0.26322
9735,0.263178,0.263179,0.263178
9736,0.263142,0.263143,0.263142
9737,0.263103,0.263103,0.263102
9738,0.263031,0.263032,0.263031
9739,0.262982,0.262983,0.262982
9740,0.26292,0.262921,0.26292
9741,0.262865,0.262865,0.262865
9742,0.262827,0.262827,0.262827
9743,0.262749,0.262749,0.262748
9744,0.262693,0.262693,0.262693
9745,0.262649,0.262649,0.262649
9746,0.262621,0.262621,0.262621
9747,0.262546,0.262547,0.262546
9748,0.262515,0.262516,0.262515
9749,0.262469,0.262469,0.262469
9750,0.26244,0.262441,0.26244
9751,0.262376,0.262376,0.262376
9752,0.262355,0.262355,0.262355
9753,0.262272,0.262272,0.262272
9754,0.262232,0.262233,0.262232
9755,0.262146,0.262146,0.262146
9756,0.262083,0.262083,0.262083
9757,0.262026,0.262026,0.262026
9758,0.261949,0.261949,0.261949
9759,0.261863,0.261864,0.261863
9760,0.261776,0.261776,0.261776
9761,0.261698,0.261698,0.261698
9762,0.261666,0.261667,0.261666
9763,0.261613,0.261613,0.261613
9764,0.261557,0.261558,0.261557
9765,0.26152,0.26152,0.26152
9766,0.261494,0.261494,0.261494
9767,0.261437,0.261438,0.261437
9768,0.261359,0.26136,0.261359
9769,0.261305,0.261306,0.261305
9770,0.261284,0.261285,0.261284
9771,0.26126,0.26126,0.26126
9772,0.26119,0.26119,0.26119
9773,0.261137,0.261138,0.261138
9774,0.261061,0.261062,0.261061
9775,0.260992,0.260992,0.260992
9776,0.26094,0.26094,0.26094
9777,0.260891,0.260892,0.260891
9778,0.260849,0.260849,0.260849
9779,0.260768,0.260769,0.260769
9780,0.260686,0.260687,0.260687
9781,0.260611,0.260611,0.260611
9782,0.260592,0.260592,0.260592
9783,0.260509,0.26051,0.26051
9784,0.260446,0.260446,0.260446
9785,0.260383,0.260383,0.260383
9786,0.260308,0.260308,0.260308
9787,0.260256,0.260257,0.260256
9788,0.260177,0.260177,0.260177
9789,0.260111,0.260111,0.260111
9790,0.260063,0.260063,0.260063
9791,0.260003,0.260004,0.260003
9792,0.259923,0.259923,0.259923
9793,0.259886,0.259887,0.259886
9794,0.259835,0.259835,0.259835
9795,0.259784,0.259784,0.259784
9796,0.259761,0.259762,0.259761
9797,0.259707,0.259708,0.259707
9798,0.259627,0.259627,0.259627
9799,0.259578,0.259578,0.259578
9800,0.259554,0.259554,0.259554
9801,0.259473,0.259473,0.259473
9802,0.259452,0.259452,0.259452
9803,0.259418,0.259418,0.259418
9804,0.259332,0.259332,0.259332
9805,0.259256,0.259256,0.259256
9806,0.25918,0.259181,0.25918
9807,0.259123,0.259124,0.259123
9808,0.259041,0.259042,0.259041
9809,0.259002,0.259002,0.259002
9810,0.258933,0.258933,0.258933
9811,0.258855,0.258856,0.258855
9812,0.25881,0.25881,0.25881
9813,0.258778,0.258778,0.258778
9814,0.258744,0.258744,0.258744
9815,0.258681,0.258682,0.258681
9816,0.258596,0.258596,0.258595
9817,0.258513,0.258513,0.258513
9818,0.25846,0.258461,0.25846
9819,0.258403,0.258403,0.258402
9820,0.258361,0.258361,0.25836
9821,0.258311,0.258311,0.258311
9822,0.258235,0.258235,0.258235
9823,0.258163,0.258163,0.258162
9824,0.258109,0.25811,0.258109
9825,0.258069,0.25807,0.258069
9826,0.258035,0.258035,0.258034
9827,0.257953,0.257953,0.257953
9828,0.257916,0.257917,0.257916
9829,0.257889,0.257889,0.257889
9830,0.257835,0.257836,0.257835
9831,0.257791,0.257791,0.257791
9832,0.257754,0.257755,0.257754
9833,0.257733,0.257733,0.257732
9834,0.257644,0.257645,0.257644
9835,0.257599,0.257599,0.257598
9836,0.257511,0.257512,0.257511
9837,0.257421,0.257422,0.257421
9838,0.257389,0.257389,0.257389
9839,0.257347,0.257347,0.257347
9840,0.257315,0.257315,0.257315
9841,0.257287,0.257287,0.257287
9842,0.257241,0.257241,0.25724
9843,0.257164,0.257164,0.257163
9844,0.257128,0.257129,0.257128
9845,0.257085,0.257085,0.257084
9846,0.257054,0.257055,0.257054
9847,0.256995,0.256995,0.256995
9848,0.256956,0.256957,0.256956
9849,0.256906,0.256907,0.256906
9850,0.256843,0.256843,0.256843
9851,0.256779,0.25678,0.256779
9852,0.256726,0.256727,0.256726
9853,0.256689,0.25669,0.256689
9854,0.256669,0.256669,0.256669
9855,0.256614,0.256614,0.256614
9856,0.256543,0.256544,0.256543
9857,0.256521,0.256521,0.256521
9858,0.256494,0.256494,0.256494
9859,0.256418,0.256419,0.256418
9860,0.256363,0.256363,0.256362
9861,0.256304,0.256304,0.256304
9862,0.25627,0.25627,0.25627
9863,0.256215,0.256216,0.256215
9864,0.256183,0.256183,0.256183
9865,0.256094,0.256095,0.256094
9866,0.256058,0.256058,0.256058
9867,0.256002,0.256003,0.256002
9868,0.255957,0.255957,0.255957
9869,0.255924,0.255924,0.255924
9870,0.255833,0.255833,0.255833
9871,0.255749,0.25575,0.255749
9872,0.255666,0.255666,0.255666
9873,0.255635,0.255635,0.255635
9874,0.255591,0.255592,0.255591
9875,0.255514,0.255514,0.255514
9876,0.255433,0.255433,0.255433
9877,0.255348,0.255349,0.255348
9878,0.255328,0.255329,0.255328
9879,0.255302,0.255303,0.255302
9880,0.255269,0.25527,0.255269
9881,0.25525,0.25525,0.25525
9882,0.255186,0.255186,0.255186
9883,0.25513,0.255131,0.25513
9884,0.255072,0.255073,0.255072
9885,0.255011,0.255011,0.255011
9886,0.254962,0.254962,0.254962
9887,0.254902,0.254903,0.254902
9888,0.254827,0.254828,0.254827
9889,0.254808,0.254809,0.254808
9890,0.254772,0.254772,0.254772
9891,0.254753,0.254753,0.254752
9892,0.254684,0.254684,0.254684
9893,0.254614,0.254614,0.254614
9894,0.254587,0.254588,0.254587
9895,0.254534,0.254535,0.254534
9896,0.254497,0.254497,0.254497
9897,0.254461,0.254461,0.25446
9898,0.254398,0.254398,0.254397
9899,0.254353,0.254354,0.254353
9900,0.254312,0.254312,0.254312
9901,0.254287,0.254287,0.254287
9902,0.254257,0.254258,0.254257
9903,0.254172,0.254173,0.254172
9904,0.254101,0.254102,0.254101
9905,0.254064,0.254064,0.254064
9906,0.253976,0.253977,0.253976
9907,0.253889,0.253889,0.253888
9908,0.2538,0.2538,0.2538
9909,0.253742,0.253742,0.253741
9910,0.253653,0.253653,0.253653
9911,0.253612,0.253612,0.253611
9912,0.253582,0.253583,0.253582
9913,0.25351,0.25351,0.25351
9914,0.25343,0.253431,0.25343
9915,0.253381,0.253381,0.25338
9916,0.253346,0.253346,0.253345
9917,0.253254,0.253254,0.253253
9918,0.253184,0.253185,0.253184
9919,0.253149,0.253149,0.253148
9920,0.253125,0.253125,0.253124
9921,0.253074,0.253075,0.253074
9922,0.252998,0.252998,0.252997
9923,0.252926,0.252926,0.252926
9924,0.252877,0.252877,0.252876
9925,0.252856,0.252856,0.252855
9926,0.25278,0.252781,0.25278
9927,0.252723,0.252724,0.252723
9928,0.252693,0.252694,0.252693
9929,0.252618,0.252619,0.252618
9930,0.252534,0.252534,0.252533
9931,0.252455,0.252455,0.252454
9932,0.252429,0.252429,0.252428
9933,0.252366,0.252366,0.252365
9934,0.252278,0.252279,0.252278
9935,0.252239,0.252239,0.252238
9936,0.252216,0.252216,0.252215
9937,0.252187,0.252187,0.252186
9938,0.252133,0.252133,0.252132
9939,0.252052,0.252053,0.252052
9940,0.251996,0.251996,0.251995
9941,0.251973,0.251973,0.251973
9942,0.251922,0.251923,0.251922
9943,0.251846,0.251847,0.251846
9944,0.251754,0.251754,0.251754
9945,0.25171,0.25171,0.25171
9946,0.251671,0.251672,0.251671
9947,0.251619,0.25162,0.251619
9948,0.251568,0.251568,0.251567
9949,0.251498,0.251499,0.251498
9950,0.251419,0.251419,0.251419
9951,0.251327,0.251327,0.251327
9952,0.251237,0.251237,0.251237
9953,0.251213,0.251213,0.251213
9954,0.251171,0.251171,0.25117
9955,0.251112,0.251112,0.251111
9956,0.25103,0.251031,0.25103
9957,0.250939,0.25094,0.250939
9958,0.25086,0.250861,0.25086
9959,0.250774,0.250774,0.250773
9960,0.250692,0.250692,0.250692
9961,0.25064,0.250641,0.25064
9962,0.250588,0.250589,0.250588
9963,0.250561,0.250562,0.250561
9964,0.250535,0.250536,0.250535
9965,0.250473,0.250473,0.250472
9966,0.250402,0.250403,0.250402
9967,0.250312,0.250312,0.250311
9968,0.250281,0.250282,0.250281
9969,0.250224,0.250224,0.250224
9970,0.250201,0.250202,0.250201
9971,0.250144,0.250145,0.250144
9972,0.250056,0.250056,0.250056
9973,0.250017,0.250017,0.250016
9974,0.249953,0.249953,0.249952
9975,0.249917,0.249917,0.249916
9976,0.249865,0.249865,0.249864
9977,0.249797,0.249797,0.249796
9978,0.249708,0.249708,0.249708
9979,0.249617,0.249618,0.249617
9980,0.249547,0.249547,0.249547
9981,0.249527,0.249527,0.249526
9982,0.249468,0.249469,0.249468
9983,0.249402,0.249402,0.249402
9984,0.249367,0.249367,0.249367
9985,0.249324,0.249324,0.249324
9986,0.24925,0.24925,0.24925
9987,0.249212,0.249213,0.249212
9988,0.249133,0.249133,0.249133
9989,0.249092,0.249092,0.249092
9990,0.249,0.249001,0.249
9991,0.248966,0.248966,0.248966
9992,0.248943,0.248943,0.248943
9993,0.248903,0.248904,0.248903
9994,0.248828,0.248828,0.248828
9995,0.248807,0.248807,0.248807
9996,0.248787,0.248787,0.248787
9997,0.248768,0.248768,0.248768
9998,0.248743,0.248744,0.248744
9999,0.248669,0.248669,0.248669
10000,0.248635,0.248635,0.248635
10001,0.248566,0.248567,0.248567
10002,0.248504,0.248505,0.248504
10003,0.248454,0.248455,0.248455
10004,0.248417,0.248417,0.248417
10005,0.248324,0.248325,0.248324
10006,0.248238,0.248238,0.248238
10007,0.248152,0.248152,0.248152
10008,0.248082,0.248082,0.248082
10009,0.248042,0.248043,0.248042
10010,0.248006,0.248007,0.248006
10011,0.247932,0.247932,0.247932
10012,0.247911,0.247912,0.247911
10013,0.247828,0.247829,0.247828
10014,0.247797,0.247797,0.247797
10015,0.247716,0.247716,0.247716
10016,0.247676,0.247676,0.247676
10017,0.247611,0.247612,0.247611
10018,0.247553,0.247554,0.247554
10019,0.247504,0.247505,0.247505
10020,0.247432,0.247432,0.247432
10021,0.247372,0.247372,0.247372
10022,0.247333,0.247334,0.247334
10023,0.24726,0.24726,0.24726
10024,0.247185,0.247185,0.247185
10025,0.247096,0.247097,0.247097
10026,0.24704,0.247041,0.247041
10027,0.246997,0.246997,0.246997
10028,0.246923,0.246924,0.246924
10029,0.246861,0.246862,0.246862
10030,0.246837,0.246837,0.246837
10031,0.246773,0.246774,0.246774
10032,0.246722,0.246722,0.246723
10033,0.246702,0.246702,0.246703
10034,0.246647,0.246648,0.246648
10035,0.246621,0.246621,0.246621
10036,0.246562,0.246563,0.246563
10037,0.246506,0.246506,0.246507
10038,0.246466,0.246467,0.246467
10039,0.246419,0.246419,0.246419
10040,0.246385,0.246385,0.246385
10041,0.246362,0.246362,0.246362
10042,0.246269,0.24627,0.24627
10043,0.246249,0.246249,0.246249
10044,0.246194,0.246194,0.246194
10045,0.246124,0.246124,0.246124
10046,0.246079,0.246079,0.246079
10047,0.246048,0.246049,0.246049
10048,0.245958,0.245958,0.245958
10049,0.245931,0.245931,0.245932
10050,0.245859,0.245859,0.245859
10051,0.245777,0.245778,0.245778
10052,0.245757,0.245757,0.245757
10053,0.245679,0.245679,0.24568
10054,0.245639,0.245639,0.24564
10055,0.2456,0.245601,0.245601
10056,0.245559,0.24556,0.24556
10057,0.245508,0.245508,0.245508
10058,0.24548,0.24548,0.245481
10059,0.245416,0.245417,0.245417
10060,0.245333,0.245334,0.245334
10061,0.245261,0.245261,0.245261
10062,0.24518,0.245181,0.245181
10063,0.245123,0.245124,0.245124
10064,0.24506,0.24506,0.24506
10065,0.244974,0.244974,0.244974
10066,0.244951,0.244951,0.244952
10067,0.244923,0.244923,0.244924
10068,0.244838,0.244838,0.244839
10069,0.244775,0.244776,0.244776
10070,0.244713,0.244713,0.244713
10071,0.244656,0.244657,0.244657
10072,0.244611,0.244611,0.244611
10073,0.244524,0.244525,0.244525
10074,0.244473,0.244473,0.244473
10075,0.244454,0.244455,0.244454
10076,0.244432,0.244433,0.244433
10077,0.244396,0.244396,0.244396
10078,0.244345,0.244345,0.244345
10079,0.244304,0.244305,0.244304
10080,0.244223,0.244224,0.244224
10081,0.244183,0.244183,0.244183
10082,0.244159,0.24416,0.244159
10083,0.244106,0.244106,0.244106
10084,0.244017,0.244017,0.244017
10085,0.243945,0.243945,0.243945
10086,0.243854,0.243855,0.243855
10087,0.243794,0.243795,0.243794
10088,0.243716,0.243716,0.243716
10089,0.243661,0.243662,0.243661
10090,0.243618,0.243619,0.243618
10091,0.24354,0.24354,0.24354
10092,0.243489,0.243489,0.243489
10093,0.243439,0.243439,0.243439
10094,0.243416,0.243416,0.243416
10095,0.24333,0.24333,0.24333
10096,0.243256,0.243256,0.243256
10097,0.243207,0.243207,0.243207
10098,0.243139,0.24314,0.243139
10099,0.243093,0.243094,0.243093
10100,0.243035,0.243035,0.243035
10101,0.242972,0.242973,0.242972
10102,0.242913,0.242913,0.242913
10103,0.242882,0.242882,0.242882
10104,0.242801,0.242801,0.242801
10105,0.242718,0.242718,0.242718
10106,0.242653,0.242654,0.242653
10107,0.242588,0.242588,0.242588
10108,0.2425,0.2425,0.2425
10109,0.242476,0.242476,0.242476
10110,0.242417,0.242417,0.242417
10111,0.242382,0.242383,0.242382
10112,0.242326,0.242327,0.242326
10113,0.242301,0.242301,0.242301
10114,0.242261,0.242261,0.242261
10115,0.24223,0.24223,0.242229
10116,0.242149,0.24215,0.242149
10117,0.24211,0.24211,0.242109
10118,0.24208,0.242081,0.24208
10119,0.242027,0.242027,0.242026
10120,0.241946,0.241947,0.241946
10121,0.241889,0.241889,0.241889
10122,0.241799,0.2418,0.241799
10123,0.241768,0.241769,0.241768
10124,0.241725,0.241725,0.241724
10125,0.24164,0.24164,0.241639
10126,0.24155,0.24155,0.241549
10127,0.241503,0.241503,0.241502
10128,0.241453,0.241453,0.241453
10129,0.241406,0.241406,0.241406
10130,0.241324,0.241324,0.241323
10131,0.241252,0.241252,0.241252
10132,0.241232,0.241232,0.241231
10133,0.241148,0.241148,0.241147
10134,0.241109,0.24111,0.241109
10135,0.24106,0.241061,0.24106
10136,0.241005,0.241005,0.241004
10137,0.240921,0.240921,0.24092
10138,0.240857,0.240858,0.240857
10139,0.240825,0.240826,0.240825
10140,0.240798,0.240799,0.240798
10141,0.240741,0.240742,0.24074
10142,0.240664,0.240665,0.240664
10143,0.240608,0.240608,0.240607
10144,0.240557,0.240558,0.240556
10145,0.240482,0.240482,0.240481
10146,0.240408,0.240408,0.240407
10147,0.240328,0.240329,0.240327
10148,0.240265,0.240265,0.240264
10149,0.240206,0.240207,0.240205
10150,0.240127,0.240127,0.240126
10151,0.240074,0.240074,0.240073
10152,0.240039,0.24004,0.240039
10153,0.240017,0.240018,0.240016
10154,0.23998,0.239981,0.239979
10155,0.239914,0.239915,0.239914
10156,0.239878,0.239879,0.239878
10157,0.239816,0.239817,0.239816
10158,0.239738,0.239738,0.239737
10159,0.239659,0.239659,0.239658
10160,0.239637,0.239638,0.239637
10161,0.239598,0.239599,0.239598
10162,0.239546,0.239546,0.239545
10163,0.239458,0.239458,0.239457
10164,0.239394,0.239394,0.239393
10165,0.239347,0.239348,0.239346
10166,0.239307,0.239308,0.239306
10167,0.239242,0.239243,0.239241
10168,0.239208,0.239209,0.239207
10169,0.239122,0.239123,0.239121
10170,0.239075,0.239075,0.239074
10171,0.238987,0.238987,0.238986
10172,0.238907,0.238907,0.238906
10173,0.238879,0.23888,0.238878
10174,0.238811,0.238811,0.23881
10175,0.238724,0.238725,0.238723
10176,0.238649,0.23865,0.238648
10177,0.238619,0.238619,0.238618
10178,0.238597,0.238598,0.238597
10179,0.238532,0.238532,0.238531
10180,0.238485,0.238485,0.238484
10181,0.238427,0.238427,0.238426
10182,0.238378,0.238379,0.238378
10183,0.238288,0.238288,0.238287
10184,0.23826,0.23826,0.238259
10185,0.238181,0.238182,0.23818
10186,0.23812,0.23812,0.238119
10187,0.238044,0.238044,0.238043
10188,0.237965,0.237966,0.237965
10189,0.237919,0.23792,0.237918
10190,0.237885,0.237885,0.237884
10191,0.237864,0.237865,0.237864
10192,0.237816,0.237816,0.237815
10193,0.237734,0.237735,0.237733
10194,0.237707,0.237707,0.237706
10195,0.237682,0.237682,0.237681
10196,0.237621,0.237621,0.23762
10197,0.237601,0.237601,0.2376
10198,0.237514,0.237514,0.237513
10199,0.237463,0.237464,0.237463
10200,0.237374,0.237374,0.237373
10201,0.237293,0.237293,0.237292
10202,0.237247,0.237247,0.237246
10203,0.237165,0.237165,0.237164
10204,0.237085,0.237085,0.237084
10205,0.236999,0.237,0.236999
10206,0.236975,0.236975,0.236974
10207,0.236955,0.236956,0.236955
10208,0.236889,0.23689,0.236889
10209,0.236867,0.236867,0.236866
10210,0.236844,0.236844,0.236843
10211,0.236807,0.236807,0.236806
10212,0.236759,0.236759,0.236758
10213,0.236689,0.23669,0.236689
10214,0.236628,0.236628,0.236627
10215,0.236558,0.236558,0.236557
10216,0.236531,0.236531,0.23653
10217,0.236488,0.236488,0.236487
10218,0.23643,0.23643,0.236429
10219,0.23635,0.23635,0.236349
10220,0.236284,0.236284,0.236283
10221,0.236203,0.236204,0.236203
10222,0.23613,0.236131,0.23613
10223,0.236098,0.236099,0.236098
10224,0.236056,0.236056,0.236055
10225,0.235987,0.235988,0.235987
10226,0.235938,0.235938,0.235937
10227,0.235872,0.235872,0.235871
10228,0.235781,0.235781,0.23578
10229,0.235729,0.235729,0.235728
10230,0.235649,0.23565,0.235649
10231,0.235584,0.235584,0.235583
10232,0.235501,0.235502,0.235501
10233,0.235458,0.235458,0.235457
10234,0.235429,0.235429,0.235428
10235,0.235379,0.235379,0.235378
10236,0.235339,0.23534,0.235339
10237,0.235312,0.235313,0.235312
10238,0.235229,0.235229,0.235228
10239,0.235199,0.235199,0.235198
10240,0.235179,0.23518,0.235179
10241,0.235087,0.235088,0.235087
10242,0.235014,0.235014,0.235013
10243,0.234931,0.234931,0.234931
10244,0.23489,0.234891,0.23489
10245,0.234816,0.234817,0.234816
10246,0.234737,0.234738,0.234737
10247,0.234698,0.234698,0.234697
10248,0.234634,0.234634,0.234633
10249,0.234599,0.2346,0.234599
10250,0.234519,0.234519,0.234519
10251,0.23443,0.234431,0.23443
10252,0.234406,0.234406,0.234406
10253,0.234349,0.234349,0.234349
10254,0.234259,0.23426,0.234259
10255,0.234229,0.234229,0.234229
10256,0.234155,0.234155,0.234155
10257,0.234109,0.234109,0.234109
10258,0.234073,0.234074,0.234073
10259,0.233996,0.233997,0.233996
10260,0.233937,0.233937,0.233937
10261,0.2339,0.2339,0.2339
10262,0.233823,0.233823,0.233823
10263,0.233799,0.233799,0.233799
10264,0.233738,0.233738,0.233738
10265,0.233668,0.233668,0.233668
10266,0.233649,0.233649,0.233649
10267,0.233579,0.233579,0.233579
10268,0.233496,0.233497,0.233496
10269,0.233434,0.233434,0.233434
10270,0.233405,0.233405,0.233405
10271,0.233375,0.233375,0.233375
10272,0.233337,0.233337,0.233337
10273,0.23331,0.23331,0.23331
10274,0.233267,0.233268,0.233268
10275,0.233228,0.233228,0.233228
10276,0.23318,0.23318,0.23318
10277,0.23314,0.23314,0.23314
10278,0.233047,0.233048,0.233047
10279,0.233025,0.233026,0.233026
10280,0.232942,0.232943,0.232943
10281,0.232915,0.232915,0.232915
10282,0.23283,0.232831,0.23283
10283,0.232792,0.232792,0.232792
10284,0.232752,0.232752,0.232752
10285,0.232693,0.232694,0.232694
10286,0.232675,0.232675,0.232675
10287,0.232589,0.23259,0.23259
10288,0.232518,0.232519,0.232518
10289,0.232492,0.232492,0.232492
10290,0.232471,0.232472,0.232472
10291,0.232439,0.232439,0.232439
10292,0.232393,0.232393,0.232393
10293,0.232326,0.232326,0.232326
10294,0.232271,0.232271,0.232271
10295,0.23223,0.23223,0.23223
10296,0.232165,0.232165,0.232165
10297,0.232092,0.232093,0.232093
10298,0.232054,0.232054,0.232055
10299,0.232029,0.23203,0.23203
10300,0.231945,0.231945,0.231945
10301,0.231894,0.231894,0.231894
10302,0.23187,0.23187,0.231871
10303,0.231778,0.231778,0.231778
10304,0.231697,0.231697,0.231698
10305,0.231648,0.231649,0.231649
10306,0.231573,0.231573,0.231573
10307,0.231503,0.231503,0.231504
10308,0.231484,0.231484,0.231484
10309,0.231418,0.231419,0.231419
10310,0.231339,0.231339,0.231339
10311,0.231281,0.231281,0.231282
10312,0.2312,0.2312,0.2312
10313,0.231157,0.231157,0.231157
10314,0.231109,0.23111,0.23111
10315,0.231038,0.231039,0.231039
10316,0.230947,0.230947,0.230948
10317,0.230884,0.230884,0.230884
10318,0.230815,0.230816,0.230816
10319,0.230759,0.230759,0.230759
10320,0.23072,0.23072,0.230721
10321,0.230689,0.230689,0.230689
10322,0.230618,0.230618,0.230618
10323,0.230561,0.230562,0.230562
10324,0.230471,0.230471,0.230471
10325,0.230433,0.230434,0.230434
10326,0.230399,0.230399,0.230399
10327,0.230369,0.230369,0.230369
10328,0.230322,0.230322,0.230322
10329,0.230281,0.230281,0.230281
10330,0.230222,0.230223,0.230222
10331,0.23013,0.23013,0.23013
10332,0.230044,0.230044,0.230044
10333,0.22998,0.22998,0.22998
10334,0.229895,0.229895,0.229895
10335,0.229807,0.229807,0.229807
10336,0.229723,0.229723,0.229723
10337,0.229636,0.229637,0.229636
10338,0.229611,0.229611,0.229611
10339,0.229569,0.229569,0.229569
10340,0.229543,0.229543,0.229543
10341,0.229512,0.229512,0.229512
10342,0.229489,0.22949,0.229489
10343,0.229466,0.229466,0.229466
10344,0.229423,0.229424,0.229423
10345,0.229373,0.229373,0.229373
10346,0.229283,0.229283,0.229283
10347,0.229232,0.229232,0.229232
10348,0.229206,0.229206,0.229206
10349,0.229147,0.229147,0.229147
10350,0.229127,0.229127,0.229127
10351,0.229059,0.22906,0.229059
10352,0.229003,0.229003,0.229003
10353,0.228959,0.228959,0.228959
10354,0.228893,0.228893,0.228893
10355,0.228862,0.228862,0.228862
10356,0.228798,0.228798,0.228798
10357,0.228741,0.228742,0.228742
10358,0.228695,0.228695,0.228695
10359,0.228656,0.228657,0.228656
10360,0.228637,0.228637,0.228637
10361,0.228558,0.228558,0.228558
10362,0.228522,0.228523,0.228523
10363,0.228498,0.228499,0.228499
10364,0.228476,0.228476,0.228476
10365,0.228434,0.228434,0.228434
10366,0.228356,0.228357,0.228357
10367,0.228294,0.228295,0.228295
10368,0.228259,0.228259,0.22826
10369,0.228183,0.228184,0.228184
10370,0.22811,0.22811,0.228111
10371,0.22802,0.22802,0.228021
10372,0.22797,0.227971,0.227971
10373,0.227893,0.227894,0.227894
10374,0.227865,0.227865,0.227866
10375,0.227825,0.227825,0.227826
10376,0.227794,0.227795,0.227795
10377,0.227712,0.227713,0.227713
10378,0.227646,0.227646,0.227647
10379,0.227614,0.227614,0.227615
10380,0.22759,0.22759,0.22759
10381,0.227509,0.22751,0.22751
10382,0.227458,0.227458,0.227459
10383,0.227373,0.227373,0.227374
10384,0.227316,0.227316,0.227317
10385,0.227239,0.22724,0.22724
10386,0.227148,0.227149,0.227149
10387,0.227085,0.227085,0.227086
10388,0.227041,0.227041,0.227041
10389,0.226978,0.226978,0.226979
10390,0.226951,0.226951,0.226952
10391,0.226867,0.226868,0.226868
10392,0.226812,0.226812,0.226812
10393,0.226769,0.226769,0.22677
10394,0.226738,0.226738,0.226738
10395,0.226649,0.226649,0.226649
10396,0.226596,0.226597,0.226597
10397,0.226567,0.226567,0.226568
10398,0.226535,0.226536,0.226536
10399,0.226505,0.226505,0.226505
10400,0.22645,0.22645,0.226451
10401,0.226403,0.226404,0.226404
10402,0.226347,0.226347,0.226348
10403,0.226314,0.226314,0.226315
10404,0.226245,0.226245,0.226245
10405,0.226158,0.226159,0.226159
10406,0.226094,0.226094,0.226094
10407,0.226021,0.226021,0.226022
10408,0.225999,0.225999,0.226
10409,0.225926,0.225926,0.225926
10410,0.225879,0.225879,0.225879
10411,0.225854,0.225854,0.225855
10412,0.225786,0.225787,0.225787
10413,0.225719,0.225719,0.22572
10414,0.225654,0.225654,0.225654
10415,0.225604,0.225604,0.225604
10416,0.225549,0.22555,0.22555
10417,0.225491,0.225491,0.225492
10418,0.22545,0.22545,0.225451
10419,0.225395,0.225395,0.225396
10420,0.225322,0.225322,0.225322
10421,0.225272,0.225273,0.225273
10422,0.225244,0.225244,0.225244
10423,0.225161,0.225162,0.225162
10424,0.225081,0.225082,0.225082
10425,0.225021,0.225021,0.225021
10426,0.224993,0.224994,0.224994
10427,0.224927,0.224927,0.224928
10428,0.224872,0.224873,0.224873
10429,0.224823,0.224823,0.224823
10430,0.224778,0.224778,0.224778
10431,0.224734,0.224734,0.224734
10432,0.22471,0.224711,0.224711
10433,0.224644,0.224644,0.224644
10434,0.224594,0.224594,0.224594
10435,0.224551,0.224552,0.224552
10436,0.224528,0.224528,0.224528
10437,0.224478,0.224478,0.224478
10438,0.22444,0.22444,0.22444
10439,0.224349,0.22435,0.224349
10440,0.224261,0.224261,0.224261
10441,0.224206,0.224207,0.224207
10442,0.224176,0.224176,0.224176
10443,0.224155,0.224155,0.224155
10444,0.224102,0.224102,0.224102
10445,0.224034,0.224034,0.224034
10446,0.224015,0.224016,0.224015
10447,0.223939,0.223939,0.223939
10448,0.223877,0.223877,0.223877
10449,0.223805,0.223805,0.223805
10450,0.223745,0.223746,0.223746
10451,0.223668,0.223669,0.223669
10452,0.223636,0.223636,0.223636
10453,0.223609,0.22361,0.223609
10454,0.223537,0.223537,0.223537
10455,0.223506,0.223507,0.223506
10456,0.223486,0.223487,0.223487
10457,0.22344,0.223441,0.22344
10458,0.223415,0.223416,0.223416
10459,0.223375,0.223375,0.223375
10460,0.223338,0.223339,0.223338
10461,0.223315,0.223315,0.223315
10462,0.223236,0.223236,0.223236
10463,0.223209,0.223209,0.223209
10464,0.223133,0.223133,0.223133
10465,0.223114,0.223114,0.223114
10466,0.223039,0.22304,0.22304
10467,0.222963,0.222964,0.222963
10468,0.222892,0.222893,0.222892
10469,0.222819,0.22282,0.222819
10470,0.222751,0.222752,0.222752
10471,0.222692,0.222692,0.222692
10472,0.222649,0.22265,0.22265
10473,0.222585,0.222585,0.222585
10474,0.222499,0.222499,0.222499
10475,0.222439,0.222439,0.222439
10476,0.222388,0.222388,0.222388
10477,0.222313,0.222313,0.222313
10478,0.222293,0.222294,0.222294
10479,0.222211,0.222212,0.222212
10480,0.222138,0.222139,0.222139
10481,0.2221,0.2221,0.2221
10482,0.222032,0.222033,0.222032
10483,0.22197,0.22197,0.22197
10484,0.221941,0.221941,0.221941
10485,0.221866,0.221867,0.221866
10486,0.221778,0.221778,0.221778
10487,0.221689,0.221689,0.221689
10488,0.221654,0.221654,0.221654
10489,0.221574,0.221574,0.221574
10490,0.221542,0.221542,0.221542
10491,0.221495,0.221495,0.221495
10492,0.221416,0.221416,0.221416
10493,0.221366,0.221366,0.221366
10494,0.221298,0.221299,0.221298
10495,0.221275,0.221275,0.221275
10496,0.221186,0.221186,0.221186
10497,0.221165,0.221165,0.221165
10498,0.22113,0.22113,0.22113
10499,0.221047,0.221048,0.221048
10500,0.220991,0.220992,0.220992
10501,0.220972,0.220972,0.220972
10502,0.220897,0.220898,0.220898
10503,0.220843,0.220843,0.220843
10504,0.220803,0.220803,0.220803
10505,0.220752,0.220753,0.220753
10506,0.220682,0.220683,0.220682
10507,0.220595,0.220595,0.220595
10508,0.22055,0.22055,0.22055
10509,0.220492,0.220493,0.220492
10510,0.220448,0.220449,0.220449
10511,0.220385,0.220385,0.220385
10512,0.220361,0.220362,0.220361
10513,0.2203,0.220301,0.2203
10514,0.220228,0.220228,0.220228
10515,0.220201,0.220201,0.220201
10516,0.220163,0.220163,0.220163
10517,0.220077,0.220077,0.220077
10518,0.220047,0.220047,0.220047
10519,0.219996,0.219997,0.219996
10520,0.219929,0.21993,0.219929
10521,0.219859,0.21986,0.219859
10522,0.219774,0.219774,0.219774
10523,0.219741,0.219742,0.219742
10524,0.219707,0.219708,0.219708
10525,0.219679,0.219679,0.219679
10526,0.219652,0.219652,0.219652
10527,0.219627,0.219627,0.219627
10528,0.219601,0.219601,0.219601
10529,0.219532,0.219532,0.219532
10530,0.219454,0.219455,0.219454
10531,0.219393,0.219394,0.219393
10532,0.219358,0.219358,0.219358
10533,0.219324,0.219324,0.219324
10534,0.219298,0.219299,0.219299
10535,0.219273,0.219274,0.219274
10536,0.219195,0.219196,0.219196
10537,0.219171,0.219171,0.219171
10538,0.219123,0.219123,0.219123
10539,0.219031,0.219031,0.219031
10540,0.218998,0.218999,0.218999
10541,0.218941,0.218942,0.218942
10542,0.218853,0.218854,0.218854
10543,0.218831,0.218831,0.218831
10544,0.218784,0.218785,0.218785
10545,0.218704,0.218704,0.218704
10546,0.218628,0.218628,0.218628
10547,0.218586,0.218586,0.218586
10548,0.218547,0.218547,0.218547
10549,0.218502,0.218503,0.218503
10550,0.218446,0.218446,0.218446
10551,0.218357,0.218357,0.218357
10552,0.218327,0.218327,0.218327
10553,0.218269,0.21827,0.21827
10554,0.21825,0.21825,0.21825
10555,0.218205,0.218205,0.218205
10556,0.218128,0.218128,0.218128
10557,0.218086,0.218086,0.218086
10558,0.218065,0.218065,0.218065
10559,0.218033,0.218033,0.218033
10560,0.217984,0.217985,0.217985
10561,0.217952,0.217952,0.217952
10562,0.217923,0.217923,0.217923
10563,0.217895,0.217895,0.217895
10564,0.217821,0.217822,0.217822
10565,0.217752,0.217752,0.217753
10566,0.217664,0.217664,0.217665
10567,0.217637,0.217638,0.217638
10568,0.217556,0.217556,0.217556
10569,0.21748,0.21748,0.21748
10570,0.217453,0.217453,0.217453
10571,0.217414,0.217414,0.217414
10572,0.21736,0.21736,0.21736
10573,0.217311,0.217311,0.217311
10574,0.217247,0.217248,0.217248
10575,0.217223,0.217224,0.217224
10576,0.21719,0.21719,0.21719
10577,0.217171,0.217171,0.217171
10578,0.217096,0.217096,0.217096
10579,0.217067,0.217068,0.217068
10580,0.217034,0.217034,0.217034
10581,0.216987,0.216988,0.216988
10582,0.216903,0.216903,0.216903
10583,0.216812,0.216813,0.216812
10584,0.21674,0.21674,0.21674
10585,0.216652,0.216652,0.216652
10586,0.216605,0.216605,0.216605
10587,0.216514,0.216514,0.216514
10588,0.216485,0.216485,0.216485
10589,0.216444,0.216445,0.216444
10590,0.21639,0.21639,0.21639
10591,0.216352,0.216352,0.216352
10592,0.216262,0.216263,0.216262
10593,0.216198,0.216198,0.216198
10594,0.216136,0.216136,0.216136
10595,0.216058,0.216059,0.216058
10596,0.216011,0.216011,0.216011
10597,0.215963,0.215963,0.215963
10598,0.215922,0.215923,0.215922
10599,0.215852,0.215852,0.215852
10600,0.215811,0.215811,0.215811
10601,0.21574,0.21574,0.21574
10602,0.21568,0.215681,0.21568
10603,0.21559,0.21559,0.215589
10604,0.215569,0.215569,0.215569
10605,0.215493,0.215493,0.215493
10606,0.215406,0.215406,0.215406
10607,0.215351,0.215351,0.215351
10608,0.215312,0.215312,0.215312
10609,0.215263,0.215263,0.215263
10610,0.215194,0.215194,0.215194
10611,0.215141,0.215141,0.215141
10612,0.215059,0.21506,0.215059
10613,0.21502,0.21502,0.21502
10614,0.214949,0.214949,0.214949
10615,0.214878,0.214878,0.214878
10616,0.21482,0.21482,0.21482
10617,0.2148,0.214801,0.2148
10618,0.214748,0.214749,0.214748
10619,0.214717,0.214718,0.214717
10620,0.214645,0.214645,0.214645
10621,0.214599,0.214599,0.214599
10622,0.214525,0.214525,0.214524
10623,0.214505,0.214506,0.214505
10624,0.214443,0.214443,0.214443
10625,0.214406,0.214406,0.214405
10626,0.214336,0.214336,0.214335
10627,0.214285,0.214285,0.214285
10628,0.214247,0.214247,0.214246
10629,0.214204,0.214205,0.214204
10630,0.214115,0.214115,0.214114
10631,0.214024,0.214024,0.214023
10632,0.213942,0.213942,0.213941
10633,0.213877,0.213877,0.213876
10634,0.213835,0.213836,0.213835
10635,0.213756,0.213757,0.213756
10636,0.213715,0.213715,0.213714
10637,0.213695,0.213696,0.213695
10638,0.213635,0.213635,0.213634
10639,0.213611,0.213612,0.213611
10640,0.213521,0.213521,0.21352
10641,0.21346,0.21346,0.21346
10642,0.213405,0.213405,0.213404
10643,0.213359,0.21336,0.213359
10644,0.213291,0.213292,0.213291
10645,0.213207,0.213207,0.213207
10646,0.213118,0.213118,0.213118
10647,0.213077,0.213078,0.213077
10648,0.212987,0.212987,0.212986
10649,0.212948,0.212948,0.212948
10650,0.212862,0.212862,0.212862
10651,0.212803,0.212803,0.212803
10652,0.212751,0.212751,0.21275
10653,0.212699,0.212699,0.212699
10654,0.212634,0.212634,0.212634
10655,0.212603,0.212603,0.212603
10656,0.21255,0.212551,0.21255
10657,0.212522,0.212523,0.212522
10658,0.21243,0.212431,0.21243
10659,0.212348,0.212349,0.212348
10660,0.21226,0.21226,0.21226
10661,0.212186,0.212186,0.212186
10662,0.21215,0.212151,0.21215
10663,0.212122,0.212123,0.212122
10664,0.212039,0.212039,0.212039
10665,0.211981,0.211981,0.211981
10666,0.211896,0.211896,0.211895
10667,0.21183,0.21183,0.21183
10668,0.211787,0.211788,0.211787
10669,0.211759,0.21176,0.211759
10670,0.211718,0.211718,0.211717
10671,0.211673,0.211674,0.211673
10672,0.21162,0.21162,0.211619
10673,0.211537,0.211537,0.211537
10674,0.211498,0.211498,0.211497
10675,0.211459,0.211459,0.211458
10676,0.211397,0.211397,0.211397
10677,0.211354,0.211355,0.211354
10678,0.211307,0.211308,0.211307
10679,0.21127,0.21127,0.21127
10680,0.211244,0.211244,0.211243
10681,0.211197,0.211198,0.211197
10682,0.211131,0.211132,0.211131
10683,0.211057,0.211057,0.211056
10684,0.210982,0.210983,0.210982
10685,0.210941,0.210941,0.21094
10686,0.210902,0.210902,0.210901
10687,0.210835,0.210835,0.210835
10688,0.210766,0.210766,0.210766
10689,0.210746,0.210747,0.210746
10690,0.210692,0.210693,0.210692
10691,0.21067,0.210671,0.21067
10692,0.210593,0.210594,0.210593
10693,0.210574,0.210574,0.210574
10694,0.210506,0.210507,0.210506
10695,0.210454,0.210455,0.210454
10696,0.21043,0.21043,0.21043
10697,0.210389,0.21039,0.210389
10698,0.210328,0.210329,0.210328
10699,0.210268,0.210268,0.210268
10700,0.210235,0.210235,0.210234
10701,0.210169,0.210169,0.210169
10702,0.210135,0.210136,0.210135
10703,0.210066,0.210066,0.210066
10704,0.210038,0.210038,0.210037
10705,0.209988,0.209988,0.209988
10706,0.209964,0.209964,0.209963
10707,0.209932,0.209933,0.209932
10708,0.209873,0.209874,0.209873
10709,0.209785,0.209786,0.209785
10710,0.209751,0.209752,0.209751
10711,0.209663,0.209663,0.209663
10712,0.209643,0.209643,0.209642
10713,0.209583,0.209583,0.209582
10714,0.209521,0.209522,0.209521
10715,0.209499,0.2095,0.209499
10716,0.209434,0.209435,0.209434
10717,0.209394,0.209394,0.209393
10718,0.209341,0.209341,0.20934
10719,0.209292,0.209292,0.209292
10720,0.209231,0.209232,0.209231
10721,0.209154,0.209154,0.209154
10722,0.209113,0.209113,0.209113
10723,0.20908,0.20908,0.209079
10724,0.209034,0.209034,0.209033
10725,0.208959,0.208959,0.208959
10726,0.208917,0.208918,0.208917
10727,0.208866,0.208867,0.208866
10728,0.208801,0.208802,0.208801
10729,0.20877,0.20877,0.20877
10730,0.208747,0.208747,0.208747
10731,0.208668,0.208669,0.208668
10732,0.208639,0.20864,0.208639
10733,0.208609,0.208609,0.208609
10734,0.20857,0.208571,0.20857
10735,0.208521,0.208521,0.208521
10736,0.208431,0.208431,0.208431
10737,0.208409,0.208409,0.208409
10738,0.208382,0.208383,0.208382
10739,0.208356,0.208356,0.208356
10740,0.208319,0.20832,0.208319
10741,0.208255,0.208256,0.208255
10742,0.208178,0.208179,0.208178
10743,0.208152,0.208152,0.208152
10744,0.208102,0.208102,0.208102
10745,0.208018,0.208018,0.208018
10746,0.207993,0.207993,0.207992
10747,0.207923,0.207924,0.207923
10748,0.207852,0.207852,0.207851
10749,0.207831,0.207831,0.20783
10750,0.207795,0.207796,0.207795
10751,0.207726,0.207726,0.207725
10752,0.207678,0.207678,0.207678
10753,0.207606,0.207607,0.207606
10754,0.207578,0.207578,0.207578
10755,0.207526,0.207527,0.207526
10756,0.207436,0.207436,0.207436
10757,0.207349,0.20735,0.207349
10758,0.207272,0.207272,0.207272
10759,0.20723,0.20723,0.207229
10760,0.207201,0.207201,0.207201
10761,0.207168,0.207168,0.207168
10762,0.207132,0.207132,0.207132
10763,0.20709,0.207091,0.20709
10764,0.207026,0.207026,0.207025
10765,0.206953,0.206953,0.206953
10766,0.206926,0.206927,0.206926
10767,0.206903,0.206904,0.206903
10768,0.206852,0.206853,0.206852
10769,0.206785,0.206786,0.206785
10770,0.206726,0.206726,0.206726
10771,0.206703,0.206704,0.206703
10772,0.206667,0.206667,0.206667
10773,0.206579,0.206579,0.206578
10774,0.206492,0.206493,0.206492
10775,0.206422,0.206423,0.206422
10776,0.20633,0.206331,0.20633
10777,0.206299,0.2063,0.206299
10778,0.206247,0.206248,0.206247
10779,0.206214,0.206214,0.206214
10780,0.206138,0.206138,0.206138
10781,0.206055,0.206056,0.206055
10782,0.205988,0.205989,0.205988
10783,0.205935,0.205936,0.205935
10784,0.205882,0.205883,0.205882
10785,0.205815,0.205815,0.205815
10786,0.205737,0.205737,0.205737
10787,0.205718,0.205718,0.205718
10788,0.205642,0.205642,0.205642
10789,0.20557,0.205571,0.205571
10790,0.205519,0.205519,0.205519
10791,0.205433,0.205434,0.205434
10792,0.205392,0.205392,0.205392
10793,0.205368,0.205368,0.205368
10794,0.205316,0.205317,0.205316
10795,0.205245,0.205245,0.205245
10796,0.205223,0.205223,0.205223
10797,0.205168,0.205169,0.205168
10798,0.205082,0.205083,0.205083
10799,0.205058,0.205058,0.205058
10800,0.204993,0.204993,0.204993
10801,0.204943,0.204944,0.204944
10802,0.204894,0.204894,0.204894
10803,0.204851,0.204852,0.204852
10804,0.204821,0.204821,0.204821
10805,0.204755,0.204756,0.204756
10806,0.204727,0.204728,0.204728
10807,0.204706,0.204707,0.204707
10808,0.204681,0.204681,0.204681
10809,0.204656,0.204657,0.204657
10810,0.204628,0.204629,0.204629
10811,0.204606,0.204607,0.204607
10812,0.20455,0.204551,0.204551
10813,0.204486,0.204486,0.204486
10814,0.204425,0.204425,0.204425
10815,0.204337,0.204337,0.204338
10816,0.204305,0.204306,0.204306
10817,0.204266,0.204266,0.204266
10818,0.204228,0.204229,0.204229
10819,0.204165,0.204166,0.204166
10820,0.204075,0.204075,0.204076
10821,0.204048,0.204048,0.204049
10822,0.204024,0.204024,0.204024
10823,0.203932,0.203932,0.203933
10824,0.203853,0.203853,0.203854
10825,0.203823,0.203824,0.203824
10826,0.203774,0.203775,0.203775
10827,0.203754,0.203755,0.203755
10828,0.203695,0.203695,0.203696
10829,0.203664,0.203665,0.203665
10830,0.20364,0.20364,0.20364
10831,0.203562,0.203563,0.203563
10832,0.203542,0.203542,0.203542
10833,0.203501,0.203502,0.203502
10834,0.203409,0.203409,0.20341
10835,0.203385,0.203385,0.203386
10836,0.203335,0.203335,0.203336
10837,0.203262,0.203262,0.203263
10838,0.203198,0.203199,0.203199
10839,0.203176,0.203176,0.203176
10840,0.203091,0.203091,0.203091
10841,0.203062,0.203062,0.203062
10842,0.202995,0.202996,0.202996
10843,0.20296,0.20296,0.202961
10844,0.202896,0.202896,0.202897
10845,0.202872,0.202873,0.202873
10846,0.202784,0.202785,0.202785
10847,0.20272,0.202721,0.202721
10848,0.202667,0.202668,0.202668
10849,0.202621,0.202621,0.202621
10850,0.202532,0.202532,0.202533
10851,0.202472,0.202472,0.202473
10852,0.202427,0.202427,0.202427
10853,0.202393,0.202393,0.202394
10854,0.202346,0.202346,0.202346
10855,0.202294,0.202295,0.202295
10856,0.202275,0.202275,0.202275
10857,0.202214,0.202215,0.202215
10858,0.202195,0.202195,0.202195
10859,0.202148,0.202148,0.202149
10860,0.202071,0.202072,0.202072
10861,0.202017,0.202018,0.202018
10862,0.201933,0.201934,0.201934
10863,0.201893,0.201894,0.201894
10864,0.201865,0.201865,0.201865
10865,0.201839,0.201839,0.201839
10866,0.201787,0.201787,0.201787
10867,0.201699,0.201699,0.201699
10868,0.201631,0.201632,0.201631
10869,0.201578,0.201578,0.201578
10870,0.201553,0.201553,0.201553
10871,0.201485,0.201486,0.201486
10872,0.201427,0.201427,0.201427
10873,0.201401,0.201402,0.201402
10874,0.20132,0.201321,0.20132
10875,0.201269,0.20127,0.201269
10876,0.201242,0.201242,0.201242
10877,0.201181,0.201181,0.201181
10878,0.201157,0.201158,0.201157
10879,0.201128,0.201128,0.201127
10880,0.201036,0.201036,0.201036
10881,0.201017,0.201018,0.201017
10882,0.200957,0.200957,0.200956
10883,0.200892,0.200893,0.200892
10884,0.200872,0.200873,0.200872
10885,0.200788,0.200789,0.200788
10886,0.200703,0.200703,0.200703
10887,0.200641,0.200641,0.200641
10888,0.200603,0.200604,0.200603
10889,0.200547,0.200548,0.200547
10890,0.200471,0.200471,0.200471
10891,0.200447,0.200447,0.200447
10892,0.200359,0.200359,0.200358
10893,0.200311,0.200311,0.20031
10894,0.200286,0.200287,0.200286
10895,0.200249,0.20025,0.200249
10896,0.200215,0.200216,0.200215
10897,0.200148,0.200148,0.200147
10898,0.20009,0.200091,0.20009
10899,0.20001,0.200011,0.20001
10900,0.199926,0.199926,0.199925
10901,0.199834,0.199834,0.199833
10902,0.199794,0.199795,0.199794
10903,0.199736,0.199736,0.199735
10904,0.199651,0.199652,0.199651
10905,0.199567,0.199567,0.199566
10906,0.199489,0.19949,0.199489
10907,0.199417,0.199417,0.199416
10908,0.199357,0.199357,0.199356
10909,0.199306,0.199306,0.199305
10910,0.199283,0.199283,0.199282
10911,0.199239,0.19924,0.199239
10912,0.199174,0.199174,0.199173
10913,0.199084,0.199084,0.199083
10914,0.199035,0.199035,0.199034
10915,0.198947,0.198948,0.198947
10916,0.198922,0.198922,0.198921
10917,0.19887,0.19887,0.198869
10918,0.198786,0.198787,0.198786
10919,0.19875,0.19875,0.198749
10920,0.198707,0.198707,0.198706
10921,0.198655,0.198655,0.198654
10922,0.19861,0.198611,0.19861
10923,0.198543,0.198543,0.198542
10924,0.198453,0.198454,0.198453
10925,0.198431,0.198432,0.198431
10926,0.198392,0.198392,0.198392
10927,0.198315,0.198315,0.198315
10928,0.198262,0.198263,0.198262
10929,0.198195,0.198196,0.198195
10930,0.198108,0.198108,0.198108
10931,0.198076,0.198076,0.198076
10932,0.198034,0.198034,0.198034
10933,0.197985,0.197985,0.197985
10934,0.197908,0.197909,0.197908
10935,0.19787,0.197871,0.19787
10936,0.197795,0.197796,0.197795
10937,0.197757,0.197758,0.197757
10938,0.197727,0.197727,0.197727
10939,0.197702,0.197702,0.197702
10940,0.197674,0.197675,0.197674
10941,0.19759,0.19759,0.19759
10942,0.19755,0.19755,0.19755
10943,0.197477,0.197477,0.197477
10944,0.197423,0.197424,0.197423
10945,0.197346,0.197346,0.197345
10946,0.197317,0.197317,0.197317
10947,0.197269,0.19727,0.197269
10948,0.197208,0.197208,0.197208
10949,0.197157,0.197157,0.197156
10950,0.197079,0.19708,0.197079
10951,0.197027,0.197027,0.197026
10952,0.196971,0.196971,0.196971
10953,0.196899,0.196899,0.196899
10954,0.196833,0.196834,0.196833
10955,0.196781,0.196781,0.196781
10956,0.196734,0.196734,0.196734
10957,0.196703,0.196703,0.196703
10958,0.196662,0.196662,0.196662
10959,0.196587,0.196587,0.196587
10960,0.196518,0.196519,0.196518
10961,0.196475,0.196475,0.196475
10962,0.196393,0.196394,0.196393
10963,0.196374,0.196374,0.196374
10964,0.196319,0.19632,0.196319
10965,0.196236,0.196236,0.196236
10966,0.196147,0.196148,0.196147
10967,0.196124,0.196125,0.196124
10968,0.196053,0.196053,0.196053
10969,0.195974,0.195974,0.195974
10970,0.195881,0.195882,0.195881
10971,0.195828,0.195828,0.195828
10972,0.195738,0.195739,0.195738
10973,0.195687,0.195687,0.195687
10974,0.19566,0.195661,0.195661
10975,0.195637,0.195638,0.195638
10976,0.195603,0.195603,0.195603
10977,0.195584,0.195584,0.195584
10978,0.19554,0.19554,0.19554
10979,0.195498,0.195498,0.195498
10980,0.195418,0.195418,0.195418
10981,0.195357,0.195358,0.195358
10982,0.195335,0.195335,0.195335
10983,0.195268,0.195268,0.195268
10984,0.195225,0.195225,0.195226
10985,0.195168,0.195168,0.195168
10986,0.195086,0.195086,0.195086
10987,0.195043,0.195043,0.195043
10988,0.195014,0.195014,0.195015
10989,0.194959,0.194959,0.19496
10990,0.19489,0.194891,0.194891
10991,0.194829,0.194829,0.19483
10992,0.194744,0.194744,0.194744
10993,0.19467,0.19467,0.19467
10994,0.194616,0.194617,0.194617
10995,0.194586,0.194586,0.194586
10996,0.194505,0.194505,0.194506
10997,0.194443,0.194443,0.194443
10998,0.194364,0.194365,0.194365
10999,0.19433,0.19433,0.19433
11000,0.1943,0.1943,0.1943
11001,0.194216,0.194217,0.194217
11002,0.194126,0.194127,0.194127
11003,0.19406,0.194061,0.194061
11004,0.194031,0.194032,0.194032
11005,0.193959,0.19396,0.19396
11006,0.193899,0.193899,0.193899
11007,0.193838,0.193839,0.193839
11008,0.193806,0.193806,0.193806
11009,0.193779,0.19378,0.19378
11010,0.193729,0.193729,0.19373
11011,0.193641,0.193641,0.193641
11012,0.193606,0.193606,0.193606
11013,0.193571,0.193572,0.193572
11014,0.193512,0.193512,0.193512
11015,0.193434,0.193435,0.193435
11016,0.19335,0.19335,0.19335
11017,0.193266,0.193266,0.193266
11018,0.193193,0.193193,0.193193
11019,0.193148,0.193148,0.193148
11020,0.193116,0.193117,0.193117
11021,0.19304,0.19304,0.19304
11022,0.192959,0.19296,0.19296
11023,0.19288,0.19288,0.19288
11024,0.19281,0.192811,0.192811
11025,0.19273,0.19273,0.19273
11026,0.192706,0.192707,0.192707
11027,0.192687,0.192688,0.192688
11028,0.192659,0.192659,0.192659
11029,0.192608,0.192608,0.192608
11030,0.192579,0.192579,0.192579
11031,0.192508,0.192508,0.192508
11032,0.192424,0.192425,0.192424
11033,0.19239,0.19239,0.19239
11034,0.192325,0.192325,0.192325
11035,0.192233,0.192233,0.192233
11036,0.192194,0.192194,0.192194
11037,0.19217,0.192171,0.192171
11038,0.192083,0.192084,0.192083
11039,0.192019,0.192019,0.192019
11040,0.191993,0.191993,0.191993
11041,0.191916,0.191916,0.191916
11042,0.191861,0.191861,0.191861
11043,0.191822,0.191823,0.191823
11044,0.191791,0.191792,0.191792
11045,0.191761,0.191761,0.191761
11046,0.191678,0.191678,0.191678
11047,0.191586,0.191586,0.191586
11048,0.191546,0.191547,0.191547
11049,0.191508,0.191508,0.191508
11050,0.191432,0.191432,0.191432
11051,0.191346,0.191346,0.191346
11052,0.191294,0.191294,0.191294
11053,0.191207,0.191208,0.191207
11054,0.191128,0.191129,0.191128
11055,0.191069,0.191069,0.191069
11056,0.19102,0.191021,0.19102
11057,0.190991,0.190992,0.190991
11058,0.190958,0.190958,0.190958
11059,0.190877,0.190878,0.190877
11060,0.190817,0.190818,0.190817
11061,0.190791,0.190791,0.190791
11062,0.19075,0.19075,0.19075
11063,0.190686,0.190686,0.190685
11064,0.190632,0.190633,0.190632
11065,0.190576,0.190576,0.190576
11066,0.190504,0.190505,0.190504
11067,0.190414,0.190414,0.190413
11068,0.19038,0.19038,0.190379
11069,0.190354,0.190354,0.190353
11070,0.190323,0.190323,0.190323
11071,0.190255,0.190255,0.190255
11072,0.190196,0.190196,0.190196
11073,0.190123,0.190123,0.190122
11074,0.190042,0.190043,0.190042
11075,0.189993,0.189993,0.189993
11076,0.189916,0.189917,0.189916
11077,0.189825,0.189825,0.189825
11078,0.189782,0.189782,0.189781
11079,0.189745,0.189745,0.189745
11080,0.189666,0.189667,0.189666
11081,0.189591,0.189591,0.189591
11082,0.1895,0.189501,0.1895
11083,0.189446,0.189446,0.189446
11084,0.189356,0.189357,0.189356
11085,0.189302,0.189302,0.189302
11086,0.189261,0.189261,0.18926
11087,0.189225,0.189225,0.189224
11088,0.189188,0.189188,0.189188
11089,0.189133,0.189133,0.189133
11090,0.189057,0.189058,0.189057
11091,0.18902,0.18902,0.18902
11092,0.188929,0.18893,0.188929
11093,0.188907,0.188907,0.188907
11094,0.188843,0.188843,0.188842
11095,0.188756,0.188756,0.188756
11096,0.188692,0.188692,0.188692
11097,0.188667,0.188668,0.188667
11098,0.188607,0.188607,0.188607
11099,0.188573,0.188574,0.188573
11100,0.188535,0.188535,0.188535
11101,0.188467,0.188468,0.188467
11102,0.188415,0.188415,0.188415
11103,0.188339,0.188339,0.188339
11104,0.188292,0.188293,0.188292
11105,0.188271,0.188271,0.188271
11106,0.188238,0.188238,0.188238
11107,0.188205,0.188206,0.188205
11108,0.188168,0.188168,0.188168
11109,0.188113,0.188113,0.188113
11110,0.18804,0.188041,0.18804
11111,0.187967,0.187967,0.187967
11112,0.187882,0.187882,0.187882
11113,0.187858,0.187859,0.187858
11114,0.187774,0.187775,0.187774
11115,0.187713,0.187714,0.187713
11116,0.187624,0.187625,0.187624
11117,0.187595,0.187595,0.187595
11118,0.187553,0.187554,0.187553
11119,0.187487,0.187487,0.187487
11120,0.18746,0.187461,0.18746
11121,0.187429,0.18743,0.187429
11122,0.187408,0.187409,0.187408
11123,0.187358,0.187358,0.187358
11124,0.187315,0.187315,0.187315
11125,0.187227,0.187228,0.187227
11126,0.187171,0.187172,0.187171
11127,0.187117,0.187117,0.187117
11128,0.187096,0.187096,0.187096
11129,0.187011,0.187012,0.187011
11130,0.186982,0.186983,0.186982
11131,0.186915,0.186916,0.186915
11132,0.186857,0.186857,0.186857
11133,0.186838,0.186838,0.186838
11134,0.1868,0.1868,0.1868
11135,0.186764,0.186764,0.186764
11136,0.186694,0.186694,0.186694
11137,0.186674,0.186675,0.186674
11138,0.186583,0.186584,0.186584
11139,0.186539,0.18654,0.186539
11140,0.186496,0.186497,0.186496
11141,0.186426,0.186427,0.186427
11142,0.186342,0.186342,0.186342
11143,0.186293,0.186293,0.186293
11144,0.186261,0.186261,0.186261
11145,0.186233,0.186234,0.186234
11146,0.186172,0.186172,0.186172
11147,0.186119,0.186119,0.186119
11148,0.186083,0.186083,0.186083
11149,0.186039,0.186039,0.186039
11150,0.185967,0.185968,0.185968
11151,0.185932,0.185933,0.185933
11152,0.185873,0.185873,0.185873
11153,0.185808,0.185809,0.185809
11154,0.185733,0.185733,0.185733
11155,0.185657,0.185657,0.185657
11156,0.185601,0.185602,0.185602
11157,0.185532,0.185532,0.185532
11158,0.1855,0.185501,0.1855
11159,0.185471,0.185472,0.185471
11160,0.185388,0.185388,0.185388
11161,0.185368,0.185368,0.185368
11162,0.185286,0.185286,0.185286
11163,0.185205,0.185206,0.185205
11164,0.185162,0.185162,0.185162
11165,0.185131,0.185131,0.185131
11166,0.185096,0.185096,0.185096
11167,0.185075,0.185075,0.185075
11168,0.185022,0.185022,0.185022
11169,0.18493,0.184931,0.18493
11170,0.184842,0.184842,0.184842
11171,0.18482,0.184821,0.184821
11172,0.184749,0.18475,0.184749
11173,0.184663,0.184663,0.184663
11174,0.184581,0.184582,0.184582
11175,0.184531,0.184531,0.184531
11176,0.184443,0.184443,0.184443
11177,0.184352,0.184352,0.184352
11178,0.184325,0.184325,0.184325
11179,0.184252,0.184252,0.184252
11180,0.184178,0.184179,0.184179
11181,0.184105,0.184105,0.184105
11182,0.184013,0.184013,0.184013
11183,0.183967,0.183967,0.183967
11184,0.183883,0.183884,0.183883
11185,0.183837,0.183837,0.183837
11186,0.183745,0.183746,0.183746
11187,0.183684,0.183684,0.183684
11188,0.183592,0.183592,0.183592
11189,0.183552,0.183552,0.183552
11190,0.18348,0.18348,0.18348
11191,0.183428,0.183429,0.183429
11192,0.183388,0.183388,0.183388
11193,0.183367,0.183368,0.183368
11194,0.183308,0.183308,0.183308
11195,0.183253,0.183253,0.183253
11196,0.183205,0.183206,0.183206
11197,0.183172,0.183173,0.183173
11198,0.183096,0.183096,0.183096
11199,0.183004,0.183005,0.183005
11200,0.182973,0.182973,0.182973
11201,0.182924,0.182924,0.182924
11202,0.182894,0.182894,0.182894
11203,0.182863,0.182864,0.182863
11204,0.182796,0.182796,0.182796
11205,0.182763,0.182764,0.182763
11206,0.182712,0.182712,0.182712
11207,0.182622,0.182623,0.182623
11208,0.18257,0.18257,0.18257
11209,0.182528,0.182529,0.182528
11210,0.182449,0.182449,0.182449
11211,0.182385,0.182385,0.182385
11212,0.182325,0.182325,0.182325
11213,0.182244,0.182245,0.182244
11214,0.182216,0.182217,0.182216
11215,0.182185,0.182185,0.182185
11216,0.182143,0.182144,0.182143
11217,0.182098,0.182098,0.182097
11218,0.182021,0.182022,0.182021
11219,0.181957,0.181957,0.181957
11220,0.181908,0.181909,0.181908
11221,0.181872,0.181872,0.181872
11222,0.181828,0.181828,0.181828
11223,0.181772,0.181773,0.181772
11224,0.181737,0.181737,0.181737
11225,0.1817,0.1817,0.1817
11226,0.181634,0.181634,0.181634
11227,0.181552,0.181552,0.181552
11228,0.181482,0.181482,0.181482
11229,0.181444,0.181444,0.181444
11230,0.181402,0.181403,0.181402
11231,0.181358,0.181358,0.181358
11232,0.181305,0.181305,0.181305
11233,0.181248,0.181248,0.181248
11234,0.181175,0.181176,0.181175
11235,0.181086,0.181086,0.181086
11236,0.181,0.181,0.181
11237,0.18094,0.18094,0.18094
11238,0.180877,0.180877,0.180877
11239,0.180854,0.180855,0.180855
11240,0.180809,0.180809,0.180809
11241,0.180768,0.180768,0.180768
11242,0.180725,0.180725,0.180725
11243,0.180674,0.180675,0.180674
11244,0.18061,0.180611,0.18061
11245,0.18053,0.18053,0.18053
11246,0.180439,0.18044,0.180439
11247,0.180389,0.18039,0.180389
11248,0.180303,0.180304,0.180303
11249,0.180257,0.180257,0.180257
11250,0.180164,0.180165,0.180164
11251,0.1801,0.180101,0.1801
11252,0.180074,0.180074,0.180074
11253,0.180031,0.180032,0.180031
11254,0.179956,0.179956,0.179956
11255,0.179866,0.179866,0.179866
11256,0.179801,0.179801,0.179801
11257,0.179764,0.179764,0.179763
11258,0.179684,0.179685,0.179684
11259,0.179616,0.179616,0.179615
11260,0.179534,0.179535,0.179534
11261,0.179485,0.179486,0.179485
11262,0.179466,0.179466,0.179466
11263,0.179396,0.179396,0.179396
11264,0.179375,0.179376,0.179375
11265,0.179336,0.179336,0.179335
11266,0.179297,0.179297,0.179296
11267,0.179206,0.179207,0.179206
11268,0.179123,0.179123,0.179123
11269,0.179074,0.179075,0.179074
11270,0.178987,0.178987,0.178987
11271,0.178933,0.178933,0.178932
11272,0.17891,0.17891,0.178909
11273,0.178873,0.178873,0.178872
11274,0.178835,0.178836,0.178835
11275,0.178785,0.178786,0.178785
11276,0.178748,0.178748,0.178748
11277,0.178666,0.178667,0.178666
11278,0.178643,0.178644,0.178643
11279,0.178592,0.178592,0.178592
11280,0.178559,0.178559,0.178559
11281,0.178539,0.178539,0.178539
11282,0.178466,0.178467,0.178466
11283,0.178387,0.178387,0.178387
11284,0.178347,0.178348,0.178347
11285,0.178299,0.178299,0.178299
11286,0.178252,0.178252,0.178252
11287,0.178203,0.178204,0.178203
11288,0.178134,0.178134,0.178134
11289,0.178056,0.178057,0.178056
11290,0.177987,0.177987,0.177987
11291,0.177912,0.177912,0.177912
11292,0.177863,0.177864,0.177863
11293,0.177797,0.177798,0.177798
11294,0.177734,0.177734,0.177734
11295,0.17765,0.177651,0.17765
11296,0.177628,0.177628,0.177628
11297,0.177604,0.177604,0.177604
11298,0.177522,0.177522,0.177522
11299,0.17746,0.177461,0.17746
11300,0.177435,0.177436,0.177435
11301,0.177395,0.177396,0.177395
11302,0.177358,0.177358,0.177358
11303,0.177299,0.177299,0.177299
11304,0.177219,0.177219,0.177219
11305,0.177177,0.177177,0.177177
11306,0.17712,0.17712,0.17712
11307,0.177061,0.177061,0.177061
11308,0.176972,0.176972,0.176972
11309,0.176945,0.176946,0.176945
11310,0.176907,0.176907,0.176907
11311,0.176827,0.176827,0.176827
11312,0.176734,0.176735,0.176734
11313,0.176685,0.176686,0.176685
11314,0.17666,0.17666,0.17666
11315,0.176629,0.17663,0.176629
11316,0.176556,0.176556,0.176556
11317,0.176486,0.176487,0.176486
11318,0.176447,0.176448,0.176447
11319,0.176378,0.176378,0.176378
11320,0.176324,0.176325,0.176324
11321,0.176244,0.176244,0.176244
11322,0.176195,0.176195,0.176194
11323,0.176137,0.176138,0.176137
11324,0.176051,0.176052,0.176051
11325,0.175964,0.175964,0.175964
11326,0.175901,0.175902,0.175901
11327,0.175836,0.175836,0.175836
11328,0.175766,0.175766,0.175766
11329,0.175694,0.175694,0.175694
11330,0.17566,0.17566,0.17566
11331,0.175613,0.175613,0.175613
11332,0.175531,0.175531,0.175531
11333,0.175491,0.175491,0.175491
11334,0.175429,0.17543,0.175429
11335,0.175363,0.175363,0.175363
11336,0.175271,0.175271,0.175271
11337,0.175219,0.17522,0.175219
11338,0.175181,0.175181,0.175181
11339,0.17512,0.175121,0.17512
11340,0.175036,0.175037,0.175037
11341,0.174971,0.174971,0.174971
11342,0.174882,0.174882,0.174882
11343,0.174823,0.174823,0.174823
11344,0.17476,0.17476,0.17476
11345,0.174723,0.174723,0.174723
11346,0.174687,0.174687,0.174687
11347,0.174624,0.174625,0.174624
11348,0.174544,0.174544,0.174544
11349,0.174484,0.174484,0.174484
11350,0.17444,0.17444,0.17444
11351,0.174394,0.174395,0.174394
11352,0.174319,0.174319,0.174319
11353,0.174267,0.174267,0.174267
11354,0.174179,0.174179,0.174179
11355,0.17415,0.174151,0.17415
11356,0.174111,0.174111,0.174111
11357,0.174018,0.174019,0.174018
11358,0.173953,0.173953,0.173953
11359,0.173919,0.173919,0.173919
11360,0.173884,0.173884,0.173884
11361,0.173797,0.173798,0.173797
11362,0.173759,0.173759,0.173759
11363,0.17374,0.17374,0.173739
11364,0.173689,0.173689,0.173688
11365,0.173634,0.173634,0.173634
11366,0.173548,0.173549,0.173548
11367,0.173459,0.173459,0.173458
11368,0.173435,0.173435,0.173435
11369,0.173376,0.173376,0.173375
11370,0.173284,0.173284,0.173283
11371,0.173247,0.173248,0.173247
11372,0.173199,0.1732,0.173199
11373,0.173157,0.173157,0.173156
11374,0.173086,0.173087,0.173086
11375,0.173024,0.173025,0.173024
11376,0.172968,0.172969,0.172968
11377,0.172904,0.172905,0.172904
11378,0.172852,0.172852,0.172851
11379,0.17281,0.17281,0.172809
11380,0.172759,0.172759,0.172758
11381,0.172673,0.172673,0.172672
11382,0.172609,0.17261,0.172609
11383,0.17256,0.172561,0.17256
11384,0.1725,0.172501,0.1725
11385,0.172444,0.172444,0.172443
11386,0.172409,0.172409,0.172408
11387,0.172384,0.172384,0.172383
11388,0.172312,0.172313,0.172312
11389,0.17225,0.172251,0.17225
11390,0.172192,0.172192,0.172191
11391,0.172168,0.172169,0.172168
11392,0.172126,0.172127,0.172126
11393,0.172087,0.172088,0.172087
11394,0.172038,0.172038,0.172038
11395,0.172017,0.172018,0.172017
11396,0.171948,0.171949,0.171948
11397,0.171902,0.171903,0.171902
11398,0.171866,0.171866,0.171866
11399,0.171783,0.171784,0.171783
11400,0.171719,0.171719,0.171718
11401,0.171651,0.171652,0.171651
11402,0.171569,0.171569,0.171568
11403,0.171484,0.171484,0.171483
11404,0.17144,0.17144,0.171439
11405,0.171354,0.171355,0.171354
11406,0.171264,0.171264,0.171263
11407,0.171177,0.171178,0.171177
11408,0.171087,0.171087,0.171087
11409,0.171015,0.171015,0.171014
11410,0.170969,0.170969,0.170968
11411,0.170926,0.170926,0.170925
11412,0.170857,0.170857,0.170857
11413,0.170779,0.170779,0.170778
11414,0.170731,0.170731,0.17073
11415,0.170698,0.170698,0.170698
11416,0.170642,0.170643,0.170642
11417,0.170617,0.170618,0.170617
11418,0.170565,0.170566,0.170565
11419,0.170474,0.170475,0.170474
11420,0.170453,0.170453,0.170453
11421,0.17038,0.17038,0.17038
11422,0.170309,0.17031,0.170309
11423,0.170252,0.170252,0.170251
11424,0.170175,0.170175,0.170175
11425,0.17009,0.170091,0.17009
11426,0.170035,0.170035,0.170035
11427,0.169966,0.169966,0.169965
11428,0.169904,0.169904,0.169904
11429,0.169833,0.169833,0.169833
11430,0.16978,0.16978,0.169779
11431,0.169751,0.169751,0.169751
11432,0.169683,0.169684,0.169683
11433,0.169597,0.169597,0.169597
11434,0.169509,0.169509,0.169509
11435,0.16948,0.16948,0.16948
11436,0.169401,0.169402,0.169401
11437,0.169318,0.169319,0.169318
11438,0.169254,0.169255,0.169254
11439,0.169211,0.169212,0.169211
11440,0.169129,0.16913,0.169129
11441,0.169084,0.169084,0.169084
11442,0.169054,0.169054,0.169053
11443,0.168995,0.168996,0.168995
11444,0.16893,0.168931,0.16893
11445,0.168902,0.168902,0.168902
11446,0.168817,0.168817,0.168816
11447,0.168782,0.168783,0.168782
11448,0.168746,0.168747,0.168746
11449,0.168713,0.168714,0.168713
11450,0.168621,0.168622,0.168621
11451,0.168555,0.168556,0.168555
11452,0.16848,0.16848,0.16848
11453,0.168449,0.168449,0.168449
11454,0.168359,0.168359,0.168359
11455,0.168302,0.168302,0.168302
11456,0.168228,0.168228,0.168228
11457,0.168155,0.168156,0.168155
11458,0.168106,0.168106,0.168105
11459,0.168034,0.168035,0.168034
11460,0.167996,0.167997,0.167996
11461,0.16794,0.16794,0.16794
11462,0.167907,0.167907,0.167906
11463,0.167839,0.16784,0.167839
11464,0.167749,0.16775,0.167749
11465,0.167726,0.167727,0.167726
11466,0.167678,0.167678,0.167677
11467,0.167628,0.167629,0.167628
11468,0.167595,0.167595,0.167594
11469,0.167518,0.167518,0.167517
11470,0.167455,0.167455,0.167454
11471,0.167431,0.167431,0.16743
11472,0.167399,0.167399,0.167399
11473,0.167343,0.167344,0.167343
11474,0.167256,0.167257,0.167256
11475,0.167179,0.16718,0.167179
11476,0.167104,0.167105,0.167104
11477,0.167048,0.167049,0.167048
11478,0.166963,0.166964,0.166963
11479,0.166905,0.166905,0.166904
11480,0.166865,0.166866,0.166865
11481,0.166803,0.166803,0.166802
11482,0.166783,0.166784,0.166783
11483,0.166731,0.166731,0.166731
11484,0.166641,0.166641,0.166641
11485,0.166587,0.166588,0.166587
11486,0.166557,0.166557,0.166556
11487,0.166497,0.166497,0.166497
11488,0.166467,0.166468,0.166467
11489,0.166414,0.166414,0.166413
11490,0.166385,0.166386,0.166385
11491,0.166331,0.166331,0.16633
11492,0.166246,0.166246,0.166245
11493,0.166191,0.166192,0.166191
11494,0.166123,0.166123,0.166122
11495,0.166099,0.166099,0.166099
11496,0.166068,0.166069,0.166068
11497,0.166018,0.166018,0.166017
11498,0.165997,0.165998,0.165997
11499,0.165943,0.165943,0.165942
11500,0.165891,0.165891,0.165891
11501,0.165822,0.165822,0.165821
11502,0.165756,0.165756,0.165755
11503,0.165716,0.165716,0.165715
11504,0.165654,0.165654,0.165653
11505,0.165618,0.165619,0.165618
11506,0.165565,0.165566,0.165565
11507,0.165476,0.165477,0.165476
11508,0.16543,0.16543,0.165429
11509,0.165402,0.165403,0.165402
11510,0.165329,0.165329,0.165328
11511,0.16524,0.16524,0.165239
11512,0.165152,0.165153,0.165152
11513,0.165067,0.165068,0.165067
11514,0.165029,0.16503,0.165029
11515,0.164984,0.164984,0.164984
11516,0.164906,0.164907,0.164906
11517,0.16488,0.164881,0.16488
11518,0.164803,0.164803,0.164802
11519,0.164726,0.164727,0.164726
11520,0.164642,0.164643,0.164642
11521,0.164573,0.164573,0.164573
11522,0.164502,0.164502,0.164501
11523,0.164427,0.164428,0.164427
11524,0.164381,0.164381,0.16438
11525,0.164345,0.164345,0.164344
11526,0.164288,0.164289,0.164288
11527,0.164253,0.164254,0.164253
11528,0.164216,0.164217,0.164216
11529,0.164167,0.164168,0.164167
11530,0.164135,0.164136,0.164135
11531,0.164062,0.164063,0.164062
11532,0.163972,0.163972,0.163971
11533,0.163938,0.163938,0.163937
11534,0.163904,0.163905,0.163904
11535,0.163876,0.163876,0.163875
11536,0.163796,0.163796,0.163795
11537,0.163746,0.163746,0.163745
11538,0.163683,0.163684,0.163683
11539,0.163608,0.163608,0.163607
11540,0.163558,0.163558,0.163557
11541,0.163516,0.163516,0.163515
11542,0.163426,0.163426,0.163425
11543,0.163353,0.163353,0.163352
11544,0.163291,0.163291,0.16329
11545,0.163259,0.163259,0.163258
11546,0.163218,0.163218,0.163217
11547,0.163157,0.163157,0.163156
11548,0.163119,0.16312,0.163119
11549,0.163047,0.163047,0.163047
11550,0.162972,0.162972,0.162971
11551,0.162879,0.16288,0.162879
11552,0.162801,0.162801,0.1628
11553,0.16278,0.16278,0.162779
11554,0.162705,0.162705,0.162704
11555,0.162673,0.162673,0.162672
11556,0.162599,0.1626,0.162599
11557,0.162525,0.162525,0.162524
11558,0.162477,0.162477,0.162476
11559,0.162436,0.162437,0.162436
11560,0.162398,0.162398,0.162398
11561,0.162378,0.162379,0.162378
11562,0.162349,0.162349,0.162348
11563,0.162279,0.162279,0.162278
11564,0.16226,0.16226,0.162259
11565,0.162234,0.162234,0.162233
11566,0.162176,0.162176,0.162175
11567,0.162119,0.162119,0.162118
11568,0.162058,0.162059,0.162058
11569,0.162026,0.162027,0.162026
11570,0.161945,0.161945,0.161944
11571,0.161893,0.161894,0.161893
11572,0.16182,0.16182,0.161819
11573,0.161735,0.161735,0.161734
11574,0.161655,0.161655,0.161654
11575,0.161613,0.161613,0.161612
11576,0.161571,0.161572,0.161571
11577,0.161531,0.161531,0.16153
11578,0.16149,0.161491,0.16149
11579,0.161435,0.161435,0.161434
11580,0.161385,0.161385,0.161385
11581,0.16135,0.16135,0.161349
11582,0.161277,0.161277,0.161276
11583,0.161248,0.161248,0.161247
11584,0.161192,0.161193,0.161192
11585,0.161136,0.161136,0.161135
11586,0.161061,0.161061,0.16106
11587,0.16097,0.16097,0.160969
11588,0.160886,0.160886,0.160885
11589,0.160806,0.160807,0.160806
11590,0.160756,0.160756,0.160756
11591,0.160691,0.160691,0.16069
11592,0.160601,0.160602,0.160601
11593,0.160559,0.16056,0.160559
11594,0.16054,0.16054,0.16054
11595,0.160484,0.160485,0.160484
11596,0.160418,0.160418,0.160418
11597,0.160367,0.160368,0.160367
11598,0.160322,0.160322,0.160322
11599,0.160259,0.160259,0.160258
11600,0.16024,0.16024,0.16024
11601,0.160186,0.160186,0.160186
11602,0.160132,0.160132,0.160132
11603,0.160113,0.160114,0.160113
11604,0.160059,0.160059,0.160058
11605,0.16,0.16,0.159999
11606,0.159974,0.159975,0.159974
11607,0.159952,0.159952,0.159951
11608,0.159902,0.159902,0.159901
11609,0.159832,0.159832,0.159832
11610,0.159758,0.159758,0.159758
11611,0.159724,0.159724,0.159724
11612,0.159661,0.159661,0.159661
11613,0.1596,0.159601,0.1596
11614,0.159509,0.159509,0.159509
11615,0.159451,0.159452,0.159451
11616,0.159427,0.159428,0.159427
11617,0.159357,0.159357,0.159357
11618,0.159296,0.159296,0.159296
11619,0.159205,0.159206,0.159205
11620,0.159117,0.159117,0.159117
11621,0.15906,0.15906,0.15906
11622,0.159026,0.159027,0.159026
11623,0.159001,0.159002,0.159002
11624,0.158961,0.158962,0.158961
11625,0.158932,0.158933,0.158933
11626,0.158853,0.158853,0.158853
11627,0.158772,0.158772,0.158772
11628,0.158741,0.158741,0.158741
11629,0.15866,0.158661,0.158661
11630,0.158589,0.158589,0.158589
11631,0.158543,0.158543,0.158543
11632,0.158509,0.158509,0.158509
11633,0.158486,0.158486,0.158486
11634,0.158431,0.158431,0.158432
11635,0.158383,0.158384,0.158384
11636,0.158318,0.158319,0.158319
11637,0.158268,0.158268,0.158268
11638,0.158209,0.158209,0.15821
11639,0.158188,0.158189,0.158189
11640,0.158109,0.15811,0.15811
11641,0.158032,0.158032,0.158032
11642,0.158009,0.158009,0.158009
11643,0.157918,0.157918,0.157918
11644,0.157832,0.157832,0.157832
11645,0.157739,0.15774,0.15774
11646,0.157689,0.157689,0.15769
11647,0.157643,0.157644,0.157644
11648,0.157613,0.157614,0.157614
11649,0.157566,0.157566,0.157566
11650,0.157497,0.157498,0.157498
11651,0.157455,0.157456,0.157456
11652,0.157381,0.157382,0.157382
11653,0.157346,0.157346,0.157347
11654,0.15727,0.15727,0.15727
11655,0.157193,0.157194,0.157194
11656,0.157118,0.157119,0.157119
11657,0.15708,0.157081,0.157081
11658,0.157049,0.157049,0.157049
11659,0.156995,0.156995,0.156996
11660,0.156936,0.156936,0.156937
11661,0.156855,0.156855,0.156856
11662,0.156819,0.15682,0.15682
11663,0.156746,0.156746,0.156746
11664,0.156664,0.156664,0.156665
11665,0.156578,0.156578,0.156579
11666,0.156507,0.156507,0.156507
11667,0.156445,0.156445,0.156445
11668,0.156414,0.156415,0.156415
11669,0.156382,0.156383,0.156383
11670,0.156297,0.156297,0.156298
11671,0.156263,0.156263,0.156264
11672,0.156189,0.15619,0.15619
11673,0.156143,0.156144,0.156144
11674,0.156107,0.156108,0.156108
11675,0.156064,0.156065,0.156065
11676,0.156018,0.156018,0.156019
11677,0.155955,0.155955,0.155956
11678,0.155866,0.155866,0.155866
11679,0.155822,0.155822,0.155823
11680,0.155778,0.155778,0.155779
11681,0.155717,0.155718,0.155718
11682,0.155692,0.155692,0.155692
11683,0.155615,0.155616,0.155616
11684,0.155542,0.155543,0.155543
11685,0.155508,0.155508,0.155508
11686,0.155468,0.155468,0.155469
11687,0.155377,0.155378,0.155378
11688,0.155329,0.15533,0.15533
11689,0.155307,0.155307,0.155307
11690,0.155235,0.155236,0.155236
11691,0.155213,0.155213,0.155213
11692,0.155121,0.155121,0.155121
11693,0.155039,0.15504,0.15504
11694,0.154974,0.154975,0.154975
11695,0.154928,0.154928,0.154928
11696,0.154864,0.154864,0.154864
11697,0.154843,0.154844,0.154843
11698,0.154799,0.1548,0.154799
11699,0.154759,0.154759,0.154759
11700,0.154712,0.154712,0.154712
11701,0.154655,0.154655,0.154655
11702,0.154636,0.154636,0.154636
11703,0.154558,0.154558,0.154558
11704,0.154488,0.154489,0.154488
11705,0.154431,0.154431,0.154431
11706,0.154407,0.154407,0.154407
11707,0.154377,0.154377,0.154377
11708,0.15429,0.15429,0.154289
11709,0.154202,0.154202,0.154202
11710,0.154127,0.154127,0.154127
11711,0.154046,0.154047,0.154046
11712,0.154007,0.154007,0.154007
11713,0.153933,0.153934,0.153933
11714,0.153842,0.153842,0.153841
11715,0.1538,0.1538,0.153799
11716,0.153751,0.153751,0.15375
11717,0.153663,0.153664,0.153663
11718,0.153592,0.153592,0.153591
11719,0.153528,0.153528,0.153528
11720,0.153502,0.153502,0.153501
11721,0.153456,0.153457,0.153456
11722,0.153379,0.15338,0.153379
11723,0.153316,0.153316,0.153315
11724,0.153241,0.153241,0.15324
11725,0.153188,0.153188,0.153188
11726,0.153165,0.153165,0.153164
11727,0.153092,0.153093,0.153092
11728,0.153043,0.153043,0.153043
11729,0.152965,0.152965,0.152964
11730,0.152927,0.152927,0.152926
11731,0.152865,0.152865,0.152864
11732,0.152796,0.152797,0.152796
11733,0.152706,0.152707,0.152706
11734,0.152634,0.152634,0.152633
11735,0.152547,0.152547,0.152546
11736,0.152469,0.152469,0.152468
11737,0.152439,0.152439,0.152438
11738,0.152361,0.152362,0.152361
11739,0.152342,0.152343,0.152342
11740,0.152261,0.152262,0.152261
11741,0.152179,0.152179,0.152178
11742,0.15212,0.15212,0.152119
11743,0.152071,0.152071,0.15207
11744,0.152006,0.152007,0.152006
11745,0.151922,0.151922,0.151921
11746,0.151888,0.151888,0.151887
11747,0.151802,0.151802,0.151801
11748,0.151783,0.151783,0.151782
11749,0.151747,0.151748,0.151747
11750,0.151718,0.151719,0.151718
11751,0.151683,0.151683,0.151682
11752,0.151643,0.151643,0.151642
11753,0.151551,0.151551,0.15155
11754,0.15153,0.15153,0.151529
11755,0.151472,0.151472,0.151471
11756,0.15139,0.15139,0.151389
11757,0.151314,0.151314,0.151313
11758,0.151263,0.151264,0.151262
11759,0.151218,0.151218,0.151217
11760,0.151145,0.151146,0.151145
11761,0.151095,0.151095,0.151094
11762,0.151058,0.151058,0.151057
11763,0.150971,0.150972,0.150971
11764,0.15089,0.15089,0.150889
11765,0.150856,0.150856,0.150855
11766,0.150799,0.150799,0.150798
11767,0.150718,0.150718,0.150717
11768,0.150686,0.150686,0.150685
11769,0.150646,0.150647,0.150646
11770,0.150607,0.150608,0.150606
11771,0.150548,0.150548,0.150547
11772,0.150467,0.150468,0.150467
11773,0.150379,0.150379,0.150378
11774,0.150319,0.15032,0.150319
11775,0.150234,0.150234,0.150233
11776,0.150191,0.150191,0.15019
11777,0.150122,0.150123,0.150122
11778,0.150045,0.150046,0.150045
11779,0.149978,0.149979,0.149977
11780,0.149907,0.149908,0.149907
11781,0.149856,0.149856,0.149855
11782,0.149827,0.149828,0.149827
11783,0.149794,0.149794,0.149793
11784,0.149726,0.149727,0.149726
11785,0.149705,0.149706,0.149705
11786,0.149682,0.149682,0.149681
11787,0.149647,0.149647,0.149646
11788,0.149598,0.149599,0.149598
11789,0.149515,0.149515,0.149515
11790,0.149454,0.149455,0.149454
11791,0.149406,0.149406,0.149406
11792,0.149315,0.149315,0.149314
11793,0.149243,0.149244,0.149243
11794,0.149171,0.149171,0.14917
11795,0.149141,0.149141,0.14914
11796,0.149057,0.149058,0.149057
11797,0.148992,0.148992,0.148991
11798,0.148907,0.148907,0.148906
11799,0.148861,0.148862,0.148861
11800,0.148804,0.148805,0.148804
11801,0.148754,0.148754,0.148754
11802,0.148691,0.148692,0.148691
11803,0.148653,0.148654,0.148653
11804,0.148628,0.148629,0.148628
11805,0.148591,0.148591,0.148591
11806,0.148566,0.148566,0.148565
11807,0.148528,0.148529,0.148528
11808,0.148484,0.148485,0.148484
11809,0.148424,0.148425,0.148424
11810,0.148339,0.14834,0.148339
11811,0.14832,0.14832,0.14832
11812,0.148289,0.148289,0.148288
11813,0.148259,0.14826,0.148259
11814,0.148171,0.148171,0.14817
11815,0.148091,0.148091,0.14809
11816,0.148034,0.148035,0.148034
11817,0.14795,0.14795,0.147949
11818,0.14788,0.147881,0.14788
11819,0.147852,0.147852,0.147852
11820,0.147768,0.147768,0.147768
11821,0.1477,0.1477,0.147699
11822,0.147671,0.147672,0.147671
11823,0.147629,0.147629,0.147629
11824,0.147537,0.147538,0.147537
11825,0.147446,0.147447,0.147446
11826,0.147412,0.147412,0.147412
11827,0.147351,0.147351,0.147351
11828,0.147302,0.147302,0.147301
11829,0.147252,0.147252,0.147251
11830,0.147193,0.147193,0.147192
11831,0.14711,0.14711,0.147109
11832,0.147069,0.14707,0.147069
11833,0.147031,0.147031,0.147031
11834,0.146964,0.146965,0.146964
11835,0.146885,0.146885,0.146885
11836,0.146834,0.146835,0.146834
11837,0.146795,0.146796,0.146795
11838,0.146725,0.146726,0.146725
11839,0.146691,0.146691,0.14669
11840,0.14662,0.146621,0.14662
11841,0.146599,0.146599,0.146599
11842,0.146524,0.146524,0.146524
11843,0.146483,0.146484,0.146483
11844,0.146456,0.146457,0.146456
11845,0.146376,0.146376,0.146376
11846,0.146313,0.146313,0.146312
11847,0.146225,0.146226,0.146225
11848,0.146159,0.146159,0.146158
11849,0.146099,0.1461,0.146099
11850,0.146009,0.14601,0.146009
11851,0.145943,0.145944,0.145943
11852,0.145857,0.145858,0.145857
11853,0.145793,0.145793,0.145793
11854,0.14573,0.14573,0.14573
11855,0.145692,0.145692,0.145692
11856,0.145673,0.145673,0.145673
11857,0.145635,0.145635,0.145635
11858,0.145557,0.145557,0.145557
11859,0.145512,0.145512,0.145512
11860,0.145423,0.145423,0.145423
11861,0.145392,0.145392,0.145392
11862,0.145329,0.14533,0.14533
11863,0.145286,0.145286,0.145286
11864,0.145204,0.145204,0.145204
11865,0.14514,0.145141,0.14514
11866,0.145062,0.145063,0.145063
11867,0.14501,0.145011,0.14501
11868,0.144924,0.144924,0.144924
11869,0.144878,0.144878,0.144878
11870,0.144812,0.144812,0.144812
11871,0.144759,0.144759,0.144759
11872,0.144686,0.144686,0.144686
11873,0.144665,0.144666,0.144666
11874,0.144598,0.144599,0.144599
11875,0.144575,0.144576,0.144575
11876,0.144533,0.144533,0.144533
11877,0.144459,0.144459,0.144459
11878,0.144434,0.144434,0.144434
11879,0.144375,0.144376,0.144375
11880,0.144294,0.144294,0.144294
11881,0.144201,0.144201,0.144201
11882,0.14413,0.14413,0.14413
11883,0.14408,0.144081,0.144081
11884,0.14399,0.14399,0.14399
11885,0.143956,0.143957,0.143957
11886,0.143874,0.143875,0.143875
11887,0.143784,0.143784,0.143784
11888,0.143746,0.143746,0.143746
11889,0.143667,0.143667,0.143667
11890,0.14361,0.14361,0.14361
11891,0.143541,0.143541,0.143541
11892,0.143472,0.143473,0.143473
11893,0.143405,0.143406,0.143405
11894,0.143362,0.143362,0.143362
11895,0.143337,0.143337,0.143337
11896,0.143305,0.143305,0.143305
11897,0.143215,0.143216,0.143216
11898,0.143145,0.143145,0.143145
11899,0.143093,0.143093,0.143093
11900,0.143061,0.143061,0.143061
11901,0.142983,0.142983,0.142983
11902,0.142929,0.142929,0.142929
11903,0.142888,0.142888,0.142888
11904,0.14286,0.14286,0.14286
11905,0.142813,0.142813,0.142813
11906,0.142766,0.142766,0.142766
11907,0.142677,0.142677,0.142677
11908,0.142647,0.142647,0.142647
11909,0.142624,0.142625,0.142625
11910,0.14257,0.14257,0.14257
11911,0.142517,0.142518,0.142517
11912,0.142452,0.142453,0.142452
11913,0.142433,0.142433,0.142433
11914,0.142355,0.142356,0.142356
11915,0.142272,0.142272,0.142272
11916,0.142201,0.142201,0.142201
11917,0.142159,0.142159,0.142159
11918,0.142134,0.142135,0.142134
11919,0.142063,0.142063,0.142063
11920,0.142021,0.142022,0.142021
11921,0.14195,0.14195,0.14195
11922,0.141862,0.141862,0.141862
11923,0.141819,0.141819,0.141819
11924,0.141734,0.141734,0.141734
11925,0.141687,0.141687,0.141687
11926,0.141629,0.14163,0.141629
11927,0.141594,0.141595,0.141594
11928,0.141557,0.141557,0.141557
11929,0.141524,0.141524,0.141524
11930,0.141489,0.14149,0.14149
11931,0.141468,0.141468,0.141468
11932,0.141443,0.141443,0.141443
11933,0.141398,0.141398,0.141398
11934,0.141358,0.141359,0.141358
11935,0.14127,0.14127,0.14127
11936,0.141219,0.141219,0.141219
11937,0.141146,0.141147,0.141146
11938,0.141087,0.141087,0.141087
11939,0.141006,0.141007,0.141006
11940,0.140949,0.140949,0.140949
11941,0.140928,0.140928,0.140928
11942,0.140883,0.140884,0.140883
11943,0.140795,0.140796,0.140795
11944,0.140719,0.14072,0.140719
11945,0.140684,0.140685,0.140684
11946,0.14061,0.140611,0.14061
11947,0.140547,0.140547,0.140547
11948,0.140469,0.14047,0.140469
11949,0.140403,0.140404,0.140403
11950,0.140379,0.14038,0.140379
11951,0.140343,0.140343,0.140343
11952,0.140291,0.140291,0.14029
11953,0.140269,0.140269,0.140269
11954,0.140228,0.140228,0.140228
11955,0.140184,0.140184,0.140184
11956,0.140129,0.140129,0.140129
11957,0.140079,0.140079,0.140078
11958,0.139989,0.139989,0.139989
11959,0.13992,0.13992,0.13992
11960,0.13987,0.13987,0.13987
11961,0.139825,0.139825,0.139825
11962,0.139788,0.139788,0.139788
11963,0.139722,0.139722,0.139722
11964,0.139667,0.139667,0.139667
11965,0.139603,0.139604,0.139603
11966,0.139549,0.139549,0.139549
11967,0.139472,0.139472,0.139472
11968,0.139445,0.139445,0.139445
11969,0.139385,0.139385,0.139385
11970,0.139323,0.139324,0.139323
11971,0.139296,0.139297,0.139296
11972,0.139236,0.139236,0.139236
11973,0.139165,0.139165,0.139165
11974,0.139118,0.139119,0.139118
11975,0.139098,0.139098,0.139098
11976,0.13907,0.13907,0.13907
11977,0.139051,0.139051,0.139051
11978,0.139025,0.139025,0.139025
11979,0.138983,0.138984,0.138983
11980,0.138928,0.138928,0.138927
11981,0.138846,0.138846,0.138846
11982,0.138777,0.138777,0.138776
11983,0.138722,0.138722,0.138722
11984,0.138679,0.13868,0.138679
11985,0.138657,0.138658,0.138657
11986,0.138625,0.138626,0.138625
11987,0.138586,0.138586,0.138586
11988,0.138508,0.138508,0.138508
11989,0.138453,0.138453,0.138453
11990,0.138386,0.138386,0.138386
11991,0.138302,0.138302,0.138302
11992,0.13827,0.13827,0.13827
11993,0.138206,0.138206,0.138206
11994,0.138125,0.138126,0.138125
11995,0.1381,0.138101,0.1381
11996,0.138008,0.138009,0.138008
11997,0.137987,0.137987,0.137987
11998,0.137931,0.137931,0.137931
11999,0.137866,0.137867,0.137866
12000,0.137804,0.137805,0.137804
