time,soc_true,soc_kf,soc_fgo
0,0.799943,0.799943,0.799945
1,0.799886,0.799881,0.800045
2,0.799849,0.79984,0.800158
3,0.799812,0.799799,0.800268
4,0.799769,0.799752,0.800367
5,0.799745,0.799726,0.800482
6,0.799717,0.799695,0.800591
7,0.799697,0.799673,0.800708
8,0.799605,0.799572,0.800744
9,0.799561,0.799523,0.800823
10,0.799523,0.799481,0.800904
11,0.799493,0.799448,0.800993
12,0.79945,0.799401,0.801067
13,0.799358,0.7993,0.801084
14,0.799287,0.799222,0.801116
15,0.799239,0.799169,0.801167
16,0.799165,0.799088,0.801187
17,0.799109,0.799026,0.801221
18,0.799083,0.798997,0.801285
19,0.798997,0.798902,0.801283
20,0.798946,0.798846,0.801313
21,0.798863,0.798755,0.801306
22,0.798803,0.798689,0.801319
23,0.798751,0.798633,0.801337
24,0.798685,0.798559,0.801337
25,0.798637,0.798507,0.801354
26,0.798549,0.798411,0.801326
27,0.798504,0.79836,0.801338
28,0.798416,0.798264,0.801303
29,0.798368,0.798211,0.801306
30,0.798289,0.798124,0.801274
31,0.798242,0.798072,0.801272
32,0.798178,0.798002,0.801251
33,0.798121,0.797939,0.801236
34,0.798093,0.797909,0.80125
35,0.798021,0.797829,0.801219
36,0.797964,0.797767,0.8012
37,0.797914,0.797711,0.801188
38,0.797869,0.797662,0.801181
39,0.797779,0.797563,0.801125
40,0.797743,0.797524,0.801123
41,0.797699,0.797475,0.801114
42,0.797631,0.7974,0.801078
43,0.797594,0.797359,0.801074
44,0.79755,0.797311,0.801065
45,0.797485,0.797239,0.801033
46,0.79743,0.797179,0.80101
47,0.797351,0.797092,0.800961
48,0.797284,0.797019,0.800922
49,0.797206,0.796933,0.800868
50,0.797184,0.796908,0.800872
51,0.797118,0.796835,0.800831
52,0.797062,0.796774,0.800801
53,0.797003,0.796709,0.800766
54,0.79693,0.796629,0.800715
55,0.796846,0.796537,0.80065
56,0.796762,0.796444,0.80058
57,0.796741,0.796421,0.800576
58,0.796682,0.796356,0.800534
59,0.796654,0.796325,0.800526
60,0.796575,0.796239,0.800466
61,0.796485,0.79614,0.80039
62,0.796442,0.796092,0.800361
63,0.796355,0.795996,0.800284
64,0.796268,0.795901,0.800204
65,0.796228,0.795856,0.800171
66,0.796177,0.795801,0.800129
67,0.796112,0.79573,0.800071
68,0.796035,0.795644,0.799998
69,0.795988,0.795593,0.799955
70,0.795923,0.795522,0.799895
71,0.795876,0.79547,0.799851
72,0.795788,0.795373,0.799765
73,0.795731,0.79531,0.799707
74,0.795654,0.795225,0.799628
75,0.795615,0.795183,0.799587
76,0.795582,0.795146,0.799555
77,0.795523,0.795081,0.799497
78,0.795447,0.794998,0.79942
79,0.795379,0.794923,0.799349
80,0.795331,0.79487,0.799298
81,0.795277,0.79481,0.79924
82,0.795233,0.794762,0.799194
83,0.795191,0.794716,0.799152
84,0.79514,0.79466,0.799101
85,0.795121,0.794639,0.799086
86,0.795062,0.794574,0.799032
87,0.795033,0.794542,0.79901
88,0.794945,0.794446,0.798927
89,0.794885,0.794379,0.798869
90,0.79485,0.794341,0.798839
91,0.794805,0.794292,0.798801
92,0.794717,0.794195,0.798716
93,0.794641,0.794111,0.798641
94,0.79456,0.794022,0.798556
95,0.794482,0.793937,0.798472
96,0.794407,0.793853,0.798387
97,0.794362,0.793804,0.798332
98,0.7943,0.793736,0.79826
99,0.794246,0.793677,0.798196
100,0.794222,0.793651,0.798165
101,0.794203,0.793629,0.798142
102,0.794164,0.793587,0.798104
103,0.794141,0.793561,0.798083
104,0.794105,0.793522,0.798054
105,0.794048,0.793459,0.798003
106,0.794018,0.793426,0.797983
107,0.793985,0.79339,0.797961
108,0.793901,0.793298,0.797888
109,0.793813,0.7932,0.797805
110,0.793722,0.7931,0.797715
111,0.793693,0.793068,0.797688
112,0.79361,0.792977,0.797605
113,0.793554,0.792915,0.797547
114,0.793513,0.79287,0.797506
115,0.793455,0.792807,0.797449
116,0.793414,0.792761,0.797409
117,0.793335,0.792675,0.79733
118,0.793245,0.792575,0.797234
119,0.793162,0.792484,0.797143
120,0.793137,0.792457,0.79711
121,0.7931,0.792416,0.797068
122,0.793022,0.79233,0.796984
123,0.792989,0.792294,0.796945
124,0.792935,0.792235,0.796887
125,0.792863,0.792156,0.796809
126,0.792814,0.792101,0.796752
127,0.792779,0.792063,0.796712
128,0.792697,0.791973,0.796624
129,0.792664,0.791936,0.796584
130,0.792637,0.791906,0.796554
131,0.792606,0.791872,0.796523
132,0.792581,0.791845,0.796502
133,0.792496,0.791752,0.79642
134,0.792472,0.791725,0.7964
135,0.792444,0.791694,0.796379
136,0.792357,0.791599,0.796297
137,0.792284,0.791519,0.796227
138,0.792232,0.791462,0.796176
139,0.792211,0.791438,0.796159
140,0.79213,0.791349,0.796083
141,0.792096,0.791311,0.796052
142,0.792017,0.791225,0.795977
143,0.791949,0.79115,0.795909
144,0.791856,0.791048,0.795813
145,0.791785,0.790969,0.795734
146,0.791763,0.790945,0.795708
147,0.791682,0.790856,0.79562
148,0.791601,0.790767,0.795529
149,0.791537,0.790697,0.795453
150,0.791486,0.790641,0.79539
151,0.791457,0.790609,0.795351
152,0.791421,0.790569,0.795307
153,0.791363,0.790505,0.795242
154,0.791312,0.79045,0.795184
155,0.791255,0.790387,0.795118
156,0.791169,0.790292,0.795021
157,0.791143,0.790263,0.794984
158,0.791123,0.790241,0.794958
159,0.791098,0.790214,0.794931
160,0.791012,0.79012,0.794841
161,0.790936,0.790036,0.794756
162,0.790908,0.790005,0.794721
163,0.790883,0.789977,0.794692
164,0.79084,0.78993,0.794648
165,0.790784,0.789869,0.794591
166,0.790753,0.789834,0.794559
167,0.790701,0.789778,0.794509
168,0.790663,0.789735,0.794473
169,0.790598,0.789664,0.794411
170,0.790523,0.789581,0.794335
171,0.790498,0.789553,0.79431
172,0.790431,0.78948,0.794244
173,0.790355,0.789396,0.794165
174,0.790309,0.789346,0.794116
175,0.79029,0.789326,0.794098
176,0.79026,0.789292,0.794072
177,0.790227,0.789256,0.794046
178,0.790173,0.789197,0.794
179,0.790087,0.789101,0.793917
180,0.790019,0.789027,0.793852
181,0.789981,0.788985,0.793816
182,0.789889,0.788884,0.793723
183,0.789832,0.788821,0.793663
184,0.789761,0.788744,0.793587
185,0.789719,0.788697,0.79354
186,0.789632,0.788601,0.793445
187,0.789606,0.788572,0.793412
188,0.789552,0.788513,0.793353
189,0.789509,0.788466,0.793304
190,0.789479,0.788433,0.793272
191,0.789429,0.788378,0.79322
192,0.789347,0.788288,0.793134
193,0.789324,0.788262,0.793108
194,0.789231,0.788161,0.79301
195,0.789197,0.788122,0.792969
196,0.789151,0.788073,0.792919
197,0.78906,0.787972,0.79282
198,0.789028,0.787937,0.79278
199,0.788999,0.787905,0.792746
200,0.788947,0.787848,0.79269
201,0.788915,0.787813,0.792656
202,0.788852,0.787744,0.79259
203,0.788815,0.787703,0.792552
204,0.788737,0.787617,0.79247
205,0.788665,0.787538,0.792391
206,0.788636,0.787505,0.792356
207,0.788615,0.787483,0.792334
208,0.788594,0.787459,0.792314
209,0.788525,0.787384,0.792248
210,0.788455,0.787307,0.792177
211,0.788396,0.787242,0.792116
212,0.788306,0.787143,0.792019
213,0.788253,0.787084,0.791958
214,0.788219,0.787047,0.791917
215,0.788193,0.787019,0.791887
216,0.788117,0.786935,0.791806
217,0.788097,0.786913,0.791783
218,0.788023,0.786831,0.791704
219,0.787995,0.786801,0.791674
220,0.787975,0.786778,0.791654
221,0.787956,0.786758,0.79164
222,0.787889,0.786684,0.791578
223,0.787798,0.786584,0.791488
224,0.787763,0.786545,0.791453
225,0.787744,0.786524,0.791438
226,0.787691,0.786466,0.79139
227,0.787626,0.786395,0.79133
228,0.787539,0.786299,0.791242
229,0.787505,0.786261,0.791208
230,0.787482,0.786236,0.791188
231,0.787455,0.786206,0.791169
232,0.787423,0.786172,0.791147
233,0.787341,0.786082,0.791074
234,0.787294,0.786029,0.791033
235,0.787207,0.785934,0.790951
236,0.787131,0.78585,0.790875
237,0.787082,0.785797,0.790826
238,0.787013,0.78572,0.790755
239,0.786955,0.785657,0.790694
240,0.786904,0.7856,0.790639
241,0.786821,0.785509,0.79055
242,0.786779,0.785463,0.790501
243,0.786755,0.785436,0.790473
244,0.78672,0.785398,0.790438
245,0.786688,0.785363,0.790408
246,0.786653,0.785325,0.790377
247,0.786623,0.785291,0.790354
248,0.786589,0.785254,0.79033
249,0.786563,0.785225,0.790317
250,0.78653,0.785189,0.7903
251,0.786483,0.785137,0.790271
252,0.786445,0.785095,0.790253
253,0.786359,0.785001,0.790184
254,0.786305,0.784942,0.790147
255,0.786214,0.784841,0.790068
256,0.786122,0.78474,0.789984
257,0.786043,0.784654,0.789909
258,0.785988,0.784593,0.789856
259,0.785901,0.784497,0.789768
260,0.78585,0.784441,0.789715
261,0.78583,0.784419,0.789696
262,0.785778,0.784361,0.789647
263,0.78571,0.784287,0.789581
264,0.785647,0.784217,0.789519
265,0.785576,0.784139,0.789446
266,0.785541,0.784102,0.789412
267,0.785501,0.784057,0.789374
268,0.785444,0.783995,0.789319
269,0.785372,0.783915,0.789247
270,0.785288,0.783823,0.78916
271,0.78523,0.783759,0.789098
272,0.785143,0.783663,0.789002
273,0.785105,0.783622,0.788956
274,0.785078,0.783592,0.788924
275,0.785046,0.783557,0.788891
276,0.785027,0.783536,0.788875
277,0.784949,0.78345,0.788798
278,0.784916,0.783414,0.788769
279,0.784854,0.783345,0.788709
280,0.78482,0.783308,0.78868
281,0.784796,0.783282,0.788665
282,0.784719,0.783198,0.788597
283,0.784684,0.783159,0.78857
284,0.784623,0.783092,0.788519
285,0.784567,0.78303,0.788471
286,0.784486,0.782941,0.788397
287,0.784403,0.78285,0.788317
288,0.784339,0.782779,0.788253
289,0.784264,0.782697,0.788176
290,0.784176,0.7826,0.788082
291,0.784151,0.782572,0.788052
292,0.784092,0.782507,0.78799
293,0.78403,0.782439,0.787924
294,0.784011,0.782418,0.787903
295,0.783964,0.782367,0.787857
296,0.783887,0.782281,0.787779
297,0.783857,0.782249,0.78775
298,0.783809,0.782196,0.787704
299,0.783764,0.782146,0.787662
300,0.783686,0.782061,0.787587
301,0.783628,0.781996,0.787529
302,0.783569,0.781933,0.787471
303,0.783516,0.781873,0.787417
304,0.783427,0.781776,0.787325
305,0.783384,0.781729,0.787279
306,0.783306,0.781642,0.787195
307,0.783256,0.781587,0.787139
308,0.783222,0.781551,0.787102
309,0.783177,0.781501,0.787055
310,0.783112,0.781429,0.786987
311,0.783042,0.781353,0.786913
312,0.782999,0.781305,0.786865
313,0.782974,0.781278,0.78684
314,0.78293,0.781229,0.786798
315,0.782908,0.781204,0.786781
316,0.782884,0.781178,0.786767
317,0.782801,0.781087,0.786692
318,0.782731,0.78101,0.786628
319,0.782649,0.78092,0.786549
320,0.782623,0.780892,0.786527
321,0.782586,0.780851,0.786497
322,0.782516,0.780773,0.786434
323,0.782485,0.78074,0.786412
324,0.782431,0.78068,0.786368
325,0.782367,0.78061,0.786314
326,0.782279,0.780513,0.786232
327,0.782256,0.780488,0.786217
328,0.782196,0.780422,0.786166
329,0.782136,0.780355,0.786114
330,0.782094,0.78031,0.786083
331,0.782002,0.780208,0.785998
332,0.78195,0.780151,0.785952
333,0.781884,0.780078,0.785892
334,0.781847,0.780038,0.785862
335,0.78178,0.779964,0.785802
336,0.781732,0.779911,0.785762
337,0.781657,0.779829,0.785694
338,0.781631,0.7798,0.785677
339,0.781544,0.779704,0.785597
340,0.781468,0.779621,0.785526
341,0.78144,0.77959,0.785505
342,0.781361,0.779503,0.785432
343,0.781273,0.779406,0.785346
344,0.781211,0.779339,0.785285
345,0.781147,0.779268,0.785221
346,0.78108,0.779194,0.785152
347,0.781042,0.779153,0.785115
348,0.780972,0.779076,0.785046
349,0.780888,0.778983,0.784959
350,0.780803,0.778889,0.784866
351,0.780761,0.778843,0.784818
352,0.780729,0.778808,0.784782
353,0.780691,0.778766,0.784744
354,0.780665,0.778738,0.784722
355,0.78059,0.778655,0.78465
356,0.780563,0.778625,0.784629
357,0.780536,0.778596,0.784613
358,0.78046,0.778512,0.784547
359,0.78037,0.778413,0.784463
360,0.780337,0.778377,0.784438
361,0.780262,0.778294,0.784369
362,0.780176,0.7782,0.784288
363,0.780132,0.778151,0.784248
364,0.780049,0.778061,0.784167
365,0.779974,0.777977,0.784092
366,0.77991,0.777907,0.784027
367,0.779825,0.777814,0.783937
368,0.779739,0.777719,0.783843
369,0.779699,0.777675,0.783795
370,0.779635,0.777605,0.783724
371,0.77959,0.777555,0.783672
372,0.779537,0.777497,0.783614
373,0.779497,0.777453,0.783571
374,0.779421,0.777369,0.78349
375,0.779396,0.777342,0.783463
376,0.779316,0.777254,0.78338
377,0.779279,0.777213,0.783342
378,0.779244,0.777175,0.783309
379,0.779171,0.777094,0.783237
380,0.779085,0.776999,0.783149
381,0.779027,0.776936,0.783087
382,0.779001,0.776908,0.783062
383,0.77896,0.776862,0.783023
384,0.778907,0.776804,0.782975
385,0.778825,0.776713,0.782894
386,0.778745,0.776626,0.782814
387,0.778674,0.776548,0.78274
388,0.77859,0.776455,0.782649
389,0.778499,0.776355,0.782547
390,0.778446,0.776297,0.782483
391,0.778362,0.776205,0.782384
392,0.778322,0.77616,0.782329
393,0.778276,0.776109,0.782271
394,0.778204,0.776031,0.782185
395,0.778153,0.775974,0.78212
396,0.778093,0.775908,0.782047
397,0.778026,0.775834,0.781964
398,0.777959,0.775762,0.781881
399,0.777939,0.775739,0.781846
400,0.777884,0.775679,0.781778
401,0.777863,0.775655,0.781748
402,0.777814,0.775602,0.781692
403,0.77776,0.775542,0.781631
404,0.77774,0.77552,0.781608
405,0.777682,0.775457,0.781548
406,0.77761,0.775377,0.781472
407,0.777586,0.775351,0.781447
408,0.777503,0.77526,0.781361
409,0.777458,0.77521,0.781312
410,0.777433,0.775182,0.781287
411,0.777382,0.775127,0.781238
412,0.777321,0.775059,0.781179
413,0.777278,0.775012,0.781139
414,0.777209,0.774936,0.781071
415,0.777131,0.77485,0.780992
416,0.777068,0.774781,0.780926
417,0.77701,0.774717,0.780864
418,0.776921,0.774619,0.780768
419,0.776858,0.77455,0.780696
420,0.776798,0.774484,0.780625
421,0.776747,0.774428,0.780563
422,0.776704,0.77438,0.78051
423,0.77665,0.774322,0.780448
424,0.776597,0.774263,0.780386
425,0.776569,0.774232,0.780352
426,0.776539,0.774199,0.780319
427,0.776464,0.774116,0.78024
428,0.776427,0.774076,0.7802
429,0.776381,0.774026,0.780153
430,0.776355,0.773997,0.780129
431,0.776302,0.773939,0.780079
432,0.776259,0.773891,0.78004
433,0.776227,0.773855,0.780015
434,0.776168,0.773791,0.779964
435,0.776148,0.773769,0.779955
436,0.776073,0.773687,0.779891
437,0.776003,0.773609,0.77983
438,0.775945,0.773545,0.779779
439,0.775904,0.7735,0.779747
440,0.775851,0.773442,0.779704
441,0.775786,0.773371,0.779649
442,0.775732,0.773311,0.779604
443,0.775646,0.773216,0.779524
444,0.775591,0.773157,0.779475
445,0.775546,0.773107,0.779435
446,0.775474,0.773028,0.779369
447,0.77542,0.772968,0.779319
448,0.775345,0.772886,0.779249
449,0.775268,0.772801,0.779172
450,0.775211,0.772738,0.779114
451,0.775179,0.772703,0.779084
452,0.775116,0.772634,0.779024
453,0.775055,0.772567,0.778964
454,0.775001,0.772508,0.778912
455,0.774922,0.772421,0.778833
456,0.77489,0.772385,0.778802
457,0.774856,0.772348,0.778773
458,0.77478,0.772264,0.778701
459,0.774756,0.772238,0.778683
460,0.774698,0.772174,0.778633
461,0.774622,0.77209,0.778563
462,0.774534,0.771994,0.778478
463,0.774504,0.771961,0.778451
464,0.774434,0.771883,0.778384
465,0.774364,0.771807,0.778317
466,0.774325,0.771764,0.77828
467,0.774252,0.771683,0.778209
468,0.774176,0.771599,0.778134
469,0.774118,0.771536,0.778075
470,0.774038,0.771448,0.777992
471,0.773995,0.771401,0.777946
472,0.773972,0.771375,0.777924
473,0.773892,0.771287,0.777845
474,0.773803,0.771189,0.777753
475,0.773772,0.771155,0.77772
476,0.773691,0.771066,0.777635
477,0.773648,0.771019,0.777589
478,0.773622,0.77099,0.777564
479,0.773532,0.770892,0.777474
480,0.773481,0.770835,0.77742
481,0.773453,0.770805,0.777394
482,0.77337,0.770713,0.777311
483,0.773303,0.770639,0.777242
484,0.773221,0.770549,0.777155
485,0.773153,0.770474,0.77708
486,0.773133,0.770452,0.777056
487,0.773102,0.770418,0.777025
488,0.773023,0.770332,0.776946
489,0.772945,0.770246,0.776865
490,0.772925,0.770224,0.776844
491,0.772893,0.770188,0.776815
492,0.772836,0.770126,0.776763
493,0.772792,0.770077,0.776725
494,0.772711,0.769988,0.776649
495,0.772638,0.769908,0.776577
496,0.772562,0.769824,0.776501
497,0.772525,0.769784,0.776464
498,0.772435,0.769684,0.776372
499,0.772381,0.769626,0.776316
500,0.772302,0.769538,0.776232
501,0.772216,0.769443,0.776136
502,0.772155,0.769377,0.776065
503,0.772087,0.769302,0.775985
504,0.772009,0.769216,0.775892
505,0.771989,0.769194,0.77586
506,0.771968,0.769171,0.775831
507,0.771901,0.769097,0.775758
508,0.771836,0.769026,0.775685
509,0.771775,0.768958,0.775614
510,0.771737,0.768917,0.77557
511,0.77169,0.768866,0.775517
512,0.771653,0.768824,0.775476
513,0.771611,0.768778,0.775433
514,0.771543,0.768704,0.775363
515,0.771511,0.768669,0.775331
516,0.771464,0.768617,0.775286
517,0.771381,0.768525,0.775203
518,0.771358,0.768499,0.775181
519,0.771279,0.768414,0.775104
520,0.771208,0.768335,0.775031
521,0.771119,0.768237,0.774937
522,0.771061,0.768173,0.774871
523,0.771027,0.768136,0.774832
524,0.770986,0.768091,0.774788
525,0.770915,0.768013,0.774713
526,0.770835,0.767925,0.774626
527,0.770811,0.767898,0.774596
528,0.770761,0.767843,0.774543
529,0.77072,0.767798,0.774501
530,0.770657,0.767728,0.774436
531,0.770587,0.767652,0.774363
532,0.770519,0.767577,0.774289
533,0.770494,0.767549,0.774261
534,0.770406,0.767453,0.774168
535,0.77036,0.767402,0.774117
536,0.770316,0.767354,0.774069
537,0.770286,0.76732,0.774037
538,0.770227,0.767256,0.773978
539,0.770146,0.767166,0.773894
540,0.770101,0.767117,0.773845
541,0.77002,0.767029,0.77376
542,0.77,0.767006,0.773736
543,0.76991,0.766907,0.773641
544,0.769886,0.766881,0.773613
545,0.769813,0.766801,0.773536
546,0.769734,0.766713,0.773449
547,0.769701,0.766677,0.773409
548,0.769644,0.766615,0.773346
549,0.769596,0.766561,0.773292
550,0.769574,0.766537,0.773268
551,0.769511,0.766468,0.773204
552,0.769453,0.766405,0.773144
553,0.769401,0.766347,0.773089
554,0.769347,0.766288,0.773033
555,0.76929,0.766225,0.772974
556,0.769256,0.766188,0.77294
557,0.769232,0.766161,0.772919
558,0.769162,0.766084,0.772853
559,0.769073,0.765987,0.772763
560,0.769038,0.765948,0.772727
561,0.769018,0.765926,0.772711
562,0.768937,0.765837,0.772634
563,0.768875,0.765769,0.772573
564,0.768828,0.765716,0.772526
565,0.768763,0.765645,0.772462
566,0.768702,0.765579,0.772402
567,0.76865,0.765522,0.772349
568,0.768607,0.765474,0.772307
569,0.768545,0.765406,0.772246
570,0.768484,0.765338,0.772184
571,0.768402,0.765248,0.772099
572,0.768354,0.765195,0.772047
573,0.768297,0.765133,0.771986
574,0.768226,0.765055,0.771909
575,0.768143,0.764964,0.771818
576,0.768109,0.764926,0.771774
577,0.768069,0.764883,0.771728
578,0.768004,0.76481,0.771655
579,0.767967,0.76477,0.771613
580,0.76792,0.764719,0.771562
581,0.767888,0.764683,0.771527
582,0.767841,0.764631,0.77148
583,0.767781,0.764565,0.77142
584,0.767748,0.764529,0.771388
585,0.767681,0.764456,0.771323
586,0.767661,0.764433,0.771306
587,0.767623,0.764391,0.771275
588,0.767549,0.76431,0.771207
589,0.767464,0.764216,0.771124
590,0.76738,0.764124,0.771038
591,0.767319,0.764057,0.770973
592,0.7673,0.764037,0.770953
593,0.767226,0.763955,0.770877
594,0.767171,0.763895,0.770819
595,0.767116,0.763834,0.770762
596,0.767032,0.763741,0.770671
597,0.766965,0.763667,0.770595
598,0.766933,0.763633,0.770557
599,0.766883,0.763577,0.7705
600,0.766845,0.763536,0.770458
601,0.766824,0.763512,0.770437
602,0.766799,0.763485,0.770416
603,0.76671,0.763387,0.77033
604,0.766675,0.763348,0.770297
605,0.766585,0.76325,0.770207
606,0.766561,0.763223,0.770184
607,0.76653,0.763189,0.770158
608,0.766456,0.763107,0.770088
609,0.766422,0.76307,0.770059
610,0.766392,0.763037,0.770038
611,0.766301,0.762937,0.769954
612,0.76622,0.762849,0.769875
613,0.766176,0.762799,0.769832
614,0.766134,0.762754,0.769794
615,0.766073,0.762686,0.769736
616,0.766019,0.762627,0.769686
617,0.765975,0.762579,0.769646
618,0.765908,0.762505,0.769584
619,0.76585,0.762441,0.769528
620,0.765803,0.76239,0.769485
621,0.765738,0.762318,0.769423
622,0.765662,0.762234,0.769348
623,0.765574,0.762137,0.769256
624,0.765547,0.762108,0.769227
625,0.765513,0.762071,0.769195
626,0.765464,0.762016,0.769148
627,0.76542,0.761969,0.769109
628,0.765387,0.761932,0.769083
629,0.765342,0.761882,0.769047
630,0.765258,0.76179,0.768971
631,0.765179,0.761703,0.768895
632,0.765131,0.76165,0.768851
633,0.765042,0.761552,0.768762
634,0.76501,0.761518,0.768732
635,0.764975,0.761478,0.7687
636,0.764883,0.761378,0.768611
637,0.764802,0.761289,0.768528
638,0.764732,0.761211,0.768452
639,0.764685,0.76116,0.768401
640,0.764625,0.761093,0.768335
641,0.764548,0.761009,0.768252
642,0.764517,0.760974,0.768214
643,0.764445,0.760895,0.768136
644,0.76438,0.760824,0.768064
645,0.764298,0.760734,0.76797
646,0.764266,0.760699,0.767928
647,0.764212,0.760639,0.767864
648,0.764184,0.760609,0.767829
649,0.76412,0.760539,0.76776
650,0.764051,0.760462,0.767682
651,0.763963,0.760365,0.767581
652,0.763939,0.760339,0.767546
653,0.763884,0.760279,0.767481
654,0.763835,0.760225,0.767423
655,0.763791,0.760177,0.767371
656,0.763713,0.760091,0.767282
657,0.763668,0.760041,0.767226
658,0.763581,0.759945,0.767124
659,0.763555,0.759917,0.767086
660,0.763502,0.759859,0.767021
661,0.763475,0.759829,0.766985
662,0.763443,0.759793,0.766946
663,0.763423,0.759772,0.766924
664,0.763396,0.759742,0.766899
665,0.763306,0.759643,0.76681
666,0.763249,0.75958,0.76675
667,0.763186,0.759511,0.766683
668,0.76315,0.759471,0.766644
669,0.763122,0.75944,0.766616
670,0.763056,0.759367,0.766551
671,0.762973,0.759277,0.766465
672,0.762945,0.759246,0.766435
673,0.762861,0.759153,0.766345
674,0.762791,0.759076,0.766268
675,0.762772,0.759055,0.766243
676,0.762736,0.759016,0.766205
677,0.762698,0.758974,0.766167
678,0.762666,0.758938,0.766137
679,0.762645,0.758916,0.766124
680,0.762598,0.758864,0.766086
681,0.762538,0.758798,0.766035
682,0.762452,0.758703,0.765954
683,0.762383,0.758628,0.765887
684,0.762305,0.758541,0.765807
685,0.762281,0.758515,0.765783
686,0.762207,0.758433,0.765709
687,0.76213,0.758349,0.765628
688,0.762095,0.75831,0.765589
689,0.762031,0.75824,0.765522
690,0.761996,0.758202,0.765484
691,0.761907,0.758104,0.76539
692,0.761884,0.758078,0.765362
693,0.761851,0.758042,0.765328
694,0.761796,0.757981,0.765273
695,0.761751,0.757933,0.765229
696,0.76168,0.757854,0.765157
697,0.76161,0.757777,0.765084
698,0.761538,0.757697,0.765005
699,0.761488,0.757643,0.764948
700,0.761423,0.757571,0.764874
701,0.761355,0.757497,0.764795
702,0.761315,0.757453,0.764745
703,0.761296,0.757431,0.764718
704,0.76127,0.757403,0.76469
705,0.76122,0.757348,0.764639
706,0.761196,0.757322,0.764617
707,0.761169,0.757291,0.764595
708,0.761094,0.75721,0.764526
709,0.76104,0.75715,0.764475
710,0.760948,0.757049,0.764383
711,0.760903,0.756999,0.764335
712,0.76088,0.756975,0.764314
713,0.760799,0.756886,0.764234
714,0.760757,0.756838,0.76419
715,0.76071,0.756787,0.764144
716,0.760691,0.756766,0.76413
717,0.760624,0.756693,0.764067
718,0.760605,0.756671,0.764055
719,0.760532,0.756592,0.763989
720,0.760495,0.75655,0.763959
721,0.760447,0.756498,0.76392
722,0.760418,0.756466,0.763903
723,0.760343,0.756383,0.763839
724,0.760269,0.756302,0.763773
725,0.760192,0.756217,0.7637
726,0.760114,0.756132,0.763624
727,0.760096,0.756111,0.763608
728,0.760058,0.75607,0.763577
729,0.759966,0.755969,0.763489
730,0.759879,0.755873,0.7634
731,0.759788,0.755773,0.763302
732,0.759716,0.755694,0.763219
733,0.759634,0.755604,0.763122
734,0.759601,0.755567,0.763074
735,0.759582,0.755546,0.763045
736,0.75956,0.755522,0.763017
737,0.759485,0.755439,0.762936
738,0.75945,0.755402,0.762896
739,0.759395,0.75534,0.762835
740,0.75935,0.755291,0.762786
741,0.759291,0.755226,0.762723
742,0.7592,0.755126,0.762623
743,0.759168,0.755091,0.762582
744,0.759132,0.755051,0.762539
745,0.759079,0.754993,0.76248
746,0.759059,0.754971,0.762458
747,0.758986,0.75489,0.762382
748,0.758962,0.754864,0.762357
749,0.758921,0.75482,0.762318
750,0.758895,0.754791,0.762296
751,0.75887,0.754763,0.762279
752,0.758844,0.754734,0.762266
753,0.758818,0.754706,0.762258
754,0.758752,0.754633,0.762209
755,0.758671,0.754544,0.762142
756,0.758599,0.754465,0.762081
757,0.758548,0.754408,0.762039
758,0.758482,0.754336,0.761983
759,0.758401,0.754248,0.761908
760,0.758316,0.754153,0.761824
761,0.758281,0.754115,0.761791
762,0.758241,0.754071,0.761755
763,0.758156,0.753978,0.761672
764,0.758081,0.753895,0.761595
765,0.75803,0.753839,0.761541
766,0.757962,0.753765,0.761469
767,0.75792,0.753718,0.761424
768,0.757836,0.753626,0.761334
769,0.75781,0.753597,0.761302
770,0.757718,0.753496,0.761203
771,0.757647,0.753418,0.761122
772,0.757604,0.75337,0.761067
773,0.757573,0.753337,0.761028
774,0.757532,0.753292,0.760981
775,0.757474,0.753227,0.760916
776,0.757437,0.753187,0.760875
777,0.757406,0.753152,0.760842
778,0.75735,0.753091,0.760785
779,0.757299,0.753035,0.760734
780,0.757222,0.75295,0.760654
781,0.75717,0.752893,0.760598
782,0.757103,0.75282,0.760525
783,0.757017,0.752725,0.760429
784,0.756966,0.752669,0.760366
785,0.756941,0.752641,0.760332
786,0.756889,0.752584,0.760272
787,0.756869,0.752562,0.760248
788,0.756842,0.752532,0.760221
789,0.756805,0.752492,0.760186
790,0.756759,0.752441,0.760144
791,0.756706,0.752383,0.760096
792,0.756646,0.752317,0.76004
793,0.75661,0.752277,0.760009
794,0.756581,0.752245,0.759987
795,0.756551,0.752212,0.759969
796,0.756499,0.752155,0.759931
797,0.756423,0.752071,0.759866
798,0.756344,0.751984,0.759795
799,0.75629,0.751926,0.759747
800,0.756255,0.751887,0.75972
801,0.756229,0.751858,0.759706
802,0.756152,0.751773,0.75964
803,0.756112,0.751729,0.759612
804,0.756044,0.751654,0.759555
805,0.755965,0.751568,0.759484
806,0.755922,0.75152,0.759449
807,0.755857,0.751448,0.759391
808,0.75582,0.751408,0.759364
809,0.755736,0.751316,0.759288
810,0.755688,0.751263,0.759246
811,0.75562,0.751189,0.759184
812,0.755584,0.751149,0.759155
813,0.755556,0.751118,0.759138
814,0.755514,0.751071,0.75911
815,0.75548,0.751034,0.759094
816,0.75542,0.750969,0.759053
817,0.755335,0.750875,0.758983
818,0.755297,0.750833,0.758961
819,0.755271,0.750804,0.758956
820,0.755218,0.750746,0.758926
821,0.755127,0.750646,0.758855
822,0.75505,0.750561,0.758795
823,0.754976,0.75048,0.758737
824,0.754886,0.750381,0.758658
825,0.75482,0.750308,0.7586
826,0.754794,0.75028,0.758586
827,0.754741,0.750222,0.758548
828,0.754651,0.750122,0.75847
829,0.754565,0.750028,0.758392
830,0.754513,0.749971,0.758347
831,0.75447,0.749923,0.758313
832,0.754382,0.749827,0.758234
833,0.7543,0.749736,0.758156
834,0.754211,0.749638,0.758068
835,0.75414,0.74956,0.757995
836,0.754085,0.7495,0.757938
837,0.754059,0.749471,0.757913
838,0.753967,0.74937,0.757822
839,0.753878,0.749272,0.757729
840,0.753825,0.749213,0.757671
841,0.753797,0.749183,0.757643
842,0.753764,0.749146,0.757613
843,0.753693,0.749068,0.757546
844,0.753606,0.748972,0.75746
845,0.753547,0.748908,0.757401
846,0.753493,0.748848,0.757347
847,0.753448,0.748799,0.757305
848,0.7534,0.748746,0.757261
849,0.753326,0.748665,0.757192
850,0.753248,0.748579,0.757115
851,0.753157,0.748478,0.757022
852,0.753067,0.74838,0.756925
853,0.753023,0.748332,0.756875
854,0.752933,0.748232,0.756775
855,0.752905,0.748202,0.75674
856,0.752818,0.748106,0.756644
857,0.752782,0.748066,0.756601
858,0.752715,0.747992,0.756527
859,0.752639,0.747909,0.756442
860,0.752619,0.747887,0.756416
861,0.752587,0.747852,0.756383
862,0.752516,0.747773,0.756311
863,0.752424,0.747672,0.756215
864,0.752395,0.747641,0.756182
865,0.752333,0.747572,0.756118
866,0.752282,0.747516,0.756067
867,0.752221,0.747449,0.756004
868,0.752197,0.747423,0.755983
869,0.752133,0.747353,0.755924
870,0.752087,0.747302,0.755883
871,0.752019,0.747227,0.75582
872,0.75194,0.74714,0.755745
873,0.751896,0.747091,0.755704
874,0.751839,0.747029,0.755653
875,0.751752,0.746933,0.755568
876,0.751686,0.746861,0.755502
877,0.751604,0.74677,0.755418
878,0.751576,0.74674,0.75539
879,0.751484,0.746639,0.755296
880,0.751449,0.7466,0.75526
881,0.751373,0.746516,0.755183
882,0.751306,0.746443,0.755113
883,0.751244,0.746374,0.755047
884,0.751199,0.746325,0.755
885,0.751129,0.746248,0.754928
886,0.751077,0.746191,0.754875
887,0.751026,0.746135,0.754823
888,0.75097,0.746073,0.754767
889,0.750912,0.746009,0.754709
890,0.750871,0.745964,0.754671
891,0.750835,0.745924,0.754641
892,0.750811,0.745898,0.754629
893,0.75072,0.745799,0.754549
894,0.750662,0.745734,0.754499
895,0.750615,0.745683,0.754463
896,0.750545,0.745606,0.754404
897,0.75048,0.745534,0.754348
898,0.750388,0.745433,0.754263
899,0.750299,0.745335,0.754176
900,0.750207,0.745233,0.754081
901,0.750145,0.745165,0.754015
902,0.75009,0.745105,0.753957
903,0.750039,0.745049,0.753903
904,0.749953,0.744955,0.753813
905,0.749889,0.744885,0.753743
906,0.74981,0.744797,0.753655
907,0.749765,0.744747,0.753602
908,0.749678,0.744652,0.753506
909,0.749591,0.744556,0.753405
910,0.74955,0.744511,0.75335
911,0.749492,0.744447,0.75328
912,0.749467,0.74442,0.753246
913,0.749392,0.744337,0.753162
914,0.749318,0.744256,0.753078
915,0.749251,0.744182,0.752998
916,0.749207,0.744133,0.752941
917,0.749124,0.744042,0.752845
918,0.749047,0.743957,0.752751
919,0.748984,0.743888,0.75267
920,0.74894,0.74384,0.752608
921,0.748865,0.743758,0.752514
922,0.748809,0.743696,0.752438
923,0.748781,0.743665,0.752393
924,0.748757,0.743639,0.752356
925,0.748698,0.743574,0.752287
926,0.748655,0.743526,0.752234
927,0.7486,0.743466,0.75217
928,0.748534,0.743394,0.752095
929,0.748477,0.74333,0.752026
930,0.748439,0.743289,0.751979
931,0.74841,0.743257,0.751945
932,0.748371,0.743214,0.751904
933,0.748327,0.743166,0.751859
934,0.748236,0.743066,0.751766
935,0.748154,0.742976,0.751676
936,0.748129,0.742948,0.751644
937,0.748055,0.742867,0.751564
938,0.747978,0.742782,0.751476
939,0.747931,0.74273,0.751418
940,0.747873,0.742667,0.75135
941,0.74785,0.742641,0.751318
942,0.747783,0.742567,0.751244
943,0.74774,0.742521,0.751195
944,0.747699,0.742475,0.751149
945,0.747664,0.742436,0.751111
946,0.74761,0.742377,0.751056
947,0.747572,0.742336,0.751019
948,0.747524,0.742282,0.750972
949,0.747449,0.7422,0.750898
950,0.747389,0.742134,0.750836
951,0.747331,0.74207,0.750776
952,0.747253,0.741985,0.750694
953,0.747202,0.741929,0.750637
954,0.747113,0.741831,0.750539
955,0.747027,0.741736,0.750437
956,0.74696,0.741662,0.750352
957,0.74694,0.741641,0.750316
958,0.746903,0.7416,0.750267
959,0.746882,0.741577,0.750237
960,0.746801,0.741487,0.750147
961,0.746781,0.741465,0.750119
962,0.746704,0.74138,0.750033
963,0.74668,0.741354,0.750002
964,0.746652,0.741324,0.749972
965,0.746591,0.741257,0.749908
966,0.746538,0.741198,0.749852
967,0.746494,0.74115,0.749805
968,0.746436,0.741085,0.749745
969,0.746395,0.741041,0.749703
970,0.746367,0.74101,0.749676
971,0.746301,0.740937,0.749611
972,0.746234,0.740863,0.749543
973,0.746169,0.740792,0.749475
974,0.746126,0.740745,0.749429
975,0.74607,0.740683,0.749371
976,0.746048,0.740659,0.749349
977,0.746029,0.740638,0.749335
978,0.746004,0.740611,0.74932
979,0.745963,0.740565,0.749292
980,0.745891,0.740486,0.749232
981,0.745812,0.740399,0.749162
982,0.745772,0.740355,0.74913
983,0.745681,0.740255,0.749045
984,0.745616,0.740184,0.748982
985,0.745566,0.740128,0.748933
986,0.745498,0.740054,0.748867
987,0.745452,0.740003,0.748821
988,0.745404,0.73995,0.748774
989,0.745313,0.739851,0.748682
990,0.74526,0.739792,0.748626
991,0.745219,0.739747,0.748581
992,0.745186,0.739711,0.748549
993,0.74514,0.73966,0.748505
994,0.745115,0.739632,0.748486
995,0.745055,0.739567,0.748433
996,0.744975,0.739479,0.748358
997,0.744941,0.739441,0.748328
998,0.744883,0.739377,0.748276
999,0.744825,0.739314,0.748223
1000,0.744766,0.739249,0.748169
1001,0.744676,0.739149,0.748079
1002,0.744647,0.739117,0.748051
1003,0.744605,0.739072,0.748014
1004,0.744541,0.739001,0.747953
1005,0.744481,0.738935,0.747896
1006,0.744421,0.738869,0.747839
1007,0.744329,0.738768,0.747745
1008,0.744311,0.738748,0.747727
1009,0.744291,0.738727,0.747712
1010,0.744244,0.738675,0.747674
1011,0.744195,0.73862,0.747635
1012,0.744119,0.738537,0.747567
1013,0.744048,0.738459,0.747502
1014,0.743964,0.738367,0.74742
1015,0.743917,0.738315,0.747374
1016,0.743836,0.738225,0.747291
1017,0.743753,0.738134,0.747203
1018,0.743696,0.738071,0.747139
1019,0.743608,0.737975,0.74704
1020,0.743541,0.737901,0.746959
1021,0.743491,0.737846,0.746895
1022,0.743449,0.7378,0.74684
1023,0.743386,0.737731,0.746764
1024,0.743357,0.737699,0.746724
1025,0.743292,0.737628,0.746649
1026,0.743243,0.737573,0.746588
1027,0.743209,0.737536,0.746545
1028,0.74319,0.737515,0.746522
1029,0.743157,0.737479,0.74649
1030,0.743103,0.737419,0.746436
1031,0.743036,0.737346,0.74637
1032,0.742989,0.737294,0.746322
1033,0.742963,0.737266,0.7463
1034,0.7429,0.737197,0.746241
1035,0.742827,0.737116,0.74617
1036,0.742796,0.737082,0.746141
1037,0.742759,0.737041,0.74611
1038,0.742688,0.736963,0.746044
1039,0.742662,0.736935,0.746025
1040,0.74258,0.736844,0.745949
1041,0.742536,0.736796,0.745911
1042,0.742444,0.736695,0.745821
1043,0.742421,0.736669,0.745801
1044,0.742377,0.736621,0.745764
1045,0.74229,0.736525,0.745681
1046,0.742216,0.736444,0.745608
1047,0.742165,0.736388,0.745556
1048,0.742102,0.736318,0.745491
1049,0.742079,0.736293,0.745469
1050,0.742003,0.736209,0.745395
1051,0.741934,0.736133,0.745324
1052,0.741895,0.73609,0.745285
1053,0.741827,0.736015,0.745216
1054,0.741791,0.735976,0.74518
1055,0.741738,0.735917,0.745128
1056,0.741664,0.735837,0.745055
1057,0.741644,0.735815,0.745037
1058,0.74158,0.735744,0.744977
1059,0.741517,0.735675,0.744916
1060,0.741455,0.735606,0.744855
1061,0.741432,0.735582,0.744837
1062,0.741345,0.735486,0.744752
1063,0.741254,0.735386,0.744659
1064,0.741233,0.735363,0.744637
1065,0.741212,0.735339,0.74462
1066,0.741149,0.73527,0.744563
1067,0.7411,0.735216,0.744519
1068,0.741047,0.735158,0.744473
1069,0.74096,0.735062,0.74439
1070,0.740891,0.734987,0.744322
1071,0.740845,0.734936,0.744277
1072,0.740756,0.734838,0.744187
1073,0.740677,0.73475,0.744101
1074,0.740643,0.734713,0.744061
1075,0.740579,0.734643,0.743993
1076,0.740528,0.734587,0.743936
1077,0.74047,0.734523,0.743872
1078,0.740448,0.734499,0.743849
1079,0.740416,0.734464,0.743819
1080,0.740367,0.73441,0.743775
1081,0.740284,0.734319,0.743695
1082,0.740259,0.734291,0.743673
1083,0.740184,0.734208,0.743602
1084,0.740135,0.734155,0.743557
1085,0.740068,0.734081,0.743492
1086,0.740027,0.734036,0.743455
1087,0.739938,0.733938,0.743367
1088,0.739871,0.733864,0.743298
1089,0.739823,0.733811,0.743248
1090,0.739735,0.733714,0.743155
1091,0.739647,0.733618,0.743058
1092,0.739606,0.733573,0.743007
1093,0.739581,0.733545,0.742974
1094,0.739493,0.733449,0.742879
1095,0.739439,0.733389,0.742814
1096,0.739411,0.733358,0.742779
1097,0.739385,0.73333,0.74275
1098,0.739339,0.733279,0.742704
1099,0.739311,0.733248,0.742679
1100,0.739267,0.7332,0.742641
1101,0.739224,0.733153,0.742607
1102,0.739134,0.733054,0.742522
1103,0.739062,0.732974,0.742451
1104,0.738996,0.732902,0.742385
1105,0.738912,0.73281,0.742298
1106,0.738846,0.732737,0.742225
1107,0.738826,0.732714,0.7422
1108,0.738757,0.732639,0.742128
1109,0.738695,0.732571,0.742061
1110,0.73864,0.73251,0.742
1111,0.738559,0.732421,0.741911
1112,0.738507,0.732363,0.741849
1113,0.738479,0.732332,0.741814
1114,0.738431,0.73228,0.741762
1115,0.738405,0.732252,0.741735
1116,0.73832,0.732158,0.741648
1117,0.738229,0.732058,0.741548
1118,0.738201,0.732027,0.741512
1119,0.738139,0.731959,0.741442
1120,0.738098,0.731914,0.741395
1121,0.738055,0.731867,0.741348
1122,0.738023,0.731832,0.741314
1123,0.737956,0.731757,0.741245
1124,0.737878,0.731672,0.741162
1125,0.737805,0.731591,0.74108
1126,0.737764,0.731546,0.74103
1127,0.737691,0.731466,0.740947
1128,0.737653,0.731424,0.740899
1129,0.7376,0.731367,0.740838
1130,0.737546,0.731307,0.740775
1131,0.737514,0.731272,0.740736
1132,0.737456,0.731208,0.740671
1133,0.737435,0.731185,0.740646
1134,0.737359,0.731101,0.740566
1135,0.737331,0.73107,0.740535
1136,0.737279,0.731013,0.74048
1137,0.737207,0.730934,0.740405
1138,0.73717,0.730893,0.740364
1139,0.737132,0.730851,0.740325
1140,0.73707,0.730783,0.740262
1141,0.736993,0.730699,0.740181
1142,0.736961,0.730663,0.740145
1143,0.736893,0.730589,0.740073
1144,0.736858,0.73055,0.740034
1145,0.736812,0.730499,0.739986
1146,0.736742,0.730422,0.739913
1147,0.73671,0.730387,0.739878
1148,0.73664,0.730311,0.739805
1149,0.73658,0.730245,0.73974
1150,0.736521,0.730179,0.739673
1151,0.736481,0.730135,0.739627
1152,0.736412,0.730059,0.739551
1153,0.736391,0.730036,0.739525
1154,0.736363,0.730005,0.739496
1155,0.736311,0.729948,0.739445
1156,0.736242,0.729872,0.739374
1157,0.736183,0.729808,0.739312
1158,0.736152,0.729773,0.73928
1159,0.736126,0.729745,0.739256
1160,0.736056,0.729668,0.739188
1161,0.735998,0.729604,0.739129
1162,0.735945,0.729545,0.739076
1163,0.735911,0.729508,0.739043
1164,0.735819,0.729407,0.738949
1165,0.735799,0.729385,0.738928
1166,0.735736,0.729315,0.738864
1167,0.735702,0.729278,0.738831
1168,0.735655,0.729227,0.738786
1169,0.735619,0.729188,0.738755
1170,0.735584,0.729148,0.738726
1171,0.735552,0.729114,0.738705
1172,0.735469,0.729022,0.73863
1173,0.735443,0.728994,0.738613
1174,0.735384,0.728929,0.738565
1175,0.735341,0.728881,0.738532
1176,0.735279,0.728813,0.738481
1177,0.735209,0.728736,0.73842
1178,0.735134,0.728654,0.73835
1179,0.735099,0.728615,0.738321
1180,0.735058,0.72857,0.738288
1181,0.734969,0.728472,0.738205
1182,0.734928,0.728427,0.738169
1183,0.734858,0.72835,0.738103
1184,0.734804,0.728291,0.738053
1185,0.73473,0.72821,0.73798
1186,0.734678,0.728152,0.737927
1187,0.734628,0.728096,0.737878
1188,0.734564,0.728026,0.737814
1189,0.734515,0.727973,0.737765
1190,0.734494,0.72795,0.737747
1191,0.734455,0.727906,0.737715
1192,0.734433,0.727883,0.737706
1193,0.73436,0.727802,0.737645
1194,0.734328,0.727767,0.737626
1195,0.734257,0.727688,0.737568
1196,0.734204,0.727631,0.737529
1197,0.734124,0.727542,0.73746
1198,0.734034,0.727444,0.737376
1199,0.734,0.727406,0.737347
1200,0.733933,0.727332,0.737286
1201,0.733887,0.727282,0.737247
1202,0.733817,0.727205,0.737184
1203,0.733754,0.727136,0.737125
1204,0.733667,0.72704,0.73704
1205,0.73359,0.726956,0.73696
1206,0.733501,0.726857,0.736862
1207,0.733474,0.726827,0.736828
1208,0.73343,0.726779,0.73678
1209,0.733409,0.726756,0.736761
1210,0.733371,0.726714,0.736727
1211,0.733282,0.726616,0.736641
1212,0.733196,0.726522,0.736553
1213,0.733132,0.726451,0.736483
1214,0.73311,0.726427,0.736459
1215,0.733054,0.726366,0.736404
1216,0.732979,0.726283,0.736326
1217,0.732908,0.726205,0.73625
1218,0.732852,0.726143,0.736189
1219,0.732813,0.7261,0.736145
1220,0.732781,0.726065,0.736113
1221,0.73274,0.72602,0.736075
1222,0.732712,0.72599,0.736054
1223,0.732628,0.725897,0.735975
1224,0.732584,0.725848,0.735936
1225,0.732558,0.72582,0.735919
1226,0.732485,0.72574,0.735855
1227,0.732459,0.725711,0.735841
1228,0.732432,0.725682,0.735831
1229,0.732373,0.725616,0.73579
1230,0.732292,0.725527,0.735726
1231,0.732208,0.725435,0.735655
1232,0.732137,0.725357,0.735594
1233,0.73206,0.725272,0.735524
1234,0.731993,0.725199,0.735462
1235,0.731971,0.725174,0.735448
1236,0.731887,0.725082,0.735373
1237,0.731816,0.725004,0.735307
1238,0.731779,0.724963,0.735276
1239,0.731693,0.724868,0.735196
1240,0.731606,0.724773,0.735111
1241,0.731544,0.724704,0.735048
1242,0.731457,0.724609,0.734958
1243,0.731393,0.724538,0.734887
1244,0.73132,0.724458,0.734806
1245,0.731235,0.724365,0.734709
1246,0.731193,0.724318,0.734655
1247,0.731174,0.724297,0.734629
1248,0.73111,0.724228,0.734561
1249,0.731047,0.724158,0.734492
1250,0.731028,0.724137,0.73447
1251,0.730972,0.724075,0.734414
1252,0.730884,0.723979,0.734325
1253,0.730842,0.723932,0.73428
1254,0.730785,0.72387,0.734222
1255,0.730695,0.723771,0.734127
1256,0.73062,0.723688,0.734043
1257,0.73054,0.7236,0.73395
1258,0.730487,0.723542,0.733884
1259,0.730428,0.723476,0.733811
1260,0.73035,0.723391,0.733717
1261,0.730316,0.723354,0.733668
1262,0.730267,0.7233,0.733605
1263,0.730238,0.723268,0.733566
1264,0.730211,0.723238,0.733533
1265,0.730171,0.723194,0.733491
1266,0.730136,0.723156,0.733457
1267,0.730062,0.723074,0.733384
1268,0.730035,0.723045,0.73336
1269,0.729979,0.722983,0.733308
1270,0.729894,0.72289,0.733224
1271,0.729841,0.722831,0.73317
1272,0.729781,0.722765,0.73311
1273,0.729691,0.722667,0.733016
1274,0.729611,0.722578,0.732927
1275,0.729565,0.722528,0.732871
1276,0.729535,0.722495,0.732834
1277,0.729492,0.722447,0.732787
1278,0.729451,0.722403,0.732745
1279,0.729417,0.722365,0.732712
1280,0.729361,0.722303,0.732659
1281,0.729285,0.722219,0.732584
1282,0.72921,0.722137,0.732507
1283,0.729161,0.722084,0.732455
1284,0.72908,0.721994,0.732368
1285,0.729045,0.721956,0.732329
1286,0.729008,0.721914,0.732289
1287,0.728959,0.721861,0.73224
1288,0.728897,0.721793,0.732178
1289,0.728841,0.721731,0.732121
1290,0.728755,0.721636,0.732031
1291,0.728678,0.721552,0.731946
1292,0.728587,0.721452,0.731841
1293,0.728568,0.721431,0.731809
1294,0.728479,0.721333,0.731706
1295,0.728453,0.721305,0.731666
1296,0.728414,0.721261,0.731616
1297,0.72837,0.721213,0.731564
1298,0.728315,0.721153,0.731502
1299,0.728276,0.721109,0.731455
1300,0.728231,0.72106,0.731405
1301,0.728149,0.72097,0.731316
1302,0.728118,0.720936,0.731278
1303,0.728077,0.720891,0.731232
1304,0.727989,0.720794,0.731136
1305,0.727925,0.720724,0.731062
1306,0.727894,0.72069,0.731021
1307,0.727819,0.720607,0.730935
1308,0.727781,0.720565,0.730886
1309,0.727736,0.720516,0.730832
1310,0.727666,0.720439,0.730752
1311,0.727589,0.720354,0.73066
1312,0.727534,0.720294,0.730588
1313,0.727461,0.720213,0.730495
1314,0.72742,0.720168,0.730434
1315,0.727381,0.720125,0.730375
1316,0.727351,0.720092,0.730329
1317,0.727326,0.720064,0.730291
1318,0.727291,0.720026,0.730246
1319,0.727259,0.719991,0.730207
1320,0.727239,0.719969,0.730184
1321,0.727169,0.719892,0.730112
1322,0.727145,0.719865,0.730085
1323,0.72711,0.719827,0.730052
1324,0.727049,0.71976,0.729992
1325,0.727011,0.719719,0.729956
1326,0.726976,0.719679,0.729923
1327,0.7269,0.719596,0.72985
1328,0.726875,0.719568,0.729827
1329,0.726846,0.719536,0.729804
1330,0.726815,0.719503,0.729784
1331,0.72679,0.719475,0.729772
1332,0.726715,0.719393,0.729711
1333,0.726657,0.719329,0.729663
1334,0.726633,0.719302,0.729652
1335,0.726582,0.719246,0.729617
1336,0.726528,0.719187,0.729578
1337,0.72648,0.719135,0.729546
1338,0.726402,0.719048,0.729481
1339,0.726323,0.718961,0.729411
1340,0.7263,0.718936,0.729398
1341,0.726211,0.718838,0.729318
1342,0.726166,0.718788,0.72928
1343,0.726139,0.718759,0.729264
1344,0.726057,0.718669,0.729192
1345,0.726009,0.718616,0.729151
1346,0.725966,0.718569,0.729119
1347,0.72588,0.718474,0.72904
1348,0.725795,0.718381,0.728957
1349,0.725734,0.718313,0.728895
1350,0.725703,0.718279,0.728865
1351,0.725653,0.718224,0.728819
1352,0.725582,0.718146,0.72875
1353,0.725511,0.718068,0.728678
1354,0.72544,0.717991,0.728603
1355,0.725386,0.717931,0.728544
1356,0.725306,0.717842,0.728456
1357,0.725287,0.717822,0.728431
1358,0.725252,0.717783,0.728395
1359,0.725165,0.717688,0.728304
1360,0.725134,0.717653,0.728269
1361,0.725083,0.717598,0.728216
1362,0.725048,0.717559,0.728181
1363,0.724998,0.717503,0.728133
1364,0.72493,0.717429,0.728066
1365,0.724864,0.717356,0.727998
1366,0.724822,0.71731,0.727955
1367,0.724791,0.717276,0.727926
1368,0.72471,0.717187,0.727846
1369,0.724648,0.717119,0.727782
1370,0.724622,0.71709,0.727756
1371,0.724539,0.716998,0.727672
1372,0.724457,0.716909,0.727584
1373,0.724408,0.716855,0.727529
1374,0.724322,0.716761,0.727432
1375,0.724298,0.716734,0.727398
1376,0.72421,0.716637,0.727299
1377,0.724188,0.716613,0.727266
1378,0.724129,0.716548,0.727198
1379,0.724106,0.716522,0.727167
1380,0.724074,0.716487,0.727132
1381,0.724,0.716406,0.727055
1382,0.723947,0.716348,0.726996
1383,0.723885,0.71628,0.726928
1384,0.723795,0.716181,0.726827
1385,0.72377,0.716153,0.72679
1386,0.723732,0.716112,0.726745
1387,0.723688,0.716063,0.726694
1388,0.723653,0.716025,0.726655
1389,0.723583,0.715948,0.726579
1390,0.723532,0.715892,0.726522
1391,0.723446,0.715797,0.726425
1392,0.723421,0.71577,0.72639
1393,0.723401,0.715747,0.726364
1394,0.723332,0.715671,0.72629
1395,0.723288,0.715622,0.72624
1396,0.723253,0.715585,0.726202
1397,0.723225,0.715554,0.726173
1398,0.72319,0.715515,0.72614
1399,0.723166,0.715489,0.726123
1400,0.723111,0.715428,0.726076
1401,0.723081,0.715395,0.726056
1402,0.723051,0.715363,0.72604
1403,0.722975,0.715279,0.725976
1404,0.722931,0.71523,0.725944
1405,0.722873,0.715166,0.725897
1406,0.722845,0.715135,0.725883
1407,0.722754,0.715036,0.725805
1408,0.7227,0.714976,0.725759
1409,0.722626,0.714894,0.725692
1410,0.722555,0.714816,0.725625
1411,0.722471,0.714724,0.72554
1412,0.72245,0.714702,0.72552
1413,0.722404,0.71465,0.725476
1414,0.722361,0.714603,0.725438
1415,0.722334,0.714574,0.72542
1416,0.722263,0.714495,0.725358
1417,0.722175,0.714399,0.725274
1418,0.722115,0.714333,0.725215
1419,0.722074,0.714287,0.725175
1420,0.72202,0.714229,0.725124
1421,0.721987,0.714192,0.725095
1422,0.721904,0.714101,0.725016
1423,0.721848,0.714039,0.724961
1424,0.721796,0.713982,0.72491
1425,0.721771,0.713954,0.724889
1426,0.721683,0.713858,0.724805
1427,0.721652,0.713824,0.724777
1428,0.721575,0.713738,0.724701
1429,0.721491,0.713647,0.724616
1430,0.721437,0.713587,0.724557
1431,0.721369,0.713512,0.724483
1432,0.72133,0.713469,0.724438
1433,0.721296,0.713432,0.724403
1434,0.721222,0.71335,0.724325
1435,0.721194,0.713319,0.724295
1436,0.721122,0.71324,0.724221
1437,0.721091,0.713206,0.724189
1438,0.721033,0.713142,0.724132
1439,0.721005,0.713112,0.724107
1440,0.720937,0.713036,0.724041
1441,0.720862,0.712955,0.723967
1442,0.720833,0.712923,0.723939
1443,0.720758,0.71284,0.723865
1444,0.720719,0.712797,0.723826
1445,0.720698,0.712774,0.723811
1446,0.720649,0.71272,0.72377
1447,0.720577,0.712641,0.723705
1448,0.72053,0.712589,0.723664
1449,0.720461,0.712513,0.723601
1450,0.720403,0.712449,0.723547
1451,0.720381,0.712425,0.723533
1452,0.720312,0.712349,0.723472
1453,0.72023,0.712259,0.723395
1454,0.720196,0.712222,0.723366
1455,0.720175,0.712199,0.723355
1456,0.720136,0.712156,0.723331
1457,0.720053,0.712064,0.723261
1458,0.71997,0.711973,0.723187
1459,0.719916,0.711914,0.723141
1460,0.719867,0.711859,0.723099
1461,0.719801,0.711788,0.723041
1462,0.719747,0.711728,0.722994
1463,0.719682,0.711656,0.722936
1464,0.719652,0.711623,0.722916
1465,0.719577,0.711541,0.72285
1466,0.719494,0.711449,0.722773
1467,0.719449,0.7114,0.722733
1468,0.719369,0.711312,0.722657
1469,0.719287,0.711221,0.722575
1470,0.719228,0.711157,0.722514
1471,0.719155,0.711077,0.722437
1472,0.719102,0.711019,0.72238
1473,0.719058,0.71097,0.722333
1474,0.719034,0.710943,0.722311
1475,0.718952,0.710853,0.72223
1476,0.718909,0.710806,0.722189
1477,0.718845,0.710735,0.722127
1478,0.718791,0.710676,0.722075
1479,0.718716,0.710594,0.722001
1480,0.718689,0.710564,0.721976
1481,0.718633,0.710502,0.721924
1482,0.718544,0.710405,0.721837
1483,0.718453,0.710305,0.721743
1484,0.718364,0.710207,0.721644
1485,0.718316,0.710153,0.721584
1486,0.718288,0.710123,0.721548
1487,0.718251,0.710082,0.721508
1488,0.718186,0.71001,0.72144
1489,0.718119,0.709937,0.72137
1490,0.718082,0.709897,0.72133
1491,0.718001,0.709807,0.721244
1492,0.717979,0.709783,0.72122
1493,0.71791,0.709707,0.72115
1494,0.717847,0.709637,0.721084
1495,0.717818,0.709605,0.721054
1496,0.717735,0.709515,0.720971
1497,0.717667,0.70944,0.720899
1498,0.717623,0.709391,0.720851
1499,0.717555,0.709316,0.720779
1500,0.717504,0.709261,0.720724
1501,0.71746,0.709212,0.720677
1502,0.717386,0.709131,0.7206
1503,0.717326,0.709065,0.720535
1504,0.717302,0.709038,0.720508
1505,0.717276,0.70901,0.720485
1506,0.717248,0.708979,0.720466
1507,0.71717,0.708894,0.720396
1508,0.7171,0.708816,0.720331
1509,0.717034,0.708743,0.720269
1510,0.716966,0.708669,0.720203
1511,0.716891,0.708587,0.720127
1512,0.71684,0.70853,0.720074
1513,0.716785,0.70847,0.720018
1514,0.716749,0.70843,0.719983
1515,0.716695,0.70837,0.719932
1516,0.716635,0.708305,0.719875
1517,0.716596,0.708262,0.719841
1518,0.716546,0.708207,0.719797
1519,0.716507,0.708164,0.719768
1520,0.716423,0.708072,0.719692
1521,0.716335,0.707975,0.719607
1522,0.716249,0.70788,0.719518
1523,0.716217,0.707845,0.719485
1524,0.716178,0.707802,0.719447
1525,0.716121,0.707739,0.719394
1526,0.716047,0.707658,0.719322
1527,0.716008,0.707615,0.719285
1528,0.715929,0.707528,0.719208
1529,0.715867,0.70746,0.719146
1530,0.715789,0.707373,0.719065
1531,0.715728,0.707307,0.719
1532,0.715665,0.707237,0.718932
1533,0.715622,0.70719,0.718885
1534,0.715588,0.707153,0.71885
1535,0.715509,0.707067,0.718771
1536,0.715429,0.706978,0.718685
1537,0.715369,0.706912,0.718618
1538,0.715302,0.706839,0.718543
1539,0.715282,0.706817,0.718518
1540,0.715192,0.706718,0.718422
1541,0.715121,0.706639,0.71834
1542,0.7151,0.706616,0.718311
1543,0.715048,0.706559,0.718255
1544,0.714959,0.706461,0.718158
1545,0.714926,0.706424,0.718117
1546,0.714898,0.706393,0.718086
1547,0.714879,0.706373,0.718069
1548,0.714788,0.706273,0.71798
1549,0.714766,0.706249,0.717962
1550,0.714682,0.706156,0.71788
1551,0.71463,0.706099,0.717829
1552,0.714564,0.706026,0.717763
1553,0.714544,0.706005,0.717746
1554,0.714459,0.705911,0.717665
1555,0.714437,0.705887,0.717647
1556,0.714392,0.705838,0.717611
1557,0.714303,0.705739,0.717528
1558,0.714253,0.705685,0.717482
1559,0.714182,0.705607,0.717415
1560,0.714111,0.705528,0.717345
1561,0.71405,0.705461,0.717283
1562,0.713985,0.70539,0.717218
1563,0.713914,0.705311,0.717143
1564,0.713856,0.705247,0.71708
1565,0.713772,0.705155,0.716989
1566,0.713747,0.705127,0.716957
1567,0.713668,0.705041,0.716872
1568,0.713603,0.704969,0.716798
1569,0.713581,0.704945,0.716769
1570,0.71352,0.704878,0.716704
1571,0.713435,0.704785,0.716613
1572,0.713402,0.704748,0.716572
1573,0.71332,0.704658,0.716482
1574,0.713273,0.704606,0.716425
1575,0.713245,0.704576,0.716391
1576,0.713186,0.70451,0.716327
1577,0.713104,0.704421,0.716238
1578,0.713017,0.704324,0.716137
1579,0.71293,0.704229,0.716032
1580,0.712903,0.7042,0.715986
1581,0.712859,0.704151,0.715926
1582,0.712795,0.70408,0.715846
1583,0.712767,0.70405,0.715803
1584,0.712726,0.704004,0.71575
1585,0.712703,0.70398,0.71572
1586,0.712651,0.703922,0.715662
1587,0.712626,0.703895,0.715634
1588,0.712554,0.703816,0.715561
1589,0.712492,0.703747,0.715493
1590,0.712459,0.703711,0.715456
1591,0.712381,0.703625,0.715373
1592,0.712313,0.70355,0.715297
1593,0.71228,0.703514,0.715256
1594,0.71225,0.703481,0.715222
1595,0.712223,0.703452,0.715195
1596,0.712151,0.703373,0.715124
1597,0.712116,0.703333,0.715088
1598,0.712082,0.703296,0.715058
1599,0.712028,0.703237,0.715009
1600,0.712005,0.703212,0.714994
1601,0.71192,0.703119,0.714916
1602,0.711863,0.703056,0.714863
1603,0.711774,0.702958,0.714775
1604,0.711756,0.702937,0.714757
1605,0.711667,0.70284,0.714668
1606,0.711615,0.702782,0.714613
1607,0.711571,0.702734,0.714567
1608,0.711529,0.702687,0.714524
1609,0.711451,0.702602,0.714445
1610,0.711404,0.70255,0.714395
1611,0.711367,0.70251,0.714357
1612,0.711331,0.70247,0.714323
1613,0.711289,0.702423,0.714285
1614,0.711207,0.702334,0.714205
1615,0.711165,0.702287,0.714164
1616,0.711114,0.702232,0.714116
1617,0.711052,0.702163,0.714056
1618,0.710968,0.702071,0.71397
1619,0.71092,0.702018,0.713917
1620,0.710866,0.701959,0.71386
1621,0.710846,0.701937,0.713839
1622,0.710816,0.701903,0.713813
1623,0.710729,0.701808,0.713729
1624,0.71067,0.701744,0.713671
1625,0.710611,0.701678,0.71361
1626,0.710528,0.701587,0.713523
1627,0.710438,0.701488,0.713422
1628,0.710377,0.701421,0.713346
1629,0.710333,0.701372,0.713287
1630,0.710305,0.701341,0.713247
1631,0.710244,0.701275,0.713176
1632,0.710209,0.701237,0.713131
1633,0.71019,0.701216,0.713107
1634,0.710149,0.70117,0.713065
1635,0.710125,0.701144,0.713043
1636,0.710103,0.70112,0.713028
1637,0.710058,0.701069,0.712993
1638,0.709981,0.700986,0.712925
1639,0.709949,0.70095,0.712902
1640,0.709894,0.700889,0.712856
1641,0.709829,0.700818,0.712801
1642,0.709771,0.700754,0.712751
1643,0.709724,0.700703,0.712711
1644,0.709691,0.700666,0.712689
1645,0.709665,0.700638,0.712678
1646,0.709603,0.700569,0.712633
1647,0.709526,0.700485,0.71257
1648,0.709488,0.700443,0.712546
1649,0.709405,0.700351,0.712476
1650,0.70934,0.70028,0.712421
1651,0.709272,0.700205,0.712361
1652,0.709211,0.700138,0.712306
1653,0.709156,0.700078,0.712258
1654,0.709089,0.700004,0.712196
1655,0.709019,0.699927,0.712129
1656,0.70897,0.699873,0.712082
1657,0.708894,0.699789,0.712007
1658,0.708816,0.699704,0.711927
1659,0.708744,0.699625,0.71185
1660,0.708705,0.699581,0.711804
1661,0.708614,0.699481,0.711706
1662,0.708557,0.699419,0.711638
1663,0.708487,0.699342,0.711556
1664,0.708425,0.699273,0.711479
1665,0.708406,0.699252,0.711448
1666,0.708339,0.699179,0.711371
1667,0.708275,0.699109,0.711295
1668,0.70823,0.69906,0.711238
1669,0.708162,0.698984,0.711157
1670,0.708142,0.698963,0.711126
1671,0.70811,0.698928,0.711089
1672,0.708076,0.69889,0.711052
1673,0.708056,0.698868,0.711034
1674,0.707971,0.698774,0.710951
1675,0.707951,0.698753,0.710935
1676,0.707916,0.698713,0.710906
1677,0.707885,0.69868,0.710887
1678,0.707806,0.698592,0.710819
1679,0.707722,0.6985,0.710741
1680,0.70764,0.69841,0.71066
1681,0.707551,0.698312,0.710566
1682,0.707482,0.698237,0.710488
1683,0.707458,0.69821,0.710456
1684,0.707433,0.698183,0.710429
1685,0.707359,0.698101,0.710353
1686,0.707292,0.698028,0.710281
1687,0.707255,0.697986,0.710239
1688,0.707236,0.697966,0.71022
1689,0.707204,0.69793,0.710193
1690,0.707139,0.697859,0.710134
1691,0.707103,0.69782,0.710106
1692,0.707043,0.697753,0.710054
1693,0.706988,0.697693,0.710007
1694,0.706928,0.697627,0.709953
1695,0.706851,0.697542,0.709881
1696,0.706792,0.697478,0.709825
1697,0.706757,0.697439,0.709793
1698,0.70668,0.697354,0.709719
1699,0.706606,0.697273,0.709645
1700,0.706566,0.697229,0.709605
1701,0.706509,0.697166,0.709549
1702,0.70649,0.697145,0.709534
1703,0.706433,0.697083,0.709484
1704,0.706352,0.696993,0.709407
1705,0.70627,0.696903,0.709324
1706,0.706237,0.696867,0.709291
1707,0.706202,0.696829,0.70926
1708,0.70615,0.696771,0.709212
1709,0.706085,0.6967,0.709153
1710,0.706032,0.696641,0.709104
1711,0.705941,0.696541,0.709014
1712,0.705896,0.696492,0.708969
1713,0.705828,0.696417,0.7089
1714,0.7058,0.696386,0.708872
1715,0.705721,0.6963,0.708795
1716,0.705653,0.696224,0.708724
1717,0.705584,0.696148,0.708651
1718,0.705527,0.696086,0.708588
1719,0.705493,0.696049,0.70855
1720,0.705444,0.695995,0.7085
1721,0.705366,0.695908,0.708418
1722,0.705277,0.695811,0.708321
1723,0.705203,0.69573,0.708234
1724,0.705143,0.695664,0.708158
1725,0.705123,0.695642,0.708125
1726,0.705047,0.695557,0.708036
1727,0.705008,0.695514,0.707984
1728,0.704921,0.69542,0.707883
1729,0.704882,0.695377,0.707828
1730,0.70485,0.695341,0.707782
1731,0.704813,0.6953,0.707735
1732,0.704758,0.69524,0.707671
1733,0.704681,0.695155,0.707582
1734,0.704597,0.695063,0.70748
1735,0.704578,0.695042,0.707444
1736,0.704559,0.695021,0.707414
1737,0.704519,0.694977,0.707367
1738,0.704476,0.69493,0.707318
1739,0.704449,0.6949,0.707288
1740,0.70443,0.694879,0.707271
1741,0.704393,0.694838,0.70724
1742,0.704311,0.694748,0.707163
1743,0.704269,0.694703,0.707125
1744,0.704193,0.694619,0.70705
1745,0.704139,0.694559,0.706994
1746,0.704116,0.694534,0.706973
1747,0.704049,0.694459,0.706908
1748,0.704012,0.694419,0.706873
1749,0.703925,0.694323,0.706787
1750,0.70389,0.694285,0.706751
1751,0.703841,0.694231,0.706702
1752,0.703765,0.694148,0.706625
1753,0.703696,0.694072,0.706551
1754,0.70363,0.693999,0.706476
1755,0.703598,0.693964,0.706436
1756,0.703579,0.693943,0.706414
1757,0.703553,0.693914,0.70639
1758,0.703524,0.693883,0.706368
1759,0.703445,0.693795,0.706295
1760,0.703404,0.693751,0.706258
1761,0.703323,0.693662,0.70618
1762,0.703269,0.693602,0.706126
1763,0.703201,0.693527,0.706056
1764,0.703172,0.693495,0.706026
1765,0.703136,0.693456,0.705993
1766,0.703112,0.693429,0.705975
1767,0.70306,0.693372,0.705932
1768,0.702979,0.693283,0.705858
1769,0.702935,0.693235,0.705819
1770,0.702872,0.693166,0.70576
1771,0.702848,0.693139,0.705742
1772,0.702815,0.693103,0.705721
1773,0.702723,0.693001,0.705638
1774,0.702642,0.692913,0.705561
1775,0.702578,0.692842,0.705496
1776,0.702551,0.692813,0.70547
1777,0.702473,0.692726,0.705393
1778,0.702394,0.69264,0.705311
1779,0.702305,0.692541,0.705212
1780,0.702258,0.69249,0.705154
1781,0.702223,0.692452,0.70511
1782,0.702183,0.692408,0.705063
1783,0.702095,0.69231,0.704965
1784,0.70206,0.692272,0.704919
1785,0.702033,0.692243,0.704886
1786,0.701978,0.692182,0.704825
1787,0.701944,0.692144,0.704787
1788,0.701914,0.692111,0.704756
1789,0.701885,0.69208,0.704732
1790,0.701835,0.692024,0.704688
1791,0.701771,0.691955,0.70463
1792,0.701714,0.691892,0.704577
1793,0.701645,0.691815,0.704509
1794,0.701599,0.691765,0.704464
1795,0.701573,0.691736,0.704442
1796,0.701533,0.691693,0.704411
1797,0.701449,0.6916,0.704332
1798,0.701378,0.691522,0.704263
1799,0.701326,0.691464,0.70421
1800,0.701244,0.691374,0.704126
1801,0.701216,0.691344,0.704095
1802,0.701155,0.691276,0.704032
1803,0.70109,0.691205,0.703963
1804,0.701021,0.691129,0.703888
1805,0.700952,0.691054,0.70381
1806,0.700926,0.691025,0.703775
1807,0.700907,0.691004,0.703753
1808,0.700875,0.690968,0.703723
1809,0.700851,0.690942,0.703705
1810,0.70078,0.690864,0.703641
1811,0.700723,0.690801,0.703589
1812,0.70065,0.690721,0.703519
1813,0.700609,0.690676,0.70348
1814,0.700584,0.690649,0.703461
1815,0.700564,0.690627,0.703453
1816,0.700528,0.690587,0.703433
1817,0.700454,0.690506,0.703376
1818,0.700388,0.690433,0.703323
1819,0.700335,0.690375,0.703283
1820,0.700251,0.690282,0.703208
1821,0.700175,0.690199,0.703138
1822,0.700144,0.690165,0.703113
1823,0.700061,0.690073,0.703034
1824,0.700007,0.690014,0.702984
1825,0.699928,0.689926,0.702905
1826,0.699846,0.689837,0.702819
1827,0.699791,0.689776,0.702757
1828,0.699729,0.689708,0.702688
1829,0.699659,0.689631,0.702609
1830,0.699569,0.689532,0.702504
1831,0.69954,0.6895,0.70246
1832,0.699488,0.689443,0.702395
1833,0.699411,0.689359,0.702303
1834,0.699357,0.689299,0.702231
1835,0.699333,0.689272,0.702191
1836,0.6993,0.689236,0.702148
1837,0.699274,0.689207,0.702115
1838,0.699214,0.689142,0.70205
1839,0.699169,0.689092,0.702
1840,0.69914,0.68906,0.701968
1841,0.699082,0.688996,0.701909
1842,0.699054,0.688966,0.701882
1843,0.698978,0.688882,0.701806
1844,0.698917,0.688814,0.701742
1845,0.698895,0.68879,0.70172
1846,0.698837,0.688727,0.701664
1847,0.698764,0.688647,0.70159
1848,0.698725,0.688604,0.701549
1849,0.698701,0.688577,0.701527
1850,0.698611,0.688478,0.701438
1851,0.698558,0.68842,0.701383
1852,0.698496,0.688352,0.701317
1853,0.698473,0.688326,0.701292
1854,0.69844,0.68829,0.701262
1855,0.69841,0.688257,0.701238
1856,0.698327,0.688166,0.701161
1857,0.698284,0.688118,0.701122
1858,0.698236,0.688065,0.701078
1859,0.698197,0.688023,0.701046
1860,0.698107,0.687924,0.700961
1861,0.698058,0.68787,0.700913
1862,0.69801,0.687817,0.700867
1863,0.697958,0.687759,0.700818
1864,0.697913,0.68771,0.700776
1865,0.697836,0.687625,0.700701
1866,0.69779,0.687575,0.700656
1867,0.697751,0.687532,0.70062
1868,0.697664,0.687436,0.700533
1869,0.697617,0.687385,0.700485
1870,0.697549,0.68731,0.700414
1871,0.697466,0.687219,0.700324
1872,0.697391,0.687136,0.700237
1873,0.69733,0.687069,0.700161
1874,0.697272,0.687006,0.700087
1875,0.697246,0.686977,0.700046
1876,0.697217,0.686945,0.700007
1877,0.697178,0.686902,0.699961
1878,0.697139,0.686859,0.699917
1879,0.697091,0.686807,0.699866
1880,0.697039,0.686749,0.69981
1881,0.696991,0.686696,0.699759
1882,0.696956,0.686658,0.699723
1883,0.696867,0.68656,0.69963
1884,0.696847,0.686538,0.699606
1885,0.696781,0.686465,0.699537
1886,0.696712,0.686389,0.699462
1887,0.696662,0.686335,0.699405
1888,0.696643,0.686313,0.69938
1889,0.696611,0.686278,0.699348
1890,0.696536,0.686196,0.699273
1891,0.696479,0.686132,0.699211
1892,0.696419,0.686067,0.699146
1893,0.696391,0.686036,0.699114
1894,0.696372,0.686015,0.699096
1895,0.696349,0.68599,0.699079
1896,0.696324,0.685963,0.699066
1897,0.696304,0.685941,0.699063
1898,0.696226,0.685854,0.699002
1899,0.69614,0.68576,0.698927
1900,0.696084,0.685699,0.69888
1901,0.696005,0.685612,0.698807
1902,0.695978,0.685582,0.698785
1903,0.695923,0.685522,0.698738
1904,0.695862,0.685455,0.698683
1905,0.695835,0.685425,0.698664
1906,0.695747,0.685328,0.698584
1907,0.695662,0.685234,0.698499
1908,0.695637,0.685207,0.698476
1909,0.695573,0.685137,0.698414
1910,0.695493,0.685049,0.698333
1911,0.695459,0.685011,0.698296
1912,0.695401,0.684947,0.698238
1913,0.695345,0.684885,0.69818
1914,0.695318,0.684856,0.698154
1915,0.695243,0.684773,0.69808
1916,0.695224,0.684752,0.698063
1917,0.695142,0.684662,0.697984
1918,0.695072,0.684586,0.697913
1919,0.695026,0.684534,0.697864
1920,0.694941,0.684441,0.697775
1921,0.694913,0.684411,0.697741
1922,0.694842,0.684332,0.697665
1923,0.694784,0.684269,0.6976
1924,0.694743,0.684224,0.697552
1925,0.694698,0.684174,0.697502
1926,0.694674,0.684147,0.697476
1927,0.69461,0.684077,0.697412
1928,0.694521,0.68398,0.697319
1929,0.694466,0.683919,0.697255
1930,0.694422,0.683871,0.697203
1931,0.694381,0.683826,0.697156
1932,0.694348,0.683789,0.697118
1933,0.694271,0.683704,0.697037
1934,0.694244,0.683674,0.697005
1935,0.694213,0.683641,0.696974
1936,0.694133,0.683553,0.696893
1937,0.694085,0.683499,0.696841
1938,0.693997,0.683402,0.696746
1939,0.693965,0.683368,0.696705
1940,0.693922,0.68332,0.696656
1941,0.693863,0.683256,0.696591
1942,0.693837,0.683227,0.69656
1943,0.693774,0.683158,0.696493
1944,0.693701,0.683078,0.696414
1945,0.693674,0.683047,0.696379
1946,0.69365,0.683021,0.696353
1947,0.693594,0.682959,0.696296
1948,0.693541,0.682901,0.696241
1949,0.693521,0.682879,0.696223
1950,0.693464,0.682817,0.69617
1951,0.69338,0.682724,0.696085
1952,0.693351,0.682692,0.696054
1953,0.693321,0.682659,0.696027
1954,0.693232,0.682561,0.695939
1955,0.693185,0.68251,0.695889
1956,0.693161,0.682483,0.695866
1957,0.693127,0.682446,0.695836
1958,0.693097,0.682413,0.695814
1959,0.693032,0.682341,0.695757
1960,0.692992,0.682297,0.695725
1961,0.692959,0.682261,0.695705
1962,0.692901,0.682197,0.695659
1963,0.692835,0.682124,0.695603
1964,0.692779,0.682063,0.695556
1965,0.692736,0.682016,0.695523
1966,0.69266,0.681932,0.695455
1967,0.692607,0.681874,0.695409
1968,0.69257,0.681834,0.69538
1969,0.692486,0.681741,0.695302
1970,0.692437,0.681687,0.695257
1971,0.692369,0.681612,0.695192
1972,0.692289,0.681524,0.69511
1973,0.692254,0.681485,0.695073
1974,0.692224,0.681452,0.695045
1975,0.692189,0.681414,0.695016
1976,0.692103,0.681319,0.694935
1977,0.692077,0.681291,0.694914
1978,0.692057,0.681269,0.694904
1979,0.691994,0.6812,0.694854
1980,0.691947,0.681147,0.694819
1981,0.691886,0.681081,0.694771
1982,0.691808,0.680994,0.694703
1983,0.691718,0.680896,0.694618
1984,0.691681,0.680855,0.694585
1985,0.69164,0.68081,0.69455
1986,0.691599,0.680765,0.694519
1987,0.691533,0.680692,0.694462
1988,0.69147,0.680623,0.694407
1989,0.691428,0.680577,0.694375
1990,0.691372,0.680515,0.694328
1991,0.691303,0.68044,0.694269
1992,0.691238,0.680367,0.694211
1993,0.691177,0.680301,0.694157
1994,0.691137,0.680257,0.694124
1995,0.691068,0.68018,0.694063
1996,0.691041,0.680151,0.694046
1997,0.690985,0.680089,0.694003
1998,0.690915,0.680013,0.693946
1999,0.690859,0.679951,0.693901
2000,0.690796,0.679881,0.693849
2001,0.690738,0.679817,0.693802
2002,0.690693,0.679768,0.69377
2003,0.690647,0.679718,0.69374
2004,0.690592,0.679657,0.693702
2005,0.690524,0.679582,0.69365
2006,0.690456,0.679507,0.693598
2007,0.690399,0.679445,0.693557
2008,0.690312,0.67935,0.693484
2009,0.690255,0.679286,0.693438
2010,0.690186,0.67921,0.69338
2011,0.690101,0.679118,0.693304
2012,0.690029,0.679039,0.693238
2013,0.689944,0.678945,0.693155
2014,0.689909,0.678906,0.693122
2015,0.689817,0.678805,0.693033
2016,0.689784,0.678768,0.693002
2017,0.689719,0.678697,0.692942
2018,0.689631,0.6786,0.692856
2019,0.689555,0.678516,0.692778
2020,0.689486,0.678441,0.692706
2021,0.689424,0.678372,0.69264
2022,0.689373,0.678316,0.692585
2023,0.689283,0.678218,0.692491
2024,0.689212,0.67814,0.692411
2025,0.689189,0.678114,0.692382
2026,0.689128,0.678047,0.692319
2027,0.689084,0.677998,0.692273
2028,0.68905,0.677961,0.692243
2029,0.688967,0.67787,0.692164
2030,0.688878,0.677772,0.692074
2031,0.688791,0.677676,0.691981
2032,0.688745,0.677626,0.691928
2033,0.688673,0.677546,0.691849
2034,0.68865,0.677522,0.691822
2035,0.688595,0.677461,0.691767
2036,0.68853,0.677389,0.691701
2037,0.688484,0.677338,0.691656
2038,0.688445,0.677295,0.691621
2039,0.688368,0.677211,0.69155
2040,0.688292,0.677128,0.691476
2041,0.688216,0.677044,0.691399
2042,0.688128,0.676947,0.691306
2043,0.6881,0.676916,0.691273
2044,0.688042,0.676852,0.691214
2045,0.688014,0.676821,0.691188
2046,0.687948,0.676749,0.691127
2047,0.687861,0.676654,0.691042
2048,0.687793,0.676578,0.690972
2049,0.687706,0.676483,0.69088
2050,0.687627,0.676396,0.690792
2051,0.687555,0.676317,0.690708
2052,0.687519,0.676277,0.690661
2053,0.687473,0.676227,0.690608
2054,0.687414,0.676161,0.690542
2055,0.687333,0.676072,0.690452
2056,0.687256,0.675988,0.690364
2057,0.687235,0.675964,0.690332
2058,0.687156,0.675878,0.690244
2059,0.687118,0.675836,0.690198
2060,0.687059,0.675771,0.690132
2061,0.68701,0.675717,0.690076
2062,0.686927,0.675626,0.689985
2063,0.68688,0.675574,0.689928
2064,0.686847,0.675538,0.68989
2065,0.686786,0.675471,0.689825
2066,0.686756,0.675438,0.689793
2067,0.686666,0.675338,0.6897
2068,0.686622,0.67529,0.689652
2069,0.686601,0.675268,0.689632
2070,0.686515,0.675172,0.689547
2071,0.686488,0.675142,0.689521
2072,0.686404,0.675051,0.689439
2073,0.68633,0.67497,0.689363
2074,0.686309,0.674946,0.689342
2075,0.686233,0.674863,0.689267
2076,0.686155,0.674776,0.689186
2077,0.686125,0.674744,0.689156
2078,0.686098,0.674714,0.689132
2079,0.686062,0.674675,0.689106
2080,0.686003,0.67461,0.689058
2081,0.685913,0.67451,0.688975
2082,0.685886,0.67448,0.688956
2083,0.685797,0.674383,0.688876
2084,0.685719,0.674297,0.688801
2085,0.685689,0.674264,0.688776
2086,0.685599,0.674165,0.68869
2087,0.685531,0.67409,0.688622
2088,0.685447,0.673998,0.688536
2089,0.685374,0.673917,0.688456
2090,0.685353,0.673894,0.688431
2091,0.68531,0.673847,0.688389
2092,0.685253,0.673785,0.688335
2093,0.685195,0.67372,0.688279
2094,0.68513,0.673649,0.688217
2095,0.685045,0.673556,0.688131
2096,0.68501,0.673517,0.688095
2097,0.68493,0.67343,0.688015
2098,0.684841,0.673331,0.687921
2099,0.684817,0.673305,0.687891
2100,0.684765,0.673247,0.687838
2101,0.684713,0.673191,0.687787
2102,0.684678,0.673152,0.687755
2103,0.68462,0.673088,0.687703
2104,0.684573,0.673036,0.687662
2105,0.684497,0.672953,0.687593
2106,0.684413,0.672861,0.687512
2107,0.684339,0.672779,0.687437
2108,0.684294,0.67273,0.687391
2109,0.684206,0.672633,0.6873
2110,0.684165,0.672588,0.687256
2111,0.684079,0.672493,0.687165
2112,0.684033,0.672442,0.687114
2113,0.683963,0.672365,0.687038
2114,0.683918,0.672316,0.686988
2115,0.683832,0.672221,0.686895
2116,0.683761,0.672144,0.686814
2117,0.683715,0.672093,0.686757
2118,0.683633,0.672002,0.686663
2119,0.683549,0.671911,0.686562
2120,0.683478,0.671832,0.686469
2121,0.68344,0.67179,0.686411
2122,0.6834,0.671746,0.686353
2123,0.683351,0.671692,0.686288
2124,0.683306,0.671643,0.686229
2125,0.683267,0.6716,0.686179
2126,0.683236,0.671565,0.68614
2127,0.683199,0.671524,0.686099
2128,0.683147,0.671468,0.686046
2129,0.683108,0.671425,0.686007
2130,0.683067,0.67138,0.685969
2131,0.682981,0.671285,0.685885
2132,0.682892,0.671187,0.68579
2133,0.682865,0.671158,0.685758
2134,0.682803,0.67109,0.685693
2135,0.682771,0.671054,0.685659
2136,0.682746,0.671027,0.685637
2137,0.682684,0.670959,0.68558
2138,0.682592,0.670857,0.685489
2139,0.682545,0.670805,0.685441
2140,0.682467,0.67072,0.68536
2141,0.682428,0.670677,0.685317
2142,0.682356,0.670598,0.685241
2143,0.68232,0.670558,0.685201
2144,0.682277,0.670511,0.685158
2145,0.682255,0.670486,0.685139
2146,0.682206,0.670433,0.685098
2147,0.682141,0.670362,0.685041
2148,0.682085,0.6703,0.684991
2149,0.682062,0.670275,0.684978
2150,0.681986,0.67019,0.684912
2151,0.681902,0.670098,0.684834
2152,0.681836,0.670025,0.684771
2153,0.681748,0.669929,0.684682
2154,0.68169,0.669865,0.68462
2155,0.681613,0.669781,0.684537
2156,0.681551,0.669713,0.684465
2157,0.681509,0.669666,0.684414
2158,0.681444,0.669595,0.684341
2159,0.681409,0.669557,0.684299
2160,0.681354,0.669495,0.684238
2161,0.681305,0.669442,0.684185
2162,0.681257,0.669388,0.684133
2163,0.681185,0.669309,0.684057
2164,0.681148,0.669269,0.684016
2165,0.681102,0.669218,0.683968
2166,0.681026,0.669135,0.683889
2167,0.680987,0.669091,0.683846
2168,0.680933,0.669033,0.683791
2169,0.680903,0.668999,0.683761
2170,0.680816,0.668903,0.683674
2171,0.680737,0.668817,0.68359
2172,0.680664,0.668737,0.683507
2173,0.680597,0.668663,0.683427
2174,0.680557,0.668618,0.683374
2175,0.680516,0.668574,0.683323
2176,0.680453,0.668505,0.68325
2177,0.680432,0.668481,0.68322
2178,0.680377,0.66842,0.68316
2179,0.680299,0.668335,0.683075
2180,0.680236,0.668266,0.683
2181,0.680198,0.668224,0.682952
2182,0.680179,0.668203,0.682926
2183,0.680151,0.668172,0.682897
2184,0.680104,0.66812,0.682853
2185,0.680031,0.66804,0.682781
2186,0.680012,0.668019,0.682763
2187,0.679922,0.66792,0.682675
2188,0.679883,0.667878,0.682636
2189,0.679815,0.667802,0.682567
2190,0.679788,0.667773,0.682541
2191,0.679756,0.667738,0.682514
2192,0.679687,0.667662,0.682451
2193,0.679635,0.667605,0.682402
2194,0.679586,0.66755,0.682358
2195,0.679508,0.667465,0.682282
2196,0.679454,0.667406,0.682229
2197,0.6794,0.667346,0.682175
2198,0.679374,0.667318,0.682152
2199,0.679339,0.667279,0.682125
2200,0.679308,0.667245,0.682105
2201,0.679277,0.667211,0.68209
2202,0.679255,0.667187,0.68209
2203,0.679164,0.667087,0.682021
2204,0.679095,0.66701,0.681969
2205,0.679036,0.666946,0.681927
2206,0.678995,0.666901,0.681903
2207,0.678918,0.666816,0.681843
2208,0.67884,0.66673,0.681778
2209,0.678778,0.666662,0.681728
2210,0.678687,0.666562,0.681645
2211,0.678616,0.666483,0.681576
2212,0.678561,0.666423,0.681524
2213,0.678491,0.666346,0.681455
2214,0.678415,0.666263,0.681377
2215,0.678358,0.666199,0.681316
2216,0.678283,0.666118,0.681237
2217,0.678222,0.66605,0.681169
2218,0.678193,0.666019,0.681136
2219,0.678153,0.665975,0.681096
2220,0.678076,0.66589,0.681019
2221,0.678002,0.665809,0.680942
2222,0.677919,0.665717,0.680851
2223,0.677859,0.665651,0.68078
2224,0.677831,0.665621,0.680745
2225,0.677754,0.665536,0.68066
2226,0.677689,0.665464,0.680584
2227,0.677616,0.665383,0.680498
2228,0.677572,0.665335,0.680441
2229,0.677545,0.665306,0.680405
2230,0.677508,0.665265,0.680363
2231,0.677463,0.665215,0.680316
2232,0.677416,0.665164,0.680269
2233,0.677394,0.665139,0.68025
2234,0.67736,0.665102,0.680226
2235,0.677302,0.665038,0.680179
2236,0.67725,0.664981,0.680139
2237,0.677187,0.664912,0.680088
2238,0.677113,0.664831,0.680024
2239,0.677056,0.664768,0.679975
2240,0.676984,0.664689,0.679909
2241,0.676917,0.664615,0.679846
2242,0.676843,0.664533,0.679773
2243,0.676781,0.664465,0.679711
2244,0.676731,0.664411,0.679661
2245,0.676678,0.664352,0.679609
2246,0.676597,0.664263,0.679527
2247,0.676518,0.664176,0.679442
2248,0.676473,0.664126,0.679391
2249,0.676404,0.66405,0.679316
2250,0.67638,0.664024,0.679287
2251,0.676311,0.663948,0.679216
2252,0.676248,0.663879,0.679149
2253,0.676166,0.663788,0.679059
2254,0.676101,0.663718,0.678984
2255,0.676072,0.663686,0.678946
2256,0.676021,0.663629,0.678888
2257,0.675957,0.663559,0.678818
2258,0.67592,0.663518,0.678776
2259,0.675847,0.663437,0.678697
2260,0.675789,0.663374,0.678632
2261,0.675735,0.663315,0.678571
2262,0.675648,0.663219,0.678473
2263,0.6756,0.663166,0.678411
2264,0.675556,0.663118,0.678356
2265,0.675513,0.66307,0.678303
2266,0.675487,0.663042,0.678271
2267,0.675416,0.662963,0.678195
2268,0.675343,0.662884,0.678115
2269,0.675305,0.662841,0.678067
2270,0.67524,0.66277,0.677994
2271,0.67515,0.662671,0.677891
2272,0.675117,0.662635,0.677843
2273,0.675069,0.662582,0.677781
2274,0.67503,0.662539,0.677731
2275,0.674994,0.6625,0.677686
2276,0.674966,0.662468,0.677653
2277,0.674897,0.662393,0.67758
2278,0.674853,0.662345,0.677532
2279,0.674822,0.66231,0.677498
2280,0.674799,0.662285,0.677478
2281,0.674745,0.662226,0.677429
2282,0.674693,0.662168,0.677382
2283,0.674647,0.662118,0.677343
2284,0.674565,0.662028,0.677264
2285,0.674546,0.662007,0.677249
2286,0.6745,0.661956,0.677211
2287,0.674424,0.661873,0.677142
2288,0.674391,0.661837,0.677115
2289,0.674358,0.6618,0.677093
2290,0.674329,0.661768,0.677078
2291,0.674254,0.661685,0.677018
2292,0.674202,0.661628,0.67698
2293,0.674174,0.661597,0.676968
2294,0.674097,0.661512,0.676909
2295,0.674007,0.661414,0.676831
2296,0.673943,0.661344,0.676775
2297,0.673866,0.661259,0.676703
2298,0.673843,0.661234,0.676686
2299,0.673774,0.661157,0.676625
2300,0.673699,0.661075,0.676556
2301,0.673607,0.660974,0.676463
2302,0.673578,0.660942,0.676434
2303,0.673538,0.660898,0.676398
2304,0.673454,0.660805,0.676316
2305,0.673367,0.660709,0.676226
2306,0.673326,0.660665,0.67618
2307,0.673244,0.660575,0.676093
2308,0.673188,0.660513,0.676028
2309,0.673131,0.66045,0.675962
2310,0.673058,0.66037,0.675879
2311,0.672977,0.66028,0.675783
2312,0.672932,0.660232,0.675722
2313,0.672882,0.660177,0.675657
2314,0.672851,0.660142,0.675613
2315,0.67282,0.660108,0.675574
2316,0.672762,0.660044,0.675509
2317,0.672681,0.659955,0.675419
2318,0.672612,0.65988,0.675336
2319,0.672568,0.659831,0.675278
2320,0.672528,0.659787,0.675225
2321,0.672444,0.659695,0.675127
2322,0.672372,0.659615,0.675035
2323,0.672351,0.659592,0.674994
2324,0.6723,0.659537,0.674928
2325,0.672228,0.659457,0.674837
2326,0.672169,0.659392,0.674756
2327,0.672146,0.659367,0.674713
2328,0.672122,0.659341,0.674675
2329,0.672082,0.659296,0.674622
2330,0.672045,0.659255,0.674575
2331,0.672025,0.659233,0.674549
2332,0.672,0.659206,0.674524
2333,0.67198,0.659184,0.674508
2334,0.671943,0.659143,0.67448
2335,0.671924,0.659122,0.674474
2336,0.671862,0.659055,0.674428
2337,0.671831,0.65902,0.674413
2338,0.67177,0.658953,0.674369
2339,0.671706,0.658883,0.67432
2340,0.671679,0.658853,0.674309
2341,0.671653,0.658824,0.674303
2342,0.671618,0.658786,0.674295
2343,0.67153,0.658689,0.674231
2344,0.671476,0.65863,0.674199
2345,0.671397,0.658542,0.674138
2346,0.671332,0.658472,0.674089
2347,0.67128,0.658414,0.674052
2348,0.671248,0.658379,0.674037
2349,0.671172,0.658295,0.673979
2350,0.671151,0.658272,0.673978
2351,0.671064,0.658176,0.673912
2352,0.67098,0.658084,0.673843
2353,0.670912,0.658009,0.673787
2354,0.670822,0.65791,0.673704
2355,0.670767,0.65785,0.673654
2356,0.670696,0.657772,0.673588
2357,0.670642,0.657712,0.673536
2358,0.670577,0.657641,0.673474
2359,0.670504,0.657561,0.673402
2360,0.670469,0.657522,0.673369
2361,0.670441,0.657492,0.673348
2362,0.670396,0.657442,0.673314
2363,0.670304,0.657341,0.673232
2364,0.67027,0.657303,0.673207
2365,0.670183,0.657207,0.673128
2366,0.670118,0.657136,0.673069
2367,0.670042,0.657052,0.672996
2368,0.670017,0.657025,0.672977
2369,0.669946,0.656947,0.672913
2370,0.669855,0.656846,0.672825
2371,0.669773,0.656757,0.672742
2372,0.669693,0.656668,0.672655
2373,0.669635,0.656604,0.672589
2374,0.669612,0.656579,0.672561
2375,0.669591,0.656556,0.672543
2376,0.669504,0.65646,0.672461
2377,0.669412,0.656359,0.672367
2378,0.66932,0.656258,0.672266
2379,0.669233,0.656163,0.672165
2380,0.669182,0.656107,0.672097
2381,0.669121,0.656039,0.672019
2382,0.6691,0.656016,0.671985
2383,0.669041,0.655951,0.671916
2384,0.668979,0.655883,0.671844
2385,0.668951,0.655852,0.671807
2386,0.668927,0.655826,0.671781
2387,0.668858,0.65575,0.671712
2388,0.66882,0.655708,0.671674
2389,0.668739,0.655619,0.671593
2390,0.668707,0.655583,0.67156
2391,0.668616,0.655484,0.671469
2392,0.668568,0.655431,0.671417
2393,0.668488,0.655342,0.671332
2394,0.668413,0.655261,0.671248
2395,0.668368,0.655211,0.671192
2396,0.668307,0.655144,0.671122
2397,0.668265,0.655097,0.67107
2398,0.668203,0.655029,0.671
2399,0.668117,0.654935,0.670902
2400,0.668076,0.65489,0.670847
2401,0.668056,0.654868,0.670818
2402,0.668002,0.654808,0.670758
2403,0.667946,0.654746,0.670696
2404,0.667902,0.654698,0.670647
2405,0.667835,0.654625,0.670575
2406,0.667807,0.654594,0.670543
2407,0.667766,0.654549,0.670502
2408,0.667677,0.654451,0.670411
2409,0.667638,0.654408,0.670367
2410,0.667603,0.654369,0.670331
2411,0.667558,0.65432,0.670287
2412,0.667526,0.654285,0.67026
2413,0.66745,0.654201,0.670189
2414,0.667422,0.654171,0.670167
2415,0.667392,0.654137,0.670147
2416,0.667372,0.654115,0.670144
2417,0.667314,0.654052,0.670107
2418,0.667248,0.653979,0.67006
2419,0.667187,0.653912,0.670017
2420,0.667095,0.653811,0.669939
2421,0.667012,0.653719,0.669864
2422,0.666922,0.65362,0.669776
2423,0.666843,0.653533,0.669694
2424,0.666786,0.653471,0.669631
2425,0.666697,0.653373,0.669534
2426,0.666643,0.653314,0.669468
2427,0.666558,0.65322,0.669368
2428,0.666521,0.65318,0.669316
2429,0.66649,0.653146,0.669273
2430,0.666434,0.653084,0.669208
2431,0.666396,0.653042,0.669162
2432,0.666366,0.653009,0.669129
2433,0.666292,0.652927,0.669052
2434,0.666201,0.652828,0.668953
2435,0.666146,0.652767,0.668886
2436,0.6661,0.652716,0.668828
2437,0.666033,0.652643,0.668749
2438,0.66601,0.652618,0.668716
2439,0.665945,0.652545,0.668641
2440,0.66589,0.652486,0.668577
2441,0.665838,0.652428,0.668514
2442,0.665772,0.652355,0.668436
2443,0.665722,0.6523,0.668374
2444,0.665635,0.652204,0.66827
2445,0.665606,0.652172,0.668223
2446,0.665585,0.652149,0.66819
2447,0.665541,0.652101,0.668137
2448,0.66551,0.652067,0.6681
2449,0.665433,0.651983,0.668017
2450,0.665405,0.651952,0.667982
2451,0.665367,0.651909,0.66794
2452,0.665318,0.651856,0.667889
2453,0.665274,0.651808,0.667844
2454,0.665189,0.651714,0.667755
2455,0.665141,0.651661,0.667699
2456,0.665083,0.651597,0.667633
2457,0.665042,0.651553,0.667584
2458,0.664992,0.651497,0.667527
2459,0.664942,0.651443,0.66747
2460,0.6649,0.651397,0.667422
2461,0.664866,0.651359,0.667383
2462,0.664806,0.651292,0.667319
2463,0.664777,0.65126,0.667287
2464,0.664729,0.651208,0.667239
2465,0.664678,0.651152,0.667187
2466,0.664635,0.651105,0.667144
2467,0.664589,0.651055,0.667099
2468,0.664509,0.650966,0.667017
2469,0.66444,0.65089,0.666941
2470,0.664408,0.650855,0.666902
2471,0.664386,0.650831,0.666878
2472,0.664364,0.650806,0.666858
2473,0.664323,0.650761,0.666823
2474,0.664293,0.650728,0.666803
2475,0.66425,0.650681,0.666772
2476,0.664181,0.650605,0.666715
2477,0.664097,0.650513,0.666637
2478,0.664014,0.650421,0.666553
2479,0.663981,0.650385,0.666518
2480,0.663914,0.650311,0.666448
2481,0.663885,0.65028,0.666418
2482,0.663862,0.650254,0.666399
2483,0.663829,0.650218,0.666374
2484,0.663759,0.65014,0.666312
2485,0.663705,0.650082,0.666264
2486,0.663676,0.65005,0.666243
2487,0.663637,0.650007,0.666216
2488,0.663549,0.64991,0.666138
2489,0.663466,0.649819,0.666058
2490,0.663394,0.649739,0.665983
2491,0.663347,0.649688,0.665932
2492,0.663267,0.6496,0.665846
2493,0.66322,0.649548,0.66579
2494,0.663167,0.64949,0.665729
2495,0.663138,0.649458,0.665693
2496,0.663116,0.649434,0.66567
2497,0.663059,0.649371,0.665614
2498,0.663015,0.649323,0.665571
2499,0.662985,0.64929,0.665546
2500,0.662903,0.6492,0.665467
2501,0.66288,0.649174,0.665447
2502,0.662813,0.6491,0.665384
2503,0.662776,0.649059,0.665352
2504,0.662727,0.649006,0.66531
2505,0.662651,0.648922,0.665238
2506,0.662559,0.648821,0.665144
2507,0.662532,0.648791,0.665113
2508,0.662504,0.648761,0.665087
2509,0.662424,0.648673,0.665009
2510,0.662374,0.648617,0.664957
2511,0.662337,0.648576,0.66492
2512,0.662318,0.648556,0.664906
2513,0.66224,0.64847,0.664835
2514,0.662218,0.648445,0.664819
2515,0.662192,0.648417,0.664806
2516,0.66211,0.648327,0.664737
2517,0.662056,0.648267,0.664692
2518,0.661964,0.648167,0.664607
2519,0.661919,0.648117,0.664564
2520,0.661875,0.648068,0.664524
2521,0.661794,0.647979,0.664447
2522,0.661742,0.647923,0.664396
2523,0.661696,0.647872,0.664351
2524,0.661652,0.647823,0.66431
2525,0.661626,0.647795,0.664292
2526,0.661585,0.64775,0.664263
2527,0.661549,0.64771,0.664242
2528,0.661457,0.647609,0.664163
2529,0.661384,0.647529,0.664099
2530,0.661343,0.647483,0.664065
2531,0.661294,0.647429,0.664026
2532,0.661234,0.647364,0.663977
2533,0.661161,0.647283,0.663913
2534,0.66112,0.647238,0.66388
2535,0.661083,0.647198,0.663855
2536,0.661003,0.64711,0.663787
2537,0.660947,0.647048,0.663742
2538,0.660866,0.646958,0.663668
2539,0.660796,0.646881,0.663602
2540,0.660738,0.646817,0.663547
2541,0.660685,0.64676,0.663498
2542,0.660606,0.646673,0.66342
2543,0.660543,0.646603,0.663356
2544,0.660451,0.646503,0.66326
2545,0.66041,0.646457,0.663212
2546,0.660325,0.646364,0.663119
2547,0.660303,0.646339,0.66309
2548,0.660257,0.646288,0.663041
2549,0.660231,0.64626,0.663016
2550,0.660209,0.646235,0.663002
2551,0.660149,0.64617,0.662955
2552,0.660062,0.646074,0.662877
2553,0.660002,0.646008,0.662823
2554,0.659916,0.645913,0.662739
2555,0.659834,0.645824,0.662655
2556,0.659787,0.645771,0.662603
2557,0.659761,0.645743,0.662577
2558,0.659672,0.645645,0.662488
2559,0.659621,0.645589,0.662435
2560,0.659557,0.645519,0.662369
2561,0.659471,0.645425,0.662278
2562,0.659413,0.64536,0.66221
2563,0.659333,0.645272,0.662119
2564,0.659309,0.645246,0.662084
2565,0.659266,0.645199,0.662036
2566,0.65923,0.645159,0.661996
2567,0.659174,0.645097,0.66194
2568,0.659127,0.645045,0.661893
2569,0.659053,0.644964,0.66182
2570,0.658989,0.644894,0.661753
2571,0.658957,0.644859,0.66172
2572,0.6589,0.644796,0.661665
2573,0.658812,0.644699,0.661575
2574,0.658792,0.644677,0.661553
2575,0.65873,0.64461,0.661493
2576,0.658643,0.644514,0.661404
2577,0.6586,0.644466,0.661357
2578,0.658541,0.644401,0.661294
2579,0.658467,0.64432,0.661215
2580,0.658439,0.644289,0.661183
2581,0.658415,0.644263,0.661161
2582,0.658336,0.644176,0.661086
2583,0.658253,0.644084,0.661
2584,0.658201,0.644028,0.660944
2585,0.65816,0.643982,0.6609
2586,0.65813,0.643949,0.660871
2587,0.658046,0.643857,0.660789
2588,0.657987,0.643792,0.660728
2589,0.657963,0.643766,0.660705
2590,0.657902,0.643698,0.660647
2591,0.657818,0.643606,0.660564
2592,0.657766,0.643549,0.66051
2593,0.657745,0.643526,0.66049
2594,0.657657,0.643429,0.660405
2595,0.657573,0.643336,0.660316
2596,0.657542,0.643302,0.660281
2597,0.65749,0.643245,0.660228
2598,0.657403,0.643149,0.660136
2599,0.657321,0.643059,0.660044
2600,0.657268,0.643,0.659977
2601,0.65722,0.642948,0.659917
2602,0.657173,0.642897,0.65986
2603,0.657138,0.642858,0.659817
2604,0.657088,0.642802,0.65976
2605,0.657044,0.642754,0.659712
2606,0.656963,0.642666,0.659626
2607,0.656933,0.642632,0.659589
2608,0.656904,0.642601,0.659559
2609,0.656854,0.642545,0.659509
2610,0.656784,0.642469,0.659441
2611,0.656736,0.642416,0.659392
2612,0.656712,0.64239,0.659371
2613,0.656641,0.642311,0.659304
2614,0.65662,0.642288,0.659289
2615,0.656561,0.642224,0.659239
2616,0.65649,0.642145,0.659175
2617,0.656448,0.642099,0.659139
2618,0.656398,0.642044,0.659098
2619,0.656328,0.641966,0.659035
2620,0.656252,0.641884,0.658964
2621,0.656184,0.641808,0.658897
2622,0.656138,0.641758,0.658851
2623,0.656119,0.641737,0.658837
2624,0.656028,0.641637,0.658752
2625,0.655982,0.641586,0.658708
2626,0.655918,0.641516,0.658648
2627,0.655888,0.641483,0.658622
2628,0.655806,0.641392,0.658545
2629,0.655737,0.641317,0.658477
2630,0.65565,0.641221,0.658387
2631,0.655576,0.64114,0.658305
2632,0.655534,0.641093,0.658253
2633,0.655451,0.641002,0.658159
2634,0.655431,0.640981,0.65813
2635,0.655378,0.640922,0.65807
2636,0.655319,0.640857,0.658005
2637,0.655249,0.64078,0.657926
2638,0.655224,0.640753,0.657894
2639,0.655169,0.640692,0.657835
2640,0.655082,0.640597,0.657741
2641,0.655052,0.640563,0.657702
2642,0.655013,0.640521,0.657659
2643,0.654977,0.640481,0.657621
2644,0.654925,0.640424,0.65757
2645,0.654844,0.640335,0.657488
2646,0.654802,0.640289,0.657442
2647,0.654753,0.640234,0.657391
2648,0.654732,0.640211,0.657372
2649,0.654671,0.640144,0.657316
2650,0.654598,0.640064,0.657245
2651,0.654568,0.64003,0.657217
2652,0.654529,0.639988,0.657185
2653,0.654492,0.639947,0.657159
2654,0.654417,0.639865,0.657094
2655,0.654343,0.639784,0.657027
2656,0.65432,0.639758,0.657011
2657,0.654237,0.639667,0.656937
2658,0.654152,0.639574,0.656855
2659,0.654074,0.639487,0.656773
2660,0.654041,0.639451,0.656737
2661,0.653963,0.639366,0.656657
2662,0.65391,0.639307,0.656598
2663,0.653847,0.639238,0.65653
2664,0.653769,0.639152,0.656442
2665,0.653732,0.639111,0.656396
2666,0.653665,0.639038,0.65632
2667,0.653646,0.639017,0.656293
2668,0.653596,0.638962,0.65624
2669,0.653553,0.638914,0.656196
2670,0.653491,0.638846,0.656133
2671,0.653434,0.638783,0.656074
2672,0.653387,0.638731,0.656025
2673,0.653335,0.638675,0.655972
2674,0.653257,0.638588,0.655891
2675,0.653212,0.63854,0.655842
2676,0.653184,0.638509,0.655813
2677,0.653094,0.63841,0.65572
2678,0.65301,0.638317,0.655627
2679,0.652927,0.638226,0.655529
2680,0.652873,0.638167,0.655456
2681,0.652824,0.638112,0.655388
2682,0.652769,0.638053,0.655314
2683,0.652721,0.637999,0.655247
2684,0.652686,0.637961,0.655194
2685,0.652639,0.637909,0.655131
2686,0.652609,0.637877,0.655089
2687,0.652564,0.637827,0.655033
2688,0.652539,0.637799,0.655
2689,0.652488,0.637743,0.654944
2690,0.652465,0.637717,0.654918
2691,0.652392,0.637637,0.654843
2692,0.652354,0.637596,0.654802
2693,0.652311,0.637549,0.654757
2694,0.652289,0.637525,0.654737
2695,0.652221,0.637449,0.654672
2696,0.652144,0.637364,0.654593
2697,0.652076,0.63729,0.654519
2698,0.652057,0.637269,0.654494
2699,0.652029,0.637239,0.654466
2700,0.651983,0.637188,0.654422
2701,0.651897,0.637093,0.654336
2702,0.651825,0.637014,0.654256
2703,0.651797,0.636983,0.654221
2704,0.651744,0.636925,0.654162
2705,0.65166,0.636832,0.654068
2706,0.6516,0.636766,0.653994
2707,0.651538,0.636698,0.653915
2708,0.651498,0.636654,0.653856
2709,0.651464,0.636616,0.653806
2710,0.651419,0.636567,0.653746
2711,0.651383,0.636528,0.653696
2712,0.651351,0.636492,0.653653
2713,0.651271,0.636404,0.65356
2714,0.651231,0.636361,0.653504
2715,0.651206,0.636333,0.653465
2716,0.65117,0.636293,0.653418
2717,0.651141,0.636261,0.653381
2718,0.651118,0.636236,0.653353
2719,0.651075,0.636189,0.653309
2720,0.651044,0.636155,0.653278
2721,0.651017,0.636125,0.653253
2722,0.650983,0.636087,0.653225
2723,0.650945,0.636046,0.653196
2724,0.650882,0.635976,0.65314
2725,0.650841,0.635931,0.653105
2726,0.650809,0.635896,0.653081
2727,0.650786,0.635871,0.65307
2728,0.650745,0.635826,0.653044
2729,0.65066,0.635732,0.652971
2730,0.650582,0.635646,0.652898
2731,0.650507,0.635564,0.652822
2732,0.650451,0.635502,0.652761
2733,0.650428,0.635477,0.652735
2734,0.650382,0.635426,0.652688
2735,0.650328,0.635367,0.652633
2736,0.650251,0.635282,0.652551
2737,0.65021,0.635237,0.652502
2738,0.650174,0.635197,0.65246
2739,0.650142,0.635162,0.652425
2740,0.650123,0.635141,0.652406
2741,0.65009,0.635105,0.652379
2742,0.650068,0.635081,0.652367
2743,0.650005,0.635012,0.652315
2744,0.64994,0.63494,0.652257
2745,0.649918,0.634916,0.652244
2746,0.649846,0.634837,0.652181
2747,0.649775,0.634758,0.652114
2748,0.649753,0.634735,0.652097
2749,0.649682,0.634656,0.65203
2750,0.649654,0.634625,0.652007
2751,0.649578,0.634542,0.651935
2752,0.649543,0.634503,0.651903
2753,0.649478,0.634432,0.651841
2754,0.649443,0.634393,0.651808
2755,0.649418,0.634366,0.65179
2756,0.649328,0.634267,0.651705
2757,0.649307,0.634244,0.651687
2758,0.649287,0.634222,0.651677
2759,0.649253,0.634184,0.651658
2760,0.649187,0.634112,0.651608
2761,0.649108,0.634025,0.651539
2762,0.64907,0.633983,0.651511
2763,0.649029,0.633938,0.651481
2764,0.648953,0.633855,0.651416
2765,0.64891,0.633807,0.651381
2766,0.648846,0.633737,0.651326
2767,0.648815,0.633702,0.651304
2768,0.648764,0.633646,0.651266
2769,0.648697,0.633573,0.65121
2770,0.648664,0.633536,0.651188
2771,0.64858,0.633444,0.651116
2772,0.648528,0.633386,0.651071
2773,0.648475,0.633329,0.651026
2774,0.648433,0.633282,0.650994
2775,0.648363,0.633206,0.650934
2776,0.648306,0.633142,0.650884
2777,0.64825,0.633081,0.650835
2778,0.648228,0.633057,0.650823
2779,0.648141,0.632961,0.650747
2780,0.648101,0.632917,0.650717
2781,0.648081,0.632895,0.650711
2782,0.648012,0.63282,0.65066
2783,0.647921,0.632719,0.650581
2784,0.64785,0.632641,0.650518
2785,0.647774,0.632557,0.650446
2786,0.647707,0.632484,0.65038
2787,0.647637,0.632407,0.650309
2788,0.647565,0.632327,0.650232
2789,0.647488,0.632243,0.650147
2790,0.647407,0.632154,0.650053
2791,0.647358,0.6321,0.649988
2792,0.647331,0.632071,0.64995
2793,0.647306,0.632043,0.649919
2794,0.647279,0.632013,0.649892
2795,0.647188,0.631913,0.649801
2796,0.647099,0.631815,0.649705
2797,0.647062,0.631774,0.649657
2798,0.64701,0.631717,0.649598
2799,0.646983,0.631687,0.649566
2800,0.646947,0.631648,0.64953
2801,0.646903,0.6316,0.64949
2802,0.646833,0.631522,0.649422
2803,0.646802,0.631489,0.649396
2804,0.646719,0.631397,0.649315
2805,0.646627,0.631296,0.64922
2806,0.646589,0.631254,0.649176
2807,0.646511,0.631169,0.649091
2808,0.64647,0.631123,0.649041
2809,0.64645,0.631101,0.649018
2810,0.646408,0.631055,0.648978
2811,0.646333,0.630972,0.648903
2812,0.646303,0.630939,0.648873
2813,0.646254,0.630886,0.648828
2814,0.646218,0.630846,0.648798
2815,0.646159,0.630781,0.648747
2816,0.646115,0.630733,0.648711
2817,0.646047,0.630658,0.648651
2818,0.645985,0.630589,0.648595
2819,0.645932,0.630531,0.648548
2820,0.645856,0.630448,0.648476
2821,0.645818,0.630406,0.648441
2822,0.645782,0.630367,0.648412
2823,0.645729,0.630308,0.648368
2824,0.64568,0.630254,0.64833
2825,0.645592,0.630158,0.648251
2826,0.645515,0.630072,0.648176
2827,0.645457,0.630008,0.648118
2828,0.64541,0.629957,0.648072
2829,0.645371,0.629914,0.648036
2830,0.645329,0.629868,0.648002
2831,0.645238,0.629768,0.647916
2832,0.645182,0.629706,0.647861
2833,0.64516,0.629682,0.647845
2834,0.645075,0.629589,0.647766
2835,0.644989,0.629494,0.64768
2836,0.644927,0.629426,0.647614
2837,0.644839,0.629329,0.64752
2838,0.644811,0.629299,0.647483
2839,0.644772,0.629255,0.647441
2840,0.644735,0.629214,0.647404
2841,0.644699,0.629175,0.647373
2842,0.644618,0.629086,0.647297
2843,0.644572,0.629035,0.647253
2844,0.644521,0.628979,0.647208
2845,0.644496,0.628951,0.647191
2846,0.644452,0.628904,0.647161
2847,0.644385,0.62883,0.647109
2848,0.644331,0.62877,0.647068
2849,0.644296,0.628731,0.64705
2850,0.644223,0.628652,0.646995
2851,0.644176,0.6286,0.646966
2852,0.644099,0.628515,0.646907
2853,0.644013,0.62842,0.646834
2854,0.643932,0.628332,0.646762
2855,0.643865,0.628257,0.6467
2856,0.643802,0.628188,0.646642
2857,0.64377,0.628153,0.646617
2858,0.643682,0.628056,0.646537
2859,0.643607,0.627974,0.646467
2860,0.643528,0.627887,0.646388
2861,0.643443,0.627793,0.646298
2862,0.643371,0.627714,0.646218
2863,0.643325,0.627664,0.646164
2864,0.643251,0.627582,0.646083
2865,0.643208,0.627535,0.646032
2866,0.643177,0.627501,0.645999
2867,0.643101,0.627417,0.645921
2868,0.643071,0.627385,0.645891
2869,0.643002,0.627309,0.645825
2870,0.642923,0.627221,0.645745
2871,0.642861,0.627153,0.645681
2872,0.642803,0.627089,0.64562
2873,0.64275,0.627031,0.645564
2874,0.6427,0.626976,0.645514
2875,0.642623,0.626891,0.645436
2876,0.64258,0.626844,0.645391
2877,0.642517,0.626774,0.645328
2878,0.64244,0.62669,0.64525
2879,0.642368,0.626611,0.645172
2880,0.642322,0.62656,0.645121
2881,0.642276,0.626509,0.645072
2882,0.642224,0.626453,0.64502
2883,0.642154,0.626376,0.644949
2884,0.642065,0.626277,0.644855
2885,0.641998,0.626204,0.644778
2886,0.641924,0.626123,0.644693
2887,0.641891,0.626086,0.644648
2888,0.641839,0.626029,0.644588
2889,0.641781,0.625966,0.644523
2890,0.641748,0.625929,0.644485
2891,0.641707,0.625884,0.644443
2892,0.641618,0.625786,0.644353
2893,0.641565,0.625728,0.644295
2894,0.641518,0.625676,0.644244
2895,0.641445,0.625596,0.644167
2896,0.64138,0.625524,0.644095
2897,0.641358,0.6255,0.644069
2898,0.64127,0.625404,0.643978
2899,0.641205,0.625332,0.643905
2900,0.641114,0.625231,0.643802
2901,0.641066,0.625179,0.643738
2902,0.641012,0.62512,0.64367
2903,0.640941,0.625041,0.643582
2904,0.640918,0.625016,0.643545
2905,0.640855,0.624947,0.64347
2906,0.640787,0.624872,0.643387
2907,0.640759,0.624841,0.643345
2908,0.640712,0.62479,0.643288
2909,0.64067,0.624743,0.643237
2910,0.640589,0.624654,0.643146
2911,0.640562,0.624625,0.643108
2912,0.640524,0.624583,0.643064
2913,0.64044,0.62449,0.642971
2914,0.64038,0.624425,0.642899
2915,0.640343,0.624384,0.64285
2916,0.640311,0.624348,0.642809
2917,0.640272,0.624306,0.642765
2918,0.640211,0.624238,0.642699
2919,0.640159,0.624181,0.642641
2920,0.640123,0.624142,0.642601
2921,0.640052,0.624063,0.642525
2922,0.639985,0.62399,0.642449
2923,0.639902,0.623898,0.642352
2924,0.63988,0.623874,0.642315
2925,0.639837,0.623827,0.642262
2926,0.639785,0.623769,0.642198
2927,0.639757,0.623738,0.642161
2928,0.639734,0.623714,0.642135
2929,0.639692,0.623668,0.642093
2930,0.639646,0.623617,0.642049
2931,0.639584,0.623548,0.641987
2932,0.639507,0.623464,0.641906
2933,0.63943,0.623379,0.641819
2934,0.639381,0.623326,0.641758
2935,0.639359,0.623301,0.641726
2936,0.639336,0.623276,0.641698
2937,0.639302,0.623238,0.641663
2938,0.639221,0.62315,0.641581
2939,0.639197,0.623123,0.641554
2940,0.639159,0.623081,0.641516
2941,0.639131,0.62305,0.641493
2942,0.639106,0.623022,0.641476
2943,0.639048,0.622959,0.64143
2944,0.638958,0.62286,0.641346
2945,0.638933,0.622832,0.641324
2946,0.638852,0.622743,0.641247
2947,0.638794,0.622679,0.641188
2948,0.63874,0.62262,0.641133
2949,0.638681,0.622555,0.641071
2950,0.638647,0.622518,0.641034
2951,0.638572,0.622435,0.640956
2952,0.638538,0.622398,0.640918
2953,0.638459,0.622311,0.640833
2954,0.638435,0.622285,0.640802
2955,0.638366,0.622209,0.640727
2956,0.638301,0.622137,0.640652
2957,0.638259,0.622091,0.640599
2958,0.638233,0.622062,0.640565
2959,0.638203,0.62203,0.640532
2960,0.638122,0.621941,0.640447
2961,0.638093,0.621909,0.640411
2962,0.638045,0.621855,0.640358
2963,0.638022,0.62183,0.640334
2964,0.637968,0.621771,0.64028
2965,0.637937,0.621736,0.640251
2966,0.637863,0.621655,0.640178
2967,0.637841,0.621632,0.640157
2968,0.637762,0.621544,0.640078
2969,0.637741,0.621521,0.640058
2970,0.63772,0.621498,0.640043
2971,0.637682,0.621456,0.640015
2972,0.63761,0.621377,0.639953
2973,0.637582,0.621346,0.639934
2974,0.637542,0.621302,0.639907
2975,0.637501,0.621257,0.639881
2976,0.637437,0.621187,0.639831
2977,0.6374,0.621146,0.639809
2978,0.637351,0.621092,0.639777
2979,0.637296,0.621032,0.639738
2980,0.637239,0.620969,0.639698
2981,0.637161,0.620883,0.639633
2982,0.637077,0.620791,0.639556
2983,0.637035,0.620745,0.63952
2984,0.637013,0.620721,0.639508
2985,0.636975,0.620678,0.639484
2986,0.636904,0.6206,0.639428
2987,0.636867,0.62056,0.639408
2988,0.636813,0.620501,0.639371
2989,0.636725,0.620404,0.639298
2990,0.636689,0.620364,0.639275
2991,0.636607,0.620273,0.639205
2992,0.636539,0.620199,0.639147
2993,0.636464,0.620116,0.639077
2994,0.636377,0.620021,0.638991
2995,0.636358,0.62,0.638973
2996,0.636276,0.61991,0.638894
2997,0.636236,0.619866,0.638856
2998,0.636188,0.619813,0.638813
2999,0.636112,0.61973,0.63874
3000,0.636032,0.619642,0.638659
3001,0.635948,0.619548,0.638568
3002,0.635865,0.619458,0.638474
3003,0.635817,0.619405,0.638411
3004,0.635794,0.619379,0.638377
3005,0.635743,0.619323,0.63832
3006,0.635692,0.619267,0.638263
3007,0.635608,0.619175,0.638172
3008,0.635532,0.619091,0.638082
3009,0.635473,0.619027,0.638007
3010,0.635448,0.618999,0.637967
3011,0.635372,0.618915,0.637877
3012,0.635313,0.61885,0.637801
3013,0.635276,0.61881,0.637749
3014,0.635197,0.618723,0.637652
3015,0.635173,0.618697,0.637611
3016,0.635111,0.618628,0.637533
3017,0.635065,0.618577,0.637471
3018,0.635029,0.618538,0.63742
3019,0.634969,0.618472,0.637346
3020,0.634949,0.61845,0.637314
3021,0.634877,0.618371,0.63723
3022,0.634844,0.618335,0.637185
3023,0.634811,0.618298,0.637142
3024,0.634782,0.618266,0.637108
3025,0.634731,0.61821,0.637054
3026,0.634701,0.618177,0.637022
3027,0.634682,0.618157,0.637007
3028,0.634617,0.618085,0.636948
3029,0.634538,0.617998,0.636869
3030,0.634484,0.617939,0.636812
3031,0.634431,0.61788,0.636753
3032,0.634384,0.617829,0.636702
3033,0.634346,0.617787,0.636661
3034,0.63429,0.617725,0.636601
3035,0.634269,0.617701,0.636578
3036,0.634196,0.617622,0.636505
3037,0.634177,0.617601,0.636485
3038,0.63415,0.617571,0.636464
3039,0.634119,0.617537,0.636442
3040,0.634064,0.617476,0.636398
3041,0.634024,0.617433,0.63637
3042,0.633968,0.617371,0.636326
3043,0.633919,0.617317,0.636289
3044,0.633849,0.61724,0.636229
3045,0.633796,0.617182,0.636184
3046,0.633751,0.617132,0.636147
3047,0.633672,0.617045,0.636074
3048,0.633615,0.616983,0.63602
3049,0.633543,0.616903,0.635948
3050,0.63348,0.616834,0.635881
3051,0.633409,0.616756,0.635802
3052,0.633364,0.616706,0.635749
3053,0.63332,0.616658,0.635697
3054,0.633294,0.61663,0.635667
3055,0.633217,0.616545,0.635585
3056,0.633188,0.616513,0.635551
3057,0.633165,0.616488,0.635528
3058,0.633104,0.616421,0.635469
3059,0.633078,0.616392,0.635447
3060,0.633029,0.616338,0.635404
3061,0.632995,0.616301,0.635379
3062,0.632956,0.616257,0.635351
3063,0.632909,0.616206,0.635318
3064,0.632875,0.616168,0.6353
3065,0.632813,0.6161,0.635255
3066,0.632762,0.616045,0.635222
3067,0.632673,0.615947,0.635146
3068,0.632626,0.615894,0.635109
3069,0.632553,0.615814,0.635045
3070,0.632495,0.615751,0.634994
3071,0.632454,0.615705,0.63496
3072,0.632409,0.615656,0.634925
3073,0.632332,0.615571,0.634858
3074,0.632286,0.61552,0.634819
3075,0.632235,0.615465,0.634778
3076,0.632203,0.61543,0.634758
3077,0.632139,0.615359,0.634708
3078,0.632071,0.615284,0.634652
3079,0.631979,0.615183,0.634568
3080,0.631953,0.615154,0.634548
3081,0.631929,0.615128,0.634537
3082,0.631859,0.61505,0.634483
3083,0.631814,0.615002,0.634454
3084,0.631737,0.614916,0.634392
3085,0.631679,0.614853,0.634348
3086,0.631589,0.614754,0.634269
3087,0.631503,0.614659,0.634187
3088,0.631418,0.614566,0.634101
3089,0.631355,0.614497,0.634034
3090,0.631307,0.614443,0.633981
3091,0.631268,0.614401,0.633941
3092,0.631225,0.614354,0.633901
3093,0.631159,0.614281,0.633839
3094,0.631067,0.61418,0.633747
3095,0.631043,0.614153,0.633721
3096,0.630965,0.614067,0.633644
3097,0.630888,0.613983,0.633565
3098,0.630809,0.613896,0.633479
3099,0.630787,0.613872,0.633451
3100,0.630711,0.613789,0.633371
3101,0.630623,0.613691,0.633274
3102,0.630542,0.613602,0.633177
3103,0.630516,0.613573,0.633136
3104,0.630492,0.613547,0.633104
3105,0.630427,0.613476,0.633035
3106,0.630376,0.61342,0.632978
3107,0.630338,0.613378,0.632937
3108,0.630316,0.613353,0.632917
3109,0.630254,0.613285,0.63286
3110,0.630234,0.613263,0.632849
3111,0.630214,0.613241,0.632846
3112,0.630145,0.613166,0.632798
3113,0.630066,0.613079,0.632736
3114,0.629974,0.612978,0.632656
3115,0.629902,0.612898,0.632589
3116,0.629824,0.612813,0.632515
3117,0.629779,0.612763,0.632471
3118,0.629754,0.612736,0.632452
3119,0.629697,0.612673,0.632407
3120,0.629618,0.612586,0.632337
3121,0.629533,0.612492,0.632256
3122,0.62947,0.612423,0.632194
3123,0.629407,0.612353,0.632131
3124,0.629332,0.612272,0.632056
3125,0.629251,0.612182,0.631969
3126,0.629188,0.612113,0.631897
3127,0.629153,0.612074,0.631855
3128,0.629066,0.611979,0.631761
3129,0.629031,0.611941,0.631719
3130,0.629002,0.611908,0.631686
3131,0.628933,0.611833,0.631618
3132,0.628858,0.61175,0.63154
3133,0.62877,0.611654,0.631445
3134,0.628684,0.611559,0.631344
3135,0.62866,0.611532,0.631305
3136,0.628617,0.611485,0.631253
3137,0.628561,0.611424,0.631189
3138,0.628501,0.611358,0.631121
3139,0.628473,0.611327,0.631087
3140,0.62845,0.611301,0.631065
3141,0.628373,0.611216,0.630991
3142,0.628297,0.611132,0.630912
3143,0.628225,0.611053,0.630835
3144,0.628151,0.610973,0.630752
3145,0.628126,0.610945,0.630718
3146,0.628072,0.610885,0.630659
3147,0.628032,0.610841,0.630616
3148,0.627946,0.610747,0.630527
3149,0.627877,0.61067,0.630448
3150,0.627849,0.61064,0.630412
3151,0.627756,0.610538,0.63031
3152,0.627728,0.610507,0.630272
3153,0.627707,0.610484,0.630245
3154,0.627624,0.610393,0.630159
3155,0.627561,0.610324,0.630089
3156,0.627508,0.610265,0.630027
3157,0.627465,0.610218,0.629977
3158,0.627395,0.61014,0.629898
3159,0.627368,0.61011,0.629863
3160,0.627344,0.610084,0.629838
3161,0.627313,0.610051,0.629811
3162,0.627263,0.609996,0.629769
3163,0.627219,0.609947,0.629732
3164,0.627135,0.609855,0.629656
3165,0.627097,0.609813,0.629623
3166,0.62706,0.609772,0.629595
3167,0.627017,0.609725,0.629564
3168,0.626977,0.609681,0.629539
3169,0.626896,0.609592,0.629473
3170,0.626838,0.609527,0.629426
3171,0.626747,0.609428,0.629344
3172,0.626658,0.60933,0.629255
3173,0.626576,0.60924,0.629167
3174,0.626533,0.609192,0.629116
3175,0.626476,0.60913,0.629053
3176,0.626444,0.609095,0.629017
3177,0.62638,0.609024,0.628951
3178,0.626308,0.608945,0.628874
3179,0.626285,0.608919,0.628847
3180,0.626245,0.608875,0.628809
3181,0.626155,0.608777,0.628719
3182,0.62613,0.608749,0.628694
3183,0.626074,0.608688,0.62864
3184,0.626006,0.608612,0.628574
3185,0.625951,0.608552,0.628519
3186,0.625905,0.608502,0.628474
3187,0.62586,0.608452,0.628432
3188,0.625789,0.608374,0.628365
3189,0.625747,0.608328,0.628325
3190,0.62571,0.608287,0.628294
3191,0.625667,0.60824,0.628261
3192,0.625585,0.608149,0.628188
3193,0.625525,0.608084,0.628135
3194,0.625454,0.608006,0.628068
3195,0.6254,0.607947,0.628017
3196,0.625308,0.607845,0.627925
3197,0.625275,0.607809,0.62789
3198,0.625218,0.607746,0.627833
3199,0.625142,0.607663,0.627757
3200,0.625098,0.607614,0.627711
3201,0.625047,0.607558,0.627659
3202,0.624968,0.607471,0.627579
3203,0.624928,0.607427,0.627537
3204,0.62487,0.607363,0.627478
3205,0.624835,0.607325,0.627445
3206,0.624784,0.607269,0.627399
3207,0.624736,0.607216,0.627357
3208,0.624674,0.607147,0.627302
3209,0.624587,0.607052,0.62722
3210,0.624531,0.60699,0.627163
3211,0.624454,0.606906,0.627086
3212,0.624392,0.606837,0.627019
3213,0.624322,0.60676,0.626943
3214,0.624276,0.60671,0.626891
3215,0.624199,0.606624,0.626805
3216,0.624162,0.606585,0.626761
3217,0.624098,0.606513,0.62669
3218,0.624034,0.606443,0.626618
3219,0.623945,0.606346,0.626517
3220,0.623911,0.606308,0.626468
3221,0.623823,0.606211,0.626365
3222,0.623778,0.606162,0.626302
3223,0.623738,0.606118,0.626246
3224,0.623697,0.606073,0.626192
3225,0.623662,0.606034,0.626146
3226,0.623609,0.605976,0.626086
3227,0.623587,0.605952,0.62606
3228,0.623555,0.605916,0.626028
3229,0.623484,0.605839,0.62596
3230,0.62344,0.60579,0.625916
3231,0.623385,0.60573,0.625864
3232,0.623346,0.605687,0.625828
3233,0.623316,0.605653,0.625805
3234,0.623251,0.605582,0.625749
3235,0.623209,0.605536,0.625717
3236,0.623134,0.605453,0.625649
3237,0.623055,0.605367,0.625574
3238,0.623028,0.605337,0.625551
3239,0.622959,0.605261,0.625487
3240,0.622915,0.605213,0.625449
3241,0.622837,0.605126,0.625374
3242,0.62278,0.605064,0.625319
3243,0.622705,0.604982,0.625243
3244,0.622637,0.604907,0.62517
3245,0.622615,0.604883,0.625145
3246,0.62253,0.604789,0.625058
3247,0.622468,0.604721,0.62499
3248,0.622411,0.604658,0.624925
3249,0.622346,0.604587,0.624851
3250,0.622322,0.60456,0.62482
3251,0.622257,0.604488,0.62475
3252,0.622199,0.604425,0.624685
3253,0.622121,0.604339,0.624598
3254,0.622051,0.604262,0.624514
3255,0.621994,0.604199,0.62444
3256,0.62197,0.604174,0.624402
3257,0.621917,0.604115,0.624338
3258,0.621892,0.604087,0.624303
3259,0.621843,0.604033,0.624249
3260,0.621766,0.603949,0.624165
3261,0.621706,0.603882,0.624093
3262,0.621666,0.603839,0.624043
3263,0.621636,0.603805,0.624004
3264,0.621598,0.603764,0.623961
3265,0.621524,0.603682,0.623882
3266,0.621446,0.603597,0.623793
3267,0.621427,0.603576,0.623763
3268,0.621402,0.603549,0.623733
3269,0.62135,0.603492,0.623679
3270,0.621313,0.603451,0.623641
3271,0.621249,0.60338,0.623576
3272,0.621185,0.60331,0.623508
3273,0.621149,0.60327,0.623467
3274,0.621091,0.603206,0.623406
3275,0.621044,0.603155,0.623354
3276,0.621013,0.60312,0.62332
3277,0.620993,0.603099,0.623304
3278,0.620946,0.603047,0.623264
3279,0.62091,0.603007,0.623236
3280,0.620874,0.602967,0.623211
3281,0.620843,0.602934,0.623197
3282,0.620777,0.602861,0.623147
3283,0.620698,0.602774,0.623081
3284,0.620606,0.602673,0.622994
3285,0.620516,0.602574,0.622901
3286,0.620428,0.602477,0.6228
3287,0.620408,0.602455,0.622767
3288,0.620378,0.602422,0.62273
3289,0.62035,0.602391,0.622699
3290,0.620279,0.602313,0.622626
3291,0.620222,0.60225,0.622565
3292,0.620155,0.602176,0.62249
3293,0.620087,0.602102,0.622411
3294,0.620066,0.602079,0.62238
3295,0.620044,0.602054,0.622353
3296,0.620006,0.602013,0.622317
3297,0.619962,0.601964,0.622275
3298,0.619911,0.601909,0.622228
3299,0.619884,0.601879,0.622207
3300,0.619806,0.601792,0.622134
3301,0.619773,0.601757,0.622106
3302,0.619736,0.601716,0.622077
3303,0.619691,0.601666,0.622042
3304,0.61966,0.601632,0.622025
3305,0.619615,0.601583,0.621997
3306,0.619536,0.601496,0.621933
3307,0.619449,0.6014,0.621854
3308,0.619372,0.601316,0.62178
3309,0.619338,0.601278,0.621746
3310,0.619267,0.6012,0.621677
3311,0.619248,0.601179,0.621661
3312,0.619188,0.601113,0.621607
3313,0.61912,0.601038,0.621543
3314,0.619095,0.601011,0.621524
3315,0.619034,0.600944,0.621471
3316,0.618986,0.600891,0.62143
3317,0.618901,0.600797,0.621351
3318,0.61885,0.600741,0.621301
3319,0.618763,0.600646,0.621214
3320,0.618685,0.60056,0.621129
3321,0.618639,0.600509,0.621073
3322,0.618604,0.600471,0.621031
3323,0.618527,0.600386,0.620947
3324,0.618491,0.600346,0.620903
3325,0.618462,0.600314,0.62087
3326,0.618443,0.600294,0.620854
3327,0.618407,0.600254,0.620827
3328,0.618346,0.600186,0.620775
3329,0.61832,0.600158,0.620761
3330,0.618231,0.60006,0.620684
3331,0.618211,0.600038,0.620676
3332,0.618163,0.599985,0.620643
3333,0.618109,0.599926,0.620608
3334,0.618028,0.599837,0.620541
3335,0.617987,0.599791,0.620514
3336,0.61791,0.599707,0.620451
3337,0.61788,0.599675,0.620435
3338,0.61779,0.599575,0.620359
3339,0.617728,0.599507,0.620307
3340,0.617673,0.599447,0.620262
3341,0.61763,0.599399,0.620231
3342,0.617607,0.599374,0.620225
3343,0.617525,0.599284,0.620163
3344,0.61744,0.59919,0.620092
3345,0.617403,0.59915,0.620069
3346,0.617339,0.599079,0.620021
3347,0.617277,0.599011,0.619975
3348,0.617258,0.598989,0.619975
3349,0.617178,0.598901,0.619919
3350,0.617089,0.598804,0.619848
3351,0.616997,0.598703,0.619769
3352,0.616913,0.59861,0.619692
3353,0.616841,0.598531,0.619625
3354,0.616758,0.59844,0.619542
3355,0.616686,0.59836,0.619467
3356,0.616595,0.598261,0.61937
3357,0.616574,0.598238,0.619343
3358,0.616489,0.598144,0.619254
3359,0.616437,0.598087,0.619197
3360,0.61635,0.597991,0.619104
3361,0.616275,0.597909,0.619019
3362,0.6162,0.597827,0.61893
3363,0.616147,0.597767,0.618861
3364,0.616115,0.597732,0.618817
3365,0.616081,0.597695,0.618778
3366,0.616011,0.597618,0.618705
3367,0.615933,0.597533,0.618621
3368,0.615857,0.597449,0.618535
3369,0.615799,0.597385,0.618465
3370,0.615768,0.597351,0.618423
3371,0.615731,0.597311,0.618383
3372,0.615686,0.597261,0.618338
3373,0.61563,0.597199,0.618284
3374,0.615604,0.597171,0.618265
3375,0.615521,0.597079,0.618189
3376,0.615436,0.596986,0.618106
3377,0.615397,0.596943,0.618068
3378,0.615368,0.596911,0.618045
3379,0.615348,0.596889,0.61804
3380,0.615267,0.5968,0.617977
3381,0.615183,0.596708,0.617905
3382,0.615118,0.596636,0.617849
3383,0.615073,0.596587,0.617815
3384,0.615024,0.596532,0.61778
3385,0.614951,0.596452,0.617721
3386,0.61488,0.596374,0.617663
3387,0.614805,0.596291,0.617598
3388,0.614713,0.596191,0.617512
3389,0.614629,0.596098,0.617427
3390,0.614547,0.596007,0.617341
3391,0.614493,0.595948,0.617281
3392,0.614419,0.595868,0.617201
3393,0.614335,0.595774,0.617106
3394,0.614297,0.595733,0.617058
3395,0.614257,0.595688,0.617012
3396,0.614169,0.595592,0.616919
3397,0.614087,0.595502,0.616826
3398,0.614026,0.595434,0.61675
3399,0.613973,0.595377,0.616684
3400,0.613924,0.595323,0.616624
3401,0.613881,0.595276,0.616572
3402,0.613831,0.59522,0.616516
3403,0.613743,0.595123,0.616421
3404,0.613693,0.595068,0.616361
3405,0.613609,0.594976,0.616266
3406,0.613579,0.594943,0.616223
3407,0.613555,0.594916,0.616193
3408,0.613476,0.594829,0.616111
3409,0.613407,0.594753,0.616035
3410,0.613374,0.594717,0.615996
3411,0.613315,0.594653,0.615934
3412,0.61326,0.594592,0.615876
3413,0.61324,0.59457,0.615857
3414,0.613158,0.59448,0.615778
3415,0.613089,0.594404,0.615708
3416,0.613056,0.594368,0.615676
3417,0.612983,0.594287,0.615604
3418,0.612916,0.594214,0.615537
3419,0.612846,0.594137,0.615463
3420,0.612784,0.594069,0.615395
3421,0.612738,0.594017,0.615344
3422,0.612657,0.593928,0.615257
3423,0.612594,0.593859,0.615184
3424,0.612573,0.593837,0.615156
3425,0.612537,0.593797,0.61512
3426,0.612472,0.593725,0.615056
3427,0.612419,0.593667,0.615004
3428,0.612371,0.593614,0.614958
3429,0.612291,0.593526,0.614879
3430,0.612248,0.593479,0.614835
3431,0.61221,0.593437,0.6148
3432,0.612165,0.593388,0.614762
3433,0.612138,0.593358,0.614747
3434,0.61209,0.593305,0.614715
3435,0.612008,0.593214,0.614648
3436,0.611918,0.593115,0.614567
3437,0.611837,0.593026,0.614489
3438,0.611756,0.592938,0.614407
3439,0.611719,0.592897,0.614368
3440,0.611639,0.592809,0.614287
3441,0.611566,0.592728,0.614208
3442,0.611507,0.592664,0.614141
3443,0.611435,0.592584,0.61406
3444,0.611369,0.592512,0.613982
3445,0.611323,0.592462,0.613925
3446,0.611249,0.59238,0.613839
3447,0.611207,0.592334,0.613784
3448,0.611184,0.592309,0.613754
3449,0.611151,0.592272,0.613719
3450,0.611131,0.59225,0.613706
3451,0.611042,0.592152,0.613623
3452,0.610986,0.592091,0.613571
3453,0.610921,0.59202,0.613509
3454,0.610885,0.591979,0.613476
3455,0.610799,0.591884,0.613394
3456,0.610712,0.59179,0.613305
3457,0.610657,0.591729,0.613244
3458,0.61058,0.591644,0.613159
3459,0.610512,0.591569,0.613079
3460,0.610492,0.591547,0.613049
3461,0.610427,0.591476,0.612978
3462,0.610398,0.591444,0.612945
3463,0.61037,0.591413,0.612918
3464,0.610319,0.591356,0.612873
3465,0.610241,0.591272,0.6128
3466,0.610202,0.591228,0.612764
3467,0.610118,0.591136,0.612683
3468,0.610027,0.591036,0.612588
3469,0.609989,0.590995,0.612545
3470,0.609936,0.590936,0.612488
3471,0.609864,0.590856,0.612411
3472,0.609812,0.590799,0.612353
3473,0.609751,0.590733,0.612286
3474,0.60972,0.590698,0.61225
3475,0.609673,0.590646,0.612202
3476,0.609591,0.590556,0.612118
3477,0.609529,0.590489,0.61205
3478,0.609453,0.590405,0.611965
3479,0.609405,0.590352,0.611906
3480,0.609356,0.590298,0.611848
3481,0.609288,0.590223,0.61177
3482,0.609266,0.590199,0.611739
3483,0.609245,0.590175,0.611716
3484,0.609221,0.590149,0.611698
3485,0.609148,0.590068,0.611633
3486,0.609116,0.590034,0.61161
3487,0.609051,0.589962,0.611555
3488,0.609025,0.589934,0.611541
3489,0.608983,0.589888,0.611517
3490,0.608901,0.589798,0.611451
3491,0.608828,0.589717,0.61139
3492,0.608794,0.58968,0.611369
3493,0.608713,0.589591,0.611301
3494,0.608684,0.589559,0.611286
3495,0.608595,0.589461,0.611211
3496,0.608521,0.589379,0.611145
3497,0.608465,0.589318,0.611097
3498,0.608413,0.58926,0.611053
3499,0.60832,0.589159,0.610967
3500,0.608251,0.589082,0.610898
3501,0.608223,0.589051,0.610874
3502,0.608136,0.588956,0.610791
3503,0.608107,0.588924,0.610767
3504,0.608085,0.5889,0.610757
3505,0.608,0.588806,0.610686
3506,0.607957,0.588759,0.610656
3507,0.607871,0.588665,0.610584
3508,0.607798,0.588584,0.61052
3509,0.607723,0.588501,0.610451
3510,0.607647,0.588417,0.610378
3511,0.607575,0.588339,0.610307
3512,0.607503,0.58826,0.610234
3513,0.607432,0.588181,0.610158
3514,0.607355,0.588097,0.610075
3515,0.607281,0.588015,0.609991
3516,0.607189,0.587914,0.609884
3517,0.607168,0.587891,0.609848
3518,0.607087,0.587802,0.609755
3519,0.607037,0.587747,0.609691
3520,0.60697,0.587673,0.60961
3521,0.606917,0.587615,0.609543
3522,0.606894,0.58759,0.60951
3523,0.606818,0.587506,0.609427
3524,0.606778,0.587461,0.609378
3525,0.606714,0.587392,0.609308
3526,0.606654,0.587326,0.60924
3527,0.606567,0.58723,0.609142
3528,0.606504,0.58716,0.609064
3529,0.60643,0.587079,0.608972
3530,0.606408,0.587055,0.608933
3531,0.606346,0.586987,0.608858
3532,0.606318,0.586956,0.608817
3533,0.606299,0.586935,0.608794
3534,0.606244,0.586874,0.608738
3535,0.606209,0.586836,0.608706
3536,0.606122,0.58674,0.608619
3537,0.60604,0.58665,0.608532
3538,0.606006,0.586613,0.608491
3539,0.605968,0.586571,0.60845
3540,0.605895,0.586491,0.608375
3541,0.605831,0.58642,0.608305
3542,0.605783,0.586368,0.608251
3543,0.605705,0.586282,0.608166
3544,0.605625,0.586194,0.608072
3545,0.60555,0.586111,0.607978
3546,0.605531,0.58609,0.60794
3547,0.605509,0.586065,0.607906
3548,0.605445,0.585995,0.607833
3549,0.605416,0.585963,0.607796
3550,0.605385,0.585929,0.607762
3551,0.605339,0.585879,0.607717
3552,0.605304,0.585841,0.607685
3553,0.605268,0.585801,0.607655
3554,0.6052,0.585726,0.607595
3555,0.605177,0.585701,0.60758
3556,0.605125,0.585644,0.607541
3557,0.605068,0.585581,0.607497
3558,0.605042,0.585552,0.607485
3559,0.604949,0.58545,0.607408
3560,0.604906,0.585403,0.607376
3561,0.604826,0.585315,0.607307
3562,0.604789,0.585275,0.607279
3563,0.604704,0.58518,0.607202
3564,0.604636,0.585105,0.607138
3565,0.604598,0.585064,0.607105
3566,0.604522,0.58498,0.607034
3567,0.604482,0.584937,0.606998
3568,0.604402,0.584848,0.606922
3569,0.604324,0.584762,0.606842
3570,0.604245,0.584676,0.606758
3571,0.604205,0.584632,0.60671
3572,0.604183,0.584607,0.606686
3573,0.604106,0.584523,0.606609
3574,0.604025,0.584434,0.606524
3575,0.60397,0.584373,0.60646
3576,0.603922,0.584321,0.606405
3577,0.603897,0.584293,0.606377
3578,0.603848,0.584239,0.606329
3579,0.603818,0.584206,0.606304
3580,0.603741,0.584122,0.606233
3581,0.603662,0.584034,0.606155
3582,0.603586,0.58395,0.606074
3583,0.603517,0.583875,0.605997
3584,0.603443,0.583793,0.605911
3585,0.603366,0.583709,0.605818
3586,0.603337,0.583676,0.605772
3587,0.603291,0.583627,0.605714
3588,0.603267,0.5836,0.605681
3589,0.603234,0.583563,0.605644
3590,0.603185,0.58351,0.605596
3591,0.603122,0.58344,0.605532
3592,0.603094,0.58341,0.605505
3593,0.603037,0.583347,0.605452
3594,0.602995,0.5833,0.605414
3595,0.602921,0.58322,0.605346
3596,0.602845,0.583136,0.605269
3597,0.602787,0.583072,0.605207
3598,0.60275,0.583032,0.605168
3599,0.602664,0.582936,0.605078
3600,0.602586,0.58285,0.60499
3601,0.602534,0.582794,0.604926
3602,0.602469,0.582722,0.604846
3603,0.602448,0.582698,0.604812
3604,0.602426,0.582675,0.604785
3605,0.602386,0.582631,0.604744
3606,0.602358,0.5826,0.604719
3607,0.602326,0.582564,0.604696
3608,0.602238,0.582468,0.604617
3609,0.602219,0.582447,0.604604
3610,0.602185,0.58241,0.604584
3611,0.602117,0.582335,0.60453
3612,0.602085,0.5823,0.604513
3613,0.602012,0.58222,0.604457
3614,0.601926,0.582125,0.604382
3615,0.601887,0.582082,0.604353
3616,0.601821,0.58201,0.604297
3617,0.601768,0.581951,0.604254
3618,0.601706,0.581883,0.604201
3619,0.601616,0.581784,0.604116
3620,0.601557,0.581718,0.604057
3621,0.601498,0.581654,0.603999
3622,0.60146,0.581612,0.603962
3623,0.601403,0.581549,0.60391
3624,0.601343,0.581483,0.603854
3625,0.601255,0.581386,0.603766
3626,0.601176,0.5813,0.603682
3627,0.60114,0.58126,0.60364
3628,0.601091,0.581206,0.603588
3629,0.601058,0.58117,0.603555
3630,0.600999,0.581105,0.603499
3631,0.600923,0.581021,0.603424
3632,0.600868,0.580961,0.603367
3633,0.600814,0.580902,0.603313
3634,0.600743,0.580823,0.603239
3635,0.600652,0.580724,0.603141
3636,0.600562,0.580625,0.603036
3637,0.600498,0.580554,0.60295
3638,0.600471,0.580524,0.602904
3639,0.600393,0.580438,0.602807
3640,0.600371,0.580414,0.602767
3641,0.600331,0.58037,0.602714
3642,0.600278,0.580312,0.602649
3643,0.600238,0.580268,0.602599
3644,0.60021,0.580237,0.602565
3645,0.600182,0.580206,0.602536
3646,0.600108,0.580125,0.602462
3647,0.600056,0.580067,0.602407
3648,0.59999,0.579995,0.602337
3649,0.599902,0.579898,0.60224
3650,0.599833,0.579822,0.602155
3651,0.5998,0.579786,0.602106
3652,0.599732,0.579712,0.602022
3653,0.599709,0.579685,0.601983
3654,0.599688,0.579663,0.601954
3655,0.599643,0.579613,0.601904
3656,0.599598,0.579563,0.601854
3657,0.599518,0.579476,0.601769
3658,0.599486,0.579441,0.601728
3659,0.599463,0.579415,0.601701
3660,0.599441,0.579391,0.601682
3661,0.599418,0.579366,0.601668
3662,0.599341,0.579281,0.6016
3663,0.599294,0.579229,0.60156
3664,0.599203,0.579129,0.601472
3665,0.599181,0.579105,0.601451
3666,0.599141,0.579061,0.601417
3667,0.599111,0.579029,0.601396
3668,0.599062,0.578974,0.601359
3669,0.598983,0.578887,0.60129
3670,0.59894,0.57884,0.601255
3671,0.598858,0.57875,0.601178
3672,0.598815,0.578703,0.601138
3673,0.598756,0.578638,0.601082
3674,0.598729,0.578608,0.601061
3675,0.598694,0.578569,0.601035
3676,0.598623,0.578491,0.600975
3677,0.598544,0.578404,0.600902
3678,0.598522,0.57838,0.600886
3679,0.598457,0.578309,0.60083
3680,0.598433,0.578283,0.600817
3681,0.598362,0.578204,0.600758
3682,0.598284,0.578119,0.600689
3683,0.598194,0.578019,0.600601
3684,0.598158,0.57798,0.600565
3685,0.59814,0.57796,0.600552
3686,0.598101,0.577917,0.600525
3687,0.598075,0.577889,0.600517
3688,0.597987,0.577792,0.600446
3689,0.597904,0.577701,0.600375
3690,0.597838,0.577627,0.600316
3691,0.597792,0.577577,0.600277
3692,0.5977,0.577476,0.60019
3693,0.597643,0.577414,0.600135
3694,0.597557,0.577318,0.600046
3695,0.597514,0.577271,0.599999
3696,0.597452,0.577203,0.599933
3697,0.597391,0.577136,0.599868
3698,0.597364,0.577107,0.599839
3699,0.597293,0.577029,0.599769
3700,0.597242,0.576973,0.599717
3701,0.597163,0.576886,0.599636
3702,0.597087,0.576802,0.599553
3703,0.597056,0.576768,0.599514
3704,0.597022,0.576731,0.599479
3705,0.596975,0.576679,0.599434
3706,0.596946,0.576646,0.59941
3707,0.596859,0.576551,0.599329
3708,0.59678,0.576465,0.599251
3709,0.596738,0.576418,0.599207
3710,0.596692,0.576368,0.599163
3711,0.596671,0.576345,0.599148
3712,0.596602,0.576269,0.599089
3713,0.596514,0.576172,0.599006
3714,0.596454,0.576105,0.598947
3715,0.596412,0.57606,0.598907
3716,0.596386,0.576031,0.598889
3717,0.596345,0.575985,0.59886
3718,0.596279,0.575913,0.598809
3719,0.596189,0.575814,0.59873
3720,0.596106,0.575723,0.598651
3721,0.596059,0.575671,0.598605
3722,0.595969,0.575573,0.598516
3723,0.595912,0.575509,0.598455
3724,0.595849,0.57544,0.598387
3725,0.595792,0.575377,0.598325
3726,0.59572,0.575299,0.598248
3727,0.595632,0.575202,0.598149
3728,0.595589,0.575154,0.598092
3729,0.595544,0.575104,0.598036
3730,0.595456,0.575008,0.597936
3731,0.595436,0.574985,0.597902
3732,0.59541,0.574957,0.597871
3733,0.595323,0.574862,0.59778
3734,0.595289,0.574824,0.597739
3735,0.59524,0.57477,0.597687
3736,0.595214,0.574741,0.597661
3737,0.595175,0.574699,0.597629
3738,0.595119,0.574637,0.597581
3739,0.59506,0.574572,0.59753
3740,0.594969,0.574472,0.597443
3741,0.594945,0.574446,0.597423
3742,0.594904,0.574401,0.597391
3743,0.594822,0.57431,0.597317
3744,0.594783,0.574268,0.597285
3745,0.594711,0.574188,0.597221
3746,0.59463,0.574099,0.597144
3747,0.594598,0.574064,0.597116
3748,0.594514,0.573971,0.597035
3749,0.594462,0.573915,0.596985
3750,0.594376,0.57382,0.596898
3751,0.594348,0.573789,0.596868
3752,0.594286,0.573721,0.596808
3753,0.594226,0.573655,0.596749
3754,0.594154,0.573576,0.596677
3755,0.594107,0.573524,0.596628
3756,0.594052,0.573464,0.596573
3757,0.594018,0.573426,0.596542
3758,0.593937,0.573337,0.596465
3759,0.593909,0.573306,0.596441
3760,0.593829,0.573218,0.596366
3761,0.593749,0.57313,0.596286
3762,0.593701,0.573077,0.596236
3763,0.593641,0.573011,0.596176
3764,0.593617,0.572985,0.596155
3765,0.593542,0.572902,0.596086
3766,0.593515,0.572873,0.596065
3767,0.593439,0.572789,0.595999
3768,0.593358,0.5727,0.595922
3769,0.593306,0.572643,0.595873
3770,0.593221,0.572549,0.595788
3771,0.593158,0.57248,0.595722
3772,0.593114,0.572432,0.595676
3773,0.593041,0.572351,0.595601
3774,0.592995,0.572301,0.595553
3775,0.592911,0.572208,0.595466
3776,0.592851,0.572142,0.595399
3777,0.592807,0.572093,0.595349
3778,0.592781,0.572065,0.595323
3779,0.592711,0.571988,0.595255
3780,0.592658,0.57193,0.595204
3781,0.5926,0.571866,0.595148
3782,0.59253,0.571789,0.595079
3783,0.592443,0.571693,0.594988
3784,0.592406,0.571652,0.594946
3785,0.592343,0.571583,0.59488
3786,0.592255,0.571486,0.594786
3787,0.59218,0.571404,0.594698
3788,0.592145,0.571365,0.594651
3789,0.592109,0.571326,0.594608
3790,0.592029,0.571238,0.59452
3791,0.591989,0.571195,0.594472
3792,0.591918,0.571116,0.594392
3793,0.591891,0.571086,0.594358
3794,0.591837,0.571027,0.594301
3795,0.591782,0.570966,0.594242
3796,0.591739,0.570919,0.594198
3797,0.59168,0.570854,0.594139
3798,0.591606,0.570773,0.594062
3799,0.591523,0.570681,0.593971
3800,0.591472,0.570626,0.593909
3801,0.591422,0.570571,0.593849
3802,0.591403,0.570549,0.593823
3803,0.591353,0.570495,0.593773
3804,0.591291,0.570426,0.59371
3805,0.591218,0.570346,0.593633
3806,0.591174,0.570297,0.593583
3807,0.591132,0.570251,0.593539
3808,0.591095,0.570211,0.593503
3809,0.591049,0.57016,0.59346
3810,0.590984,0.570088,0.593399
3811,0.590959,0.570061,0.59338
3812,0.590889,0.569984,0.593318
3813,0.590865,0.569958,0.593303
3814,0.590776,0.569859,0.593224
3815,0.590756,0.569838,0.593214
3816,0.590678,0.569752,0.593149
3817,0.590605,0.569672,0.593083
3818,0.590563,0.569625,0.593048
3819,0.59047,0.569523,0.592961
3820,0.590394,0.56944,0.592884
3821,0.590312,0.569349,0.592795
3822,0.590238,0.569268,0.59271
3823,0.590186,0.569211,0.592646
3824,0.590123,0.569142,0.592569
3825,0.590096,0.569112,0.592531
3826,0.590061,0.569074,0.59249
3827,0.590019,0.569028,0.592446
3828,0.58998,0.568984,0.592408
3829,0.589939,0.568939,0.592371
3830,0.589871,0.568865,0.59231
3831,0.589805,0.568791,0.592246
3832,0.589713,0.568691,0.592153
3833,0.589655,0.568626,0.592087
3834,0.589584,0.568548,0.592007
3835,0.589559,0.568521,0.591974
3836,0.589512,0.56847,0.591924
3837,0.589467,0.56842,0.591877
3838,0.589423,0.568372,0.591834
3839,0.589391,0.568336,0.591807
3840,0.58937,0.568313,0.591796
3841,0.589319,0.568258,0.591763
3842,0.589231,0.56816,0.591688
3843,0.589157,0.568079,0.591622
3844,0.589123,0.568041,0.591596
3845,0.589067,0.567979,0.591551
3846,0.588978,0.567882,0.591471
3847,0.588936,0.567836,0.591434
3848,0.588857,0.567749,0.591361
3849,0.588779,0.567663,0.591284
3850,0.588742,0.567623,0.591247
3851,0.588653,0.567524,0.591157
3852,0.588581,0.567445,0.59108
3853,0.588552,0.567413,0.591046
3854,0.588521,0.567379,0.591016
3855,0.588496,0.567352,0.591
3856,0.588438,0.567288,0.590954
3857,0.588348,0.567189,0.590874
3858,0.588292,0.567127,0.590823
3859,0.588203,0.567029,0.590737
3860,0.588142,0.566963,0.590675
3861,0.588113,0.566931,0.590648
3862,0.588035,0.566845,0.590573
3863,0.587964,0.566766,0.590501
3864,0.58792,0.566718,0.590457
3865,0.587851,0.566643,0.590388
3866,0.587801,0.566587,0.590338
3867,0.587719,0.566497,0.590255
3868,0.58766,0.566433,0.590191
3869,0.587591,0.566356,0.590115
3870,0.587501,0.566257,0.590015
3871,0.587423,0.566171,0.589919
3872,0.587377,0.566121,0.589855
3873,0.587312,0.566049,0.589771
3874,0.587255,0.565987,0.589694
3875,0.587221,0.565949,0.589642
3876,0.587176,0.565899,0.589582
3877,0.587126,0.565844,0.589519
3878,0.587107,0.565824,0.589491
3879,0.587033,0.565743,0.589411
3880,0.586997,0.565702,0.589367
3881,0.58691,0.565607,0.589272
3882,0.58688,0.565574,0.589231
3883,0.586854,0.565546,0.5892
3884,0.586793,0.565478,0.589137
3885,0.586722,0.565401,0.589061
3886,0.586655,0.565327,0.588985
3887,0.586601,0.565268,0.58892
3888,0.586551,0.565213,0.588859
3889,0.58647,0.565123,0.588764
3890,0.586431,0.565081,0.588709
3891,0.586397,0.565043,0.588661
3892,0.586364,0.565007,0.588618
3893,0.586335,0.564975,0.588584
3894,0.586245,0.564876,0.588487
3895,0.586221,0.56485,0.588454
3896,0.586183,0.564807,0.588411
3897,0.586154,0.564775,0.588381
3898,0.586119,0.564737,0.58835
3899,0.586043,0.564654,0.588277
3900,0.585985,0.56459,0.588217
3901,0.585911,0.564508,0.588138
3902,0.585878,0.564472,0.588099
3903,0.585823,0.564411,0.588039
3904,0.585793,0.564379,0.588006
3905,0.585769,0.564352,0.587984
3906,0.585693,0.564268,0.58791
3907,0.585657,0.564229,0.587875
3908,0.585593,0.564159,0.587813
3909,0.585567,0.56413,0.587789
3910,0.585515,0.564072,0.587741
3911,0.585449,0.564,0.587678
3912,0.585414,0.563962,0.587646
3913,0.585348,0.563889,0.587583
3914,0.585283,0.563818,0.587518
3915,0.585256,0.563788,0.587492
3916,0.585216,0.563743,0.587455
3917,0.585193,0.563719,0.587442
3918,0.585148,0.563669,0.58741
3919,0.585068,0.563581,0.587342
3920,0.585039,0.563549,0.587323
3921,0.584979,0.563484,0.587277
3922,0.584936,0.563435,0.587246
3923,0.584857,0.563348,0.587178
3924,0.584801,0.563287,0.587131
3925,0.584724,0.563203,0.58706
3926,0.584674,0.563148,0.587013
3927,0.584627,0.563096,0.586971
3928,0.584553,0.563014,0.5869
3929,0.584531,0.562991,0.586883
3930,0.584447,0.562898,0.586804
3931,0.58441,0.562857,0.586771
3932,0.584325,0.562764,0.586689
3933,0.584255,0.562687,0.586616
3934,0.58422,0.562648,0.586578
3935,0.584163,0.562585,0.58652
3936,0.58409,0.562505,0.586445
3937,0.584029,0.562438,0.586378
3938,0.583992,0.562398,0.586336
3939,0.58393,0.562329,0.58627
3940,0.583887,0.562281,0.586223
3941,0.583836,0.562225,0.58617
3942,0.583765,0.562147,0.586096
3943,0.583716,0.562093,0.586042
3944,0.583684,0.562059,0.586008
3945,0.583621,0.561989,0.585944
3946,0.583542,0.561903,0.585862
3947,0.583509,0.561866,0.585823
3948,0.583445,0.561796,0.585755
3949,0.583424,0.561772,0.585731
3950,0.583355,0.561697,0.585663
3951,0.583331,0.56167,0.58564
3952,0.583273,0.561607,0.585587
3953,0.583223,0.561552,0.585541
3954,0.583186,0.56151,0.58551
3955,0.5831,0.561417,0.58543
3956,0.583023,0.561332,0.585352
3957,0.582969,0.561272,0.585294
3958,0.582947,0.561248,0.58527
3959,0.582888,0.561183,0.585214
3960,0.582861,0.561153,0.585191
3961,0.582776,0.56106,0.585111
3962,0.582733,0.561013,0.585071
3963,0.582709,0.560986,0.585053
3964,0.582675,0.560948,0.585031
3965,0.58259,0.560855,0.584959
3966,0.582499,0.560755,0.584873
3967,0.582446,0.560697,0.584821
3968,0.582407,0.560654,0.584784
3969,0.582357,0.560598,0.584738
3970,0.582274,0.560507,0.584658
3971,0.582229,0.560458,0.584615
3972,0.582189,0.560414,0.584578
3973,0.582147,0.560368,0.584543
3974,0.582088,0.560303,0.584492
3975,0.582063,0.560276,0.584479
3976,0.581982,0.560186,0.584411
3977,0.581949,0.56015,0.58439
3978,0.581863,0.560056,0.584317
3979,0.581807,0.559994,0.584271
3980,0.581784,0.559969,0.584261
3981,0.581721,0.559899,0.584215
3982,0.581665,0.559838,0.584177
3983,0.581582,0.559747,0.58411
3984,0.58152,0.559678,0.584059
3985,0.581431,0.559581,0.58398
3986,0.5814,0.559547,0.583958
3987,0.581317,0.559455,0.583885
3988,0.581249,0.55938,0.583822
3989,0.581181,0.559305,0.583759
3990,0.5811,0.559217,0.583681
3991,0.581025,0.559134,0.583604
3992,0.580978,0.559082,0.583553
3993,0.580903,0.559,0.583476
3994,0.58083,0.55892,0.583398
3995,0.58075,0.558831,0.583308
3996,0.580729,0.558807,0.583278
3997,0.580646,0.558717,0.58319
3998,0.580584,0.558648,0.583119
3999,0.580535,0.558595,0.583062
4000,0.580495,0.558551,0.583016
4001,0.580455,0.558507,0.582976
4002,0.580422,0.55847,0.582947
4003,0.580358,0.5584,0.58289
4004,0.580266,0.558298,0.582801
4005,0.580185,0.55821,0.582718
4006,0.580111,0.558128,0.582636
4007,0.580056,0.558067,0.582571
4008,0.580032,0.558041,0.582541
4009,0.579964,0.557966,0.582472
4010,0.579875,0.557868,0.582376
4011,0.57982,0.557809,0.582311
4012,0.579798,0.557784,0.582283
4013,0.579738,0.557718,0.582221
4014,0.579711,0.557689,0.582195
4015,0.579667,0.55764,0.582157
4016,0.579591,0.557556,0.582087
4017,0.57955,0.557511,0.582052
4018,0.579501,0.557457,0.582012
4019,0.579444,0.557395,0.581966
4020,0.579398,0.557344,0.581932
4021,0.579329,0.557268,0.581876
4022,0.579242,0.557172,0.581798
4023,0.579163,0.557086,0.581723
4024,0.579083,0.556998,0.581642
4025,0.579053,0.556964,0.581611
4026,0.578968,0.55687,0.581527
4027,0.578948,0.556848,0.581508
4028,0.578872,0.556766,0.581438
4029,0.578838,0.556728,0.581409
4030,0.578789,0.556674,0.58137
4031,0.578724,0.556603,0.581317
4032,0.578635,0.556505,0.581236
4033,0.578557,0.556419,0.581161
4034,0.578505,0.556361,0.58111
4035,0.578478,0.556331,0.581089
4036,0.578388,0.556233,0.581007
4037,0.578298,0.556134,0.580919
4038,0.57824,0.556071,0.580859
4039,0.578195,0.556021,0.580813
4040,0.578127,0.555946,0.580747
4041,0.578057,0.555869,0.580676
4042,0.57802,0.555828,0.58064
4043,0.577974,0.555777,0.580599
4044,0.577924,0.555723,0.580559
4045,0.577843,0.555634,0.580487
4046,0.577759,0.555541,0.580407
4047,0.577697,0.555473,0.580346
4048,0.577619,0.555387,0.580269
4049,0.577568,0.555331,0.580216
4050,0.577478,0.555232,0.580124
4051,0.577405,0.555152,0.580043
4052,0.57736,0.555102,0.57999
4053,0.577309,0.555046,0.579935
4054,0.57729,0.555025,0.579917
4055,0.577244,0.554974,0.57988
4056,0.577171,0.554894,0.579816
4057,0.577117,0.554834,0.579771
4058,0.577036,0.554745,0.579699
4059,0.576956,0.554658,0.579623
4060,0.576899,0.554595,0.579569
4061,0.57684,0.55453,0.579514
4062,0.576771,0.554455,0.579449
4063,0.576739,0.554419,0.579422
4064,0.576659,0.554332,0.579351
4065,0.576573,0.554237,0.579269
4066,0.57649,0.554145,0.579185
4067,0.57642,0.554068,0.57911
4068,0.576338,0.553978,0.579021
4069,0.576271,0.553904,0.578943
4070,0.576201,0.553827,0.57886
4071,0.576168,0.553791,0.578818
4072,0.576125,0.553743,0.578769
4073,0.576063,0.553676,0.578706
4074,0.575979,0.553583,0.578617
4075,0.575921,0.553519,0.578551
4076,0.575883,0.553477,0.578509
4077,0.575796,0.553382,0.578418
4078,0.575761,0.553343,0.578378
4079,0.575698,0.553274,0.578314
4080,0.575617,0.553185,0.578228
4081,0.575575,0.553139,0.578181
4082,0.575516,0.553073,0.578119
4083,0.575445,0.552996,0.578046
4084,0.57536,0.552902,0.577953
4085,0.575291,0.552826,0.577872
4086,0.575246,0.552776,0.577815
4087,0.575209,0.552736,0.577771
4088,0.575128,0.552647,0.577683
4089,0.575054,0.552565,0.577597
4090,0.574997,0.552503,0.577527
4091,0.574943,0.552443,0.57746
4092,0.574853,0.552344,0.577354
4093,0.5748,0.552286,0.577281
4094,0.574745,0.552225,0.577206
4095,0.574721,0.552199,0.577166
4096,0.57463,0.552099,0.57706
4097,0.574602,0.552068,0.577013
4098,0.574523,0.551981,0.576918
4099,0.574499,0.551955,0.576876
4100,0.574453,0.551904,0.576818
4101,0.574419,0.551867,0.576774
4102,0.574333,0.551772,0.576678
4103,0.574303,0.55174,0.576635
4104,0.574257,0.551689,0.57658
4105,0.57423,0.551659,0.576547
4106,0.574153,0.551575,0.576466
4107,0.574088,0.551503,0.576392
4108,0.574036,0.551446,0.576328
4109,0.574008,0.551415,0.576291
4110,0.573974,0.551377,0.576252
4111,0.573921,0.55132,0.576198
4112,0.573891,0.551287,0.576168
4113,0.573853,0.551245,0.576134
4114,0.573801,0.551187,0.576088
4115,0.573734,0.551114,0.576026
4116,0.573679,0.551053,0.575973
4117,0.573642,0.551012,0.57594
4118,0.573567,0.55093,0.575868
4119,0.573541,0.550902,0.575846
4120,0.57351,0.550867,0.575823
4121,0.573418,0.550766,0.57574
4122,0.573333,0.550673,0.575654
4123,0.573267,0.5506,0.575582
4124,0.573244,0.550574,0.575554
4125,0.573156,0.550478,0.575462
4126,0.573137,0.550457,0.575438
4127,0.573116,0.550434,0.575419
4128,0.573065,0.550378,0.575375
4129,0.572987,0.550292,0.575301
4130,0.572939,0.550239,0.575256
4131,0.572854,0.550145,0.575169
4132,0.572822,0.55011,0.575134
4133,0.572729,0.550008,0.575038
4134,0.572675,0.549948,0.574974
4135,0.572647,0.549918,0.574939
4136,0.572594,0.54986,0.574882
4137,0.57256,0.549823,0.574847
4138,0.572509,0.549766,0.574796
4139,0.57246,0.549712,0.574748
4140,0.572414,0.549661,0.574705
4141,0.572332,0.549571,0.574623
4142,0.572306,0.549542,0.574596
4143,0.572225,0.549453,0.574515
4144,0.572206,0.549432,0.574495
4145,0.572178,0.549402,0.574475
4146,0.572147,0.549367,0.574456
4147,0.572105,0.549322,0.574431
4148,0.572054,0.549266,0.574399
4149,0.571985,0.549189,0.574348
4150,0.571895,0.549091,0.574272
4151,0.571844,0.549034,0.574229
4152,0.571768,0.548951,0.574162
4153,0.571694,0.54887,0.574091
4154,0.571649,0.54882,0.574047
4155,0.571621,0.548789,0.574026
4156,0.571595,0.54876,0.574013
4157,0.571513,0.548671,0.573947
4158,0.571427,0.548576,0.57387
4159,0.571377,0.548521,0.573826
4160,0.571307,0.548444,0.573763
4161,0.571227,0.548356,0.573685
4162,0.571165,0.548287,0.573621
4163,0.571087,0.548202,0.57354
4164,0.571065,0.548178,0.573515
4165,0.571027,0.548136,0.573481
4166,0.570986,0.54809,0.573448
4167,0.570896,0.547991,0.573366
4168,0.570811,0.547898,0.573282
4169,0.570723,0.547801,0.573188
4170,0.570631,0.547701,0.573083
4171,0.570588,0.547653,0.573023
4172,0.570566,0.547629,0.572989
4173,0.570483,0.547537,0.572897
4174,0.570424,0.547472,0.572824
4175,0.570393,0.547439,0.572782
4176,0.570318,0.547356,0.572697
4177,0.570291,0.547327,0.57266
4178,0.57025,0.547281,0.572614
4179,0.570184,0.547209,0.572544
4180,0.570144,0.547164,0.5725
4181,0.570102,0.547118,0.572457
4182,0.570013,0.547021,0.572366
4183,0.569953,0.546955,0.572298
4184,0.56993,0.546929,0.572269
4185,0.56989,0.546885,0.572229
4186,0.569824,0.546812,0.572164
4187,0.56977,0.546754,0.57211
4188,0.569693,0.546668,0.57203
4189,0.569659,0.546631,0.571991
4190,0.5696,0.546566,0.571931
4191,0.569508,0.546465,0.571833
4192,0.569445,0.546396,0.571757
4193,0.569408,0.546355,0.571708
4194,0.569325,0.546263,0.571611
4195,0.569261,0.546193,0.571529
4196,0.569236,0.546165,0.571486
4197,0.569211,0.546138,0.571449
4198,0.569149,0.54607,0.571378
4199,0.569091,0.546006,0.571309
4200,0.569053,0.545964,0.57126
4201,0.568997,0.545903,0.571194
4202,0.568971,0.545874,0.57116
4203,0.568936,0.545835,0.571121
4204,0.568913,0.545811,0.571099
4205,0.568873,0.545767,0.571065
4206,0.568824,0.545713,0.571024
4207,0.568753,0.545635,0.570959
4208,0.568728,0.545607,0.570939
4209,0.568694,0.545569,0.570916
4210,0.568675,0.545548,0.570914
4211,0.568594,0.54546,0.570852
4212,0.568541,0.545401,0.570813
4213,0.568468,0.545321,0.570754
4214,0.568429,0.545278,0.570726
4215,0.568338,0.545178,0.570646
4216,0.568264,0.545096,0.570574
4217,0.568224,0.545052,0.570536
4218,0.568142,0.544962,0.570455
4219,0.568108,0.544925,0.570421
4220,0.568088,0.544903,0.570406
4221,0.568043,0.544854,0.570373
4222,0.567997,0.544803,0.570341
4223,0.56792,0.544718,0.570276
4224,0.567841,0.544631,0.570205
4225,0.56779,0.544575,0.570159
4226,0.567759,0.544542,0.570137
4227,0.567674,0.544447,0.57006
4228,0.567598,0.544363,0.569987
4229,0.567521,0.544279,0.569909
4230,0.567501,0.544257,0.569888
4231,0.56744,0.54419,0.569831
4232,0.567368,0.54411,0.56976
4233,0.567326,0.544065,0.56972
4234,0.567259,0.543991,0.569655
4235,0.56722,0.543948,0.569618
4236,0.567135,0.543855,0.569536
4237,0.567087,0.543802,0.569487
4238,0.567065,0.543778,0.569469
4239,0.567016,0.543724,0.569429
4240,0.566987,0.543692,0.569414
4241,0.566908,0.543605,0.56935
4242,0.566832,0.543521,0.569285
4243,0.566796,0.543481,0.56926
4244,0.566704,0.543381,0.569179
4245,0.566634,0.543303,0.569114
4246,0.56658,0.543244,0.569063
4247,0.566497,0.543153,0.568983
4248,0.566409,0.543056,0.568892
4249,0.566318,0.542956,0.56879
4250,0.566244,0.542875,0.568699
4251,0.566186,0.542811,0.568622
4252,0.566152,0.542773,0.56857
4253,0.566095,0.54271,0.568498
4254,0.566015,0.542622,0.568401
4255,0.565965,0.542568,0.568332
4256,0.565943,0.542544,0.568294
4257,0.565916,0.542514,0.568258
4258,0.565829,0.542418,0.568163
4259,0.565809,0.542396,0.568133
4260,0.565776,0.54236,0.568098
4261,0.565704,0.54228,0.568024
4262,0.565655,0.542226,0.567972
4263,0.565602,0.542169,0.567917
4264,0.565548,0.542109,0.567859
4265,0.565507,0.542064,0.567817
4266,0.565436,0.541986,0.567745
4267,0.565395,0.54194,0.567701
4268,0.565333,0.541872,0.567638
4269,0.565268,0.541801,0.567569
4270,0.565246,0.541777,0.567544
4271,0.565197,0.541723,0.567498
4272,0.565163,0.541686,0.567469
4273,0.565116,0.541633,0.567431
4274,0.565034,0.541544,0.567356
4275,0.565001,0.541507,0.567327
4276,0.564947,0.541447,0.567282
4277,0.564881,0.541375,0.567223
4278,0.564808,0.541294,0.567154
4279,0.564732,0.541212,0.567078
4280,0.564683,0.541158,0.567026
4281,0.56462,0.541088,0.566961
4282,0.56457,0.541033,0.566907
4283,0.564543,0.541004,0.56688
4284,0.56451,0.540968,0.566854
4285,0.564467,0.54092,0.566821
4286,0.564407,0.540854,0.566773
4287,0.564359,0.540801,0.566737
4288,0.564321,0.540759,0.566714
4289,0.564245,0.540675,0.566654
4290,0.564175,0.540599,0.566596
4291,0.564121,0.540539,0.566553
4292,0.564041,0.540451,0.566482
4293,0.564005,0.540412,0.566455
4294,0.563931,0.54033,0.566391
4295,0.563858,0.54025,0.566325
4296,0.563811,0.540198,0.566284
4297,0.563759,0.540141,0.56624
4298,0.563693,0.540069,0.566183
4299,0.563629,0.539998,0.566126
4300,0.563547,0.539907,0.566048
4301,0.563519,0.539877,0.566025
4302,0.56344,0.53979,0.565953
4303,0.563358,0.5397,0.565874
4304,0.56329,0.539625,0.565805
4305,0.563243,0.539573,0.565756
4306,0.563218,0.539546,0.565736
4307,0.563128,0.539447,0.565652
4308,0.563045,0.539356,0.565569
4309,0.562957,0.539259,0.565475
4310,0.56289,0.539185,0.565397
4311,0.562838,0.539128,0.565334
4312,0.562801,0.539087,0.565289
4313,0.562712,0.53899,0.565192
4314,0.56264,0.53891,0.565106
4315,0.562599,0.538865,0.56505
4316,0.562554,0.538815,0.564995
4317,0.562478,0.538732,0.564908
4318,0.562443,0.538694,0.564862
4319,0.562359,0.538601,0.564767
4320,0.562294,0.538529,0.564685
4321,0.562252,0.538483,0.564627
4322,0.562224,0.538452,0.564588
4323,0.56218,0.538404,0.564537
4324,0.562143,0.538364,0.564497
4325,0.56208,0.538294,0.564433
4326,0.561999,0.538205,0.564346
4327,0.561947,0.538148,0.564285
4328,0.561912,0.53811,0.564244
4329,0.561886,0.53808,0.564216
4330,0.561844,0.538034,0.564178
4331,0.561762,0.537944,0.564099
4332,0.561686,0.537861,0.56402
4333,0.561604,0.537771,0.56393
4334,0.561586,0.53775,0.563902
4335,0.561527,0.537686,0.563838
4336,0.561486,0.537641,0.563793
4337,0.561445,0.537596,0.563751
4338,0.561367,0.53751,0.563671
4339,0.561333,0.537473,0.563634
4340,0.561277,0.537411,0.563576
4341,0.561253,0.537384,0.563554
4342,0.561174,0.537297,0.563478
4343,0.561133,0.537252,0.563438
4344,0.561054,0.537165,0.563359
4345,0.560989,0.537094,0.56329
4346,0.560918,0.537016,0.563211
4347,0.560863,0.536956,0.563146
4348,0.560808,0.536894,0.563079
4349,0.560748,0.536829,0.563008
4350,0.560722,0.5368,0.562971
4351,0.560689,0.536764,0.562933
4352,0.560658,0.536729,0.562901
4353,0.560628,0.536697,0.562876
4354,0.560566,0.536628,0.562821
4355,0.56052,0.536578,0.562781
4356,0.560432,0.536481,0.562697
4357,0.56039,0.536435,0.562656
4358,0.560365,0.536407,0.562635
4359,0.560317,0.536355,0.562596
4360,0.560256,0.536288,0.562544
4361,0.560178,0.536201,0.562471
4362,0.560131,0.53615,0.562428
4363,0.560102,0.536119,0.562405
4364,0.560057,0.536068,0.562371
4365,0.560018,0.536026,0.562346
4366,0.559943,0.535943,0.562285
4367,0.559915,0.535913,0.562273
4368,0.559851,0.535842,0.562226
4369,0.559784,0.535769,0.562175
4370,0.559729,0.535708,0.562135
4371,0.55964,0.53561,0.562058
4372,0.559548,0.535509,0.56197
4373,0.559503,0.535459,0.561927
4374,0.559438,0.535387,0.561863
4375,0.559413,0.53536,0.561842
4376,0.559351,0.535293,0.56179
4377,0.559275,0.535208,0.56172
4378,0.559206,0.535133,0.561654
4379,0.559149,0.53507,0.561599
4380,0.559065,0.534977,0.561514
4381,0.559002,0.534908,0.561446
4382,0.558935,0.534835,0.561374
4383,0.558905,0.534802,0.561339
4384,0.558819,0.534707,0.561249
4385,0.558782,0.534667,0.561207
4386,0.558707,0.534583,0.561127
4387,0.558627,0.534496,0.561039
4388,0.558581,0.534445,0.560981
4389,0.558501,0.534357,0.560888
4390,0.558478,0.534332,0.560853
4391,0.558443,0.534293,0.560812
4392,0.55841,0.534257,0.560779
4393,0.558365,0.534208,0.560738
4394,0.558292,0.534127,0.560669
4395,0.558258,0.53409,0.560638
4396,0.558225,0.534054,0.560615
4397,0.558185,0.53401,0.560589
4398,0.558106,0.533922,0.560524
4399,0.558038,0.533848,0.560467
4400,0.557953,0.533754,0.560389
4401,0.55788,0.533675,0.560318
4402,0.557821,0.53361,0.560258
4403,0.557743,0.533523,0.560176
4404,0.557656,0.533427,0.56008
4405,0.557586,0.53335,0.559996
4406,0.557555,0.533317,0.559951
4407,0.557526,0.533285,0.559915
4408,0.557499,0.533255,0.559887
4409,0.557429,0.533178,0.559819
4410,0.557354,0.533096,0.559743
4411,0.557321,0.533059,0.559707
4412,0.55729,0.533025,0.559681
4413,0.55726,0.532992,0.559661
4414,0.55722,0.532948,0.559637
4415,0.557143,0.532863,0.559576
4416,0.557052,0.532763,0.559496
4417,0.556965,0.532667,0.559412
4418,0.556937,0.532636,0.559386
4419,0.556856,0.532548,0.55931
4420,0.55678,0.532464,0.559233
4421,0.556758,0.53244,0.559212
4422,0.556694,0.532369,0.559152
4423,0.556618,0.532286,0.55908
4424,0.556544,0.532205,0.559004
4425,0.556517,0.532175,0.558977
4426,0.556494,0.53215,0.558961
4427,0.556433,0.532083,0.558913
4428,0.556345,0.531986,0.558835
4429,0.556296,0.531932,0.558793
4430,0.556214,0.531841,0.558717
4431,0.556127,0.531746,0.55863
4432,0.55608,0.531694,0.558581
4433,0.556023,0.531631,0.558523
4434,0.555937,0.531537,0.558435
4435,0.555886,0.531481,0.558379
4436,0.5558,0.531386,0.558286
4437,0.555712,0.531289,0.558184
4438,0.555663,0.531236,0.558118
4439,0.555618,0.531185,0.558058
4440,0.55558,0.531145,0.558011
4441,0.55555,0.531111,0.557975
4442,0.5555,0.531056,0.557924
4443,0.555409,0.530957,0.55783
4444,0.555353,0.530894,0.557766
4445,0.55527,0.530803,0.557672
4446,0.555226,0.530755,0.557616
4447,0.555143,0.530664,0.557519
4448,0.555098,0.530614,0.557456
4449,0.555058,0.53057,0.557402
4450,0.555025,0.530534,0.557359
4451,0.554953,0.530454,0.557278
4452,0.554902,0.530399,0.557216
4453,0.554882,0.530376,0.557188
4454,0.554836,0.530325,0.55714
4455,0.55476,0.530242,0.557061
4456,0.554727,0.530206,0.557024
4457,0.554695,0.53017,0.556993
4458,0.55464,0.53011,0.556942
4459,0.554605,0.530071,0.556912
4460,0.554572,0.530036,0.55689
4461,0.554482,0.529936,0.556809
4462,0.55445,0.529901,0.556784
4463,0.554397,0.529842,0.556742
4464,0.554371,0.529814,0.55673
4465,0.554311,0.529748,0.556689
4466,0.554275,0.529709,0.556672
4467,0.554208,0.529635,0.556627
4468,0.554167,0.52959,0.556609
4469,0.554086,0.529501,0.556551
4470,0.553999,0.529405,0.556481
4471,0.553924,0.529322,0.556418
4472,0.553887,0.529282,0.556393
4473,0.553799,0.529186,0.556319
4474,0.553721,0.529099,0.556248
4475,0.553647,0.529018,0.556178
4476,0.553569,0.528932,0.5561
4477,0.553504,0.528861,0.556032
4478,0.553444,0.528794,0.555969
4479,0.553371,0.528715,0.555892
4480,0.553299,0.528635,0.555812
4481,0.553261,0.528593,0.555768
4482,0.553195,0.528521,0.555697
4483,0.553157,0.528478,0.555656
4484,0.553078,0.528392,0.555575
4485,0.553025,0.528333,0.555518
4486,0.552967,0.52827,0.555457
4487,0.552907,0.528204,0.555394
4488,0.552819,0.528107,0.5553
4489,0.55277,0.528053,0.555242
4490,0.552705,0.527981,0.555168
4491,0.552671,0.527944,0.555128
4492,0.552588,0.527853,0.555039
4493,0.552535,0.527794,0.554977
4494,0.55245,0.527702,0.554881
4495,0.552416,0.527664,0.554834
4496,0.552363,0.527605,0.554772
4497,0.5523,0.527536,0.554699
4498,0.552249,0.527481,0.554639
4499,0.552208,0.527435,0.55459
4500,0.55212,0.527338,0.554493
4501,0.55207,0.527283,0.554431
4502,0.552038,0.527248,0.554389
4503,0.552015,0.527222,0.554362
4504,0.551981,0.527185,0.554331
4505,0.551919,0.527118,0.554276
4506,0.551869,0.527062,0.554231
4507,0.551848,0.527039,0.55422
4508,0.551771,0.526954,0.554155
4509,0.551736,0.526916,0.554132
4510,0.551659,0.526831,0.554069
4511,0.551615,0.526783,0.554036
4512,0.551546,0.526707,0.55398
4513,0.5515,0.526656,0.553946
4514,0.551456,0.526608,0.553918
4515,0.551367,0.52651,0.553844
4516,0.551278,0.526412,0.553763
4517,0.551235,0.526364,0.553725
4518,0.551145,0.526266,0.55364
4519,0.551053,0.526164,0.553545
4520,0.55102,0.526128,0.553507
4521,0.55096,0.526062,0.553447
4522,0.550893,0.525988,0.553377
4523,0.550872,0.525965,0.553358
4524,0.550783,0.525867,0.553272
4525,0.550718,0.525796,0.553206
4526,0.550629,0.525698,0.553111
4527,0.550565,0.525628,0.553038
4528,0.550517,0.525575,0.552981
4529,0.550483,0.525538,0.552941
4530,0.550396,0.525441,0.552848
4531,0.550318,0.525356,0.55276
4532,0.550295,0.525331,0.552727
4533,0.550203,0.52523,0.552625
4534,0.550174,0.525197,0.552584
4535,0.550106,0.525123,0.552508
4536,0.550059,0.525071,0.552452
4537,0.550019,0.525027,0.552405
4538,0.54994,0.52494,0.552319
4539,0.54989,0.524886,0.552261
4540,0.549814,0.524801,0.552174
4541,0.549772,0.524755,0.55212
4542,0.549745,0.524725,0.552085
4543,0.549691,0.524666,0.552028
4544,0.549611,0.524578,0.551941
4545,0.54959,0.524555,0.551914
4546,0.549556,0.524518,0.551881
4547,0.549508,0.524464,0.551836
4548,0.549488,0.524443,0.551825
4549,0.549454,0.524406,0.551807
4550,0.549406,0.524353,0.551779
4551,0.549318,0.524256,0.551709
4552,0.549248,0.524179,0.551651
4553,0.549227,0.524156,0.551644
4554,0.549147,0.524068,0.551582
4555,0.549103,0.52402,0.551554
4556,0.549025,0.523933,0.551492
4557,0.548938,0.523838,0.551415
4558,0.548879,0.523773,0.551363
4559,0.548803,0.52369,0.551293
4560,0.548753,0.523635,0.551247
4561,0.548697,0.523573,0.551197
4562,0.548637,0.523507,0.551144
4563,0.548594,0.523459,0.55111
4564,0.548524,0.523382,0.55105
4565,0.548445,0.523295,0.550978
4566,0.548376,0.52322,0.550913
4567,0.548343,0.523183,0.550886
4568,0.548299,0.523135,0.550854
4569,0.548221,0.523049,0.550788
4570,0.54813,0.522949,0.550705
4571,0.548061,0.522873,0.550639
4572,0.547996,0.522802,0.550576
4573,0.547966,0.522769,0.55055
4574,0.5479,0.522696,0.550493
4575,0.547816,0.522604,0.550415
4576,0.547796,0.522581,0.550403
4577,0.547723,0.522501,0.550343
4578,0.547632,0.522401,0.550261
4579,0.547557,0.522319,0.55019
4580,0.547468,0.522221,0.5501
4581,0.547406,0.522152,0.550035
4582,0.547374,0.522118,0.550003
4583,0.547284,0.522019,0.549915
4584,0.547196,0.521921,0.549822
4585,0.547104,0.521821,0.549719
4586,0.547027,0.521736,0.549625
4587,0.546966,0.521669,0.549546
4588,0.546921,0.521619,0.549483
4589,0.546864,0.521556,0.549412
4590,0.546832,0.521522,0.549369
4591,0.54675,0.521431,0.549278
4592,0.546697,0.521372,0.549212
4593,0.546678,0.521352,0.549187
4594,0.546598,0.521264,0.549104
4595,0.546528,0.521187,0.549027
4596,0.546493,0.521148,0.548985
4597,0.546464,0.521117,0.548957
4598,0.546388,0.521033,0.548883
4599,0.546347,0.520988,0.548844
4600,0.54628,0.520914,0.548781
4601,0.546259,0.520891,0.548767
4602,0.546204,0.520831,0.548725
4603,0.546114,0.520731,0.548646
4604,0.546028,0.520637,0.548564
4605,0.546007,0.520614,0.548548
4606,0.545987,0.520592,0.548542
4607,0.545897,0.520493,0.548469
4608,0.545835,0.520425,0.548421
4609,0.545747,0.520327,0.548343
4610,0.545667,0.52024,0.54827
4611,0.545576,0.52014,0.548179
4612,0.545551,0.520112,0.548153
4613,0.545508,0.520065,0.548118
4614,0.545437,0.519986,0.548056
4615,0.545405,0.519952,0.548037
4616,0.545326,0.519864,0.547972
4617,0.545239,0.519769,0.547895
4618,0.545152,0.519674,0.547813
4619,0.545099,0.519615,0.547763
4620,0.545027,0.519536,0.547695
4621,0.544957,0.519459,0.547628
4622,0.54487,0.519363,0.547539
4623,0.544832,0.519321,0.5475
4624,0.544747,0.519227,0.547415
4625,0.544668,0.519141,0.547332
4626,0.544578,0.519042,0.547233
4627,0.544514,0.518972,0.547157
4628,0.544433,0.518883,0.547061
4629,0.544356,0.518798,0.546965
4630,0.544313,0.51875,0.546902
4631,0.544286,0.51872,0.546862
4632,0.544208,0.518635,0.546774
4633,0.544163,0.518586,0.546718
4634,0.544113,0.51853,0.54666
4635,0.544056,0.518468,0.546597
4636,0.543997,0.518403,0.546533
4637,0.543916,0.518314,0.546445
4638,0.543868,0.518261,0.546387
4639,0.543848,0.518239,0.546364
4640,0.543761,0.518143,0.546276
4641,0.54368,0.518054,0.546187
4642,0.5436,0.517966,0.546096
4643,0.54357,0.517933,0.546053
4644,0.543513,0.517871,0.545988
4645,0.543457,0.517809,0.545924
4646,0.543436,0.517786,0.545899
4647,0.543353,0.517695,0.545815
4648,0.543278,0.517612,0.545733
4649,0.543228,0.517557,0.545675
4650,0.543204,0.517531,0.545647
4651,0.543154,0.517475,0.545598
4652,0.543076,0.51739,0.545521
4653,0.543054,0.517366,0.545501
4654,0.542974,0.517278,0.545425
4655,0.542918,0.517216,0.54537
4656,0.542851,0.517142,0.545303
4657,0.542807,0.517093,0.54526
4658,0.542718,0.516996,0.545171
4659,0.542642,0.516912,0.545088
4660,0.542613,0.51688,0.545052
4661,0.542548,0.516809,0.544985
4662,0.542507,0.516764,0.544942
4663,0.542449,0.5167,0.544883
4664,0.542388,0.516633,0.544821
4665,0.542335,0.516575,0.544768
4666,0.542272,0.516505,0.544704
4667,0.542181,0.516405,0.544608
4668,0.542111,0.516329,0.544528
4669,0.542026,0.516235,0.544427
4670,0.541987,0.516192,0.54437
4671,0.541933,0.516133,0.544301
4672,0.5419,0.516096,0.544254
4673,0.541878,0.516072,0.544225
4674,0.541835,0.516024,0.544181
4675,0.541777,0.515961,0.544124
4676,0.541738,0.515918,0.544086
4677,0.541656,0.515828,0.544006
4678,0.541568,0.515731,0.543912
4679,0.541495,0.515651,0.543827
4680,0.541434,0.515584,0.54375
4681,0.541405,0.515551,0.543707
4682,0.541334,0.515474,0.543623
4683,0.541279,0.515413,0.543553
4684,0.541229,0.515358,0.543488
4685,0.541197,0.515323,0.543442
4686,0.541177,0.515301,0.543415
4687,0.541141,0.515261,0.543378
4688,0.541086,0.5152,0.543323
4689,0.541049,0.51516,0.543289
4690,0.540967,0.51507,0.543208
4691,0.54093,0.515029,0.54317
4692,0.540861,0.514953,0.5431
4693,0.540795,0.514881,0.54303
4694,0.54076,0.514843,0.54299
4695,0.540725,0.514804,0.542954
4696,0.540666,0.514739,0.542896
4697,0.540616,0.514684,0.542847
4698,0.540526,0.514585,0.542753
4699,0.54049,0.514545,0.54271
4700,0.540466,0.514519,0.542685
4701,0.540435,0.514484,0.542658
4702,0.540352,0.514393,0.542579
4703,0.540323,0.514362,0.542552
4704,0.540271,0.514305,0.542506
4705,0.540191,0.514216,0.542429
4706,0.540156,0.514178,0.542395
4707,0.540125,0.514143,0.542369
4708,0.540052,0.514063,0.542303
4709,0.540005,0.514011,0.542261
4710,0.539919,0.513917,0.542177
4711,0.539849,0.51384,0.542103
4712,0.539799,0.513786,0.542048
4713,0.53977,0.513753,0.542016
4714,0.539731,0.51371,0.541978
4715,0.539702,0.513679,0.541956
4716,0.539634,0.513603,0.541896
4717,0.539582,0.513546,0.541851
4718,0.539557,0.513518,0.541836
4719,0.539533,0.513492,0.54183
4720,0.539483,0.513437,0.541802
4721,0.53942,0.513368,0.541762
4722,0.539365,0.513308,0.54173
4723,0.53932,0.513258,0.541709
4724,0.539255,0.513187,0.541669
4725,0.539179,0.513103,0.541616
4726,0.539092,0.513007,0.541547
4727,0.539029,0.512938,0.541498
4728,0.538939,0.512839,0.541418
4729,0.53888,0.512774,0.541367
4730,0.538833,0.512722,0.541328
4731,0.538792,0.512678,0.5413
4732,0.5387,0.512577,0.541221
4733,0.538616,0.512483,0.541142
4734,0.538526,0.512385,0.541052
4735,0.538438,0.512288,0.540958
4736,0.538357,0.512199,0.540864
4737,0.538334,0.512173,0.540829
4738,0.538259,0.512091,0.540747
4739,0.538237,0.512067,0.540719
4740,0.538153,0.511974,0.540632
4741,0.538084,0.511898,0.540555
4742,0.538042,0.511852,0.540506
4743,0.538012,0.51182,0.540475
4744,0.537948,0.511749,0.540413
4745,0.537888,0.511683,0.540355
4746,0.537825,0.511614,0.540293
4747,0.537766,0.511549,0.540235
4748,0.537685,0.511459,0.540152
4749,0.537614,0.511382,0.540077
4750,0.537527,0.511285,0.539979
4751,0.537448,0.511199,0.539884
4752,0.537424,0.511173,0.539844
4753,0.537387,0.511132,0.539799
4754,0.537295,0.511031,0.539697
4755,0.537272,0.511005,0.539663
4756,0.537182,0.510907,0.539563
4757,0.537151,0.510873,0.539521
4758,0.537132,0.510852,0.539497
4759,0.5371,0.510816,0.539468
4760,0.537033,0.510742,0.539406
4761,0.536971,0.510674,0.539348
4762,0.536888,0.510583,0.539266
4763,0.536833,0.510522,0.539208
4764,0.536808,0.510495,0.539183
4765,0.536753,0.510434,0.539132
4766,0.536668,0.510341,0.53905
4767,0.536621,0.510289,0.539002
4768,0.536552,0.510213,0.538932
4769,0.536515,0.510173,0.538896
4770,0.536467,0.510119,0.538851
4771,0.536397,0.510043,0.538785
4772,0.536375,0.510019,0.538768
4773,0.536322,0.50996,0.538726
4774,0.536243,0.509873,0.538656
4775,0.536191,0.509816,0.538612
4776,0.536099,0.509715,0.538525
4777,0.536016,0.509624,0.538439
4778,0.535984,0.509588,0.538404
4779,0.535892,0.509488,0.538309
4780,0.53586,0.509452,0.538271
4781,0.535825,0.509413,0.538236
4782,0.535733,0.509312,0.538145
4783,0.535687,0.509262,0.538096
4784,0.535637,0.509207,0.538045
4785,0.535579,0.509143,0.537988
4786,0.535544,0.509105,0.537955
4787,0.535462,0.509015,0.537877
4788,0.5354,0.508947,0.537815
4789,0.53532,0.508858,0.537731
4790,0.535232,0.508761,0.537634
4791,0.535205,0.508732,0.537596
4792,0.535127,0.508646,0.537509
4793,0.535065,0.508578,0.537435
4794,0.534989,0.508494,0.537344
4795,0.534952,0.508453,0.53729
4796,0.534925,0.508424,0.537252
4797,0.534872,0.508365,0.537192
4798,0.534831,0.50832,0.537146
4799,0.534757,0.508239,0.537067
4800,0.534707,0.508184,0.53701
4801,0.53467,0.508143,0.536967
4802,0.534594,0.50806,0.536887
4803,0.534567,0.50803,0.536854
4804,0.534481,0.507935,0.536764
4805,0.53443,0.507879,0.536704
4806,0.534374,0.507817,0.536639
4807,0.534354,0.507796,0.536613
4808,0.534297,0.507733,0.536555
4809,0.534253,0.507684,0.53651
4810,0.534202,0.507628,0.536459
4811,0.534166,0.507589,0.536426
4812,0.534135,0.507554,0.536402
4813,0.534045,0.507455,0.536319
4814,0.534018,0.507425,0.536296
4815,0.533947,0.507347,0.536232
4816,0.533919,0.507316,0.536211
4817,0.533899,0.507295,0.536207
4818,0.533823,0.507211,0.536148
4819,0.533759,0.507141,0.536099
4820,0.533716,0.507094,0.53607
4821,0.533667,0.50704,0.53604
4822,0.533577,0.506941,0.535965
4823,0.533512,0.50687,0.535911
4824,0.533455,0.506807,0.535863
4825,0.533423,0.506771,0.535844
4826,0.533345,0.506686,0.53578
4827,0.533274,0.506608,0.53572
4828,0.533234,0.506564,0.535691
4829,0.533171,0.506494,0.535642
4830,0.533113,0.506431,0.535598
4831,0.533058,0.50637,0.535557
4832,0.532983,0.506288,0.535497
4833,0.5329,0.506196,0.535425
4834,0.532818,0.506106,0.535349
4835,0.532754,0.506035,0.535286
4836,0.532665,0.505937,0.535197
4837,0.532622,0.50589,0.535152
4838,0.532552,0.505814,0.535081
4839,0.53252,0.505778,0.53505
4840,0.532443,0.505694,0.534978
4841,0.532417,0.505664,0.534956
4842,0.532328,0.505567,0.534876
4843,0.532276,0.50551,0.534829
4844,0.532194,0.505419,0.534751
4845,0.532143,0.505364,0.534704
4846,0.532054,0.505265,0.534616
4847,0.531964,0.505166,0.534521
4848,0.531908,0.505105,0.534458
4849,0.53187,0.505063,0.534415
4850,0.531777,0.504961,0.534318
4851,0.531719,0.504897,0.534251
4852,0.531665,0.504838,0.53419
4853,0.531645,0.504816,0.534168
4854,0.531591,0.504757,0.534119
4855,0.531544,0.504704,0.534078
4856,0.531454,0.504605,0.533994
4857,0.531396,0.504542,0.533939
4858,0.531326,0.504465,0.533871
4859,0.531247,0.504378,0.533791
4860,0.531186,0.50431,0.533727
4861,0.531104,0.504221,0.53364
4862,0.53102,0.504128,0.533545
4863,0.530933,0.504033,0.533442
4864,0.53091,0.504007,0.533402
4865,0.530822,0.50391,0.533299
4866,0.530801,0.503887,0.533263
4867,0.530756,0.503837,0.533209
4868,0.530704,0.50378,0.533152
4869,0.530619,0.503687,0.53306
4870,0.530595,0.50366,0.533028
4871,0.530521,0.503579,0.53295
4872,0.53049,0.503545,0.532914
4873,0.530435,0.503485,0.53286
4874,0.530388,0.503433,0.532814
4875,0.530325,0.503364,0.532754
4876,0.530253,0.503284,0.532682
4877,0.530173,0.503197,0.532599
4878,0.530087,0.503102,0.532503
4879,0.53002,0.503028,0.53242
4880,0.53,0.503006,0.532388
4881,0.529946,0.502947,0.532326
4882,0.529868,0.502861,0.532239
4883,0.529816,0.502804,0.532175
4884,0.529773,0.502756,0.532122
4885,0.529751,0.502732,0.532095
4886,0.529688,0.502663,0.532031
4887,0.529648,0.502619,0.53199
4888,0.529602,0.502568,0.531947
4889,0.529521,0.502479,0.531868
4890,0.529492,0.502447,0.531839
4891,0.52941,0.502357,0.531759
4892,0.52938,0.502324,0.531729
4893,0.529331,0.50227,0.531685
4894,0.529257,0.502189,0.531616
4895,0.529176,0.5021,0.531535
4896,0.529111,0.502029,0.531465
4897,0.52904,0.50195,0.531385
4898,0.529001,0.501908,0.531338
4899,0.528956,0.501857,0.531287
4900,0.528867,0.501759,0.531191
4901,0.528819,0.501706,0.531131
4902,0.528799,0.501685,0.531104
4903,0.52873,0.501609,0.531032
4904,0.528709,0.501586,0.531009
4905,0.528655,0.501527,0.530958
4906,0.528588,0.501453,0.530893
4907,0.528569,0.501432,0.530877
4908,0.528489,0.501344,0.530804
4909,0.528432,0.501281,0.530749
4910,0.528356,0.501198,0.530673
4911,0.528337,0.501176,0.530654
4912,0.528279,0.501113,0.530602
4913,0.528193,0.501018,0.530518
4914,0.528103,0.500919,0.530422
4915,0.528078,0.500892,0.53039
4916,0.528029,0.500839,0.530339
4917,0.527939,0.500739,0.530244
4918,0.527901,0.500697,0.530197
4919,0.527862,0.500655,0.530153
4920,0.527842,0.500632,0.530134
4921,0.527809,0.500596,0.530109
4922,0.527719,0.500497,0.530026
4923,0.527669,0.500442,0.529979
4924,0.527635,0.500405,0.529952
4925,0.527545,0.500306,0.529868
4926,0.527479,0.500233,0.529802
4927,0.527395,0.50014,0.529713
4928,0.527316,0.500054,0.529624
4929,0.527284,0.500019,0.529579
4930,0.527259,0.499991,0.529548
4931,0.527213,0.49994,0.529501
4932,0.527144,0.499864,0.529431
4933,0.527119,0.499837,0.529406
4934,0.527091,0.499806,0.529385
4935,0.527026,0.499734,0.529329
4936,0.526956,0.499658,0.529267
4937,0.526902,0.499599,0.529218
4938,0.52682,0.499509,0.529139
4939,0.526763,0.499445,0.52908
4940,0.526689,0.499364,0.529003
4941,0.52664,0.49931,0.528948
4942,0.52657,0.499234,0.528872
4943,0.526518,0.499175,0.528812
4944,0.526463,0.499115,0.528749
4945,0.526411,0.499058,0.52869
4946,0.526377,0.49902,0.52865
4947,0.526354,0.498996,0.528629
4948,0.526271,0.498904,0.528548
4949,0.526194,0.498819,0.528467
4950,0.526165,0.498788,0.528434
4951,0.52612,0.498738,0.528388
4952,0.526101,0.498717,0.528374
4953,0.526037,0.498647,0.528319
4954,0.525952,0.498553,0.528239
4955,0.525893,0.498488,0.52818
4956,0.525848,0.498439,0.528136
4957,0.525772,0.498355,0.528059
4958,0.525733,0.498313,0.528019
4959,0.525705,0.498281,0.527994
4960,0.525647,0.498218,0.527943
4961,0.525588,0.498153,0.52789
4962,0.525546,0.498106,0.527855
4963,0.525456,0.498007,0.52777
4964,0.525412,0.497959,0.527728
4965,0.525337,0.497877,0.527655
4966,0.525258,0.497789,0.527572
4967,0.525213,0.497741,0.527522
4968,0.525121,0.497639,0.527422
4969,0.525092,0.497607,0.527382
4970,0.52506,0.497572,0.527346
4971,0.524982,0.497487,0.527264
4972,0.52491,0.497407,0.527183
4973,0.524873,0.497366,0.527136
4974,0.52479,0.497275,0.527043
4975,0.524734,0.497214,0.526972
4976,0.524661,0.497134,0.526882
4977,0.524583,0.497047,0.526781
4978,0.52454,0.497001,0.526713
4979,0.524508,0.496964,0.526656
4980,0.524471,0.496925,0.526601
4981,0.52444,0.49689,0.526553
4982,0.524383,0.496827,0.526482
4983,0.524359,0.496801,0.526446
4984,0.524274,0.496708,0.526349
4985,0.524231,0.49666,0.526287
4986,0.524212,0.496639,0.526254
4987,0.524191,0.496616,0.526225
4988,0.524121,0.496539,0.526149
4989,0.524096,0.496511,0.526117
4990,0.524062,0.496474,0.52608
4991,0.524041,0.496451,0.526061
4992,0.524012,0.49642,0.52604
4993,0.523926,0.496325,0.525959
4994,0.52389,0.496285,0.525926
4995,0.523863,0.496256,0.525904
4996,0.523833,0.496222,0.525885
4997,0.523805,0.496191,0.525872
4998,0.523762,0.496145,0.525849
4999,0.5237,0.496077,0.525806
5000,0.523632,0.496001,0.525754
5001,0.523566,0.495929,0.5257
5002,0.523521,0.49588,0.525666
5003,0.523499,0.495855,0.525658
5004,0.523407,0.495753,0.52558
5005,0.523338,0.495677,0.525519
5006,0.523305,0.495642,0.525494
5007,0.523264,0.495597,0.525464
5008,0.523216,0.495544,0.525431
5009,0.523176,0.4955,0.525407
5010,0.523125,0.495444,0.525375
5011,0.52305,0.495361,0.525318
5012,0.522959,0.495261,0.525238
5013,0.522909,0.495206,0.525195
5014,0.522843,0.495133,0.525136
5015,0.522756,0.495038,0.525051
5016,0.522707,0.494984,0.525001
5017,0.522676,0.49495,0.524972
5018,0.522601,0.494867,0.524901
5019,0.522534,0.494793,0.524834
5020,0.522473,0.494727,0.524771
5021,0.52245,0.494701,0.524749
5022,0.522377,0.494621,0.524679
5023,0.522318,0.494556,0.524621
5024,0.522279,0.494513,0.524585
5025,0.522224,0.494452,0.524535
5026,0.522176,0.494399,0.524493
5027,0.522083,0.494298,0.524404
5028,0.522027,0.494236,0.524346
5029,0.521986,0.494191,0.524306
5030,0.521914,0.494112,0.524235
5031,0.521855,0.494047,0.524174
5032,0.521822,0.49401,0.524142
5033,0.521792,0.493978,0.524119
5034,0.521716,0.493893,0.524051
5035,0.521642,0.493812,0.523981
5036,0.521575,0.493739,0.523916
5037,0.521544,0.493705,0.523886
5038,0.521495,0.49365,0.523844
5039,0.521463,0.493615,0.523823
5040,0.521403,0.493549,0.523776
5041,0.521348,0.493488,0.523735
5042,0.521291,0.493426,0.523694
5043,0.521199,0.493325,0.523614
5044,0.521155,0.493277,0.52358
5045,0.521064,0.493177,0.523497
5046,0.520989,0.493094,0.523424
5047,0.520899,0.492995,0.523332
5048,0.520823,0.492912,0.523247
5049,0.520775,0.492859,0.523188
5050,0.520741,0.492821,0.523148
5051,0.520666,0.492738,0.523068
5052,0.520582,0.492646,0.522974
5053,0.520534,0.492593,0.522914
5054,0.520461,0.492513,0.522829
5055,0.52043,0.492479,0.522786
5056,0.520396,0.492442,0.522746
5057,0.520314,0.492352,0.522659
5058,0.520266,0.492299,0.522602
5059,0.520237,0.492267,0.522569
5060,0.520196,0.492221,0.522528
5061,0.52013,0.492149,0.522465
5062,0.520098,0.492114,0.522437
5063,0.520049,0.492059,0.522395
5064,0.519999,0.492005,0.522355
5065,0.519907,0.491904,0.522271
5066,0.51987,0.491864,0.522238
5067,0.51982,0.491808,0.522196
5068,0.519741,0.491721,0.522124
5069,0.519692,0.491668,0.522081
5070,0.519638,0.491608,0.522033
5071,0.519602,0.491569,0.522007
5072,0.519521,0.491479,0.521937
5073,0.519454,0.491406,0.521877
5074,0.519416,0.491364,0.521847
5075,0.519351,0.491292,0.521792
5076,0.519258,0.49119,0.521706
5077,0.519176,0.491099,0.521623
5078,0.519103,0.491019,0.521545
5079,0.519058,0.49097,0.521495
5080,0.51897,0.490873,0.5214
5081,0.518924,0.490823,0.521345
5082,0.518872,0.490766,0.521286
5083,0.518786,0.490671,0.521191
5084,0.518744,0.490624,0.521137
5085,0.518665,0.490537,0.521047
5086,0.518595,0.490461,0.520962
5087,0.518537,0.490397,0.520886
5088,0.518482,0.490336,0.520813
5089,0.518426,0.490274,0.520738
5090,0.518396,0.490242,0.520693
5091,0.518366,0.490208,0.520652
5092,0.518275,0.490109,0.520552
5093,0.518244,0.490074,0.520507
5094,0.518222,0.49005,0.520479
5095,0.518151,0.489973,0.520404
5096,0.518129,0.489948,0.520379
5097,0.518091,0.489906,0.520343
5098,0.518023,0.489831,0.520279
5099,0.517968,0.48977,0.520225
5100,0.517928,0.489727,0.520188
5101,0.517875,0.489668,0.52014
5102,0.517848,0.489639,0.520121
5103,0.517778,0.489562,0.520061
5104,0.517705,0.489481,0.519994
5105,0.517658,0.48943,0.519952
5106,0.517624,0.489392,0.519925
5107,0.517556,0.489317,0.519867
5108,0.517483,0.489238,0.519801
5109,0.517421,0.489169,0.519742
5110,0.51733,0.489069,0.519651
5111,0.517256,0.488988,0.519569
5112,0.517222,0.48895,0.519526
5113,0.517151,0.488872,0.519448
5114,0.517073,0.488786,0.519357
5115,0.517041,0.488751,0.519312
5116,0.516994,0.4887,0.519256
5117,0.516956,0.488658,0.519212
5118,0.516936,0.488636,0.519191
5119,0.516877,0.488571,0.519135
5120,0.516799,0.488485,0.519058
5121,0.516765,0.488448,0.519023
5122,0.516729,0.488408,0.518991
5123,0.516643,0.488313,0.518908
5124,0.516621,0.488289,0.518888
5125,0.516592,0.488258,0.518869
5126,0.516512,0.48817,0.5188
5127,0.51647,0.488123,0.518766
5128,0.51641,0.488057,0.518716
5129,0.516358,0.488,0.518674
5130,0.516303,0.48794,0.51863
5131,0.516232,0.487862,0.518569
5132,0.516164,0.487787,0.518507
5133,0.516098,0.487714,0.518445
5134,0.51602,0.487629,0.518368
5135,0.515943,0.487543,0.518286
5136,0.515853,0.487444,0.518184
5137,0.515829,0.487418,0.518147
5138,0.515774,0.487357,0.518084
5139,0.51569,0.487265,0.517989
5140,0.515654,0.487226,0.51794
5141,0.515572,0.487136,0.517845
5142,0.515485,0.48704,0.517737
5143,0.515439,0.486989,0.517666
5144,0.515416,0.486964,0.517622
5145,0.515392,0.486937,0.517583
5146,0.51536,0.486902,0.517543
5147,0.51532,0.486858,0.517499
5148,0.51529,0.486825,0.517468
5149,0.515264,0.486797,0.517448
5150,0.515212,0.486739,0.517405
5151,0.515172,0.486696,0.517376
5152,0.515136,0.486655,0.517353
5153,0.515089,0.486604,0.517324
5154,0.515005,0.486511,0.517256
5155,0.514959,0.48646,0.517221
5156,0.514904,0.486401,0.51718
5157,0.514818,0.486306,0.517104
5158,0.514738,0.486218,0.517029
5159,0.514679,0.486153,0.516969
5160,0.514639,0.486109,0.51693
5161,0.514552,0.486013,0.516843
5162,0.514509,0.485966,0.516797
5163,0.514434,0.485883,0.516717
5164,0.514379,0.485824,0.516656
5165,0.514325,0.485763,0.516595
5166,0.514284,0.485719,0.516549
5167,0.514223,0.485652,0.516484
5168,0.514204,0.485631,0.516464
5169,0.514162,0.485584,0.516427
5170,0.514112,0.485529,0.516385
5171,0.51407,0.485483,0.516352
5172,0.514027,0.485436,0.516322
5173,0.514007,0.485414,0.51632
5174,0.513955,0.485357,0.516293
5175,0.513869,0.485262,0.516229
5176,0.513827,0.485216,0.516207
5177,0.513739,0.485119,0.516139
5178,0.513652,0.485023,0.516065
5179,0.513577,0.484941,0.515997
5180,0.513488,0.484843,0.51591
5181,0.513406,0.484753,0.515823
5182,0.513344,0.484684,0.515753
5183,0.513262,0.484595,0.515661
5184,0.513198,0.484524,0.515581
5185,0.51313,0.484449,0.515496
5186,0.513084,0.484399,0.515433
5187,0.513048,0.484359,0.515382
5188,0.512996,0.484302,0.515319
5189,0.512968,0.484271,0.515284
5190,0.512931,0.48423,0.515245
5191,0.512849,0.484141,0.515162
5192,0.512771,0.484054,0.515077
5193,0.512747,0.484028,0.515045
5194,0.512696,0.483971,0.514991
5195,0.512613,0.483881,0.514903
5196,0.512576,0.483839,0.514859
5197,0.51252,0.483778,0.514798
5198,0.51245,0.483701,0.514722
5199,0.512372,0.483615,0.514632
5200,0.512351,0.483592,0.5146
5201,0.512285,0.48352,0.514526
5202,0.512198,0.483424,0.514425
5203,0.512176,0.4834,0.514388
5204,0.512156,0.483378,0.514361
5205,0.512132,0.483352,0.514337
5206,0.512085,0.4833,0.514295
5207,0.512031,0.48324,0.514245
5208,0.511961,0.483164,0.51418
5209,0.511915,0.483112,0.514135
5210,0.511836,0.483025,0.514056
5211,0.511804,0.482991,0.514023
5212,0.511733,0.482913,0.513952
5213,0.511696,0.482872,0.513914
5214,0.511609,0.482776,0.513825
5215,0.511554,0.482715,0.513763
5216,0.511478,0.482632,0.513676
5217,0.511456,0.482608,0.513644
5218,0.511397,0.482542,0.513578
5219,0.511346,0.482487,0.513519
5220,0.511321,0.482459,0.513489
5221,0.511274,0.482407,0.513441
5222,0.511242,0.482372,0.513411
5223,0.511157,0.482279,0.513327
5224,0.511105,0.482222,0.513272
5225,0.511054,0.482165,0.513217
5226,0.511024,0.482133,0.513186
5227,0.510997,0.482103,0.513164
5228,0.510958,0.48206,0.513134
5229,0.510931,0.48203,0.513121
5230,0.51086,0.481952,0.513066
5231,0.51084,0.48193,0.513063
5232,0.510778,0.481862,0.513022
5233,0.510689,0.481764,0.512949
5234,0.510626,0.481694,0.512897
5235,0.510569,0.481631,0.512849
5236,0.510522,0.48158,0.512813
5237,0.510429,0.481478,0.512728
5238,0.510389,0.481433,0.512692
5239,0.510329,0.481368,0.512639
5240,0.51026,0.481292,0.512574
5241,0.510207,0.481234,0.512524
5242,0.510141,0.481161,0.512461
5243,0.510057,0.481068,0.512375
5244,0.510028,0.481037,0.512344
5245,0.509973,0.480977,0.512291
5246,0.509895,0.48089,0.512212
5247,0.509855,0.480846,0.51217
5248,0.509791,0.480776,0.512106
5249,0.509755,0.480736,0.51207
5250,0.509687,0.480662,0.512005
5251,0.509626,0.480595,0.511944
5252,0.509594,0.480559,0.511914
5253,0.509528,0.480487,0.511853
5254,0.509448,0.480399,0.511774
5255,0.509378,0.480322,0.511701
5256,0.509344,0.480285,0.511664
5257,0.509259,0.480191,0.511576
5258,0.509241,0.480171,0.511554
5259,0.509161,0.480083,0.511474
5260,0.509099,0.480015,0.511408
5261,0.509044,0.479955,0.511348
5262,0.509008,0.479915,0.511308
5263,0.508948,0.479849,0.511248
5264,0.50886,0.479752,0.511155
5265,0.508799,0.479685,0.511085
5266,0.508751,0.479632,0.511026
5267,0.508694,0.47957,0.51096
5268,0.508628,0.479497,0.510883
5269,0.508579,0.479443,0.510822
5270,0.508553,0.479415,0.510787
5271,0.508466,0.479318,0.510692
5272,0.508437,0.479287,0.510652
5273,0.508414,0.479261,0.510624
5274,0.508371,0.479214,0.510583
5275,0.508297,0.479133,0.510509
5276,0.508272,0.479106,0.510484
5277,0.508207,0.479034,0.510422
5278,0.508169,0.478992,0.510387
5279,0.5081,0.478916,0.510321
5280,0.508057,0.478869,0.510281
5281,0.508028,0.478837,0.510258
5282,0.507971,0.478774,0.51021
5283,0.507917,0.478715,0.510166
5284,0.507856,0.478648,0.510114
5285,0.50782,0.478608,0.510087
5286,0.507761,0.478544,0.510041
5287,0.507671,0.478444,0.509959
5288,0.507619,0.478387,0.509911
5289,0.507562,0.478325,0.509858
5290,0.507524,0.478283,0.509826
5291,0.507433,0.478183,0.50974
5292,0.507357,0.478099,0.509661
5293,0.507338,0.478078,0.509641
5294,0.507265,0.477997,0.50957
5295,0.507206,0.477933,0.509511
5296,0.507176,0.4779,0.509482
5297,0.5071,0.477816,0.50941
5298,0.507031,0.47774,0.50934
5299,0.506966,0.477669,0.509272
5300,0.506907,0.477603,0.509207
5301,0.506884,0.477579,0.509182
5302,0.506823,0.477511,0.509123
5303,0.506784,0.477469,0.509087
5304,0.506733,0.477412,0.509042
5305,0.506696,0.477372,0.509014
5306,0.506631,0.4773,0.508958
5307,0.506544,0.477205,0.508878
5308,0.50648,0.477134,0.508815
5309,0.506449,0.4771,0.508787
5310,0.506398,0.477044,0.508744
5311,0.506311,0.476948,0.508662
5312,0.506286,0.476921,0.508641
5313,0.506225,0.476854,0.50859
5314,0.506152,0.476774,0.508523
5315,0.506066,0.476679,0.508439
5316,0.506002,0.476609,0.508372
5317,0.505932,0.476532,0.508297
5318,0.505841,0.476431,0.508196
5319,0.505818,0.476405,0.50816
5320,0.505725,0.476304,0.508057
5321,0.505702,0.476279,0.508022
5322,0.505656,0.476228,0.507968
5323,0.505603,0.476169,0.50791
5324,0.505544,0.476105,0.507846
5325,0.505473,0.476026,0.507767
5326,0.505445,0.475996,0.507733
5327,0.505382,0.475926,0.507666
5328,0.505308,0.475845,0.507585
5329,0.505243,0.475774,0.507509
5330,0.505179,0.475703,0.507431
5331,0.505159,0.475681,0.507399
5332,0.505113,0.47563,0.507347
5333,0.505089,0.475603,0.507321
5334,0.50501,0.475517,0.507241
5335,0.504974,0.475477,0.507203
5336,0.504888,0.475383,0.507115
5337,0.504856,0.475348,0.507077
5338,0.504772,0.475255,0.506987
5339,0.504738,0.475218,0.506945
5340,0.504688,0.475163,0.50689
5341,0.504669,0.475142,0.506868
5342,0.504643,0.475114,0.506848
5343,0.504552,0.475014,0.506764
5344,0.504508,0.474965,0.506721
5345,0.504471,0.474924,0.506688
5346,0.504398,0.474844,0.50662
5347,0.504322,0.474761,0.506543
5348,0.504303,0.474739,0.506523
5349,0.504227,0.474655,0.50645
5350,0.504166,0.474589,0.506387
5351,0.504112,0.47453,0.506331
5352,0.504088,0.474503,0.506306
5353,0.50406,0.474472,0.506285
5354,0.503983,0.474388,0.506217
5355,0.503907,0.474304,0.506143
5356,0.503871,0.474264,0.506109
5357,0.503842,0.474232,0.506086
5358,0.503804,0.474191,0.50606
5359,0.503729,0.474108,0.505997
5360,0.503677,0.47405,0.505955
5361,0.503653,0.474024,0.505945
5362,0.503576,0.47394,0.505885
5363,0.503531,0.47389,0.505854
5364,0.503476,0.47383,0.505815
5365,0.50339,0.473735,0.505744
5366,0.503322,0.47366,0.505685
5367,0.503261,0.473593,0.505631
5368,0.503175,0.473498,0.505549
5369,0.503091,0.473406,0.505463
5370,0.503031,0.473341,0.505397
5371,0.502947,0.473248,0.505303
5372,0.502879,0.473173,0.505221
5373,0.502816,0.473104,0.505141
5374,0.502775,0.473059,0.505084
5375,0.502729,0.473007,0.505024
5376,0.502697,0.472973,0.504983
5377,0.502606,0.472873,0.504881
5378,0.50257,0.472833,0.504832
5379,0.502515,0.472773,0.504766
5380,0.502471,0.472725,0.504712
5381,0.502432,0.472681,0.504666
5382,0.502382,0.472626,0.504611
5383,0.502328,0.472566,0.504552
5384,0.502284,0.472519,0.504505
5385,0.502242,0.472473,0.504462
5386,0.502199,0.472425,0.504421
5387,0.502146,0.472367,0.504371
5388,0.502085,0.472299,0.504312
5389,0.502032,0.472242,0.504261
5390,0.501976,0.47218,0.504206
5391,0.501911,0.472109,0.504141
5392,0.501852,0.472044,0.50408
5393,0.501797,0.471983,0.504021
5394,0.501768,0.471951,0.50399
5395,0.501692,0.471868,0.503915
5396,0.501655,0.471826,0.503875
5397,0.501608,0.471775,0.50383
5398,0.501547,0.471708,0.50377
5399,0.501509,0.471665,0.503734
5400,0.50144,0.47159,0.503668
5401,0.501367,0.47151,0.503593
5402,0.501341,0.471481,0.503566
5403,0.501303,0.47144,0.503532
5404,0.501213,0.47134,0.503445
5405,0.501163,0.471285,0.503393
5406,0.501094,0.47121,0.503321
5407,0.50101,0.471117,0.503228
5408,0.500967,0.47107,0.503173
5409,0.50091,0.471008,0.503106
5410,0.500882,0.470977,0.503069
5411,0.500827,0.470916,0.503007
5412,0.50075,0.470831,0.502921
5413,0.500667,0.470739,0.502822
5414,0.500623,0.470691,0.502758
5415,0.500592,0.470657,0.502709
5416,0.500555,0.470617,0.50266
5417,0.500482,0.470536,0.502572
5418,0.500459,0.470511,0.502535
5419,0.500407,0.470454,0.502472
5420,0.500384,0.470428,0.502439
5421,0.500349,0.47039,0.5024
5422,0.50026,0.470292,0.502304
5423,0.500227,0.470256,0.502261
5424,0.500205,0.470231,0.502232
5425,0.500179,0.470203,0.502206
5426,0.500125,0.470144,0.502154
5427,0.500083,0.470097,0.502114
5428,0.500043,0.470053,0.502078
5429,0.499959,0.469961,0.501996
5430,0.499932,0.469931,0.501966
5431,0.499863,0.469855,0.501897
5432,0.49984,0.46983,0.501872
5433,0.499795,0.469781,0.50183
5434,0.499744,0.469725,0.501782
5435,0.499671,0.469644,0.501709
5436,0.499637,0.469606,0.501673
5437,0.499609,0.469576,0.501647
5438,0.49959,0.469555,0.501637
5439,0.499521,0.46948,0.501579
5440,0.499475,0.469428,0.50154
5441,0.499432,0.469382,0.501507
5442,0.499372,0.469315,0.501456
5443,0.499325,0.469264,0.501418
5444,0.499243,0.469173,0.501341
5445,0.499224,0.469152,0.501326
5446,0.499198,0.469124,0.501313
5447,0.499135,0.469054,0.501263
5448,0.499102,0.469018,0.501245
5449,0.499037,0.468947,0.501197
5450,0.498952,0.468853,0.501122
5451,0.498866,0.468759,0.50104
5452,0.498818,0.468706,0.500991
5453,0.498727,0.468606,0.500896
5454,0.498693,0.468568,0.500854
5455,0.49865,0.468521,0.500806
5456,0.498593,0.468458,0.500746
5457,0.498569,0.468432,0.500721
5458,0.498478,0.468332,0.500628
5459,0.498441,0.468291,0.500586
5460,0.49842,0.468268,0.500565
5461,0.498399,0.468245,0.500552
5462,0.498371,0.468214,0.500538
5463,0.498291,0.468126,0.500474
5464,0.498201,0.468027,0.500393
5465,0.498169,0.467992,0.500366
5466,0.498127,0.467945,0.500333
5467,0.498041,0.467851,0.500256
5468,0.497984,0.467788,0.500202
5469,0.497928,0.467727,0.500149
5470,0.497864,0.467657,0.500087
5471,0.497784,0.467568,0.500004
5472,0.497701,0.467477,0.499912
5473,0.497674,0.467448,0.499875
5474,0.497598,0.467364,0.499789
5475,0.497569,0.467332,0.49975
5476,0.497499,0.467255,0.499672
5477,0.497472,0.467225,0.499636
5478,0.497395,0.467141,0.499552
5479,0.497363,0.467105,0.499511
5480,0.497338,0.467077,0.499482
5481,0.497284,0.467018,0.499428
5482,0.497192,0.466917,0.499332
5483,0.497172,0.466895,0.499305
5484,0.497139,0.466859,0.499271
5485,0.497108,0.466825,0.499244
5486,0.497023,0.466731,0.499163
5487,0.496969,0.466672,0.499107
5488,0.496945,0.466646,0.499085
5489,0.496862,0.466555,0.499004
5490,0.496833,0.466522,0.498975
5491,0.496791,0.466476,0.498936
5492,0.496754,0.466436,0.498907
5493,0.496664,0.466337,0.498822
5494,0.496623,0.466292,0.498782
5495,0.496534,0.466194,0.498693
5496,0.496465,0.466117,0.498615
5497,0.496424,0.466073,0.498565
5498,0.496351,0.465992,0.498481
5499,0.496281,0.465916,0.498396
5500,0.496229,0.465858,0.498325
5501,0.496193,0.465819,0.498272
5502,0.496167,0.46579,0.498233
5503,0.496107,0.465724,0.498162
5504,0.496043,0.465653,0.498083
5505,0.496023,0.465632,0.498049
5506,0.496,0.465606,0.498019
5507,0.495981,0.465586,0.497999
5508,0.495912,0.465509,0.497931
5509,0.495866,0.465459,0.497884
5510,0.49584,0.46543,0.497859
5511,0.495806,0.465392,0.49783
5512,0.49573,0.465309,0.497758
5513,0.495698,0.465274,0.497729
5514,0.495643,0.465214,0.497679
5515,0.495607,0.465174,0.497647
5516,0.495572,0.465136,0.497621
5517,0.495528,0.465087,0.497587
5518,0.495504,0.46506,0.497577
5519,0.495441,0.464991,0.497531
5520,0.495405,0.464952,0.497512
5521,0.495339,0.464879,0.497464
5522,0.495251,0.464782,0.497387
5523,0.495187,0.464712,0.497329
5524,0.495147,0.464668,0.497294
5525,0.495125,0.464643,0.497282
5526,0.49506,0.464572,0.49723
5527,0.495015,0.464522,0.497197
5528,0.49495,0.464451,0.497145
5529,0.494868,0.464361,0.497072
5530,0.494843,0.464333,0.497054
5531,0.494807,0.464293,0.497031
5532,0.494759,0.464241,0.497
5533,0.494708,0.464185,0.496967
5534,0.494634,0.464103,0.496911
5535,0.494572,0.464036,0.496864
5536,0.494484,0.463938,0.496786
5537,0.494438,0.463888,0.496747
5538,0.494362,0.463804,0.496679
5539,0.494334,0.463773,0.496658
5540,0.494272,0.463706,0.496608
5541,0.494214,0.463642,0.496561
5542,0.494151,0.463572,0.496508
5543,0.494131,0.46355,0.496502
5544,0.494059,0.463471,0.496449
5545,0.493989,0.463395,0.496395
5546,0.493908,0.463305,0.496326
5547,0.493824,0.463213,0.496249
5548,0.493744,0.463125,0.496171
5549,0.493689,0.463064,0.496115
5550,0.493631,0.463,0.496057
5551,0.493554,0.462916,0.495979
5552,0.493471,0.462824,0.49589
5553,0.493422,0.462771,0.495833
5554,0.493363,0.462706,0.495767
5555,0.493271,0.462605,0.495665
5556,0.493241,0.462571,0.495623
5557,0.493182,0.462506,0.495556
5558,0.493091,0.462406,0.495453
5559,0.493027,0.462336,0.495371
5560,0.492976,0.46228,0.495303
5561,0.492944,0.462244,0.495256
5562,0.492898,0.462194,0.4952
5563,0.492856,0.462148,0.495151
5564,0.492766,0.462049,0.495051
5565,0.492725,0.462004,0.494998
5566,0.492649,0.461921,0.494909
5567,0.492587,0.461852,0.49483
5568,0.492567,0.46183,0.494795
5569,0.49251,0.461767,0.494727
5570,0.492456,0.461708,0.494662
5571,0.4924,0.461646,0.494593
5572,0.49236,0.461602,0.494542
5573,0.492341,0.461581,0.494516
5574,0.492322,0.46156,0.4945
5575,0.492237,0.461466,0.494417
5576,0.49217,0.461393,0.494347
5577,0.492109,0.461326,0.49428
5578,0.492047,0.461258,0.49421
5579,0.491984,0.461188,0.494135
5580,0.491919,0.461117,0.494055
5581,0.491855,0.461046,0.493972
5582,0.491813,0.461,0.493911
5583,0.49178,0.460964,0.493861
5584,0.491741,0.460921,0.493808
5585,0.491717,0.460894,0.493773
5586,0.491663,0.460835,0.493712
5587,0.491643,0.460813,0.493687
5588,0.491622,0.46079,0.493667
5589,0.491596,0.460762,0.493649
5590,0.491576,0.46074,0.493643
5591,0.491524,0.460683,0.493609
5592,0.491504,0.460661,0.49361
5593,0.491473,0.460627,0.493607
5594,0.491402,0.460549,0.493565
5595,0.491317,0.460455,0.493503
5596,0.491261,0.460393,0.493465
5597,0.491224,0.460352,0.493447
5598,0.491165,0.460288,0.49341
5599,0.49113,0.460249,0.493398
5600,0.491056,0.460167,0.493349
5601,0.490965,0.460067,0.493277
5602,0.490884,0.459979,0.493208
5603,0.490838,0.459928,0.493171
5604,0.490772,0.459856,0.493116
5605,0.490699,0.459775,0.49305
5606,0.490627,0.459696,0.492982
5607,0.490563,0.459625,0.492919
5608,0.490483,0.459538,0.492838
5609,0.490441,0.459491,0.492792
5610,0.490382,0.459426,0.492732
5611,0.49034,0.45938,0.492691
5612,0.490312,0.459349,0.492668
5613,0.490248,0.459279,0.492614
5614,0.490213,0.459241,0.492591
5615,0.490141,0.459161,0.492531
5616,0.490048,0.459059,0.492447
5617,0.489991,0.458996,0.492393
5618,0.489944,0.458944,0.492351
5619,0.489903,0.4589,0.492319
5620,0.489821,0.458809,0.492246
5621,0.489741,0.458721,0.49217
5622,0.489702,0.458679,0.492134
5623,0.489634,0.458604,0.492072
5624,0.489566,0.458529,0.492008
5625,0.489491,0.458447,0.491934
5626,0.489424,0.458373,0.491865
5627,0.489342,0.458282,0.491778
5628,0.489288,0.458223,0.491716
5629,0.489211,0.458138,0.49163
5630,0.489132,0.458052,0.491538
5631,0.489073,0.457986,0.491462
5632,0.489,0.457907,0.491371
5633,0.488953,0.457854,0.491303
5634,0.488909,0.457806,0.491242
5635,0.48882,0.457708,0.491134
5636,0.488764,0.457646,0.491054
5637,0.488735,0.457614,0.491003
5638,0.488707,0.457584,0.49096
5639,0.488664,0.457537,0.490906
5640,0.488602,0.457468,0.490834
5641,0.488582,0.457447,0.490806
5642,0.488559,0.457421,0.490782
5643,0.488508,0.457365,0.490736
5644,0.488476,0.45733,0.49071
5645,0.488407,0.457254,0.490649
5646,0.488351,0.457193,0.490599
5647,0.488268,0.4571,0.490518
5648,0.488216,0.457043,0.490465
5649,0.488142,0.456962,0.490388
5650,0.488113,0.456931,0.490355
5651,0.48806,0.456872,0.490302
5652,0.487979,0.456783,0.490219
5653,0.487908,0.456705,0.490139
5654,0.487868,0.45666,0.490089
5655,0.487831,0.456621,0.490046
5656,0.487765,0.456548,0.489975
5657,0.487736,0.456515,0.48994
5658,0.487697,0.456473,0.489901
5659,0.487671,0.456444,0.489879
5660,0.487628,0.456397,0.489846
5661,0.487549,0.45631,0.489775
5662,0.4875,0.456256,0.489731
5663,0.487447,0.456198,0.489685
5664,0.487407,0.456154,0.489652
5665,0.487327,0.456066,0.48958
5666,0.487286,0.45602,0.489543
5667,0.487258,0.45599,0.489524
5668,0.487167,0.455889,0.489442
5669,0.487083,0.455798,0.489361
5670,0.487011,0.455719,0.489285
5671,0.48694,0.45564,0.489205
5672,0.486905,0.455602,0.489161
5673,0.486861,0.455553,0.489112
5674,0.486825,0.455513,0.489074
5675,0.486803,0.45549,0.489057
5676,0.486726,0.455405,0.488986
5677,0.486669,0.455342,0.488932
5678,0.4866,0.455267,0.488865
5679,0.486523,0.455181,0.488785
5680,0.486502,0.455158,0.48876
5681,0.486479,0.455133,0.488743
5682,0.486448,0.455099,0.488724
5683,0.486413,0.455061,0.488707
5684,0.486329,0.454968,0.488642
5685,0.486269,0.454901,0.488595
5686,0.486178,0.454801,0.488514
5687,0.486134,0.454754,0.488477
5688,0.486095,0.45471,0.488449
5689,0.486012,0.45462,0.488377
5690,0.485929,0.454528,0.488298
5691,0.485879,0.454473,0.48825
5692,0.485805,0.454391,0.488177
5693,0.485751,0.454332,0.488123
5694,0.485707,0.454284,0.48808
5695,0.485643,0.454213,0.488019
5696,0.485563,0.454125,0.487939
5697,0.485491,0.454047,0.487862
5698,0.485442,0.453992,0.487806
5699,0.48537,0.453913,0.487729
5700,0.48533,0.453869,0.487682
5701,0.485264,0.453796,0.48761
5702,0.485188,0.453713,0.487526
5703,0.485138,0.453658,0.487465
5704,0.48512,0.453638,0.487441
5705,0.485037,0.453546,0.487354
5706,0.484995,0.4535,0.487306
5707,0.484916,0.453413,0.487221
5708,0.48484,0.45333,0.487133
5709,0.484796,0.453282,0.487076
5710,0.484751,0.453232,0.487019
5711,0.484726,0.453204,0.486987
5712,0.484655,0.453127,0.486912
5713,0.484598,0.453064,0.486847
5714,0.484578,0.453042,0.486822
5715,0.484512,0.45297,0.486756
5716,0.484452,0.452903,0.486692
5717,0.4844,0.452846,0.486636
5718,0.484356,0.452798,0.48659
5719,0.484294,0.452729,0.486524
5720,0.484241,0.452672,0.486468
5721,0.484209,0.452636,0.486434
5722,0.484178,0.452602,0.486407
5723,0.484096,0.452511,0.486329
5724,0.484019,0.452427,0.486249
5725,0.483992,0.452398,0.48622
5726,0.483919,0.452317,0.486146
5727,0.483867,0.45226,0.48609
5728,0.483844,0.452234,0.486065
5729,0.483779,0.452163,0.486003
5730,0.483758,0.452139,0.485985
5731,0.483729,0.452108,0.485967
5732,0.483656,0.452027,0.485907
5733,0.483611,0.451978,0.485874
5734,0.483549,0.45191,0.485824
5735,0.483487,0.451842,0.485773
5736,0.483419,0.451767,0.485712
5737,0.48335,0.451691,0.485649
5738,0.483281,0.451615,0.485582
5739,0.483223,0.451551,0.485523
5740,0.483134,0.451453,0.485431
5741,0.483115,0.451432,0.485406
5742,0.483034,0.451344,0.485323
5743,0.482982,0.451287,0.485266
5744,0.482953,0.451255,0.485234
5745,0.482889,0.451184,0.485169
5746,0.482849,0.45114,0.48513
5747,0.482827,0.451116,0.485114
5748,0.482795,0.45108,0.485095
5749,0.482715,0.450993,0.48503
5750,0.482667,0.45094,0.484993
5751,0.482604,0.450871,0.484943
5752,0.482541,0.450801,0.484891
5753,0.48245,0.450701,0.484807
5754,0.482394,0.45064,0.484754
5755,0.482329,0.450568,0.484691
5756,0.482241,0.450472,0.484601
5757,0.48219,0.450415,0.484544
5758,0.482169,0.450392,0.484521
5759,0.482149,0.45037,0.484509
5760,0.48208,0.450295,0.484452
5761,0.482021,0.450229,0.484403
5762,0.481994,0.450199,0.484389
5763,0.481928,0.450127,0.484341
5764,0.481842,0.450032,0.484269
5765,0.481751,0.449933,0.484185
5766,0.481717,0.449895,0.484156
5767,0.481626,0.449794,0.48407
5768,0.481574,0.449738,0.484021
5769,0.481508,0.449665,0.483957
5770,0.481418,0.449566,0.483866
5771,0.481371,0.449514,0.483814
5772,0.481311,0.449448,0.483752
5773,0.481234,0.449364,0.483671
5774,0.481173,0.449296,0.483602
5775,0.48111,0.449227,0.483531
5776,0.481075,0.449188,0.48349
5777,0.480995,0.4491,0.483405
5778,0.48094,0.44904,0.483342
5779,0.480854,0.448945,0.483246
5780,0.480833,0.448922,0.483214
5781,0.4808,0.448886,0.483179
5782,0.480729,0.448808,0.483107
5783,0.480673,0.448747,0.483049
5784,0.480632,0.448701,0.483007
5785,0.480609,0.448676,0.482989
5786,0.480552,0.448613,0.482942
5787,0.480503,0.448559,0.482905
5788,0.480457,0.448509,0.482874
5789,0.480422,0.44847,0.482857
5790,0.480364,0.448406,0.482821
5791,0.480276,0.44831,0.482754
5792,0.480186,0.448211,0.482677
5793,0.480097,0.448113,0.482595
5794,0.480017,0.448024,0.482515
5795,0.479933,0.447933,0.482427
5796,0.47986,0.447852,0.482345
5797,0.479839,0.447829,0.482316
5798,0.479773,0.447756,0.482248
5799,0.479724,0.447702,0.482198
5800,0.47965,0.447621,0.482122
5801,0.479603,0.447569,0.482073
5802,0.479514,0.447472,0.481981
5803,0.479437,0.447387,0.481896
5804,0.479371,0.447315,0.481817
5805,0.479297,0.447232,0.481728
5806,0.479267,0.4472,0.481684
5807,0.479191,0.447117,0.481596
5808,0.479109,0.447026,0.481496
5809,0.479051,0.446963,0.481417
5810,0.479017,0.446924,0.481363
5811,0.478996,0.446902,0.48133
5812,0.478966,0.446868,0.481294
5813,0.478901,0.446798,0.481227
5814,0.478865,0.446757,0.481189
5815,0.478782,0.446667,0.481104
5816,0.478763,0.446645,0.481082
5817,0.478703,0.446579,0.481025
5818,0.478665,0.446538,0.480991
5819,0.478614,0.446482,0.480947
5820,0.478557,0.446418,0.480896
5821,0.478501,0.446357,0.480848
5822,0.478465,0.446317,0.480821
5823,0.478372,0.446216,0.480738
5824,0.478286,0.446121,0.480652
5825,0.478212,0.446039,0.480573
5826,0.478161,0.445983,0.480515
5827,0.478104,0.445921,0.480452
5828,0.478062,0.445874,0.480404
5829,0.478014,0.445821,0.480353
5830,0.477926,0.445724,0.480261
5831,0.477859,0.445651,0.480184
5832,0.477787,0.445572,0.480098
5833,0.477741,0.445522,0.480037
5834,0.477696,0.445471,0.479978
5835,0.477654,0.445426,0.479926
5836,0.477588,0.445353,0.479849
5837,0.477517,0.445275,0.479765
5838,0.477481,0.445235,0.479713
5839,0.477441,0.445191,0.479662
5840,0.47741,0.445157,0.479623
5841,0.477359,0.445101,0.479568
5842,0.477276,0.44501,0.479477
5843,0.477246,0.444977,0.479437
5844,0.477196,0.444922,0.479381
5845,0.477141,0.444861,0.479319
5846,0.47709,0.444805,0.479261
5847,0.477049,0.44476,0.479214
5848,0.477018,0.444726,0.47918
5849,0.476973,0.444676,0.479135
5850,0.476922,0.44462,0.479085
5851,0.476891,0.444586,0.479058
5852,0.476846,0.444537,0.479021
5853,0.476771,0.444454,0.478951
5854,0.476751,0.444432,0.478937
5855,0.476668,0.444341,0.478861
5856,0.476626,0.444295,0.478823
5857,0.476585,0.444249,0.478789
5858,0.476519,0.444176,0.478729
5859,0.476434,0.444083,0.478646
5860,0.476359,0.444001,0.478566
5861,0.476308,0.443945,0.478507
5862,0.476251,0.443883,0.478442
5863,0.476221,0.443849,0.478404
5864,0.476174,0.443797,0.478353
5865,0.476128,0.443747,0.478305
5866,0.476073,0.443686,0.478249
5867,0.476021,0.443629,0.478195
5868,0.476001,0.443607,0.478176
5869,0.475953,0.443554,0.478134
5870,0.475915,0.443513,0.478104
5871,0.475881,0.443476,0.478082
5872,0.475813,0.443401,0.478028
5873,0.475739,0.443319,0.477963
5874,0.47569,0.443265,0.47792
5875,0.475625,0.443194,0.477863
5876,0.475535,0.443095,0.477774
5877,0.475491,0.443046,0.477727
5878,0.475406,0.442953,0.477637
5879,0.475381,0.442925,0.477605
5880,0.475359,0.442901,0.477584
5881,0.475339,0.442879,0.477572
5882,0.475248,0.442779,0.477492
5883,0.47522,0.442748,0.477471
5884,0.475176,0.4427,0.47744
5885,0.475109,0.442626,0.477385
5886,0.475024,0.442533,0.477309
5887,0.474995,0.442501,0.477286
5888,0.474967,0.44247,0.477271
5889,0.474884,0.442378,0.477203
5890,0.474808,0.442295,0.477137
5891,0.474764,0.442246,0.4771
5892,0.474678,0.442152,0.477021
5893,0.474625,0.442094,0.476971
5894,0.474537,0.441997,0.476883
5895,0.4745,0.441956,0.476844
5896,0.474432,0.441881,0.476776
5897,0.474382,0.441827,0.476725
5898,0.474323,0.441762,0.476666
5899,0.474233,0.441662,0.476572
5900,0.474202,0.441628,0.476535
5901,0.474173,0.441596,0.476506
5902,0.474083,0.441498,0.476418
5903,0.473998,0.441404,0.476326
5904,0.473947,0.441348,0.476264
5905,0.473895,0.44129,0.476202
5906,0.473874,0.441267,0.476176
5907,0.473802,0.441189,0.476102
5908,0.47374,0.44112,0.476035
5909,0.473662,0.441034,0.475948
5910,0.473623,0.440992,0.475899
5911,0.473585,0.440949,0.475854
5912,0.473566,0.440928,0.475835
5913,0.473521,0.440879,0.475796
5914,0.473466,0.440819,0.475748
5915,0.473398,0.440744,0.475685
5916,0.473327,0.440666,0.475617
5917,0.473304,0.440641,0.475598
5918,0.473226,0.440555,0.475525
5919,0.473157,0.440479,0.475457
5920,0.473116,0.440433,0.475417
5921,0.47303,0.440339,0.475331
5922,0.472985,0.44029,0.475283
5923,0.472916,0.440214,0.47521
5924,0.472872,0.440165,0.475161
5925,0.472849,0.44014,0.475139
5926,0.472815,0.440103,0.475112
5927,0.472733,0.440012,0.475038
5928,0.472667,0.43994,0.474975
5929,0.472582,0.439846,0.474888
5930,0.472535,0.439794,0.474836
5931,0.472503,0.439759,0.474803
5932,0.472413,0.439661,0.474712
5933,0.47238,0.439624,0.474674
5934,0.472332,0.439572,0.474627
5935,0.47228,0.439514,0.474575
5936,0.472229,0.439458,0.474526
5937,0.472183,0.439407,0.474484
5938,0.472132,0.439351,0.474438
5939,0.472104,0.43932,0.474419
5940,0.472028,0.439236,0.474354
5941,0.471945,0.439146,0.474277
5942,0.471897,0.439093,0.474232
5943,0.471843,0.439034,0.474182
5944,0.471773,0.438956,0.474114
5945,0.471684,0.438858,0.474024
5946,0.471649,0.43882,0.473984
5947,0.471621,0.438789,0.473957
5948,0.471536,0.438695,0.473875
5949,0.47146,0.438612,0.473796
5950,0.471433,0.438582,0.473765
5951,0.471384,0.438529,0.473719
5952,0.471297,0.438433,0.473631
5953,0.471235,0.438365,0.473564
5954,0.471212,0.43834,0.473538
5955,0.471147,0.438268,0.473474
5956,0.471098,0.438214,0.473425
5957,0.471006,0.438113,0.473331
5958,0.470927,0.438025,0.473241
5959,0.470874,0.437968,0.473176
5960,0.470802,0.437888,0.473089
5961,0.470776,0.43786,0.473049
5962,0.470712,0.437789,0.472973
5963,0.470651,0.437723,0.472899
5964,0.470614,0.437681,0.472849
5965,0.470553,0.437615,0.472776
5966,0.470502,0.437558,0.472712
5967,0.470478,0.437532,0.472679
5968,0.470436,0.437486,0.472632
5969,0.470415,0.437463,0.472611
5970,0.470369,0.437412,0.47257
5971,0.470327,0.437366,0.472535
5972,0.470298,0.437334,0.472517
5973,0.470221,0.43725,0.472452
5974,0.470172,0.437195,0.472411
5975,0.470081,0.437095,0.472326
5976,0.470025,0.437033,0.472271
5977,0.469947,0.436948,0.47219
5978,0.469914,0.436912,0.472154
5979,0.469882,0.436876,0.472122
5980,0.46983,0.43682,0.472076
5981,0.469753,0.436734,0.472001
5982,0.469716,0.436693,0.471965
5983,0.469643,0.436614,0.471894
5984,0.469593,0.436558,0.471843
5985,0.46954,0.4365,0.47179
5986,0.469509,0.436465,0.47176
5987,0.469426,0.436375,0.471681
5988,0.469389,0.436335,0.471644
5989,0.469307,0.436244,0.471562
5990,0.469274,0.436207,0.471527
5991,0.469255,0.436186,0.471512
5992,0.469163,0.436086,0.471427
5993,0.469077,0.435991,0.471337
5994,0.469044,0.435955,0.4713
5995,0.469011,0.435918,0.471267
5996,0.468921,0.435819,0.471176
5997,0.46886,0.435752,0.471108
5998,0.468823,0.435711,0.471065
5999,0.468737,0.435617,0.470973
6000,0.468718,0.435596,0.470946
6001,0.468681,0.435555,0.470908
6002,0.468625,0.435493,0.470852
6003,0.468561,0.435423,0.470787
6004,0.468511,0.435369,0.470735
6005,0.468453,0.435304,0.470675
6006,0.468425,0.435274,0.470646
6007,0.468376,0.43522,0.470601
6008,0.468342,0.435182,0.470573
6009,0.468287,0.435122,0.470527
6010,0.468203,0.435029,0.470448
6011,0.468153,0.434974,0.4704
6012,0.468116,0.434934,0.470367
6013,0.468038,0.434848,0.470294
6014,0.46801,0.434817,0.47027
6015,0.467953,0.434755,0.47022
6016,0.467887,0.434682,0.470159
6017,0.467817,0.434605,0.470092
6018,0.467745,0.434525,0.470019
6019,0.467711,0.434488,0.469983
6020,0.467632,0.434401,0.469903
6021,0.467589,0.434354,0.469856
6022,0.467561,0.434323,0.469828
6023,0.467477,0.434231,0.469746
6024,0.467414,0.434161,0.469679
6025,0.467327,0.434066,0.469585
6026,0.467309,0.434046,0.469557
6027,0.467277,0.434011,0.469524
6028,0.467239,0.433968,0.469488
6029,0.46717,0.433893,0.469423
6030,0.467124,0.433842,0.469379
6031,0.467062,0.433775,0.46932
6032,0.466988,0.433692,0.469245
6033,0.466922,0.43362,0.469175
6034,0.466888,0.433583,0.469137
6035,0.46687,0.433563,0.469121
6036,0.466837,0.433526,0.469098
6037,0.466744,0.433425,0.469014
6038,0.466705,0.433382,0.468981
6039,0.466625,0.433293,0.468905
6040,0.466573,0.433236,0.468855
6041,0.466495,0.43315,0.468776
6042,0.466459,0.433111,0.468739
6043,0.466377,0.433021,0.468655
6044,0.466329,0.432968,0.468602
6045,0.466285,0.43292,0.468555
6046,0.466232,0.432862,0.468501
6047,0.466185,0.43281,0.468453
6048,0.46611,0.432727,0.468377
6049,0.466039,0.432649,0.4683
6050,0.466018,0.432625,0.468273
6051,0.465944,0.432544,0.468197
6052,0.465904,0.432501,0.468153
6053,0.465833,0.432422,0.468078
6054,0.465777,0.432361,0.468016
6055,0.465737,0.432317,0.467971
6056,0.465694,0.43227,0.467925
6057,0.465643,0.432213,0.467872
6058,0.465599,0.432165,0.467829
6059,0.465564,0.432127,0.467798
6060,0.465525,0.432084,0.467767
6061,0.4655,0.432056,0.467754
6062,0.465428,0.431977,0.467698
6063,0.465367,0.43191,0.46765
6064,0.465302,0.431838,0.467595
6065,0.465211,0.431738,0.46751
6066,0.465167,0.431689,0.467467
6067,0.465123,0.431641,0.467428
6068,0.465055,0.431566,0.467365
6069,0.465013,0.43152,0.467328
6070,0.46496,0.431462,0.467282
6071,0.464922,0.43142,0.467253
6072,0.464842,0.431332,0.467183
6073,0.464775,0.431259,0.467123
6074,0.464714,0.431191,0.467065
6075,0.46465,0.431121,0.467004
6076,0.464628,0.431097,0.466987
6077,0.46456,0.431022,0.466928
6078,0.464526,0.430985,0.466905
6079,0.464435,0.430884,0.466823
6080,0.464372,0.430816,0.466766
6081,0.464317,0.430755,0.466715
6082,0.46429,0.430725,0.466697
6083,0.464197,0.430623,0.466614
6084,0.464128,0.430547,0.466549
6085,0.464059,0.430471,0.466481
6086,0.463979,0.430383,0.4664
6087,0.463909,0.430306,0.466323
6088,0.46383,0.430219,0.466234
6089,0.463754,0.430136,0.466143
6090,0.463735,0.430115,0.46611
6091,0.463694,0.43007,0.466063
6092,0.463646,0.430017,0.466011
6093,0.463582,0.429946,0.465944
6094,0.463561,0.429923,0.465923
6095,0.463512,0.429869,0.465879
6096,0.463447,0.429798,0.46582
6097,0.463381,0.429725,0.465758
6098,0.463301,0.429637,0.465678
6099,0.463254,0.429586,0.46563
6100,0.463182,0.429506,0.465556
6101,0.463119,0.429437,0.465488
6102,0.463097,0.429413,0.465465
6103,0.463051,0.429362,0.465423
6104,0.46297,0.429273,0.465346
6105,0.462915,0.429212,0.465291
6106,0.462871,0.429164,0.465249
6107,0.462831,0.42912,0.465214
6108,0.46279,0.429075,0.465183
6109,0.4627,0.428976,0.465102
6110,0.462652,0.428924,0.46506
6111,0.462603,0.42887,0.46502
6112,0.462532,0.428791,0.464956
6113,0.46247,0.428724,0.464901
6114,0.462438,0.428687,0.464877
6115,0.462384,0.428629,0.464836
6116,0.462316,0.428553,0.464781
6117,0.462278,0.428512,0.464757
6118,0.462191,0.428416,0.464685
6119,0.462123,0.428342,0.464628
6120,0.462094,0.428309,0.464611
6121,0.462018,0.428226,0.464552
6122,0.461968,0.428171,0.464517
6123,0.461904,0.428101,0.464471
6124,0.461826,0.428015,0.464408
6125,0.461764,0.427947,0.46436
6126,0.461676,0.42785,0.464284
6127,0.461594,0.427759,0.464209
6128,0.461518,0.427676,0.464136
6129,0.461438,0.427587,0.464055
6130,0.461367,0.427509,0.463981
6131,0.461296,0.427432,0.463905
6132,0.461264,0.427396,0.463869
6133,0.461177,0.427301,0.463781
6134,0.461098,0.427214,0.463697
6135,0.461047,0.427158,0.463639
6136,0.460994,0.427099,0.463581
6137,0.460956,0.427058,0.463544
6138,0.460904,0.427,0.463495
6139,0.460817,0.426904,0.463412
6140,0.460761,0.426843,0.463357
6141,0.460686,0.42676,0.463283
6142,0.46064,0.42671,0.463238
6143,0.460574,0.426637,0.463174
6144,0.460482,0.426536,0.463082
6145,0.460406,0.426452,0.463
6146,0.460343,0.426383,0.462929
6147,0.460255,0.426286,0.46283
6148,0.460189,0.426214,0.462749
6149,0.460154,0.426176,0.462702
6150,0.460083,0.426098,0.462621
6151,0.460039,0.426049,0.462566
6152,0.459964,0.425967,0.462482
6153,0.459923,0.425921,0.462431
6154,0.459896,0.425892,0.462401
6155,0.459823,0.425812,0.462328
6156,0.459731,0.425711,0.46223
6157,0.459695,0.425671,0.462187
6158,0.459631,0.4256,0.462117
6159,0.459564,0.425526,0.462044
6160,0.459502,0.425458,0.461974
6161,0.459438,0.425388,0.461901
6162,0.459413,0.42536,0.461869
6163,0.459362,0.425305,0.461818
6164,0.459285,0.425219,0.461739
6165,0.459208,0.425135,0.461656
6166,0.459133,0.425052,0.46157
6167,0.459082,0.424996,0.461506
6168,0.459031,0.424941,0.461444
6169,0.45895,0.424852,0.46135
6170,0.45888,0.424774,0.461262
6171,0.458856,0.424748,0.461221
6172,0.458809,0.424696,0.461162
6173,0.458735,0.424615,0.461076
6174,0.458712,0.42459,0.461041
6175,0.458655,0.424527,0.460976
6176,0.458623,0.424492,0.460937
6177,0.458585,0.424449,0.460898
6178,0.458527,0.424386,0.460841
6179,0.458457,0.424309,0.460769
6180,0.458436,0.424286,0.460748
6181,0.45835,0.424191,0.460663
6182,0.458283,0.424117,0.46059
6183,0.458247,0.424078,0.46055
6184,0.458215,0.424043,0.460518
6185,0.458179,0.424003,0.460486
6186,0.458127,0.423946,0.460443
6187,0.458036,0.423846,0.460356
6188,0.457985,0.423789,0.460305
6189,0.457963,0.423766,0.460287
6190,0.45788,0.423674,0.460209
6191,0.457792,0.423577,0.460119
6192,0.457766,0.423548,0.460089
6193,0.457698,0.423474,0.460021
6194,0.457678,0.423452,0.460001
6195,0.457628,0.423396,0.459957
6196,0.457561,0.423324,0.459897
6197,0.457508,0.423264,0.459848
6198,0.457432,0.423181,0.459775
6199,0.457346,0.423086,0.459686
6200,0.457326,0.423064,0.459662
6201,0.45724,0.42297,0.459575
6202,0.457183,0.422908,0.459511
6203,0.457096,0.422812,0.459414
6204,0.457037,0.422746,0.45934
6205,0.457001,0.422707,0.459289
6206,0.456934,0.422633,0.45921
6207,0.456891,0.422587,0.459153
6208,0.456859,0.422551,0.45911
6209,0.456786,0.422471,0.459028
6210,0.456737,0.422417,0.458967
6211,0.456708,0.422385,0.458928
6212,0.45666,0.422332,0.458874
6213,0.456596,0.422261,0.458803
6214,0.456515,0.422172,0.45871
6215,0.456484,0.422139,0.458666
6216,0.456433,0.422082,0.458604
6217,0.45641,0.422057,0.458572
6218,0.456383,0.422028,0.458543
6219,0.456302,0.421938,0.45846
6220,0.456248,0.421879,0.458399
6221,0.456219,0.421847,0.458365
6222,0.456137,0.421757,0.458277
6223,0.456099,0.421715,0.45823
6224,0.456068,0.421681,0.458193
6225,0.456047,0.421657,0.458172
6226,0.455986,0.421591,0.458114
6227,0.455961,0.421563,0.458092
6228,0.45589,0.421485,0.458027
6229,0.455835,0.421424,0.457973
6230,0.455751,0.421333,0.457887
6231,0.455732,0.421312,0.457864
6232,0.455682,0.421256,0.457814
6233,0.455618,0.421186,0.457748
6234,0.455582,0.421146,0.457711
6235,0.455558,0.42112,0.457689
6236,0.455509,0.421066,0.457647
6237,0.455469,0.421022,0.457614
6238,0.455449,0.421,0.457607
6239,0.455385,0.42093,0.457559
6240,0.455343,0.420883,0.457532
6241,0.455284,0.420819,0.457489
6242,0.455224,0.420753,0.457444
6243,0.45514,0.42066,0.45737
6244,0.455097,0.420613,0.457334
6245,0.455057,0.420569,0.457304
6246,0.455001,0.420507,0.45726
6247,0.454913,0.420411,0.457181
6248,0.454879,0.420373,0.457153
6249,0.454815,0.420303,0.457097
6250,0.454781,0.420265,0.457072
6251,0.454695,0.420171,0.456995
6252,0.454634,0.420103,0.456937
6253,0.454544,0.420005,0.456847
6254,0.45452,0.419978,0.456821
6255,0.454468,0.419921,0.456771
6256,0.454392,0.419838,0.456697
6257,0.454339,0.419779,0.456642
6258,0.454273,0.419706,0.456574
6259,0.454231,0.41966,0.456529
6260,0.454187,0.419611,0.456485
6261,0.454105,0.419522,0.456403
6262,0.454068,0.419481,0.456364
6263,0.454018,0.419426,0.456315
6264,0.453936,0.419336,0.456231
6265,0.453897,0.419293,0.456188
6266,0.453861,0.419254,0.456153
6267,0.453821,0.41921,0.456117
6268,0.453753,0.419135,0.456055
6269,0.453681,0.419055,0.455984
6270,0.453659,0.419031,0.455965
6271,0.453598,0.418964,0.455912
6272,0.45351,0.418867,0.455827
6273,0.45343,0.418779,0.455743
6274,0.453354,0.418695,0.455658
6275,0.453317,0.418655,0.455611
6276,0.453296,0.418632,0.455585
6277,0.453263,0.418595,0.455554
6278,0.453202,0.418528,0.455497
6279,0.453143,0.418464,0.455442
6280,0.453063,0.418375,0.455362
6281,0.453022,0.418331,0.45532
6282,0.452988,0.418293,0.455288
6283,0.452914,0.418212,0.455218
6284,0.452882,0.418176,0.455189
6285,0.452808,0.418095,0.455119
6286,0.452724,0.418003,0.455035
6287,0.452657,0.417929,0.454962
6288,0.452635,0.417904,0.454934
6289,0.452554,0.417816,0.454851
6290,0.452509,0.417766,0.4548
6291,0.452479,0.417733,0.454769
6292,0.452441,0.417692,0.454735
6293,0.452385,0.41763,0.454684
6294,0.452339,0.417579,0.454645
6295,0.452261,0.417493,0.454573
6296,0.452179,0.417403,0.45449
6297,0.452148,0.417369,0.454458
6298,0.452088,0.417303,0.454399
6299,0.452011,0.417218,0.45432
6300,0.451918,0.417116,0.45422
6301,0.451879,0.417073,0.454168
6302,0.451817,0.417005,0.454096
6303,0.451769,0.416952,0.454036
6304,0.451745,0.416926,0.454004
6305,0.451717,0.416894,0.453974
6306,0.451659,0.416831,0.453919
6307,0.451612,0.416779,0.453874
6308,0.451583,0.416747,0.45385
6309,0.451562,0.416725,0.453842
6310,0.451499,0.416654,0.453795
6311,0.451439,0.416589,0.45375
6312,0.451355,0.416497,0.453679
6313,0.451277,0.41641,0.453605
6314,0.451193,0.416319,0.453522
6315,0.451171,0.416294,0.453498
6316,0.451084,0.416198,0.453411
6317,0.451059,0.416171,0.453385
6318,0.450998,0.416103,0.453326
6319,0.45095,0.416051,0.453282
6320,0.450916,0.416013,0.453254
6321,0.450839,0.415928,0.453184
6322,0.450801,0.415888,0.453153
6323,0.450717,0.415795,0.453075
6324,0.450631,0.415701,0.452988
6325,0.450558,0.41562,0.452908
6326,0.450506,0.415562,0.452847
6327,0.450465,0.415517,0.4528
6328,0.450427,0.415476,0.45276
6329,0.450346,0.415386,0.452675
6330,0.4503,0.415337,0.452624
6331,0.450252,0.415283,0.452572
6332,0.450214,0.415241,0.452533
6333,0.450171,0.415194,0.452493
6334,0.450104,0.41512,0.45243
6335,0.450044,0.415055,0.452372
6336,0.449998,0.415004,0.452327
6337,0.449973,0.414977,0.452309
6338,0.449934,0.414933,0.452282
6339,0.449842,0.414832,0.452201
6340,0.449789,0.414774,0.452155
6341,0.449722,0.4147,0.452094
6342,0.449665,0.414638,0.452043
6343,0.449617,0.414585,0.452001
6344,0.449538,0.414498,0.451927
6345,0.449466,0.414419,0.451855
6346,0.449416,0.414364,0.451805
6347,0.449348,0.414289,0.451736
6348,0.449278,0.414212,0.451662
6349,0.44921,0.414137,0.451587
6350,0.449177,0.414101,0.451548
6351,0.44913,0.414049,0.4515
6352,0.449095,0.41401,0.451466
6353,0.449019,0.413927,0.451393
6354,0.448945,0.413845,0.451317
6355,0.448881,0.413775,0.451249
6356,0.448844,0.413734,0.451208
6357,0.448807,0.413693,0.451172
6358,0.448727,0.413605,0.451093
6359,0.448702,0.413578,0.451069
6360,0.448623,0.413491,0.450994
6361,0.448531,0.413391,0.450898
6362,0.448453,0.413305,0.45081
6363,0.448394,0.41324,0.450736
6364,0.448356,0.413198,0.450685
6365,0.448311,0.413148,0.45063
6366,0.448271,0.413104,0.450583
6367,0.448219,0.413047,0.450526
6368,0.448196,0.413021,0.450502
6369,0.448104,0.41292,0.450409
6370,0.448075,0.412888,0.450377
6371,0.44799,0.412795,0.450289
6372,0.447931,0.412731,0.450223
6373,0.447895,0.412691,0.45018
6374,0.447855,0.412647,0.450137
6375,0.447814,0.412602,0.450097
6376,0.447755,0.412537,0.45004
6377,0.447727,0.412506,0.450016
6378,0.447636,0.412406,0.449928
6379,0.447595,0.412361,0.449887
6380,0.447528,0.412287,0.44982
6381,0.447484,0.412239,0.449776
6382,0.447424,0.412172,0.449716
6383,0.447336,0.412076,0.449624
6384,0.447285,0.41202,0.449565
6385,0.447238,0.411968,0.449511
6386,0.447204,0.411931,0.449472
6387,0.447175,0.411899,0.449444
6388,0.447094,0.41181,0.449365
6389,0.447062,0.411775,0.449332
6390,0.446977,0.41168,0.449246
6391,0.446897,0.411593,0.449159
6392,0.446858,0.41155,0.44911
6393,0.446821,0.411509,0.449066
6394,0.446773,0.411456,0.449014
6395,0.446744,0.411424,0.448984
6396,0.446699,0.411375,0.448942
6397,0.446637,0.411306,0.448884
6398,0.446613,0.411281,0.448865
6399,0.446582,0.411246,0.448846
6400,0.446513,0.41117,0.44879
6401,0.446475,0.411129,0.448766
6402,0.446387,0.411031,0.448689
6403,0.446334,0.410973,0.448644
6404,0.446287,0.410922,0.448606
6405,0.446234,0.410863,0.448563
6406,0.446158,0.41078,0.448496
6407,0.446101,0.410717,0.448445
6408,0.446025,0.410634,0.448373
6409,0.445981,0.410585,0.44833
6410,0.445895,0.410491,0.448245
6411,0.445813,0.4104,0.448156
6412,0.44573,0.41031,0.448061
6413,0.445707,0.410284,0.448025
6414,0.445658,0.41023,0.447968
6415,0.445624,0.410193,0.447928
6416,0.445552,0.410113,0.447851
6417,0.445528,0.410087,0.447823
6418,0.445494,0.41005,0.447792
6419,0.445418,0.409966,0.44772
6420,0.445339,0.409879,0.447639
6421,0.445272,0.409806,0.447565
6422,0.445219,0.409747,0.447503
6423,0.445185,0.40971,0.447462
6424,0.445129,0.409648,0.447402
6425,0.44507,0.409583,0.447337
6426,0.445028,0.409536,0.44729
6427,0.444986,0.40949,0.447246
6428,0.444948,0.409448,0.447209
6429,0.444915,0.409413,0.447182
6430,0.444884,0.409379,0.447162
6431,0.444822,0.40931,0.447112
6432,0.444746,0.409227,0.447046
6433,0.44468,0.409154,0.446985
6434,0.44461,0.409077,0.446918
6435,0.444526,0.408984,0.446832
6436,0.4445,0.408956,0.446802
6437,0.444442,0.408892,0.446744
6438,0.444365,0.408808,0.446664
6439,0.444312,0.40875,0.446605
6440,0.444231,0.40866,0.446516
6441,0.444143,0.408563,0.446412
6442,0.444098,0.408514,0.446347
6443,0.444064,0.408477,0.446296
6444,0.444044,0.408455,0.446264
6445,0.444026,0.408434,0.446242
6446,0.443979,0.408383,0.446197
6447,0.443946,0.408347,0.446168
6448,0.443901,0.408297,0.446131
6449,0.443821,0.40821,0.446057
6450,0.443785,0.40817,0.446026
6451,0.443718,0.408096,0.445963
6452,0.443655,0.408027,0.445902
6453,0.443632,0.408001,0.445882
6454,0.443565,0.407928,0.445823
6455,0.443502,0.407858,0.445763
6456,0.443467,0.40782,0.445732
6457,0.443427,0.407776,0.4457
6458,0.443339,0.407679,0.44562
6459,0.443294,0.407629,0.445577
6460,0.443273,0.407607,0.445564
6461,0.443244,0.407574,0.44555
6462,0.443158,0.40748,0.44548
6463,0.443074,0.407388,0.445405
6464,0.442992,0.407297,0.445324
6465,0.442967,0.40727,0.445301
6466,0.442897,0.407193,0.445235
6467,0.442857,0.407149,0.445199
6468,0.442818,0.407106,0.445168
6469,0.442749,0.40703,0.445108
6470,0.442712,0.406989,0.44508
6471,0.442687,0.406961,0.44507
6472,0.442621,0.406889,0.445024
6473,0.442536,0.406795,0.444954
6474,0.442444,0.406695,0.444871
6475,0.44237,0.406613,0.444799
6476,0.442327,0.406566,0.444758
6477,0.442261,0.406493,0.444695
6478,0.442211,0.406438,0.444647
6479,0.442169,0.406392,0.444612
6480,0.442105,0.406321,0.444555
6481,0.442013,0.406221,0.444467
6482,0.441953,0.406154,0.444405
6483,0.441925,0.406123,0.444379
6484,0.441841,0.406031,0.444299
6485,0.441765,0.405948,0.444222
6486,0.441696,0.405871,0.444147
6487,0.441632,0.405802,0.444077
6488,0.441605,0.405771,0.444045
6489,0.441534,0.405693,0.443972
6490,0.441475,0.405628,0.443909
6491,0.441401,0.405547,0.443831
6492,0.441321,0.40546,0.443741
6493,0.441289,0.405424,0.443698
6494,0.441268,0.405401,0.443674
6495,0.441182,0.405307,0.443587
6496,0.441146,0.405267,0.443548
6497,0.441089,0.405204,0.443491
6498,0.441015,0.405123,0.443415
6499,0.440971,0.405074,0.443367
6500,0.440922,0.40502,0.443318
6501,0.440889,0.404984,0.443287
6502,0.440839,0.404929,0.443245
6503,0.440767,0.40485,0.44318
6504,0.440734,0.404813,0.443153
6505,0.440667,0.404739,0.443095
6506,0.440611,0.404678,0.443048
6507,0.440542,0.404602,0.442987
6508,0.440479,0.404533,0.44293
6509,0.440443,0.404493,0.442902
6510,0.440399,0.404445,0.44287
6511,0.440323,0.404362,0.442807
6512,0.440241,0.404272,0.442734
6513,0.440173,0.404196,0.44267
6514,0.44011,0.404128,0.44261
6515,0.440064,0.404077,0.442568
6516,0.440021,0.404029,0.442532
6517,0.439973,0.403976,0.442496
6518,0.439883,0.403878,0.442416
6519,0.43981,0.403797,0.442348
6520,0.439733,0.403712,0.442273
6521,0.439657,0.403629,0.442195
6522,0.439577,0.403541,0.442108
6523,0.439521,0.403479,0.442044
6524,0.439487,0.403442,0.442005
6525,0.439395,0.403341,0.441907
6526,0.439362,0.403304,0.441867
6527,0.439284,0.403218,0.441784
6528,0.43923,0.403159,0.441723
6529,0.43919,0.403115,0.441677
6530,0.439099,0.403015,0.441582
6531,0.439029,0.402938,0.4415
6532,0.438968,0.40287,0.441426
6533,0.43894,0.402841,0.441388
6534,0.438915,0.402813,0.441359
6535,0.438865,0.402757,0.441311
6536,0.438798,0.402684,0.441246
6537,0.438744,0.402625,0.441194
6538,0.438723,0.402601,0.441178
6539,0.438674,0.402548,0.441141
6540,0.438631,0.402501,0.441113
6541,0.438561,0.402423,0.441059
6542,0.438473,0.402326,0.440982
6543,0.438433,0.402282,0.440952
6544,0.438354,0.402195,0.440884
6545,0.43829,0.402125,0.440828
6546,0.438224,0.402053,0.440769
6547,0.438139,0.401959,0.440688
6548,0.438081,0.401895,0.44063
6549,0.437988,0.401793,0.440536
6550,0.437935,0.401735,0.440476
6551,0.437882,0.401677,0.440419
6552,0.437811,0.401598,0.440343
6553,0.437742,0.401523,0.440268
6554,0.43765,0.401421,0.440164
6555,0.437603,0.401369,0.440101
6556,0.437518,0.401276,0.44
6557,0.437457,0.401209,0.439919
6558,0.437436,0.401185,0.43988
6559,0.43739,0.401135,0.439824
6560,0.437368,0.401111,0.439796
6561,0.437313,0.401051,0.43974
6562,0.43723,0.400959,0.439653
6563,0.437183,0.400908,0.4396
6564,0.437123,0.400842,0.439535
6565,0.437097,0.400813,0.439506
6566,0.437041,0.400752,0.439452
6567,0.437016,0.400724,0.439431
6568,0.436972,0.400675,0.439397
6569,0.436881,0.400575,0.439315
6570,0.436811,0.400498,0.439247
6571,0.436761,0.400443,0.439199
6572,0.436736,0.400416,0.43918
6573,0.436675,0.400349,0.43913
6574,0.4366,0.400266,0.439063
6575,0.436521,0.40018,0.438988
6576,0.436453,0.400104,0.438919
6577,0.436383,0.400028,0.438847
6578,0.436353,0.399995,0.438816
6579,0.436266,0.399898,0.438727
6580,0.436174,0.399798,0.438628
6581,0.43614,0.399761,0.438583
6582,0.436071,0.399684,0.438506
6583,0.436,0.399606,0.438422
6584,0.435959,0.399561,0.438369
6585,0.435926,0.399524,0.438328
6586,0.435871,0.399464,0.438268
6587,0.435799,0.399385,0.43819
6588,0.435723,0.399301,0.438103
6589,0.4357,0.399276,0.43807
6590,0.43564,0.39921,0.438003
6591,0.435552,0.399113,0.437905
6592,0.435503,0.399059,0.437841
6593,0.435484,0.399038,0.437811
6594,0.435446,0.398997,0.437769
6595,0.435419,0.398967,0.437742
6596,0.435337,0.398877,0.437663
6597,0.435313,0.39885,0.437639
6598,0.435232,0.398761,0.43756
6599,0.435208,0.398735,0.437538
6600,0.435169,0.398692,0.437506
6601,0.435085,0.3986,0.437428
6602,0.435001,0.398507,0.437344
6603,0.434932,0.398432,0.437269
6604,0.434906,0.398403,0.437237
6605,0.434861,0.398353,0.437192
6606,0.434833,0.398322,0.437167
6607,0.434753,0.398235,0.437092
6608,0.434692,0.398168,0.437031
6609,0.434673,0.398146,0.437015
6610,0.434622,0.39809,0.436972
6611,0.434541,0.398001,0.436898
6612,0.434449,0.3979,0.436805
6613,0.434399,0.397845,0.436749
6614,0.434371,0.397814,0.436719
6615,0.434331,0.39777,0.436682
6616,0.434239,0.397669,0.436592
6617,0.434171,0.397594,0.436519
6618,0.434144,0.397565,0.436488
6619,0.434087,0.397502,0.43643
6620,0.434068,0.397481,0.436414
6621,0.433989,0.397394,0.43634
6622,0.433955,0.397357,0.436311
6623,0.433872,0.397266,0.436232
6624,0.433813,0.397201,0.436174
6625,0.433769,0.397152,0.436131
6626,0.433719,0.397097,0.436084
6627,0.433658,0.397029,0.436026
6628,0.43363,0.396999,0.436004
6629,0.433575,0.396939,0.435958
6630,0.433539,0.396899,0.435934
6631,0.433487,0.396841,0.435896
6632,0.433442,0.396793,0.435869
6633,0.433372,0.396715,0.435816
6634,0.433316,0.396654,0.435777
6635,0.43324,0.396571,0.435716
6636,0.433191,0.396516,0.43568
6637,0.433118,0.396436,0.435622
6638,0.433038,0.396348,0.435552
6639,0.432965,0.396268,0.435486
6640,0.432898,0.396194,0.435422
6641,0.432819,0.396107,0.435345
6642,0.432745,0.396026,0.435268
6643,0.432673,0.395947,0.435189
6644,0.432592,0.395858,0.435099
6645,0.432569,0.395832,0.435066
6646,0.432477,0.395731,0.434966
6647,0.432401,0.395647,0.434876
6648,0.432318,0.395556,0.434773
6649,0.432299,0.395535,0.434735
6650,0.432252,0.395483,0.434675
6651,0.43219,0.395415,0.434601
6652,0.432143,0.395364,0.434541
6653,0.432077,0.395291,0.434464
6654,0.432058,0.39527,0.434434
6655,0.431992,0.395197,0.434362
6656,0.431944,0.395144,0.434307
6657,0.431881,0.395075,0.434237
6658,0.43186,0.395053,0.434212
6659,0.43178,0.394964,0.434129
6660,0.431748,0.394929,0.434093
6661,0.431714,0.394892,0.434061
6662,0.431684,0.394858,0.434037
6663,0.431626,0.394795,0.433989
6664,0.431546,0.394707,0.433917
6665,0.431522,0.39468,0.433899
6666,0.431448,0.394599,0.433835
6667,0.43139,0.394536,0.433784
6668,0.431324,0.394462,0.433723
6669,0.431234,0.394364,0.433634
6670,0.431191,0.394316,0.433588
6671,0.431161,0.394283,0.43356
6672,0.431121,0.394239,0.433527
6673,0.431065,0.394178,0.433481
6674,0.43101,0.394117,0.433436
6675,0.430958,0.39406,0.433395
6676,0.430872,0.393966,0.433318
6677,0.4308,0.393886,0.43325
6678,0.430749,0.39383,0.433201
6679,0.43069,0.393765,0.433145
6680,0.430616,0.393684,0.433073
6681,0.430593,0.393659,0.433052
6682,0.430544,0.393605,0.433012
6683,0.430511,0.393568,0.432991
6684,0.430437,0.393487,0.432931
6685,0.430359,0.393401,0.432864
6686,0.430297,0.393333,0.43281
6687,0.430216,0.393244,0.432735
6688,0.430141,0.393161,0.43266
6689,0.430049,0.393059,0.432563
6690,0.429974,0.392977,0.432478
6691,0.429955,0.392957,0.43245
6692,0.429874,0.392868,0.432364
6693,0.429825,0.392814,0.432307
6694,0.4298,0.392786,0.432278
6695,0.429743,0.392724,0.432223
6696,0.429651,0.392622,0.432129
6697,0.429585,0.39255,0.432056
6698,0.429528,0.392487,0.431991
6699,0.429452,0.392403,0.431905
6700,0.429432,0.392382,0.431876
6701,0.429369,0.392312,0.431808
6702,0.429315,0.392252,0.431749
6703,0.429229,0.392158,0.431655
6704,0.429168,0.392091,0.431582
6705,0.429109,0.392026,0.43151
6706,0.429038,0.391948,0.431423
6707,0.42901,0.391917,0.43138
6708,0.42897,0.391873,0.43133
6709,0.42893,0.391829,0.431283
6710,0.428847,0.391738,0.431193
6711,0.428782,0.391667,0.431115
6712,0.428762,0.391644,0.431083
6713,0.428714,0.391592,0.43103
6714,0.428655,0.391527,0.430965
6715,0.428596,0.391462,0.430899
6716,0.428578,0.391442,0.430875
6717,0.428556,0.391418,0.430857
6718,0.428498,0.391354,0.430806
6719,0.428413,0.39126,0.430723
6720,0.428384,0.391228,0.430695
6721,0.42835,0.391191,0.430668
6722,0.428304,0.39114,0.430632
6723,0.428281,0.391115,0.430624
6724,0.428207,0.391034,0.430567
6725,0.428185,0.391009,0.430562
6726,0.428139,0.390959,0.43054
6727,0.428059,0.390871,0.430483
6728,0.42797,0.390774,0.430411
6729,0.427893,0.390688,0.430345
6730,0.427809,0.390596,0.430266
6731,0.427724,0.390502,0.43018
6732,0.427672,0.390445,0.430123
6733,0.427615,0.390382,0.430063
6734,0.427579,0.390343,0.430026
6735,0.427506,0.390262,0.429953
6736,0.42746,0.390212,0.429906
6737,0.427377,0.390121,0.429822
6738,0.427315,0.390053,0.429754
6739,0.427243,0.389974,0.429674
6740,0.427184,0.389908,0.429604
6741,0.427145,0.389865,0.429556
6742,0.427062,0.389775,0.429464
6743,0.427031,0.389741,0.429422
6744,0.427003,0.389709,0.429389
6745,0.426913,0.38961,0.429294
6746,0.426846,0.389537,0.429217
6747,0.426789,0.389474,0.429148
6748,0.42673,0.38941,0.429076
6749,0.426706,0.389382,0.42904
6750,0.426673,0.389346,0.429002
6751,0.426584,0.389248,0.428907
6752,0.426505,0.389162,0.428815
6753,0.426471,0.389124,0.428766
6754,0.426444,0.389095,0.42873
6755,0.426412,0.389059,0.428693
6756,0.426388,0.389033,0.42867
6757,0.426314,0.388952,0.428599
6758,0.426233,0.388863,0.428516
6759,0.426184,0.388809,0.42846
6760,0.426136,0.388755,0.428406
6761,0.426112,0.38873,0.428381
6762,0.426067,0.38868,0.428337
6763,0.426013,0.38862,0.428287
6764,0.425968,0.38857,0.428245
6765,0.425889,0.388484,0.428169
6766,0.425804,0.388391,0.428079
6767,0.425745,0.388326,0.42801
6768,0.425719,0.388297,0.427975
6769,0.425659,0.388231,0.42791
6770,0.425636,0.388206,0.427883
6771,0.42561,0.388177,0.427859
6772,0.425584,0.388149,0.427843
6773,0.425558,0.38812,0.427831
6774,0.425527,0.388086,0.427822
6775,0.42544,0.38799,0.427756
6776,0.425368,0.387911,0.427698
6777,0.425345,0.387886,0.427691
6778,0.425264,0.387796,0.427627
6779,0.425183,0.387707,0.427558
6780,0.425132,0.387652,0.427516
6781,0.425088,0.387603,0.427483
6782,0.425029,0.387538,0.427435
6783,0.424961,0.387463,0.427378
6784,0.424922,0.387421,0.427351
6785,0.424838,0.387328,0.427278
6786,0.424762,0.387245,0.427208
6787,0.42471,0.387188,0.42716
6788,0.424667,0.38714,0.427123
6789,0.424582,0.387046,0.427043
6790,0.424544,0.387005,0.42701
6791,0.42448,0.386934,0.426952
6792,0.424411,0.386858,0.426888
6793,0.424375,0.386819,0.426857
6794,0.424317,0.386755,0.426807
6795,0.424234,0.386663,0.426731
6796,0.42415,0.386571,0.426648
6797,0.42407,0.386483,0.426563
6798,0.424006,0.386413,0.42649
6799,0.423928,0.386327,0.4264
6800,0.423852,0.386244,0.426309
6801,0.423832,0.386222,0.426274
6802,0.423784,0.386169,0.426217
6803,0.423729,0.386108,0.426154
6804,0.423678,0.386052,0.426097
6805,0.423636,0.386006,0.42605
6806,0.42361,0.385977,0.426023
6807,0.423548,0.385909,0.425965
6808,0.423491,0.385846,0.425911
6809,0.423401,0.385747,0.42582
6810,0.423365,0.385707,0.425781
6811,0.42328,0.385615,0.425693
6812,0.423262,0.385594,0.425671
6813,0.423185,0.38551,0.425594
6814,0.42316,0.385482,0.425569
6815,0.423101,0.385417,0.425513
6816,0.423012,0.385319,0.425424
6817,0.42298,0.385284,0.425391
6818,0.422893,0.385188,0.425302
6819,0.422837,0.385127,0.42524
6820,0.422798,0.385083,0.425196
6821,0.422777,0.385061,0.425177
6822,0.422743,0.385024,0.425152
6823,0.422651,0.384922,0.425067
6824,0.422613,0.38488,0.425034
6825,0.422538,0.384798,0.424965
6826,0.422491,0.384746,0.424921
6827,0.422407,0.384654,0.42484
6828,0.422316,0.384554,0.424745
6829,0.422232,0.384461,0.424648
6830,0.422168,0.384391,0.424568
6831,0.422121,0.38434,0.424503
6832,0.422072,0.384285,0.424438
6833,0.422017,0.384225,0.424368
6834,0.421945,0.384146,0.424278
6835,0.421911,0.384108,0.424227
6836,0.421869,0.384062,0.42417
6837,0.421807,0.383994,0.424094
6838,0.421765,0.383947,0.424037
6839,0.42174,0.383921,0.424002
6840,0.4217,0.383876,0.423955
6841,0.421661,0.383833,0.423913
6842,0.421587,0.383752,0.423836
6843,0.421565,0.383727,0.423809
6844,0.421495,0.38365,0.423737
6845,0.421416,0.383564,0.423651
6846,0.421356,0.383498,0.423578
6847,0.421326,0.383465,0.423537
6848,0.421303,0.38344,0.423508
6849,0.421283,0.383417,0.423487
6850,0.42123,0.383359,0.423439
6851,0.421168,0.383291,0.42338
6852,0.421141,0.383261,0.423356
6853,0.421116,0.383234,0.423341
6854,0.421038,0.383148,0.423273
6855,0.420987,0.383092,0.423228
6856,0.420938,0.383038,0.423186
6857,0.420876,0.38297,0.423131
6858,0.420787,0.382872,0.423044
6859,0.420753,0.382835,0.423008
6860,0.420682,0.382756,0.422935
6861,0.420624,0.382693,0.422873
6862,0.420602,0.382668,0.422848
6863,0.420543,0.382603,0.422789
6864,0.420523,0.382582,0.422772
6865,0.420433,0.382482,0.422686
6866,0.420396,0.382442,0.422649
6867,0.420333,0.382372,0.422586
6868,0.420314,0.382352,0.42257
6869,0.420256,0.382287,0.422518
6870,0.420173,0.382196,0.422437
6871,0.42012,0.382138,0.422382
6872,0.420043,0.382054,0.422302
6873,0.420003,0.38201,0.422255
6874,0.419982,0.381986,0.422231
6875,0.419893,0.381888,0.422141
6876,0.419866,0.381859,0.422111
6877,0.419803,0.381789,0.422045
6878,0.419752,0.381733,0.421991
6879,0.4197,0.381676,0.421936
6880,0.419663,0.381635,0.421896
6881,0.419613,0.381581,0.421847
6882,0.419577,0.381541,0.421813
6883,0.419489,0.381444,0.421725
6884,0.419464,0.381417,0.421698
6885,0.419407,0.381353,0.421641
6886,0.419329,0.381268,0.421561
6887,0.419283,0.381217,0.421509
6888,0.419208,0.381135,0.421427
6889,0.419164,0.381087,0.421373
6890,0.419123,0.381042,0.421324
6891,0.419078,0.380992,0.421272
6892,0.41901,0.380917,0.421196
6893,0.41895,0.380851,0.421125
6894,0.418911,0.380808,0.421074
6895,0.418856,0.380748,0.421009
6896,0.418832,0.380721,0.420975
6897,0.418811,0.380698,0.420951
6898,0.418764,0.380647,0.420906
6899,0.418732,0.380612,0.420876
6900,0.418688,0.380563,0.420838
6901,0.418639,0.380509,0.420795
6902,0.418611,0.380479,0.420776
6903,0.418574,0.380437,0.420752
6904,0.418519,0.380377,0.420712
6905,0.418499,0.380356,0.420709
6906,0.418424,0.380272,0.420652
6907,0.418344,0.380185,0.420586
6908,0.418297,0.380133,0.420549
6909,0.418236,0.380066,0.420498
6910,0.418217,0.380044,0.42049
6911,0.418174,0.379997,0.420465
6912,0.418123,0.379942,0.420434
6913,0.418078,0.379892,0.420411
6914,0.418032,0.379841,0.420388
6915,0.417964,0.379767,0.420345
6916,0.417891,0.379686,0.420293
6917,0.417865,0.379657,0.420288
6918,0.417772,0.379555,0.420218
6919,0.417686,0.379461,0.420148
6920,0.417607,0.379374,0.420079
6921,0.417522,0.37928,0.419998
6922,0.417436,0.379186,0.419911
6923,0.41737,0.379113,0.419839
6924,0.417297,0.379033,0.419757
6925,0.417235,0.378965,0.419683
6926,0.417211,0.378939,0.419651
6927,0.417139,0.378859,0.419573
6928,0.417064,0.378777,0.419489
6929,0.417009,0.378716,0.419422
6930,0.416984,0.378689,0.419389
6931,0.416961,0.378663,0.419364
6932,0.416911,0.378608,0.419318
6933,0.416844,0.378534,0.419254
6934,0.416766,0.378449,0.419177
6935,0.416727,0.378406,0.419137
6936,0.416667,0.378339,0.419077
6937,0.416604,0.37827,0.419014
6938,0.416524,0.378183,0.418931
6939,0.416443,0.378093,0.418839
6940,0.416416,0.378064,0.418802
6941,0.416394,0.37804,0.418778
6942,0.416323,0.377961,0.418706
6943,0.416236,0.377866,0.418614
6944,0.416204,0.37783,0.418574
6945,0.416153,0.377774,0.418519
6946,0.416117,0.377735,0.418481
6947,0.41607,0.377683,0.418436
6948,0.416012,0.377619,0.41838
6949,0.415985,0.37759,0.418358
6950,0.415896,0.377492,0.418273
6951,0.415862,0.377455,0.418242
6952,0.415777,0.377361,0.41816
6953,0.415699,0.377275,0.418077
6954,0.415619,0.377187,0.417988
6955,0.415595,0.37716,0.417953
6956,0.415539,0.377099,0.417891
6957,0.41551,0.377067,0.417858
6958,0.415482,0.377036,0.417832
6959,0.415426,0.376975,0.417781
6960,0.415361,0.376903,0.41772
6961,0.415304,0.37684,0.417665
6962,0.415239,0.376769,0.417602
6963,0.415166,0.376689,0.417527
6964,0.415146,0.376666,0.417505
6965,0.415102,0.376618,0.417466
6966,0.41503,0.37654,0.417398
6967,0.414954,0.376455,0.417321
6968,0.414863,0.376355,0.417223
6969,0.414827,0.376316,0.417177
6970,0.41477,0.376253,0.417112
6971,0.414709,0.376186,0.417042
6972,0.414675,0.376149,0.417
6973,0.414627,0.376096,0.416947
6974,0.414608,0.376075,0.416926
6975,0.414565,0.376028,0.416888
6976,0.414494,0.37595,0.416821
6977,0.414472,0.375925,0.416803
6978,0.414397,0.375843,0.416735
6979,0.414325,0.375764,0.416666
6980,0.414241,0.375672,0.416579
6981,0.414207,0.375634,0.41654
6982,0.414153,0.375575,0.416483
6983,0.414109,0.375526,0.416437
6984,0.414055,0.375467,0.416382
6985,0.413999,0.375406,0.416326
6986,0.413962,0.375364,0.416288
6987,0.413871,0.375264,0.416196
6988,0.413825,0.375214,0.416145
6989,0.413797,0.375182,0.416114
6990,0.413715,0.375093,0.41603
6991,0.413644,0.375015,0.415952
6992,0.413565,0.374927,0.41586
6993,0.413514,0.374871,0.415793
6994,0.413491,0.374846,0.415757
6995,0.413463,0.374816,0.415722
6996,0.413426,0.374775,0.415682
6997,0.413368,0.374711,0.415622
6998,0.413331,0.374671,0.415585
6999,0.413257,0.374589,0.415509
7000,0.413199,0.374525,0.415446
7001,0.413113,0.37443,0.41535
7002,0.413067,0.37438,0.41529
7003,0.413037,0.374347,0.415249
7004,0.413018,0.374326,0.415224
7005,0.412952,0.374254,0.415155
7006,0.412925,0.374224,0.415125
7007,0.412881,0.374176,0.415081
7008,0.412835,0.374124,0.415036
7009,0.412809,0.374096,0.415015
7010,0.412742,0.374022,0.414954
7011,0.412706,0.373982,0.414923
7012,0.412659,0.373931,0.414884
7013,0.41262,0.373888,0.414855
7014,0.412576,0.37384,0.414823
7015,0.41254,0.3738,0.414801
7016,0.41249,0.373745,0.414768
7017,0.412441,0.373692,0.414738
7018,0.412355,0.373597,0.414667
7019,0.412304,0.373541,0.414627
7020,0.412265,0.373498,0.414601
7021,0.412192,0.373417,0.414541
7022,0.412132,0.373352,0.414492
7023,0.412073,0.373286,0.414443
7024,0.412046,0.373257,0.414428
7025,0.412001,0.373207,0.4144
7026,0.41192,0.373118,0.414335
7027,0.411849,0.37304,0.414275
7028,0.411772,0.372955,0.414205
7029,0.411711,0.372888,0.414149
7030,0.411622,0.37279,0.414061
7031,0.411561,0.372724,0.413996
7032,0.411488,0.372643,0.413916
7033,0.4114,0.372547,0.413817
7034,0.411311,0.372448,0.413709
7035,0.41129,0.372425,0.413667
7036,0.411231,0.372361,0.413592
7037,0.411199,0.372325,0.413544
7038,0.411155,0.372276,0.413488
7039,0.41113,0.37225,0.413456
7040,0.411073,0.372186,0.413394
7041,0.41105,0.372161,0.41337
7042,0.410969,0.372072,0.413289
7043,0.410885,0.37198,0.413198
7044,0.410838,0.371928,0.413139
7045,0.410782,0.371866,0.413072
7046,0.410759,0.371841,0.413041
7047,0.410734,0.371813,0.413014
7048,0.410691,0.371767,0.412974
7049,0.41062,0.371689,0.412906
7050,0.41059,0.371655,0.412877
7051,0.410534,0.371593,0.412825
7052,0.410483,0.371537,0.412778
7053,0.410421,0.371469,0.412719
7054,0.41036,0.371402,0.412659
7055,0.410332,0.371371,0.412633
7056,0.410279,0.371313,0.412586
7057,0.410209,0.371236,0.41252
7058,0.410118,0.371136,0.412427
7059,0.410057,0.371068,0.412358
7060,0.410031,0.37104,0.412325
7061,0.409999,0.371005,0.412292
7062,0.409947,0.370947,0.412241
7063,0.409918,0.370916,0.412217
7064,0.409896,0.370892,0.412205
7065,0.409833,0.370822,0.412155
7066,0.409785,0.370769,0.41212
7067,0.409707,0.370684,0.412054
7068,0.409615,0.370582,0.411966
7069,0.40954,0.3705,0.411889
7070,0.409457,0.370409,0.411797
7071,0.409439,0.370389,0.41177
7072,0.40942,0.370368,0.41175
7073,0.409385,0.37033,0.411721
7074,0.409294,0.370229,0.411634
7075,0.409258,0.37019,0.4116
7076,0.409186,0.370111,0.41153
7077,0.409148,0.370069,0.411493
7078,0.40912,0.370038,0.411471
7079,0.409046,0.369957,0.411405
7080,0.408992,0.369897,0.411355
7081,0.408969,0.369872,0.41134
7082,0.40893,0.369829,0.411315
7083,0.408887,0.369782,0.41129
7084,0.408815,0.369702,0.411234
7085,0.408743,0.369624,0.411177
7086,0.408699,0.369575,0.411146
7087,0.408636,0.369505,0.411097
7088,0.408555,0.369417,0.411028
7089,0.408482,0.369336,0.410962
7090,0.408401,0.369247,0.410883
7091,0.408375,0.369218,0.41086
7092,0.408283,0.369117,0.410771
7093,0.408226,0.369054,0.410713
7094,0.408169,0.368992,0.410655
7095,0.408093,0.368909,0.410577
7096,0.408038,0.368848,0.410517
7097,0.407978,0.368782,0.410452
7098,0.407931,0.36873,0.4104
7099,0.407892,0.368687,0.41036
7100,0.407827,0.368615,0.410296
7101,0.407751,0.368532,0.410217
7102,0.407721,0.368499,0.410186
7103,0.407648,0.368419,0.410112
7104,0.407582,0.368346,0.410042
7105,0.407513,0.36827,0.409967
7106,0.407452,0.368203,0.409898
7107,0.407407,0.368154,0.409845
7108,0.407326,0.368064,0.409755
7109,0.407304,0.368041,0.409724
7110,0.407271,0.368005,0.409689
7111,0.407202,0.367928,0.409619
7112,0.407141,0.367861,0.409554
7113,0.407068,0.367781,0.409475
7114,0.407001,0.367707,0.409399
7115,0.40697,0.367673,0.409359
7116,0.406945,0.367646,0.409331
7117,0.406863,0.367556,0.409247
7118,0.406794,0.36748,0.409171
7119,0.406757,0.367439,0.409126
7120,0.40672,0.367398,0.409085
7121,0.406686,0.367361,0.409052
7122,0.406615,0.367283,0.408982
7123,0.406571,0.367234,0.408938
7124,0.406548,0.367209,0.40892
7125,0.406491,0.367146,0.408872
7126,0.406443,0.367093,0.408832
7127,0.406407,0.367053,0.408807
7128,0.406378,0.367021,0.408794
7129,0.406286,0.366921,0.40872
7130,0.406201,0.366828,0.408644
7131,0.406122,0.36674,0.408567
7132,0.406086,0.366701,0.408533
7133,0.406025,0.366634,0.408477
7134,0.405979,0.366584,0.408436
7135,0.405908,0.366504,0.408368
7136,0.405845,0.366436,0.408308
7137,0.405777,0.366361,0.40824
7138,0.405735,0.366315,0.408198
7139,0.405693,0.366269,0.408159
7140,0.405613,0.366181,0.408083
7141,0.405566,0.366129,0.408037
7142,0.405526,0.366085,0.408
7143,0.405466,0.366019,0.407946
7144,0.405384,0.365929,0.407867
7145,0.405317,0.365855,0.407798
7146,0.405237,0.365767,0.407713
7147,0.405188,0.365713,0.407657
7148,0.405163,0.365686,0.407628
7149,0.405125,0.365644,0.407593
7150,0.405051,0.365562,0.407522
7151,0.404976,0.365479,0.407446
7152,0.40495,0.365451,0.40742
7153,0.404891,0.365386,0.407364
7154,0.404843,0.365333,0.40732
7155,0.404799,0.365285,0.407283
7156,0.404737,0.365217,0.407229
7157,0.404686,0.365161,0.407186
7158,0.404605,0.365072,0.407111
7159,0.404528,0.364987,0.407036
7160,0.404481,0.364935,0.406989
7161,0.404456,0.364908,0.406968
7162,0.404364,0.364807,0.406882
7163,0.404285,0.364719,0.406801
7164,0.404231,0.36466,0.406744
7165,0.404168,0.364591,0.406677
7166,0.404107,0.364524,0.406611
7167,0.404065,0.364478,0.406565
7168,0.403986,0.36439,0.406481
7169,0.403923,0.364321,0.406411
7170,0.403858,0.364249,0.406336
7171,0.403778,0.364162,0.406243
7172,0.403752,0.364133,0.406203
7173,0.40373,0.364109,0.406175
7174,0.403687,0.364062,0.406131
7175,0.403619,0.363987,0.406064
7176,0.40356,0.363923,0.406003
7177,0.403477,0.363831,0.405914
7178,0.403441,0.363791,0.40587
7179,0.403356,0.363697,0.405777
7180,0.403297,0.363633,0.405705
7181,0.403248,0.363579,0.405644
7182,0.403218,0.363546,0.405604
7183,0.403158,0.363479,0.405536
7184,0.403072,0.363386,0.405439
7185,0.403038,0.363348,0.405391
7186,0.403009,0.363316,0.405352
7187,0.402923,0.363221,0.405257
7188,0.402895,0.363191,0.405217
7189,0.402864,0.363157,0.405179
7190,0.402838,0.363128,0.405152
7191,0.402758,0.36304,0.40507
7192,0.402714,0.362991,0.405022
7193,0.402643,0.362913,0.404946
7194,0.402558,0.36282,0.40485
7195,0.402527,0.362786,0.404805
7196,0.402457,0.362709,0.404722
7197,0.402421,0.362669,0.404672
7198,0.402379,0.362623,0.404618
7199,0.402349,0.36259,0.404579
7200,0.402324,0.362562,0.404549
7201,0.402262,0.362494,0.404485
7202,0.402239,0.362469,0.404462
7203,0.402157,0.362379,0.404379
7204,0.402116,0.362334,0.404333
7205,0.402046,0.362257,0.404257
7206,0.402018,0.362226,0.404223
7207,0.401994,0.3622,0.404198
7208,0.401951,0.362152,0.404158
7209,0.401873,0.362066,0.40408
7210,0.401836,0.362025,0.404041
7211,0.40181,0.361997,0.404017
7212,0.40177,0.361953,0.403983
7213,0.401735,0.361915,0.403957
7214,0.401682,0.361856,0.403914
7215,0.401631,0.3618,0.403873
7216,0.401591,0.361756,0.403844
7217,0.401572,0.361736,0.403841
7218,0.401494,0.36165,0.40378
7219,0.401454,0.361606,0.403756
7220,0.401375,0.361518,0.403691
7221,0.401317,0.361455,0.403644
7222,0.40124,0.36137,0.403573
7223,0.40121,0.361337,0.40355
7224,0.401155,0.361277,0.403505
7225,0.401085,0.361199,0.403442
7226,0.401039,0.361149,0.403403
7227,0.401004,0.36111,0.403377
7228,0.400924,0.361022,0.403307
7229,0.400873,0.360967,0.403263
7230,0.400826,0.360915,0.403224
7231,0.400804,0.36089,0.403214
7232,0.400744,0.360824,0.40317
7233,0.400663,0.360735,0.403103
7234,0.400615,0.360682,0.403065
7235,0.400529,0.360588,0.402989
7236,0.400457,0.360509,0.402921
7237,0.400372,0.360415,0.402835
7238,0.400299,0.360335,0.402756
7239,0.400253,0.360285,0.402703
7240,0.400225,0.360253,0.402671
7241,0.400172,0.360196,0.402619
7242,0.400101,0.360117,0.402547
7243,0.400026,0.360035,0.402468
7244,0.39998,0.359984,0.402416
7245,0.399959,0.359961,0.402393
7246,0.399936,0.359936,0.402377
7247,0.399877,0.359871,0.402328
7248,0.399806,0.359792,0.402266
7249,0.399748,0.359729,0.402214
7250,0.399682,0.359656,0.402154
7251,0.399602,0.359568,0.402076
7252,0.399568,0.359531,0.402044
7253,0.39952,0.359478,0.402
7254,0.399432,0.359381,0.401915
7255,0.399353,0.359294,0.401833
7256,0.399329,0.359268,0.401806
7257,0.399241,0.359172,0.401717
7258,0.399202,0.359128,0.401672
7259,0.399162,0.359085,0.401633
7260,0.399142,0.359063,0.401618
7261,0.399058,0.35897,0.401541
7262,0.398988,0.358893,0.401474
7263,0.398903,0.358799,0.401387
7264,0.398831,0.35872,0.401308
7265,0.398798,0.358684,0.401268
7266,0.398706,0.358583,0.401168
7267,0.398646,0.358517,0.401095
7268,0.398598,0.358464,0.401034
7269,0.398567,0.358429,0.400993
7270,0.398522,0.35838,0.400942
7271,0.398441,0.358291,0.400854
7272,0.398415,0.358263,0.40082
7273,0.398385,0.35823,0.400788
7274,0.398343,0.358183,0.400749
7275,0.398304,0.35814,0.400715
7276,0.398275,0.358109,0.400697
7277,0.398216,0.358044,0.400651
7278,0.39817,0.357993,0.400619
7279,0.398079,0.357893,0.400539
7280,0.397989,0.357794,0.400453
7281,0.397964,0.357767,0.400431
7282,0.397895,0.357691,0.400367
7283,0.397808,0.357595,0.40028
7284,0.397762,0.357545,0.400232
7285,0.397673,0.357446,0.400138
7286,0.397613,0.35738,0.400068
7287,0.39756,0.357322,0.400004
7288,0.397476,0.35723,0.399908
7289,0.397441,0.357191,0.399858
7290,0.39737,0.357114,0.399774
7291,0.397333,0.357072,0.399721
7292,0.39729,0.357026,0.399668
7293,0.397265,0.356998,0.399635
7294,0.397207,0.356933,0.399572
7295,0.397183,0.356908,0.399546
7296,0.397137,0.356857,0.399502
7297,0.397116,0.356834,0.399488
7298,0.397054,0.356765,0.399435
7299,0.39699,0.356695,0.399379
7300,0.396915,0.356613,0.399308
7301,0.396833,0.356523,0.399225
7302,0.396751,0.356432,0.399134
7303,0.396725,0.356403,0.399099
7304,0.396678,0.356351,0.399046
7305,0.396634,0.356304,0.399
7306,0.39656,0.356222,0.398921
7307,0.396525,0.356184,0.398881
7308,0.396491,0.356146,0.398845
7309,0.396471,0.356124,0.398829
7310,0.396426,0.356075,0.398794
7311,0.396384,0.356028,0.398763
7312,0.396326,0.355965,0.398719
7313,0.396243,0.355873,0.398644
7314,0.396195,0.355821,0.398603
7315,0.396175,0.355799,0.398594
7316,0.396083,0.355697,0.398513
7317,0.395996,0.355602,0.398431
7318,0.395948,0.355549,0.398382
7319,0.395924,0.355522,0.398362
7320,0.39587,0.355464,0.398317
7321,0.395803,0.355389,0.398257
7322,0.395712,0.355289,0.398169
7323,0.39569,0.355265,0.398148
7324,0.39561,0.355177,0.398071
7325,0.395591,0.355156,0.398056
7326,0.395533,0.355093,0.398006
7327,0.395498,0.355054,0.397981
7328,0.395407,0.354953,0.3979
7329,0.395374,0.354917,0.397874
7330,0.395296,0.354832,0.397806
7331,0.395226,0.354754,0.39774
7332,0.395185,0.35471,0.397704
7333,0.395096,0.354611,0.397618
7334,0.395026,0.354534,0.397546
7335,0.394992,0.354498,0.397512
7336,0.394953,0.354455,0.397476
7337,0.394907,0.354404,0.397437
7338,0.39484,0.35433,0.397378
7339,0.394801,0.354287,0.397348
7340,0.394725,0.354203,0.397281
7341,0.394682,0.354156,0.397247
7342,0.394645,0.354116,0.397223
7343,0.394553,0.354014,0.397144
7344,0.394499,0.353955,0.397098
7345,0.394423,0.353872,0.397031
7346,0.394382,0.353826,0.396997
7347,0.39429,0.353725,0.396913
7348,0.394245,0.353675,0.396872
7349,0.394157,0.353579,0.396788
7350,0.394097,0.353513,0.396728
7351,0.394039,0.353449,0.39667
7352,0.393954,0.353356,0.396583
7353,0.39389,0.353285,0.396513
7354,0.393858,0.35325,0.396478
7355,0.393799,0.353185,0.396419
7356,0.393778,0.353162,0.396402
7357,0.393735,0.353115,0.39637
7358,0.393656,0.353027,0.396301
7359,0.393608,0.352975,0.396263
7360,0.393524,0.352883,0.396189
7361,0.393438,0.352788,0.396106
7362,0.393361,0.352703,0.396029
7363,0.393269,0.352602,0.39593
7364,0.393246,0.352576,0.3959
7365,0.393207,0.352533,0.395861
7366,0.393128,0.352447,0.395783
7367,0.393048,0.352359,0.3957
7368,0.393028,0.352337,0.395678
7369,0.39297,0.352273,0.395623
7370,0.392948,0.352249,0.395609
7371,0.392882,0.352176,0.395554
7372,0.392852,0.352143,0.395539
7373,0.392777,0.35206,0.395481
7374,0.392695,0.351971,0.395412
7375,0.392615,0.351882,0.395341
7376,0.392553,0.351814,0.395286
7377,0.392524,0.351782,0.395267
7378,0.392433,0.351683,0.395189
7379,0.392376,0.35162,0.395141
7380,0.392339,0.351579,0.395116
7381,0.392248,0.351479,0.395038
7382,0.39216,0.351382,0.394958
7383,0.392088,0.351303,0.394889
7384,0.391996,0.351201,0.394796
7385,0.391945,0.351146,0.394743
7386,0.391869,0.351062,0.394665
7387,0.39182,0.351008,0.394613
7388,0.391744,0.350925,0.394535
7389,0.391672,0.350845,0.394459
7390,0.391609,0.350776,0.39439
7391,0.391543,0.350704,0.394319
7392,0.391476,0.35063,0.394245
7393,0.391389,0.350534,0.394148
7394,0.391337,0.350477,0.394084
7395,0.391305,0.350442,0.394044
7396,0.39125,0.350381,0.393985
7397,0.391165,0.350288,0.393896
7398,0.391105,0.350222,0.393827
7399,0.391082,0.350197,0.3938
7400,0.391025,0.350133,0.393744
7401,0.390968,0.350071,0.393689
7402,0.390881,0.349975,0.393601
7403,0.390809,0.349896,0.393525
7404,0.390765,0.349847,0.393476
7405,0.390677,0.349751,0.393383
7406,0.390608,0.349675,0.393305
7407,0.39056,0.349622,0.393247
7408,0.390474,0.349528,0.39315
7409,0.390422,0.34947,0.393085
7410,0.390335,0.349375,0.392982
7411,0.390271,0.349305,0.392899
7412,0.390251,0.349282,0.392861
7413,0.390192,0.349217,0.39279
7414,0.390132,0.349152,0.392717
7415,0.390057,0.349069,0.392626
7416,0.389998,0.349003,0.392548
7417,0.389964,0.348967,0.392499
7418,0.389904,0.348901,0.392424
7419,0.389838,0.348828,0.392342
7420,0.389814,0.348802,0.392303
7421,0.389761,0.348744,0.39224
7422,0.38969,0.348665,0.392156
7423,0.389647,0.348618,0.392099
7424,0.389619,0.348588,0.392061
7425,0.389528,0.348487,0.391959
7426,0.389505,0.348461,0.391922
7427,0.389439,0.348389,0.391846
7428,0.389416,0.348363,0.391813
7429,0.389387,0.348332,0.391781
7430,0.38933,0.348269,0.391722
7431,0.389263,0.348196,0.391652
7432,0.389224,0.348152,0.391608
7433,0.389135,0.348055,0.391513
7434,0.389091,0.348006,0.391458
7435,0.389063,0.347976,0.391424
7436,0.389035,0.347945,0.391393
7437,0.389005,0.347911,0.391366
7438,0.388961,0.347863,0.391328
7439,0.388915,0.347813,0.391291
7440,0.388895,0.34779,0.391282
7441,0.388832,0.347721,0.391235
7442,0.388754,0.347635,0.391168
7443,0.3887,0.347576,0.391122
7444,0.38867,0.347544,0.391103
7445,0.38861,0.347477,0.391056
7446,0.388549,0.34741,0.391007
7447,0.388479,0.347333,0.390946
7448,0.388424,0.347273,0.390899
7449,0.388376,0.34722,0.390859
7450,0.388297,0.347133,0.390787
7451,0.388227,0.347056,0.390719
7452,0.388147,0.346968,0.390637
7453,0.388078,0.346892,0.390561
7454,0.388059,0.346871,0.390537
7455,0.38803,0.346839,0.39051
7456,0.38795,0.346751,0.390434
7457,0.387887,0.346682,0.39037
7458,0.387807,0.346594,0.390286
7459,0.387779,0.346563,0.390253
7460,0.387715,0.346492,0.390186
7461,0.387677,0.34645,0.390146
7462,0.3876,0.346366,0.390067
7463,0.387572,0.346335,0.390036
7464,0.387514,0.346272,0.38998
7465,0.387487,0.346242,0.389956
7466,0.387438,0.346187,0.389913
7467,0.387352,0.346094,0.389833
7468,0.387277,0.346011,0.389757
7469,0.387208,0.345934,0.389683
7470,0.387158,0.345879,0.389626
7471,0.387137,0.345857,0.389603
7472,0.387099,0.345815,0.389569
7473,0.38702,0.345728,0.389493
7474,0.386957,0.345658,0.389429
7475,0.386914,0.345612,0.389386
7476,0.386886,0.345581,0.389361
7477,0.386847,0.345538,0.389331
7478,0.386817,0.345505,0.389315
7479,0.386734,0.345413,0.389245
7480,0.386667,0.34534,0.389188
7481,0.386605,0.345271,0.389133
7482,0.386512,0.345169,0.389044
7483,0.38646,0.345112,0.388991
7484,0.386404,0.345051,0.388936
7485,0.386329,0.344968,0.388858
7486,0.386271,0.344904,0.388795
7487,0.38623,0.344859,0.388751
7488,0.386187,0.344812,0.388708
7489,0.386135,0.344755,0.388659
7490,0.386048,0.344659,0.388571
7491,0.386011,0.344618,0.388531
7492,0.385947,0.344548,0.388466
7493,0.385893,0.344489,0.388411
7494,0.385853,0.344445,0.388371
7495,0.385811,0.344398,0.388331
7496,0.385752,0.344333,0.388277
7497,0.385685,0.344259,0.388214
7498,0.385623,0.344192,0.388154
7499,0.385576,0.344139,0.388108
7500,0.385499,0.344055,0.388032
7501,0.385412,0.343959,0.387941
7502,0.385352,0.343893,0.387872
7503,0.385281,0.343815,0.387789
7504,0.385221,0.343749,0.387716
7505,0.385143,0.343664,0.387621
7506,0.385097,0.343613,0.387556
7507,0.385068,0.34358,0.387511
7508,0.385036,0.343546,0.387469
7509,0.385017,0.343525,0.387445
7510,0.384978,0.343482,0.387407
7511,0.384926,0.343425,0.387358
7512,0.384888,0.343383,0.387326
7513,0.384851,0.343342,0.387297
7514,0.384798,0.343284,0.387255
7515,0.384768,0.343251,0.387239
7516,0.384741,0.343221,0.387232
7517,0.384683,0.343157,0.387196
7518,0.384605,0.343072,0.38714
7519,0.384517,0.342975,0.387067
7520,0.384428,0.342877,0.386986
7521,0.384396,0.342841,0.38696
7522,0.384311,0.342748,0.386883
7523,0.384222,0.34265,0.386793
7524,0.384189,0.342614,0.386759
7525,0.384101,0.342517,0.38667
7526,0.38406,0.342472,0.386626
7527,0.383993,0.342399,0.386557
7528,0.383938,0.342338,0.386498
7529,0.383852,0.342244,0.386406
7530,0.383805,0.342192,0.38635
7531,0.383761,0.342143,0.386299
7532,0.383727,0.342106,0.386263
7533,0.383685,0.34206,0.386222
7534,0.383614,0.341982,0.386152
7535,0.383571,0.341934,0.38611
7536,0.383494,0.34185,0.386034
7537,0.383467,0.34182,0.386008
7538,0.383412,0.341759,0.385957
7539,0.383326,0.341665,0.385874
7540,0.383268,0.341601,0.385813
7541,0.383249,0.34158,0.385796
7542,0.383157,0.341478,0.385707
7543,0.383133,0.341452,0.385684
7544,0.383066,0.341379,0.385622
7545,0.382999,0.341305,0.385557
7546,0.382926,0.341224,0.385484
7547,0.382872,0.341166,0.385428
7548,0.382805,0.341092,0.385358
7549,0.382785,0.341069,0.385336
7550,0.382728,0.341007,0.385283
7551,0.382639,0.340909,0.385194
7552,0.382554,0.340816,0.385103
7553,0.382521,0.340779,0.385062
7554,0.382483,0.340737,0.385021
7555,0.382463,0.340715,0.385003
7556,0.382421,0.340669,0.38497
7557,0.382337,0.340577,0.384894
7558,0.382246,0.340477,0.384804
7559,0.382167,0.34039,0.384719
7560,0.382076,0.34029,0.384615
7561,0.382027,0.340236,0.384551
7562,0.382005,0.340212,0.384517
7563,0.381938,0.340138,0.38444
7564,0.381888,0.340083,0.38438
7565,0.381856,0.340047,0.38434
7566,0.381788,0.339973,0.384266
7567,0.381761,0.339944,0.384234
7568,0.381719,0.339897,0.384191
7569,0.381635,0.339805,0.384105
7570,0.381589,0.339754,0.384054
7571,0.381569,0.339732,0.384033
7572,0.381543,0.339703,0.384013
7573,0.381496,0.339652,0.383977
7574,0.381419,0.339567,0.383909
7575,0.381341,0.339481,0.383834
7576,0.381286,0.339421,0.383781
7577,0.381258,0.33939,0.383757
7578,0.381195,0.33932,0.3837
7579,0.381159,0.339281,0.383672
7580,0.381134,0.339253,0.383659
7581,0.381053,0.339165,0.383593
7582,0.380984,0.339089,0.383535
7583,0.380947,0.339048,0.383508
7584,0.38087,0.338963,0.383441
7585,0.380804,0.33889,0.383384
7586,0.380712,0.33879,0.383295
7587,0.380633,0.338702,0.383213
7588,0.380546,0.338606,0.383116
7589,0.38051,0.338567,0.383069
7590,0.380432,0.338481,0.382981
7591,0.380408,0.338455,0.382947
7592,0.380316,0.338354,0.382845
7593,0.380288,0.338323,0.382805
7594,0.380259,0.338291,0.38277
7595,0.380215,0.338243,0.382725
7596,0.380185,0.33821,0.382697
7597,0.380148,0.338169,0.382667
7598,0.380066,0.338079,0.382592
7599,0.379975,0.337979,0.382502
7600,0.379909,0.337906,0.38243
7601,0.379855,0.337846,0.382369
7602,0.379808,0.337795,0.382316
7603,0.379778,0.337762,0.382284
7604,0.37971,0.337687,0.382216
7605,0.379625,0.337593,0.382125
7606,0.379605,0.337572,0.3821
7607,0.37958,0.337544,0.382076
7608,0.379559,0.337521,0.382064
7609,0.379486,0.337441,0.382002
7610,0.379439,0.33739,0.381966
7611,0.379379,0.337324,0.381916
7612,0.379301,0.337237,0.381845
7613,0.379244,0.337174,0.381793
7614,0.379153,0.337074,0.381704
7615,0.37907,0.336983,0.381616
7616,0.379008,0.336915,0.381545
7617,0.37894,0.33684,0.381465
7618,0.3789,0.336796,0.381413
7619,0.37881,0.336697,0.38131
7620,0.378758,0.33664,0.38124
7621,0.378703,0.336579,0.381166
7622,0.378664,0.336537,0.381111
7623,0.378582,0.336446,0.381011
7624,0.378562,0.336425,0.380973
7625,0.378531,0.33639,0.380929
7626,0.378467,0.33632,0.380853
7627,0.378434,0.336284,0.380809
7628,0.378412,0.336259,0.380781
7629,0.378328,0.336167,0.38069
7630,0.378293,0.336128,0.380647
7631,0.378273,0.336106,0.380623
7632,0.378249,0.33608,0.380602
7633,0.378184,0.336009,0.380542
7634,0.378112,0.335929,0.38047
7635,0.378072,0.335885,0.380429
7636,0.378051,0.335863,0.380412
7637,0.377992,0.335797,0.38036
7638,0.377963,0.335765,0.380338
7639,0.377871,0.335665,0.380253
7640,0.377807,0.335594,0.380189
7641,0.377765,0.335548,0.380148
7642,0.377714,0.335492,0.380097
7643,0.377666,0.335439,0.380051
7644,0.377642,0.335412,0.380031
7645,0.377605,0.335371,0.380004
7646,0.377529,0.335288,0.379938
7647,0.377451,0.335202,0.379864
7648,0.377376,0.33512,0.379788
7649,0.377319,0.335056,0.379725
7650,0.377288,0.335023,0.379691
7651,0.377226,0.334955,0.379628
7652,0.377202,0.334928,0.379604
7653,0.377154,0.334876,0.37956
7654,0.377127,0.334846,0.379541
7655,0.377102,0.334819,0.379529
7656,0.377046,0.334756,0.379489
7657,0.376968,0.334671,0.379425
7658,0.376898,0.334593,0.379364
7659,0.376861,0.334553,0.379336
7660,0.3768,0.334487,0.379287
7661,0.376741,0.334421,0.379237
7662,0.376681,0.334355,0.379186
7663,0.376597,0.334262,0.379107
7664,0.376552,0.334213,0.379065
7665,0.37648,0.334135,0.378996
7666,0.376401,0.334047,0.378915
7667,0.376339,0.333979,0.378848
7668,0.376303,0.33394,0.378808
7669,0.376256,0.333887,0.378759
7670,0.376223,0.333851,0.378728
7671,0.376135,0.333755,0.378641
7672,0.376112,0.333729,0.378619
7673,0.376049,0.33366,0.378559
7674,0.376017,0.333624,0.378532
7675,0.375947,0.333548,0.378469
7676,0.375883,0.333478,0.378409
7677,0.375831,0.333421,0.378361
7678,0.375796,0.333382,0.378331
7679,0.375713,0.333291,0.378254
7680,0.375654,0.333225,0.378197
7681,0.375631,0.333201,0.378179
7682,0.375567,0.33313,0.378123
7683,0.375493,0.333048,0.378055
7684,0.375453,0.333005,0.378021
7685,0.375364,0.332906,0.377935
7686,0.375315,0.332853,0.377888
7687,0.375245,0.332775,0.377818
7688,0.375178,0.332702,0.377748
7689,0.375117,0.332635,0.377684
7690,0.375053,0.332564,0.377614
7691,0.375015,0.332523,0.377572
7692,0.374971,0.332474,0.377526
7693,0.374881,0.332375,0.377434
7694,0.37484,0.33233,0.377387
7695,0.37477,0.332253,0.377311
7696,0.374737,0.332217,0.377273
7697,0.37468,0.332154,0.377213
7698,0.374624,0.332092,0.377154
7699,0.37456,0.332022,0.377087
7700,0.374505,0.331961,0.377026
7701,0.374445,0.331895,0.376961
7702,0.374395,0.33184,0.376905
7703,0.374362,0.331805,0.376869
7704,0.37431,0.331747,0.376816
7705,0.374281,0.331715,0.37679
7706,0.374258,0.33169,0.376776
7707,0.374178,0.331602,0.376706
7708,0.374104,0.33152,0.376637
7709,0.374073,0.331486,0.376612
7710,0.373999,0.331405,0.376545
7711,0.373954,0.331355,0.376506
7712,0.373904,0.3313,0.376463
7713,0.373833,0.331222,0.376399
7714,0.373754,0.331136,0.376323
7715,0.373682,0.331056,0.37625
7716,0.373614,0.330982,0.376177
7717,0.37358,0.330944,0.376139
7718,0.373511,0.330869,0.376068
7719,0.373446,0.330797,0.375998
7720,0.37342,0.330768,0.375968
7721,0.373391,0.330736,0.375942
7722,0.373323,0.330661,0.375879
7723,0.37325,0.330581,0.375807
7724,0.373222,0.33055,0.375781
7725,0.373183,0.330507,0.37575
7726,0.373098,0.330414,0.375672
7727,0.373048,0.330359,0.375626
7728,0.37298,0.330284,0.375561
7729,0.372907,0.330204,0.375488
7730,0.372836,0.330126,0.375414
7731,0.372807,0.330094,0.375383
7732,0.372761,0.330044,0.375339
7733,0.372694,0.329969,0.375274
7734,0.372607,0.329874,0.375184
7735,0.372576,0.32984,0.37515
7736,0.372525,0.329784,0.375099
7737,0.372435,0.329684,0.375006
7738,0.372397,0.329643,0.374963
7739,0.372327,0.329566,0.374889
7740,0.37227,0.329503,0.374825
7741,0.372251,0.329482,0.374803
7742,0.372162,0.329384,0.374712
7743,0.372107,0.329324,0.374652
7744,0.372038,0.329248,0.374575
7745,0.372014,0.329221,0.374544
7746,0.371946,0.329146,0.374473
7747,0.371875,0.329068,0.374394
7748,0.371823,0.329011,0.374333
7749,0.371772,0.328955,0.374274
7750,0.37174,0.32892,0.374236
7751,0.371667,0.32884,0.374157
7752,0.371632,0.328802,0.374117
7753,0.371545,0.328706,0.374023
7754,0.371523,0.328681,0.373992
7755,0.371504,0.328661,0.373972
7756,0.371446,0.328597,0.373917
7757,0.371426,0.328575,0.373902
7758,0.371362,0.328505,0.373847
7759,0.371304,0.32844,0.373795
7760,0.371214,0.328342,0.373707
7761,0.371186,0.32831,0.37368
7762,0.371138,0.328257,0.373636
7763,0.371118,0.328236,0.373625
7764,0.371033,0.328143,0.37355
7765,0.370957,0.328059,0.373477
7766,0.370872,0.327966,0.373391
7767,0.370844,0.327935,0.37336
7768,0.370807,0.327894,0.373325
7769,0.370725,0.327804,0.373245
7770,0.370664,0.327737,0.373181
7771,0.370609,0.327676,0.373122
7772,0.37058,0.327644,0.373092
7773,0.370545,0.327606,0.373061
7774,0.370485,0.32754,0.373007
7775,0.370452,0.327504,0.372981
7776,0.370419,0.327467,0.37296
7777,0.370373,0.327416,0.372929
7778,0.370285,0.32732,0.372855
7779,0.370235,0.327264,0.372816
7780,0.370163,0.327185,0.372754
7781,0.370112,0.327129,0.372711
7782,0.370032,0.327041,0.372638
7783,0.369948,0.326949,0.372556
7784,0.369924,0.326923,0.372534
7785,0.369876,0.32687,0.372492
7786,0.369813,0.3268,0.372436
7787,0.369721,0.326699,0.372347
7788,0.369656,0.326628,0.37228
7789,0.369585,0.326549,0.372204
7790,0.369519,0.326477,0.372132
7791,0.369486,0.32644,0.372092
7792,0.36945,0.326402,0.372056
7793,0.369364,0.326307,0.371968
7794,0.36933,0.326269,0.371931
7795,0.369246,0.326176,0.371844
7796,0.369199,0.326125,0.371792
7797,0.369166,0.326088,0.371757
7798,0.369102,0.326018,0.371693
7799,0.369061,0.325974,0.371653
7800,0.369017,0.325924,0.371612
7801,0.368976,0.32588,0.371578
7802,0.368924,0.325823,0.371535
7803,0.368853,0.325745,0.371472
7804,0.36883,0.325719,0.371458
7805,0.368751,0.325633,0.371392
7806,0.368731,0.32561,0.371385
7807,0.368646,0.325516,0.371315
7808,0.368569,0.325432,0.371248
7809,0.368539,0.325399,0.371229
7810,0.368463,0.325316,0.371166
7811,0.368412,0.325259,0.371126
7812,0.368336,0.325175,0.371061
7813,0.368287,0.325122,0.371023
7814,0.368201,0.325027,0.370946
7815,0.368138,0.324958,0.370888
7816,0.368079,0.324893,0.370835
7817,0.368033,0.324842,0.370796
7818,0.367957,0.324759,0.370727
7819,0.367883,0.324678,0.370658
7820,0.367826,0.324614,0.370603
7821,0.367759,0.324541,0.370539
7822,0.367729,0.324508,0.370514
7823,0.367679,0.324453,0.370474
7824,0.367654,0.324425,0.370464
7825,0.367561,0.324323,0.370389
7826,0.3675,0.324257,0.370341
7827,0.367423,0.324171,0.370275
7828,0.367353,0.324094,0.370215
7829,0.367263,0.323995,0.370131
7830,0.3672,0.323926,0.370071
7831,0.367156,0.323878,0.370032
7832,0.36709,0.323805,0.369972
7833,0.367069,0.323782,0.369962
7834,0.366977,0.323681,0.369883
7835,0.366899,0.323595,0.369814
7836,0.366826,0.323514,0.369746
7837,0.366748,0.323429,0.369672
7838,0.36668,0.323354,0.369606
7839,0.366602,0.323268,0.369527
7840,0.36652,0.323178,0.369441
7841,0.366443,0.323094,0.369357
7842,0.366355,0.322997,0.369257
7843,0.366306,0.322943,0.369195
7844,0.366227,0.322856,0.369103
7845,0.36616,0.322783,0.36902
7846,0.366108,0.322725,0.368952
7847,0.366057,0.322669,0.368887
7848,0.365969,0.322572,0.368784
7849,0.365939,0.322539,0.368738
7850,0.365916,0.322514,0.368707
7851,0.365833,0.322423,0.368617
7852,0.365771,0.322354,0.368546
7853,0.3657,0.322276,0.368463
7854,0.365649,0.32222,0.3684
7855,0.365601,0.322167,0.368342
7856,0.365519,0.322077,0.368249
7857,0.365447,0.321997,0.368161
7858,0.365411,0.321958,0.368109
7859,0.36534,0.32188,0.368024
7860,0.365301,0.321837,0.367971
7861,0.365245,0.321775,0.367902
7862,0.365204,0.321731,0.36785
7863,0.365123,0.321641,0.367757
7864,0.365056,0.321568,0.367674
7865,0.365019,0.321527,0.367621
7866,0.365,0.321506,0.367591
7867,0.364933,0.321432,0.367516
7868,0.364882,0.321377,0.367457
7869,0.364815,0.321302,0.367379
7870,0.364781,0.321265,0.367335
7871,0.364696,0.321172,0.36724
7872,0.364659,0.321131,0.36719
7873,0.36464,0.32111,0.367163
7874,0.36459,0.321055,0.36711
7875,0.364509,0.320966,0.367023
7876,0.364488,0.320943,0.366996
7877,0.36447,0.320923,0.366977
7878,0.364445,0.320896,0.36696
7879,0.364378,0.320822,0.366903
7880,0.364349,0.32079,0.366884
7881,0.364284,0.320718,0.366831
7882,0.36421,0.320637,0.366767
7883,0.364187,0.320611,0.366753
7884,0.364119,0.320537,0.366697
7885,0.364054,0.320466,0.366642
7886,0.364002,0.320409,0.366599
7887,0.363912,0.32031,0.366515
7888,0.363882,0.320277,0.366489
7889,0.363818,0.320206,0.366431
7890,0.363772,0.320155,0.366392
7891,0.363728,0.320107,0.366357
7892,0.363645,0.320016,0.366281
7893,0.36356,0.319922,0.366198
7894,0.363523,0.319882,0.366161
7895,0.363462,0.319814,0.366102
7896,0.363377,0.319721,0.366016
7897,0.363285,0.31962,0.365916
7898,0.363205,0.319531,0.36582
7899,0.363136,0.319456,0.365732
7900,0.363117,0.319435,0.365695
7901,0.363078,0.319392,0.365643
7902,0.363018,0.319326,0.365573
7903,0.362995,0.3193,0.36554
7904,0.362943,0.319244,0.365484
7905,0.362875,0.319169,0.365409
7906,0.36285,0.319141,0.365379
7907,0.36278,0.319064,0.365305
7908,0.362717,0.318995,0.365235
7909,0.362667,0.318939,0.365177
7910,0.362636,0.318905,0.365141
7911,0.362553,0.318814,0.365052
7912,0.362528,0.318787,0.36502
7913,0.362495,0.31875,0.364986
7914,0.362403,0.31865,0.364891
7915,0.36233,0.318569,0.364807
7916,0.362257,0.318489,0.36472
7917,0.362235,0.318464,0.364683
7918,0.362209,0.318436,0.364648
7919,0.362172,0.318396,0.364607
7920,0.362132,0.318352,0.364565
7921,0.362111,0.318329,0.364547
7922,0.362087,0.318302,0.364531
7923,0.362017,0.318224,0.364471
7924,0.361973,0.318177,0.364436
7925,0.36195,0.318151,0.364426
7926,0.361864,0.318057,0.364353
7927,0.361799,0.317985,0.364296
7928,0.361721,0.3179,0.364222
7929,0.361691,0.317866,0.364195
7930,0.361628,0.317797,0.364137
7931,0.361551,0.317712,0.364061
7932,0.361523,0.317682,0.364035
7933,0.361482,0.317637,0.364
7934,0.361435,0.317584,0.36396
7935,0.36141,0.317557,0.363946
7936,0.361321,0.31746,0.363869
7937,0.361272,0.317405,0.363828
7938,0.361192,0.317317,0.363754
7939,0.361118,0.317235,0.363681
7940,0.361049,0.31716,0.363609
7941,0.361011,0.317118,0.363569
7942,0.36094,0.31704,0.363496
7943,0.360868,0.316961,0.363418
7944,0.360798,0.316883,0.363337
7945,0.360747,0.316827,0.363274
7946,0.360698,0.316774,0.363215
7947,0.36063,0.316699,0.363134
7948,0.360571,0.316635,0.363062
7949,0.360525,0.316584,0.363001
7950,0.360455,0.316506,0.362914
7951,0.360428,0.316477,0.362872
7952,0.360394,0.316439,0.362826
7953,0.360364,0.316406,0.362789
7954,0.360313,0.31635,0.362732
7955,0.360276,0.316309,0.362692
7956,0.36023,0.316259,0.362644
7957,0.360177,0.316201,0.36259
7958,0.360155,0.316177,0.362569
7959,0.360129,0.316148,0.36255
7960,0.360045,0.316056,0.362473
7961,0.360019,0.316027,0.362451
7962,0.359998,0.316004,0.362442
7963,0.359948,0.315949,0.362407
7964,0.359896,0.315891,0.36237
7965,0.359816,0.315804,0.362304
7966,0.359757,0.315739,0.362254
7967,0.359705,0.315681,0.36221
7968,0.359633,0.315602,0.362145
7969,0.359555,0.315516,0.362069
7970,0.359495,0.31545,0.362008
7971,0.359456,0.315408,0.361969
7972,0.359433,0.315383,0.36195
7973,0.359398,0.315344,0.361925
7974,0.359329,0.315268,0.361866
7975,0.359237,0.315167,0.361779
7976,0.359145,0.315065,0.361684
7977,0.359113,0.31503,0.361646
7978,0.359094,0.315009,0.361628
7979,0.359036,0.314946,0.361574
7980,0.358965,0.314868,0.361505
7981,0.358923,0.314821,0.361464
7982,0.358836,0.314726,0.361377
7983,0.358787,0.314672,0.361324
7984,0.358763,0.314646,0.3613
7985,0.358711,0.314589,0.361251
7986,0.358644,0.314514,0.361185
7987,0.358562,0.314425,0.361101
7988,0.358536,0.314396,0.361073
7989,0.358457,0.314309,0.360992
7990,0.358417,0.314265,0.360948
7991,0.358345,0.314186,0.360872
7992,0.358306,0.314142,0.360828
7993,0.358277,0.31411,0.360798
7994,0.358195,0.314021,0.360716
7995,0.35813,0.313949,0.360646
7996,0.358102,0.313919,0.360614
7997,0.358043,0.313853,0.360552
7998,0.357961,0.313763,0.360465
7999,0.357932,0.313731,0.360429
8000,0.357894,0.31369,0.360389
8001,0.357848,0.313639,0.360343
8002,0.357796,0.313581,0.360291
8003,0.357748,0.313529,0.360245
8004,0.357702,0.313478,0.360201
8005,0.357631,0.3134,0.360132
8006,0.3576,0.313366,0.360102
8007,0.357572,0.313335,0.360081
8008,0.357531,0.313291,0.360051
8009,0.357509,0.313266,0.360044
8010,0.357437,0.313187,0.35999
8011,0.357389,0.313134,0.359957
8012,0.357347,0.313088,0.359934
8013,0.357257,0.312989,0.35986
8014,0.357168,0.312891,0.35978
8015,0.357127,0.312846,0.359746
8016,0.35704,0.31275,0.359665
8017,0.357,0.312706,0.359628
8018,0.356923,0.312622,0.359555
8019,0.356862,0.312554,0.359494
8020,0.356797,0.312483,0.359428
8021,0.356728,0.312407,0.359356
8022,0.356639,0.312309,0.359259
8023,0.356615,0.312283,0.359226
8024,0.356589,0.312254,0.359197
8025,0.356551,0.312212,0.359161
8026,0.356463,0.312115,0.359075
8027,0.356376,0.312019,0.358982
8028,0.356322,0.311961,0.35892
8029,0.356241,0.311871,0.358826
8030,0.356182,0.311806,0.358752
8031,0.356152,0.311773,0.358708
8032,0.35613,0.311749,0.358678
8033,0.356087,0.311702,0.358632
8034,0.356023,0.311632,0.358565
8035,0.355951,0.311553,0.358487
8036,0.355895,0.311491,0.358422
8037,0.355864,0.311456,0.358383
8038,0.355822,0.31141,0.358338
8039,0.35578,0.311364,0.358295
8040,0.355733,0.311313,0.358249
8041,0.355676,0.31125,0.358193
8042,0.355638,0.311208,0.358157
8043,0.355573,0.311136,0.358093
8044,0.355513,0.31107,0.358033
8045,0.355462,0.311014,0.357982
8046,0.355441,0.310992,0.357964
8047,0.355376,0.31092,0.357904
8048,0.355319,0.310857,0.35785
8049,0.355251,0.310783,0.357785
8050,0.355162,0.310684,0.357691
8051,0.355138,0.310658,0.357663
8052,0.355083,0.310598,0.357606
8053,0.355002,0.310508,0.357519
8054,0.354942,0.310443,0.357451
8055,0.354887,0.310382,0.357385
8056,0.354829,0.310318,0.357316
8057,0.354737,0.310216,0.357208
8058,0.354662,0.310134,0.357109
8059,0.354625,0.310094,0.357048
8060,0.354607,0.310073,0.357009
8061,0.354573,0.310036,0.356959
8062,0.354548,0.310008,0.356922
8063,0.35449,0.309945,0.356855
8064,0.35446,0.309912,0.356815
8065,0.354423,0.309871,0.356772
8066,0.354394,0.30984,0.356741
8067,0.35434,0.30978,0.356686
8068,0.354304,0.309741,0.356649
8069,0.354279,0.309713,0.356627
8070,0.354211,0.309638,0.356563
8071,0.354178,0.309602,0.356533
8072,0.354088,0.309503,0.356444
8073,0.354056,0.309467,0.356409
8074,0.354012,0.30942,0.356366
8075,0.353972,0.309375,0.356327
8076,0.353903,0.3093,0.356259
8077,0.353837,0.309227,0.35619
8078,0.353817,0.309205,0.356166
8079,0.35376,0.309142,0.356109
8080,0.353707,0.309084,0.356054
8081,0.353673,0.309046,0.356019
8082,0.353636,0.309006,0.355984
8083,0.353583,0.308947,0.355934
8084,0.353557,0.308919,0.355913
8085,0.353498,0.308854,0.355861
8086,0.35341,0.308757,0.355773
8087,0.353376,0.30872,0.355738
8088,0.353323,0.308662,0.355685
8089,0.3533,0.308636,0.355663
8090,0.353262,0.308594,0.355631
8091,0.353216,0.308544,0.355593
8092,0.353171,0.308494,0.355557
8093,0.353117,0.308435,0.355511
8094,0.353085,0.308399,0.355489
8095,0.353015,0.308323,0.35543
8096,0.352953,0.308254,0.355375
8097,0.352934,0.308233,0.355365
8098,0.352864,0.308157,0.355306
8099,0.35282,0.308108,0.355271
8100,0.352739,0.308019,0.355198
8101,0.352679,0.307953,0.355141
8102,0.352626,0.307895,0.355091
8103,0.352537,0.307796,0.355
8104,0.352482,0.307737,0.35494
8105,0.352447,0.307698,0.354899
8106,0.352369,0.307612,0.354816
8107,0.352344,0.307584,0.354785
8108,0.352313,0.30755,0.354752
8109,0.352282,0.307516,0.354724
8110,0.352241,0.307472,0.354691
8111,0.352178,0.307402,0.354634
8112,0.352125,0.307343,0.354585
8113,0.352096,0.307311,0.354564
8114,0.352036,0.307246,0.354514
8115,0.351983,0.307187,0.354468
8116,0.35196,0.307162,0.354456
8117,0.351885,0.30708,0.354394
8118,0.351817,0.307005,0.354334
8119,0.351797,0.306982,0.354324
8120,0.351714,0.306891,0.354252
8121,0.351642,0.306812,0.354186
8122,0.351558,0.30672,0.354104
8123,0.3515,0.306656,0.354042
8124,0.351448,0.306599,0.353987
8125,0.351402,0.306548,0.353938
8126,0.351372,0.306515,0.353909
8127,0.35131,0.306448,0.35385
8128,0.351259,0.306391,0.353801
8129,0.351224,0.306353,0.353769
8130,0.351135,0.306255,0.353683
8131,0.351112,0.306229,0.353662
8132,0.351044,0.306154,0.353597
8133,0.350961,0.306063,0.353513
8134,0.350918,0.306016,0.353467
8135,0.350857,0.305949,0.353403
8136,0.350823,0.305912,0.353368
8137,0.350783,0.305867,0.353329
8138,0.350713,0.305791,0.353261
8139,0.350677,0.305751,0.353227
8140,0.350637,0.305707,0.353191
8141,0.350571,0.305634,0.353131
8142,0.350534,0.305594,0.3531
8143,0.350468,0.305521,0.35304
8144,0.350423,0.305471,0.353001
8145,0.350404,0.305451,0.352993
8146,0.350342,0.305382,0.352944
8147,0.350298,0.305334,0.352915
8148,0.350211,0.305238,0.35284
8149,0.350131,0.305151,0.352767
8150,0.350056,0.305067,0.352694
8151,0.349993,0.304999,0.35263
8152,0.349921,0.30492,0.352555
8153,0.349884,0.304879,0.352515
8154,0.349816,0.304804,0.352444
8155,0.349755,0.304736,0.352378
8156,0.349675,0.304648,0.352289
8157,0.349646,0.304616,0.352252
8158,0.34958,0.304544,0.35218
8159,0.349491,0.304446,0.352079
8160,0.349443,0.304393,0.352015
8161,0.349411,0.304359,0.351972
8162,0.349373,0.304316,0.351925
8163,0.349298,0.304234,0.351841
8164,0.349214,0.304142,0.351742
8165,0.349156,0.304078,0.351665
8166,0.349121,0.304039,0.351611
8167,0.349072,0.303986,0.351546
8168,0.349005,0.303912,0.351461
8169,0.348982,0.303886,0.35142
8170,0.34896,0.303863,0.351387
8171,0.348919,0.303817,0.351337
8172,0.348896,0.303791,0.351309
8173,0.348877,0.303771,0.351292
8174,0.348839,0.30373,0.351261
8175,0.348811,0.303698,0.351242
8176,0.348786,0.303671,0.351231
8177,0.348708,0.303585,0.351168
8178,0.348637,0.303507,0.351108
8179,0.348554,0.303415,0.351028
8180,0.348534,0.303394,0.351013
8181,0.348442,0.303292,0.350924
8182,0.348393,0.303239,0.350874
8183,0.348324,0.303163,0.350803
8184,0.348279,0.303113,0.350754
8185,0.348259,0.303091,0.350734
8186,0.348215,0.303043,0.350694
8187,0.348138,0.302958,0.35062
8188,0.3481,0.302916,0.350582
8189,0.348043,0.302853,0.350527
8190,0.347997,0.302803,0.350483
8191,0.347924,0.302723,0.35041
8192,0.347904,0.302701,0.350391
8193,0.347819,0.302607,0.350307
8194,0.347748,0.302529,0.350231
8195,0.347716,0.302494,0.350194
8196,0.347672,0.302446,0.350148
8197,0.347628,0.302396,0.350103
8198,0.347604,0.302371,0.350082
8199,0.347536,0.302296,0.350018
8200,0.347458,0.30221,0.34994
8201,0.347411,0.302159,0.34989
8202,0.347344,0.302084,0.349819
8203,0.347316,0.302054,0.349787
8204,0.347255,0.301987,0.349725
8205,0.347208,0.301935,0.349674
8206,0.347176,0.3019,0.349642
8207,0.34715,0.301872,0.34962
8208,0.347066,0.301779,0.34954
8209,0.347046,0.301757,0.349522
8210,0.347012,0.30172,0.349497
8211,0.34698,0.301685,0.349477
8212,0.34692,0.301618,0.34943
8213,0.346837,0.301527,0.349358
8214,0.346747,0.301428,0.34927
8215,0.346703,0.30138,0.349225
8216,0.346659,0.301331,0.349182
8217,0.346633,0.301303,0.349161
8218,0.346598,0.301264,0.349135
8219,0.346568,0.301231,0.349119
8220,0.346533,0.301193,0.349103
8221,0.346488,0.301143,0.349079
8222,0.34641,0.301057,0.349021
8223,0.346338,0.300978,0.348965
8224,0.346282,0.300917,0.348923
8225,0.346191,0.300816,0.348842
8226,0.346152,0.300774,0.348812
8227,0.34609,0.300705,0.34876
8228,0.346001,0.300607,0.348677
8229,0.345942,0.300543,0.34862
8230,0.345889,0.300484,0.348568
8231,0.345812,0.300399,0.348491
8232,0.345788,0.300373,0.348468
8233,0.345699,0.300275,0.34838
8234,0.345647,0.300218,0.348327
8235,0.345594,0.30016,0.348273
8236,0.345529,0.300088,0.348206
8237,0.345496,0.300051,0.348172
8238,0.345445,0.299995,0.348124
8239,0.345426,0.299975,0.348112
8240,0.345349,0.29989,0.348044
8241,0.345304,0.29984,0.348006
8242,0.345211,0.299739,0.34792
8243,0.345127,0.299645,0.347834
8244,0.345087,0.299602,0.347791
8245,0.345007,0.299514,0.347708
8246,0.344951,0.299452,0.347646
8247,0.344909,0.299406,0.347599
8248,0.344888,0.299383,0.347579
8249,0.344814,0.299301,0.347507
8250,0.344759,0.299241,0.347453
8251,0.344712,0.29919,0.347408
8252,0.344622,0.29909,0.347316
8253,0.344593,0.299059,0.347286
8254,0.344511,0.298968,0.347202
8255,0.344483,0.298938,0.347173
8256,0.344412,0.298859,0.347102
8257,0.344344,0.298784,0.34703
8258,0.344304,0.29874,0.346987
8259,0.344244,0.298674,0.346926
8260,0.344201,0.298627,0.346882
8261,0.344178,0.298602,0.346862
8262,0.344142,0.298562,0.346835
8263,0.344058,0.298469,0.346759
8264,0.343995,0.298401,0.346702
8265,0.343952,0.298353,0.346664
8266,0.343869,0.298262,0.346586
8267,0.343789,0.298174,0.346504
8268,0.343743,0.298124,0.346456
8269,0.343684,0.298058,0.346394
8270,0.343604,0.297971,0.34631
8271,0.343536,0.297896,0.346233
8272,0.34346,0.297812,0.346145
8273,0.343413,0.29776,0.346084
8274,0.343375,0.297719,0.346036
8275,0.343297,0.297633,0.345946
8276,0.343223,0.297551,0.345854
8277,0.343204,0.29753,0.34582
8278,0.343144,0.297464,0.345747
8279,0.343077,0.29739,0.345665
8280,0.343045,0.297355,0.345619
8281,0.343011,0.297319,0.345574
8282,0.342983,0.297287,0.345539
8283,0.34295,0.297252,0.345505
8284,0.342925,0.297223,0.345482
8285,0.342894,0.297189,0.345459
8286,0.342829,0.297118,0.345404
8287,0.342758,0.29704,0.345339
8288,0.342729,0.297009,0.345316
8289,0.342673,0.296947,0.345269
8290,0.342606,0.296872,0.345208
8291,0.342525,0.296783,0.345129
8292,0.342465,0.296717,0.345068
8293,0.342418,0.296666,0.34502
8294,0.342376,0.29662,0.344979
8295,0.342311,0.296548,0.344914
8296,0.342253,0.296484,0.344855
8297,0.342209,0.296436,0.344809
8298,0.342147,0.296368,0.344747
8299,0.342066,0.296279,0.344662
8300,0.342039,0.296249,0.344629
8301,0.34201,0.296217,0.3446
8302,0.341966,0.296169,0.34456
8303,0.341893,0.296089,0.344489
8304,0.341851,0.296043,0.344449
8305,0.341807,0.295994,0.344408
8306,0.341775,0.295959,0.344383
8307,0.341725,0.295904,0.344342
8308,0.341661,0.295833,0.344287
8309,0.341624,0.295792,0.344259
8310,0.341585,0.29575,0.344233
8311,0.341506,0.295663,0.344167
8312,0.341454,0.295605,0.344124
8313,0.34138,0.295525,0.344059
8314,0.341305,0.295441,0.343988
8315,0.341223,0.295352,0.343906
8316,0.341189,0.295314,0.34387
8317,0.341151,0.295272,0.343835
8318,0.341068,0.295181,0.343753
8319,0.341034,0.295144,0.34372
8320,0.34097,0.295073,0.343659
8321,0.340927,0.295025,0.343618
8322,0.340847,0.294938,0.34354
8323,0.340814,0.294902,0.343508
8324,0.340781,0.294865,0.343481
8325,0.340696,0.294772,0.343401
8326,0.340655,0.294726,0.343363
8327,0.340565,0.294628,0.343275
8328,0.340479,0.294533,0.343184
8329,0.340446,0.294497,0.343145
8330,0.340374,0.294418,0.343068
8331,0.34029,0.294325,0.342974
8332,0.34026,0.294292,0.342932
8333,0.340182,0.294207,0.342844
8334,0.340137,0.294157,0.342786
8335,0.34005,0.294062,0.342684
8336,0.340021,0.29403,0.342639
8337,0.339972,0.293975,0.342576
8338,0.339954,0.293955,0.342548
8339,0.339907,0.293904,0.342495
8340,0.33987,0.293863,0.342455
8341,0.339836,0.293826,0.342421
8342,0.339786,0.293771,0.342373
8343,0.339722,0.2937,0.34231
8344,0.339634,0.293603,0.342218
8345,0.339565,0.293528,0.34214
8346,0.339528,0.293487,0.342093
8347,0.339486,0.29344,0.342043
8348,0.339424,0.293373,0.341975
8349,0.339375,0.293318,0.341916
8350,0.339287,0.293222,0.341817
8351,0.33926,0.293193,0.341776
8352,0.339238,0.293168,0.341745
8353,0.339213,0.293141,0.341718
8354,0.339195,0.29312,0.341702
8355,0.339145,0.293066,0.341659
8356,0.339111,0.293028,0.341633
8357,0.339064,0.292977,0.341597
8358,0.339002,0.292908,0.341544
8359,0.338922,0.292821,0.341471
8360,0.338849,0.29274,0.341398
8361,0.338789,0.292674,0.341337
8362,0.338767,0.29265,0.341314
8363,0.33874,0.29262,0.341292
8364,0.338701,0.292577,0.341263
8365,0.33866,0.292532,0.341234
8366,0.338605,0.292471,0.341191
8367,0.338562,0.292425,0.341162
8368,0.338487,0.292342,0.3411
8369,0.338417,0.292264,0.341038
8370,0.338328,0.292167,0.340953
8371,0.338259,0.292091,0.340882
8372,0.338232,0.292061,0.340854
8373,0.338186,0.292011,0.340811
8374,0.338114,0.291931,0.34074
8375,0.338033,0.291843,0.340657
8376,0.338001,0.291807,0.34062
8377,0.337959,0.291761,0.340578
8378,0.33789,0.291685,0.340507
8379,0.337848,0.291639,0.340464
8380,0.337818,0.291605,0.340435
8381,0.337795,0.291581,0.34042
8382,0.337729,0.291508,0.340363
8383,0.337666,0.291439,0.340309
8384,0.337613,0.291381,0.340262
8385,0.337525,0.291284,0.340177
8386,0.337498,0.291254,0.340153
8387,0.337407,0.291153,0.340062
8388,0.337386,0.29113,0.340042
8389,0.33736,0.291102,0.340024
8390,0.337269,0.291002,0.339939
8391,0.337203,0.29093,0.339876
8392,0.337146,0.290867,0.339819
8393,0.337098,0.290814,0.339771
8394,0.337073,0.290786,0.33975
8395,0.336985,0.29069,0.339667
8396,0.336943,0.290644,0.339627
8397,0.336861,0.290553,0.339545
8398,0.336815,0.290502,0.339497
8399,0.336771,0.290454,0.339454
8400,0.336688,0.290362,0.339369
8401,0.336642,0.290312,0.33932
8402,0.336561,0.290224,0.339234
8403,0.336482,0.290136,0.339143
8404,0.336408,0.290055,0.339053
8405,0.336345,0.289986,0.338972
8406,0.336298,0.289933,0.338905
8407,0.336234,0.289864,0.338821
8408,0.33621,0.289837,0.338777
8409,0.336178,0.289802,0.338731
8410,0.336155,0.289777,0.338699
8411,0.336091,0.289706,0.338626
8412,0.336027,0.289635,0.338551
8413,0.336,0.289606,0.338514
8414,0.335977,0.289581,0.338486
8415,0.335956,0.289558,0.338465
8416,0.335883,0.289478,0.338394
8417,0.335845,0.289435,0.338356
8418,0.335753,0.289334,0.338261
8419,0.335703,0.28928,0.338204
8420,0.335638,0.289208,0.33813
8421,0.335585,0.289149,0.338066
8422,0.33554,0.2891,0.33801
8423,0.335521,0.289079,0.337983
8424,0.335492,0.289047,0.337951
8425,0.335468,0.28902,0.337929
8426,0.335425,0.288973,0.337892
8427,0.335384,0.288929,0.337858
8428,0.335357,0.288899,0.33784
8429,0.335321,0.28886,0.337819
8430,0.335243,0.288774,0.337754
8431,0.335185,0.28871,0.337704
8432,0.335121,0.288639,0.337647
8433,0.335087,0.288602,0.337621
8434,0.335055,0.288567,0.3376
8435,0.334991,0.288496,0.337548
8436,0.334953,0.288455,0.337522
8437,0.334873,0.288367,0.337453
8438,0.334807,0.288294,0.337394
8439,0.33478,0.288264,0.337375
8440,0.334708,0.288184,0.33731
8441,0.334642,0.288113,0.33725
8442,0.334575,0.288038,0.337185
8443,0.334503,0.287959,0.337112
8444,0.334473,0.287926,0.337081
8445,0.334436,0.287886,0.337048
8446,0.334349,0.28779,0.336963
8447,0.334325,0.287764,0.336939
8448,0.334286,0.28772,0.336905
8449,0.334255,0.287687,0.336884
8450,0.334188,0.287613,0.336827
8451,0.334105,0.287522,0.33675
8452,0.334051,0.287463,0.336699
8453,0.334017,0.287424,0.336668
8454,0.333929,0.287328,0.336584
8455,0.333873,0.287267,0.336528
8456,0.333784,0.287169,0.336435
8457,0.333744,0.287125,0.336388
8458,0.333697,0.287072,0.336335
8459,0.333633,0.287003,0.336267
8460,0.333544,0.286905,0.336168
8461,0.33352,0.286878,0.336132
8462,0.333499,0.286855,0.336106
8463,0.333445,0.286796,0.33605
8464,0.333375,0.286719,0.335977
8465,0.333333,0.286672,0.335929
8466,0.333306,0.286643,0.335902
8467,0.33328,0.286615,0.33588
8468,0.333243,0.286573,0.335851
8469,0.333218,0.286546,0.335839
8470,0.333131,0.28645,0.335764
8471,0.333091,0.286407,0.335735
8472,0.333046,0.286356,0.335702
8473,0.332983,0.286288,0.335652
8474,0.332953,0.286254,0.335636
8475,0.33291,0.286207,0.335611
8476,0.332842,0.286132,0.335561
8477,0.332785,0.286069,0.335521
8478,0.332692,0.285967,0.335441
8479,0.332671,0.285944,0.335433
8480,0.332633,0.285903,0.335414
8481,0.332548,0.285809,0.335346
8482,0.33251,0.285767,0.335325
8483,0.332423,0.285672,0.335254
8484,0.33236,0.285602,0.335204
8485,0.332272,0.285506,0.335126
8486,0.332181,0.285405,0.335037
8487,0.3321,0.285317,0.334954
8488,0.33206,0.285272,0.33491
8489,0.332027,0.285235,0.334878
8490,0.331993,0.285199,0.334851
8491,0.33191,0.285107,0.334774
8492,0.331846,0.285037,0.334713
8493,0.3318,0.284986,0.33467
8494,0.331711,0.284888,0.334584
8495,0.331666,0.284839,0.334539
8496,0.331592,0.284757,0.334465
8497,0.331517,0.284675,0.334387
8498,0.331449,0.2846,0.334313
8499,0.331423,0.284571,0.334283
8500,0.331397,0.284543,0.33426
8501,0.331342,0.284482,0.334211
8502,0.331254,0.284386,0.334127
8503,0.331171,0.284294,0.334042
8504,0.331138,0.284258,0.334007
8505,0.331077,0.284191,0.333947
8506,0.331013,0.28412,0.333882
8507,0.330954,0.284056,0.333822
8508,0.330905,0.284001,0.333772
8509,0.330851,0.283942,0.333719
8510,0.330778,0.283862,0.333646
8511,0.330757,0.283839,0.333626
8512,0.330711,0.283788,0.333586
8513,0.330624,0.283692,0.333504
8514,0.330592,0.283657,0.333477
8515,0.33054,0.2836,0.333434
8516,0.330488,0.283542,0.333391
8517,0.33045,0.283501,0.333365
8518,0.330377,0.283421,0.333306
8519,0.330302,0.283339,0.333241
8520,0.330244,0.283274,0.333192
8521,0.330181,0.283205,0.333137
8522,0.330135,0.283155,0.333102
8523,0.330061,0.283074,0.333038
8524,0.330002,0.283008,0.332988
8525,0.329934,0.282933,0.332928
8526,0.329841,0.282832,0.33284
8527,0.329751,0.282732,0.332748
8528,0.32966,0.282632,0.332649
8529,0.329634,0.282603,0.332615
8530,0.329557,0.282519,0.332532
8531,0.329485,0.28244,0.332451
8532,0.329455,0.282407,0.332414
8533,0.329393,0.282338,0.332347
8534,0.329361,0.282303,0.332312
8535,0.329317,0.282254,0.33227
8536,0.329229,0.282159,0.332183
8537,0.329151,0.282072,0.3321
8538,0.329104,0.28202,0.332048
8539,0.329041,0.281951,0.331981
8540,0.328958,0.28186,0.331891
8541,0.328901,0.281798,0.331825
8542,0.328877,0.281771,0.331794
8543,0.328815,0.281703,0.331729
8544,0.328759,0.281641,0.33167
8545,0.328698,0.281574,0.331606
8546,0.328622,0.28149,0.331524
8547,0.328601,0.281468,0.331499
8548,0.328557,0.281418,0.331455
8549,0.328472,0.281325,0.33137
8550,0.328432,0.281281,0.331329
8551,0.328393,0.281238,0.331292
8552,0.328331,0.28117,0.331234
8553,0.328283,0.281118,0.331191
8554,0.328255,0.281086,0.33117
8555,0.328179,0.281003,0.331105
8556,0.328087,0.280902,0.331017
8557,0.328013,0.280821,0.330943
8558,0.327982,0.280786,0.330912
8559,0.327954,0.280755,0.330891
8560,0.327872,0.280665,0.330816
8561,0.327784,0.280568,0.33073
8562,0.327696,0.280472,0.330639
8563,0.32763,0.280399,0.330565
8564,0.327557,0.280319,0.330482
8565,0.327533,0.280292,0.330449
8566,0.327463,0.280216,0.330373
8567,0.327427,0.280176,0.330332
8568,0.327361,0.280103,0.330262
8569,0.327298,0.280033,0.330193
8570,0.32722,0.279949,0.330107
8571,0.327182,0.279906,0.33006
8572,0.327128,0.279847,0.33
8573,0.327074,0.279788,0.32994
8574,0.326999,0.279705,0.329857
8575,0.326944,0.279644,0.329792
8576,0.326869,0.279562,0.329706
8577,0.326846,0.279537,0.329673
8578,0.326816,0.279504,0.329638
8579,0.326783,0.279467,0.329605
8580,0.326755,0.279437,0.329583
8581,0.326734,0.279413,0.329573
8582,0.326654,0.279325,0.329506
8583,0.326575,0.279239,0.329436
8584,0.32651,0.279168,0.329376
8585,0.326448,0.279098,0.329318
8586,0.32639,0.279035,0.329263
8587,0.326303,0.27894,0.329176
8588,0.326233,0.278862,0.329102
8589,0.32618,0.278804,0.329043
8590,0.326123,0.278741,0.328981
8591,0.326084,0.278699,0.328939
8592,0.325992,0.278597,0.328841
8593,0.325949,0.27855,0.32879
8594,0.325875,0.278468,0.328707
8595,0.325851,0.278442,0.328676
8596,0.325783,0.278368,0.328603
8597,0.325699,0.278275,0.328508
8598,0.325648,0.278218,0.328445
8599,0.325613,0.27818,0.3284
8600,0.325593,0.278159,0.328376
8601,0.325513,0.27807,0.328291
8602,0.325445,0.277995,0.328215
8603,0.325384,0.277928,0.328144
8604,0.325345,0.277885,0.328095
8605,0.325265,0.277798,0.328005
8606,0.325227,0.277756,0.327955
8607,0.325206,0.277732,0.327926
8608,0.325179,0.277703,0.327898
8609,0.325099,0.277615,0.327816
8610,0.325045,0.277555,0.327757
8611,0.325018,0.277526,0.327728
8612,0.324983,0.277488,0.327695
8613,0.324953,0.277455,0.327671
8614,0.324935,0.277434,0.327665
8615,0.324888,0.277383,0.327634
8616,0.324845,0.277336,0.32761
8617,0.324753,0.277234,0.327533
8618,0.324723,0.277201,0.327517
8619,0.324648,0.277119,0.327458
8620,0.32457,0.277033,0.327391
8621,0.324515,0.276973,0.327345
8622,0.324447,0.276898,0.327285
8623,0.324364,0.276806,0.327206
8624,0.324328,0.276767,0.327173
8625,0.324263,0.276696,0.327113
8626,0.324221,0.27665,0.327076
8627,0.32414,0.27656,0.327
8628,0.3241,0.276516,0.326962
8629,0.324058,0.276469,0.326927
8630,0.323987,0.276392,0.326863
8631,0.323935,0.276335,0.326817
8632,0.323868,0.276261,0.326756
8633,0.323807,0.276193,0.326698
8634,0.323749,0.27613,0.326644
8635,0.323706,0.276083,0.326606
8636,0.323671,0.276044,0.326579
8637,0.323584,0.275949,0.326501
8638,0.323548,0.275909,0.326472
8639,0.323465,0.275818,0.326396
8640,0.32342,0.275768,0.326357
8641,0.32334,0.27568,0.326282
8642,0.323267,0.2756,0.326211
8643,0.323176,0.2755,0.326117
8644,0.323111,0.275428,0.326045
8645,0.323071,0.275384,0.325999
8646,0.323001,0.275307,0.325923
8647,0.322928,0.275227,0.325841
8648,0.3229,0.275196,0.325806
8649,0.322856,0.275148,0.325759
8650,0.322798,0.275083,0.325699
8651,0.322768,0.275051,0.32567
8652,0.322739,0.27502,0.325648
8653,0.322703,0.274979,0.325622
8654,0.322623,0.274892,0.325554
8655,0.322557,0.274818,0.325496
8656,0.322483,0.274737,0.325428
8657,0.322414,0.274662,0.325363
8658,0.322342,0.274582,0.325291
8659,0.322274,0.274507,0.325222
8660,0.3222,0.274427,0.325145
8661,0.32216,0.274382,0.3251
8662,0.322134,0.274354,0.325076
8663,0.322068,0.274281,0.325013
8664,0.322024,0.274233,0.324973
8665,0.321954,0.274156,0.324907
8666,0.321881,0.274076,0.324836
8667,0.321856,0.274048,0.324814
8668,0.321786,0.273971,0.32475
8669,0.321713,0.273891,0.32468
8670,0.321631,0.2738,0.324597
8671,0.321603,0.27377,0.324569
8672,0.321538,0.273697,0.324505
8673,0.321461,0.273613,0.324428
8674,0.321403,0.273549,0.324367
8675,0.32134,0.27348,0.324302
8676,0.32126,0.273392,0.324217
8677,0.321169,0.273292,0.324114
8678,0.32114,0.27326,0.324074
8679,0.321119,0.273237,0.324048
8680,0.321048,0.273159,0.323974
8681,0.321023,0.273131,0.323947
8682,0.320997,0.273102,0.323926
8683,0.32092,0.273018,0.323855
8684,0.320868,0.272961,0.323808
8685,0.32079,0.272876,0.323734
8686,0.320711,0.272788,0.323654
8687,0.320653,0.272724,0.323593
8688,0.320573,0.272637,0.323507
8689,0.320506,0.272562,0.323431
8690,0.320473,0.272526,0.323391
8691,0.320425,0.272474,0.323339
8692,0.320395,0.272441,0.323308
8693,0.320357,0.272399,0.323274
8694,0.320313,0.27235,0.323237
8695,0.320261,0.272293,0.323193
8696,0.320221,0.272249,0.323164
8697,0.320174,0.272198,0.323132
8698,0.320103,0.27212,0.323075
8699,0.32005,0.272061,0.323035
8700,0.319962,0.271964,0.322958
8701,0.319911,0.271908,0.322916
8702,0.319847,0.271838,0.322861
8703,0.319765,0.271747,0.322785
8704,0.3197,0.271676,0.322725
8705,0.319638,0.271608,0.322665
8706,0.319551,0.271513,0.322579
8707,0.319464,0.271416,0.322486
8708,0.319427,0.271376,0.322443
8709,0.319381,0.271325,0.322394
8710,0.31935,0.271291,0.322364
8711,0.319278,0.271212,0.322296
8712,0.319232,0.271161,0.322252
8713,0.319157,0.271078,0.322179
8714,0.319101,0.271017,0.322125
8715,0.319041,0.270951,0.322066
8716,0.318977,0.27088,0.322003
8717,0.318941,0.270842,0.321971
8718,0.318861,0.270754,0.321894
8719,0.318784,0.270668,0.321815
8720,0.318753,0.270634,0.321784
8721,0.318689,0.270564,0.321723
8722,0.318629,0.270498,0.321665
8723,0.318547,0.270408,0.321583
8724,0.318506,0.270363,0.321542
8725,0.318482,0.270337,0.321522
8726,0.31842,0.270268,0.321467
8727,0.318381,0.270225,0.321438
8728,0.318296,0.270132,0.321363
8729,0.318207,0.270034,0.321277
8730,0.318124,0.269943,0.321194
8731,0.318071,0.269884,0.321138
8732,0.317984,0.269788,0.321045
8733,0.317959,0.269761,0.321016
8734,0.317895,0.269691,0.320951
8735,0.317837,0.269627,0.320892
8736,0.317764,0.269547,0.320816
8737,0.317679,0.269454,0.320724
8738,0.317616,0.269384,0.320651
8739,0.317569,0.269332,0.320595
8740,0.31755,0.269312,0.320572
8741,0.317488,0.269243,0.32051
8742,0.317402,0.269148,0.320419
8743,0.317337,0.269076,0.320347
8744,0.317292,0.269027,0.320296
8745,0.317246,0.268976,0.320245
8746,0.317173,0.268897,0.320168
8747,0.317131,0.26885,0.320121
8748,0.317091,0.268806,0.32008
8749,0.317043,0.268754,0.320034
8750,0.316957,0.268659,0.319947
8751,0.316925,0.268624,0.319914
8752,0.316879,0.268573,0.319871
8753,0.316832,0.268521,0.319829
8754,0.316778,0.268462,0.319782
8755,0.316688,0.268363,0.319696
8756,0.31663,0.268299,0.319639
8757,0.316559,0.268222,0.319568
8758,0.316515,0.268172,0.319523
8759,0.316468,0.268121,0.319478
8760,0.316383,0.268028,0.319394
8761,0.316344,0.267985,0.319355
8762,0.316276,0.26791,0.319287
8763,0.316222,0.26785,0.319233
8764,0.316168,0.267791,0.319181
8765,0.316095,0.267711,0.319108
8766,0.316059,0.267671,0.319072
8767,0.315967,0.26757,0.318979
8768,0.315938,0.267538,0.318949
8769,0.315892,0.267487,0.318906
8770,0.315802,0.267388,0.318817
8771,0.315746,0.267327,0.31876
8772,0.315723,0.267302,0.318739
8773,0.315631,0.2672,0.318649
8774,0.315544,0.267104,0.318557
8775,0.315523,0.267082,0.318533
8776,0.315495,0.267051,0.318508
8777,0.315459,0.267011,0.318481
8778,0.315371,0.266914,0.3184
8779,0.315282,0.266816,0.318312
8780,0.315206,0.266733,0.318234
8781,0.315122,0.26664,0.318142
8782,0.31507,0.266583,0.318081
8783,0.314983,0.266487,0.317981
8784,0.314953,0.266454,0.317939
8785,0.314897,0.266393,0.317874
8786,0.314855,0.266346,0.317824
8787,0.314802,0.266288,0.317764
8788,0.31475,0.266231,0.317707
8789,0.314722,0.2662,0.317677
8790,0.314683,0.266157,0.31764
8791,0.314608,0.266075,0.317567
8792,0.314519,0.265977,0.317475
8793,0.314429,0.265878,0.317376
8794,0.314351,0.265792,0.317282
8795,0.31431,0.265747,0.317225
8796,0.314273,0.265707,0.317176
8797,0.314236,0.265666,0.31713
8798,0.31415,0.265571,0.317033
8799,0.314088,0.265503,0.316956
8800,0.314042,0.265452,0.316895
8801,0.314018,0.265426,0.31686
8802,0.313984,0.265388,0.316819
8803,0.313953,0.265355,0.316787
8804,0.31387,0.265263,0.316701
8805,0.31385,0.265241,0.316677
8806,0.313762,0.265144,0.316586
8807,0.313705,0.265081,0.316523
8808,0.313645,0.265015,0.316455
8809,0.313606,0.264973,0.316409
8810,0.31358,0.264944,0.31638
8811,0.313561,0.264923,0.316364
8812,0.313499,0.264855,0.316307
8813,0.313447,0.264798,0.31626
8814,0.313396,0.264742,0.316214
8815,0.313364,0.264707,0.316189
8816,0.313306,0.264643,0.31614
8817,0.313216,0.264544,0.316055
8818,0.313143,0.264463,0.315982
8819,0.313095,0.264411,0.315932
8820,0.313056,0.264367,0.315894
8821,0.312977,0.264281,0.315814
8822,0.312887,0.264182,0.315718
8823,0.312867,0.26416,0.315691
8824,0.312823,0.264112,0.315645
8825,0.312796,0.264082,0.315618
8826,0.312708,0.263985,0.31553
8827,0.312675,0.263949,0.315496
8828,0.312616,0.263884,0.315437
8829,0.312532,0.263791,0.315349
8830,0.312507,0.263764,0.315321
8831,0.312457,0.263709,0.315271
8832,0.31237,0.263613,0.31518
8833,0.312294,0.26353,0.315095
8834,0.312262,0.263494,0.315053
8835,0.312224,0.263452,0.315009
8836,0.312169,0.263392,0.314949
8837,0.312134,0.263354,0.314911
8838,0.312106,0.263322,0.314883
8839,0.31208,0.263294,0.314863
8840,0.311991,0.263197,0.314779
8841,0.311915,0.263113,0.314702
8842,0.311871,0.263064,0.314655
8843,0.311792,0.262977,0.314572
8844,0.311757,0.262938,0.314531
8845,0.311714,0.262891,0.314486
8846,0.311685,0.26286,0.314458
8847,0.311606,0.262772,0.314379
8848,0.311576,0.262739,0.314349
8849,0.31155,0.262711,0.314328
8850,0.311465,0.262618,0.314247
8851,0.311374,0.262517,0.314153
8852,0.311325,0.262464,0.314098
8853,0.311276,0.26241,0.314043
8854,0.311247,0.262378,0.314011
8855,0.311185,0.26231,0.313948
8856,0.311151,0.262273,0.313913
8857,0.311131,0.26225,0.313897
8858,0.311097,0.262213,0.313872
8859,0.311053,0.262165,0.31384
8860,0.310967,0.26207,0.313764
8861,0.31094,0.26204,0.313746
8862,0.310913,0.262011,0.313733
8863,0.310857,0.261949,0.313694
8864,0.310767,0.26185,0.313617
8865,0.310692,0.261767,0.313549
8866,0.31062,0.261688,0.313482
8867,0.310598,0.261664,0.313466
8868,0.310527,0.261585,0.313401
8869,0.310486,0.261541,0.313368
8870,0.310436,0.261486,0.313328
8871,0.31036,0.261402,0.313259
8872,0.310301,0.261337,0.313206
8873,0.310275,0.261309,0.313188
8874,0.310201,0.261227,0.313123
8875,0.310124,0.261143,0.313052
8876,0.310064,0.261076,0.312995
8877,0.30998,0.260984,0.312911
8878,0.309928,0.260927,0.312858
8879,0.309845,0.260836,0.31277
8880,0.309788,0.260772,0.312705
8881,0.309757,0.260738,0.312669
8882,0.309713,0.26069,0.312624
8883,0.30963,0.260599,0.312538
8884,0.309554,0.260516,0.312454
8885,0.309522,0.260481,0.312415
8886,0.309476,0.26043,0.312364
8887,0.309457,0.260408,0.312344
8888,0.309426,0.260374,0.312319
8889,0.309336,0.260275,0.312233
8890,0.309284,0.260219,0.312183
8891,0.309195,0.260121,0.312093
8892,0.309151,0.260072,0.312044
8893,0.30911,0.260027,0.312002
8894,0.309058,0.25997,0.311951
8895,0.308973,0.259876,0.311863
8896,0.308939,0.259839,0.311826
8897,0.308913,0.259811,0.311802
8898,0.30888,0.259774,0.311775
8899,0.308794,0.25968,0.311694
8900,0.308758,0.25964,0.311663
8901,0.308707,0.259584,0.311619
8902,0.308645,0.259515,0.311563
8903,0.308602,0.259468,0.311527
8904,0.308533,0.259392,0.311465
8905,0.308442,0.259293,0.311377
8906,0.308367,0.259209,0.311299
8907,0.308337,0.259176,0.311267
8908,0.308271,0.259104,0.3112
8909,0.308251,0.259082,0.311182
8910,0.308224,0.259052,0.311163
8911,0.308147,0.258968,0.311095
8912,0.30807,0.258884,0.311023
8913,0.307981,0.258785,0.310934
8914,0.30791,0.258708,0.310858
8915,0.307852,0.258643,0.310793
8916,0.307814,0.258602,0.31075
8917,0.30776,0.258542,0.310692
8918,0.307699,0.258475,0.310628
8919,0.307609,0.258376,0.31053
8920,0.307557,0.258319,0.310467
8921,0.307482,0.258236,0.310379
8922,0.307461,0.258213,0.310346
8923,0.307371,0.258114,0.310245
8924,0.307335,0.258074,0.310194
8925,0.307282,0.258016,0.31013
8926,0.307259,0.257991,0.310098
8927,0.307229,0.257958,0.310063
8928,0.307187,0.257912,0.31002
8929,0.307122,0.25784,0.309954
8930,0.307069,0.257783,0.309899
8931,0.307051,0.257762,0.309881
8932,0.307006,0.257713,0.309843
8933,0.306934,0.257633,0.309774
8934,0.306907,0.257604,0.309753
8935,0.306851,0.257542,0.309704
8936,0.306811,0.257499,0.309673
8937,0.306746,0.257427,0.309617
8938,0.306705,0.257382,0.309584
8939,0.306679,0.257353,0.309572
8940,0.306631,0.2573,0.30954
8941,0.306583,0.257247,0.309511
8942,0.306508,0.257165,0.309454
8943,0.306424,0.257073,0.309382
8944,0.306402,0.257048,0.309373
8945,0.30636,0.257002,0.30935
8946,0.306272,0.256906,0.309279
8947,0.306241,0.256871,0.309265
8948,0.306185,0.256809,0.309228
8949,0.306113,0.256731,0.309175
8950,0.306021,0.256629,0.309097
8951,0.305937,0.256537,0.309021
8952,0.305911,0.256508,0.309005
8953,0.305856,0.256448,0.308963
8954,0.305774,0.256357,0.308892
8955,0.305688,0.256262,0.308813
8956,0.305609,0.256176,0.308737
8957,0.305577,0.25614,0.308708
8958,0.305484,0.256039,0.308619
8959,0.305403,0.255949,0.308535
8960,0.305376,0.25592,0.308507
8961,0.305304,0.25584,0.308436
8962,0.305272,0.255805,0.308406
8963,0.305202,0.255728,0.30834
8964,0.305119,0.255637,0.308257
8965,0.305028,0.255537,0.308162
8966,0.304968,0.255471,0.308094
8967,0.304882,0.255376,0.307998
8968,0.304798,0.255284,0.307898
8969,0.304758,0.25524,0.307842
8970,0.304734,0.255214,0.307807
8971,0.304706,0.255183,0.307773
8972,0.304634,0.255104,0.307697
8973,0.304598,0.255064,0.307658
8974,0.304514,0.254972,0.30757
8975,0.304481,0.254935,0.307533
8976,0.304426,0.254874,0.307476
8977,0.304377,0.254821,0.307427
8978,0.304327,0.254766,0.307377
8979,0.304239,0.254669,0.307288
8980,0.304221,0.254649,0.307269
8981,0.304128,0.254547,0.307175
8982,0.304062,0.254475,0.307105
8983,0.303998,0.254404,0.307034
8984,0.303916,0.254313,0.306942
8985,0.303893,0.254288,0.30691
8986,0.303829,0.254218,0.306839
8987,0.303775,0.254159,0.306779
8988,0.303698,0.254073,0.306692
8989,0.30362,0.253988,0.306601
8990,0.30358,0.253944,0.306546
8991,0.303541,0.253902,0.306497
8992,0.303499,0.253855,0.306446
8993,0.303449,0.2538,0.306389
8994,0.303403,0.253749,0.306337
8995,0.303333,0.253673,0.30626
8996,0.303295,0.253631,0.306215
8997,0.303227,0.253556,0.306141
8998,0.303202,0.253528,0.306111
8999,0.303184,0.253508,0.306093
9000,0.303135,0.253455,0.306049
9001,0.303069,0.253382,0.305987
9002,0.303018,0.253326,0.305939
9003,0.302939,0.253239,0.305861
9004,0.302866,0.253159,0.305785
9005,0.302826,0.253115,0.305742
9006,0.302782,0.253067,0.305696
9007,0.302755,0.253037,0.305671
9008,0.302685,0.25296,0.305605
9009,0.302638,0.252908,0.305561
9010,0.302564,0.252827,0.305487
9011,0.302536,0.252796,0.305462
9012,0.302517,0.252775,0.305451
9013,0.302426,0.252674,0.305366
9014,0.302348,0.252589,0.30529
9015,0.302264,0.252496,0.305203
9016,0.302244,0.252474,0.30518
9017,0.302181,0.252405,0.305117
9018,0.302143,0.252363,0.305079
9019,0.302053,0.252264,0.304988
9020,0.302021,0.252229,0.304954
9021,0.301984,0.252189,0.304918
9022,0.301893,0.252089,0.304827
9023,0.301838,0.252028,0.304767
9024,0.301782,0.251966,0.304707
9025,0.301738,0.251918,0.304659
9026,0.301705,0.251882,0.304626
9027,0.301622,0.251791,0.304541
9028,0.301596,0.251762,0.304514
9029,0.301567,0.25173,0.304488
9030,0.301487,0.251641,0.304411
9031,0.301408,0.251555,0.30433
9032,0.301375,0.251518,0.304295
9033,0.301328,0.251467,0.30425
9034,0.301298,0.251434,0.304224
9035,0.301262,0.251394,0.304195
9036,0.301189,0.251314,0.30413
9037,0.301131,0.251251,0.304078
9038,0.301111,0.251228,0.304067
9039,0.301024,0.251132,0.303989
9040,0.300932,0.251031,0.3039
9041,0.300868,0.250961,0.303834
9042,0.300847,0.250938,0.303814
9043,0.300776,0.25086,0.303745
9044,0.30072,0.250798,0.303691
9045,0.300699,0.250775,0.303674
9046,0.300622,0.25069,0.303602
9047,0.300564,0.250627,0.303547
9048,0.300512,0.25057,0.303499
9049,0.300422,0.25047,0.303409
9050,0.300361,0.250403,0.303344
9051,0.300327,0.250366,0.303308
9052,0.300234,0.250264,0.303212
9053,0.300189,0.250214,0.30316
9054,0.300125,0.250143,0.303089
9055,0.300098,0.250114,0.303058
9056,0.300056,0.250068,0.303016
9057,0.30002,0.250028,0.302982
9058,0.299948,0.249949,0.302912
9059,0.299894,0.249889,0.302859
9060,0.299846,0.249837,0.302813
9061,0.299755,0.249737,0.302721
9062,0.299672,0.249645,0.30263
9063,0.299633,0.249602,0.302583
9064,0.299573,0.249537,0.302515
9065,0.299551,0.249512,0.302488
9066,0.299503,0.24946,0.302438
9067,0.299442,0.249392,0.302376
9068,0.299421,0.24937,0.302356
9069,0.299392,0.249337,0.302332
9070,0.299364,0.249306,0.302316
9071,0.299272,0.249206,0.302234
9072,0.299209,0.249136,0.302177
9073,0.299149,0.24907,0.302122
9074,0.299106,0.249023,0.302084
9075,0.299015,0.248923,0.301997
9076,0.298983,0.248887,0.301966
9077,0.298901,0.248797,0.301886
9078,0.29886,0.248753,0.301846
9079,0.298779,0.248663,0.301764
9080,0.298756,0.248638,0.301741
9081,0.29868,0.248554,0.301666
9082,0.298596,0.248462,0.301579
9083,0.298576,0.248439,0.301555
9084,0.298552,0.248413,0.301535
9085,0.298482,0.248337,0.30147
9086,0.298438,0.248288,0.30143
9087,0.298401,0.248247,0.3014
9088,0.29833,0.248169,0.301337
9089,0.298241,0.248071,0.301251
9090,0.298167,0.24799,0.301175
9091,0.298079,0.247893,0.301079
9092,0.298048,0.247859,0.301041
9093,0.298018,0.247826,0.301008
9094,0.297982,0.247786,0.300973
9095,0.297929,0.247728,0.300924
9096,0.297904,0.2477,0.300905
9097,0.297836,0.247626,0.300845
9098,0.297813,0.247601,0.300833
9099,0.297763,0.247545,0.300796
9100,0.297682,0.247456,0.300727
9101,0.297643,0.247414,0.3007
9102,0.29757,0.247333,0.300638
9103,0.297519,0.247277,0.300598
9104,0.297485,0.247239,0.300577
9105,0.297399,0.247145,0.300505
9106,0.297338,0.247078,0.300454
9107,0.297258,0.24699,0.300382
9108,0.297174,0.246898,0.300302
9109,0.297097,0.246812,0.300224
9110,0.297022,0.24673,0.300144
9111,0.296942,0.246643,0.300057
9112,0.296873,0.246567,0.299977
9113,0.296816,0.246504,0.299908
9114,0.296746,0.246427,0.299824
9115,0.296683,0.246357,0.299745
9116,0.296593,0.246258,0.299636
9117,0.296555,0.246216,0.299577
9118,0.296511,0.246168,0.299514
9119,0.296482,0.246136,0.29947
9120,0.296445,0.246095,0.299421
9121,0.296424,0.246072,0.299393
9122,0.2964,0.246046,0.299368
9123,0.29638,0.246024,0.299354
9124,0.296305,0.245942,0.299285
9125,0.296266,0.245899,0.299252
9126,0.29623,0.24586,0.299226
9127,0.296144,0.245765,0.299147
9128,0.296094,0.24571,0.299103
9129,0.296011,0.245618,0.299023
9130,0.295955,0.245557,0.298968
9131,0.295895,0.24549,0.298908
9132,0.295852,0.245443,0.298866
9133,0.295782,0.245366,0.298797
9134,0.295752,0.245333,0.298768
9135,0.295693,0.245269,0.298713
9136,0.295657,0.245229,0.298682
9137,0.295573,0.245136,0.298602
9138,0.29552,0.245078,0.298551
9139,0.295463,0.245015,0.298496
9140,0.295437,0.244987,0.298475
9141,0.295346,0.244887,0.298388
9142,0.295302,0.244838,0.298346
9143,0.295273,0.244807,0.298323
9144,0.295233,0.244762,0.298293
9145,0.29515,0.244672,0.298219
9146,0.295059,0.244571,0.29813
9147,0.295016,0.244523,0.298088
9148,0.294974,0.244478,0.29805
9149,0.294937,0.244437,0.29802
9150,0.294895,0.24439,0.297988
9151,0.294825,0.244314,0.297928
9152,0.294734,0.244214,0.297843
9153,0.294665,0.244137,0.297776
9154,0.294608,0.244075,0.297719
9155,0.294532,0.243992,0.297643
9156,0.294494,0.243949,0.297603
9157,0.294418,0.243866,0.297526
9158,0.294376,0.24382,0.297483
9159,0.294332,0.243771,0.29744
9160,0.294255,0.243686,0.297363
9161,0.294234,0.243664,0.297345
9162,0.294159,0.243581,0.297273
9163,0.294079,0.243493,0.297192
9164,0.294038,0.243448,0.29715
9165,0.294006,0.243412,0.297121
9166,0.293963,0.243365,0.297084
9167,0.293875,0.243268,0.297001
9168,0.293793,0.243178,0.296919
9169,0.29374,0.24312,0.296864
9170,0.293689,0.243064,0.296812
9171,0.293598,0.242964,0.296717
9172,0.29356,0.242922,0.296674
9173,0.293502,0.242858,0.296612
9174,0.293423,0.242771,0.296527
9175,0.293354,0.242695,0.296449
9176,0.293296,0.242632,0.296381
9177,0.293242,0.242572,0.296315
9178,0.293201,0.242527,0.296266
9179,0.293118,0.242436,0.296172
9180,0.2931,0.242416,0.296144
9181,0.293069,0.242382,0.296109
9182,0.293037,0.242347,0.296078
9183,0.293002,0.242308,0.296047
9184,0.292924,0.242223,0.295973
9185,0.292866,0.242158,0.295916
9186,0.292809,0.242096,0.29586
9187,0.292719,0.241997,0.295768
9188,0.292669,0.241942,0.295713
9189,0.292609,0.241876,0.295647
9190,0.29253,0.241789,0.295561
9191,0.292505,0.241761,0.295529
9192,0.292483,0.241737,0.295505
9193,0.292421,0.24167,0.295444
9194,0.292353,0.241594,0.295374
9195,0.292318,0.241556,0.295339
9196,0.29225,0.241481,0.295271
9197,0.292159,0.241381,0.295175
9198,0.292119,0.241337,0.295127
9199,0.292067,0.241279,0.29507
9200,0.291978,0.241182,0.294972
9201,0.291945,0.241146,0.29493
9202,0.291882,0.241076,0.294857
9203,0.291847,0.241037,0.294813
9204,0.291788,0.240973,0.294747
9205,0.291747,0.240928,0.294699
9206,0.291669,0.240842,0.294613
9207,0.291646,0.240817,0.294582
9208,0.291587,0.240752,0.294518
9209,0.291546,0.240707,0.294471
9210,0.291471,0.240624,0.294389
9211,0.291438,0.240588,0.29435
9212,0.291397,0.240543,0.294305
9213,0.291327,0.240466,0.29423
9214,0.291293,0.240428,0.29419
9215,0.291214,0.240342,0.294106
9216,0.291188,0.240313,0.294074
9217,0.291108,0.240224,0.293987
9218,0.291041,0.240152,0.29391
9219,0.29102,0.240128,0.293879
9220,0.29096,0.240063,0.293812
9221,0.290923,0.240021,0.293767
9222,0.290888,0.239983,0.293728
9223,0.290848,0.239939,0.293685
9224,0.290813,0.239901,0.293651
9225,0.290741,0.239821,0.293578
9226,0.290691,0.239766,0.293525
9227,0.290661,0.239733,0.293494
9228,0.290609,0.239676,0.293443
9229,0.290531,0.239591,0.293364
9230,0.290498,0.239554,0.293329
9231,0.29047,0.239523,0.293302
9232,0.290389,0.239434,0.293221
9233,0.290354,0.239396,0.293185
9234,0.290288,0.239323,0.293117
9235,0.290231,0.23926,0.293057
9236,0.290147,0.239168,0.292967
9237,0.290118,0.239136,0.29293
9238,0.290064,0.239077,0.292869
9239,0.29001,0.239017,0.292807
9240,0.28997,0.238973,0.29276
9241,0.28995,0.238951,0.292736
9242,0.289916,0.238914,0.292704
9243,0.289873,0.238867,0.292663
9244,0.289796,0.238782,0.292587
9245,0.289776,0.238759,0.292568
9246,0.289726,0.238705,0.292522
9247,0.289696,0.238672,0.292497
9248,0.289641,0.238611,0.292449
9249,0.289579,0.238544,0.292393
9250,0.289539,0.238499,0.292357
9251,0.289466,0.238418,0.292288
9252,0.289402,0.238349,0.292226
9253,0.289335,0.238274,0.292156
9254,0.28926,0.238192,0.292076
9255,0.289241,0.238171,0.292051
9256,0.289217,0.238145,0.292028
9257,0.289187,0.238112,0.292003
9258,0.289109,0.238026,0.291928
9259,0.289042,0.237953,0.291861
9260,0.289023,0.237931,0.291843
9261,0.289001,0.237907,0.291828
9262,0.288961,0.237864,0.291799
9263,0.288937,0.237837,0.291788
9264,0.288884,0.237779,0.291752
9265,0.288794,0.237679,0.291674
9266,0.288761,0.237643,0.291652
9267,0.288707,0.237584,0.291611
9268,0.288642,0.237512,0.291557
9269,0.288569,0.237432,0.291493
9270,0.28849,0.237345,0.291418
9271,0.288466,0.237319,0.291399
9272,0.288377,0.237221,0.291314
9273,0.288322,0.23716,0.291259
9274,0.288293,0.237129,0.291233
9275,0.288243,0.237073,0.291188
9276,0.288208,0.237035,0.29116
9277,0.288127,0.236946,0.291086
9278,0.288082,0.236897,0.291046
9279,0.28804,0.236851,0.291011
9280,0.287963,0.236765,0.290938
9281,0.287927,0.236726,0.290908
9282,0.287873,0.236667,0.290861
9283,0.28784,0.23663,0.290836
9284,0.287811,0.236598,0.29082
9285,0.287757,0.236539,0.290782
9286,0.287708,0.236485,0.290749
9287,0.287647,0.236418,0.290705
9288,0.287569,0.236332,0.29064
9289,0.287492,0.236248,0.290573
9290,0.287424,0.236173,0.290513
9291,0.287353,0.236095,0.290446
9292,0.287269,0.236002,0.290363
9293,0.287189,0.235914,0.290278
9294,0.287165,0.235887,0.290251
9295,0.287118,0.235836,0.290205
9296,0.287075,0.235789,0.290164
9297,0.287032,0.235741,0.290126
9298,0.286949,0.23565,0.290047
9299,0.2869,0.235596,0.289999
9300,0.286829,0.235518,0.289929
9301,0.286764,0.235446,0.289862
9302,0.286733,0.235413,0.289832
9303,0.286714,0.235391,0.289818
9304,0.28666,0.235332,0.289774
9305,0.286609,0.235276,0.289734
9306,0.286588,0.235253,0.289727
9307,0.286518,0.235176,0.289673
9308,0.286432,0.235081,0.289599
9309,0.286369,0.235012,0.289546
9310,0.28633,0.234969,0.289517
9311,0.286249,0.23488,0.289446
9312,0.286205,0.234832,0.289412
9313,0.286165,0.234788,0.289385
9314,0.286092,0.234707,0.289325
9315,0.286021,0.234629,0.289264
9316,0.285979,0.234583,0.289234
9317,0.285903,0.2345,0.289169
9318,0.28585,0.234441,0.289127
9319,0.285784,0.234369,0.289071
9320,0.285726,0.234304,0.289023
9321,0.285646,0.234216,0.288951
9322,0.285553,0.234114,0.288862
9323,0.285495,0.234051,0.288805
9324,0.285423,0.233972,0.288733
9325,0.285346,0.233886,0.288653
9326,0.285262,0.233795,0.288562
9327,0.285182,0.233706,0.288471
9328,0.285158,0.23368,0.288438
9329,0.285119,0.233637,0.288395
9330,0.285053,0.233564,0.288325
9331,0.284965,0.233468,0.28823
9332,0.28492,0.233418,0.288177
9333,0.284855,0.233347,0.288104
9334,0.284806,0.233293,0.288048
9335,0.284747,0.233228,0.287982
9336,0.284696,0.233172,0.287924
9337,0.284659,0.233131,0.287882
9338,0.284616,0.233084,0.287838
9339,0.284568,0.233031,0.287791
9340,0.284483,0.232938,0.287706
9341,0.284453,0.232904,0.287675
9342,0.284361,0.232804,0.287582
9343,0.28428,0.232714,0.287493
9344,0.284217,0.232645,0.287421
9345,0.284141,0.232561,0.287333
9346,0.284106,0.232523,0.287286
9347,0.284065,0.232478,0.287237
9348,0.28404,0.23245,0.287207
9349,0.284019,0.232427,0.287188
9350,0.283934,0.232334,0.287105
9351,0.283879,0.232273,0.287049
9352,0.283797,0.232183,0.286964
9353,0.283753,0.232135,0.286916
9354,0.283729,0.232108,0.286891
9355,0.283689,0.232064,0.286856
9356,0.283655,0.232026,0.286829
9357,0.283576,0.23194,0.286758
9358,0.283502,0.231858,0.286687
9359,0.283447,0.231797,0.286635
9360,0.283373,0.231716,0.286562
9361,0.283319,0.231657,0.286507
9362,0.283247,0.231577,0.286433
9363,0.283207,0.231534,0.286393
9364,0.283158,0.23148,0.286344
9365,0.283126,0.231444,0.286315
9366,0.283035,0.231345,0.286227
9367,0.283013,0.231321,0.286207
9368,0.282922,0.231221,0.286119
9369,0.282876,0.23117,0.286073
9370,0.282797,0.231083,0.285993
9371,0.28272,0.230998,0.285911
9372,0.282643,0.230913,0.285825
9373,0.282612,0.230879,0.285786
9374,0.282524,0.230783,0.285689
9375,0.28249,0.230745,0.285645
9376,0.282447,0.230698,0.285595
9377,0.282358,0.2306,0.285496
9378,0.282328,0.230567,0.285457
9379,0.282308,0.230545,0.285433
9380,0.282268,0.230501,0.285392
9381,0.282233,0.230463,0.28536
9382,0.282172,0.230395,0.285303
9383,0.282092,0.230307,0.285224
9384,0.282072,0.230286,0.285207
9385,0.281999,0.230205,0.285137
9386,0.281951,0.230152,0.285092
9387,0.281893,0.230089,0.285037
9388,0.281837,0.230027,0.284984
9389,0.281764,0.229946,0.284912
9390,0.281716,0.229894,0.284864
9391,0.281674,0.229847,0.284824
9392,0.281593,0.229758,0.284744
9393,0.281502,0.229658,0.284648
9394,0.281451,0.229602,0.28459
9395,0.281368,0.22951,0.284496
9396,0.28128,0.229414,0.284393
9397,0.281246,0.229377,0.284343
9398,0.28121,0.229337,0.284293
9399,0.281187,0.229312,0.284261
9400,0.281146,0.229267,0.284215
9401,0.281123,0.229241,0.28419
9402,0.281031,0.229141,0.284096
9403,0.28101,0.229117,0.284072
9404,0.280943,0.229043,0.284003
9405,0.280892,0.228987,0.28395
9406,0.280811,0.228899,0.283864
9407,0.280756,0.228838,0.283802
9408,0.280696,0.228772,0.283733
9409,0.280604,0.228671,0.283628
9410,0.280576,0.228639,0.283585
9411,0.280511,0.228568,0.283507
9412,0.280458,0.22851,0.28344
9413,0.280401,0.228447,0.283367
9414,0.280375,0.228418,0.283327
9415,0.280344,0.228385,0.283287
9416,0.280297,0.228332,0.283231
9417,0.28026,0.228292,0.283188
9418,0.280233,0.228263,0.283158
9419,0.280172,0.228196,0.283095
9420,0.280153,0.228174,0.283075
9421,0.280085,0.228099,0.283008
9422,0.280037,0.228047,0.28296
9423,0.279986,0.22799,0.282908
9424,0.279958,0.22796,0.282882
9425,0.279921,0.227919,0.28285
9426,0.279847,0.227838,0.28278
9427,0.279801,0.227788,0.282737
9428,0.279714,0.227692,0.282649
9429,0.279669,0.227642,0.282601
9430,0.279626,0.227595,0.282556
9431,0.279607,0.227574,0.282539
9432,0.279519,0.227476,0.282451
9433,0.279433,0.227382,0.282359
9434,0.279349,0.227291,0.282264
9435,0.279318,0.227256,0.282219
9436,0.279281,0.227215,0.282172
9437,0.279211,0.227138,0.282091
9438,0.27916,0.227082,0.282027
9439,0.279137,0.227057,0.281993
9440,0.279114,0.227032,0.281964
9441,0.279059,0.226971,0.281904
9442,0.279005,0.226912,0.281844
9443,0.278982,0.226886,0.281817
9444,0.278924,0.226823,0.281757
9445,0.278904,0.2268,0.281735
9446,0.278818,0.226706,0.281648
9447,0.278782,0.226666,0.281608
9448,0.278759,0.226641,0.281584
9449,0.278739,0.22662,0.281569
9450,0.278685,0.226559,0.281521
9451,0.278646,0.226517,0.281489
9452,0.278597,0.226463,0.281448
9453,0.278524,0.226382,0.28138
9454,0.278451,0.226303,0.281309
9455,0.278432,0.226281,0.281292
9456,0.278369,0.226212,0.281232
9457,0.278331,0.22617,0.281198
9458,0.278283,0.226117,0.281154
9459,0.278208,0.226035,0.281083
9460,0.278118,0.225936,0.280989
9461,0.278069,0.225882,0.280933
9462,0.278022,0.22583,0.280879
9463,0.277984,0.225788,0.280836
9464,0.277964,0.225767,0.280815
9465,0.277885,0.225679,0.280733
9466,0.277828,0.225617,0.28067
9467,0.277804,0.22559,0.280643
9468,0.277729,0.225508,0.280564
9469,0.277707,0.225484,0.280538
9470,0.277672,0.225445,0.280503
9471,0.277614,0.225382,0.280446
9472,0.27759,0.225356,0.280424
9473,0.277553,0.225314,0.280391
9474,0.277521,0.225279,0.280366
9475,0.277477,0.225231,0.280333
9476,0.277437,0.225186,0.280303
9477,0.277379,0.225123,0.280257
9478,0.277341,0.225081,0.28023
9479,0.277261,0.224993,0.28016
9480,0.277194,0.22492,0.280099
9481,0.277169,0.224892,0.280081
9482,0.277121,0.22484,0.280043
9483,0.277033,0.224742,0.27996
9484,0.276954,0.224656,0.279882
9485,0.276896,0.224592,0.279822
9486,0.276875,0.224569,0.279801
9487,0.276803,0.22449,0.279729
9488,0.276763,0.224446,0.279688
9489,0.276691,0.224367,0.279615
9490,0.276637,0.224307,0.279557
9491,0.276592,0.224257,0.279509
9492,0.276572,0.224236,0.279489
9493,0.276539,0.224199,0.27946
9494,0.276501,0.224157,0.279428
9495,0.276436,0.224086,0.27937
9496,0.276385,0.22403,0.279325
9497,0.276344,0.223985,0.27929
9498,0.276301,0.223938,0.279255
9499,0.276223,0.223852,0.279184
9500,0.2762,0.223826,0.279167
9501,0.27614,0.223761,0.279116
9502,0.276112,0.223729,0.279098
9503,0.276037,0.223647,0.279033
9504,0.275986,0.223591,0.278991
9505,0.275955,0.223557,0.278971
9506,0.275885,0.22348,0.278911
9507,0.275798,0.223384,0.27883
9508,0.275732,0.223311,0.278766
9509,0.275666,0.223238,0.2787
9510,0.275598,0.223164,0.27863
9511,0.275579,0.223143,0.27861
9512,0.275513,0.223071,0.278545
9513,0.275489,0.223044,0.278523
9514,0.275405,0.222952,0.278442
9515,0.275342,0.222883,0.278377
9516,0.275291,0.222826,0.278323
9517,0.275234,0.222763,0.278264
9518,0.275157,0.222678,0.278181
9519,0.275108,0.222625,0.278125
9520,0.27507,0.222583,0.278082
9521,0.275045,0.222556,0.278055
9522,0.275002,0.222508,0.278013
9523,0.274927,0.222426,0.277939
9524,0.274861,0.222353,0.277869
9525,0.274822,0.22231,0.277826
9526,0.274751,0.222232,0.277751
9527,0.274707,0.222184,0.277702
9528,0.274672,0.222145,0.277664
9529,0.274609,0.222076,0.277599
9530,0.274586,0.222051,0.277575
9531,0.27455,0.222011,0.277542
9532,0.274491,0.221946,0.277486
9533,0.274457,0.221909,0.277457
9534,0.274414,0.221862,0.277421
9535,0.27438,0.221824,0.277396
9536,0.274321,0.221759,0.277347
9537,0.274286,0.221721,0.277325
9538,0.274236,0.221666,0.277288
9539,0.274162,0.221585,0.277226
9540,0.274093,0.221509,0.277165
9541,0.274007,0.221414,0.277083
9542,0.273973,0.221377,0.277053
9543,0.273915,0.221313,0.276999
9544,0.273829,0.221218,0.276914
9545,0.273783,0.221167,0.276866
9546,0.273761,0.221143,0.276848
9547,0.273676,0.221049,0.276765
9548,0.273624,0.220992,0.276712
9549,0.273557,0.220918,0.276644
9550,0.273506,0.220863,0.276591
9551,0.273447,0.220797,0.276529
9552,0.273411,0.220758,0.276492
9553,0.273344,0.220684,0.276423
9554,0.273298,0.220634,0.276376
9555,0.273225,0.220554,0.276299
9556,0.273183,0.220507,0.276253
9557,0.273115,0.220433,0.276181
9558,0.273096,0.220412,0.276159
9559,0.273052,0.220363,0.276116
9560,0.273002,0.220308,0.276068
9561,0.27293,0.220229,0.275996
9562,0.272851,0.220142,0.275913
9563,0.27282,0.220108,0.275878
9564,0.272745,0.220025,0.275798
9565,0.272689,0.219964,0.275735
9566,0.27262,0.219888,0.275658
9567,0.2726,0.219866,0.275631
9568,0.272569,0.219833,0.275598
9569,0.272547,0.219807,0.275577
9570,0.272523,0.219781,0.27556
9571,0.27247,0.219723,0.275516
9572,0.272417,0.219665,0.275473
9573,0.272326,0.219565,0.275387
9574,0.272294,0.219529,0.275359
9575,0.272275,0.219509,0.275349
9576,0.272241,0.219472,0.27533
9577,0.272194,0.219419,0.275298
9578,0.272126,0.219344,0.275245
9579,0.272063,0.219276,0.275196
9580,0.27204,0.219251,0.275189
9581,0.271967,0.21917,0.275132
9582,0.271902,0.219098,0.275081
9583,0.271846,0.219036,0.275039
9584,0.27177,0.218953,0.274974
9585,0.271702,0.218878,0.274915
9586,0.271666,0.218839,0.274889
9587,0.271578,0.218742,0.274809
9588,0.271514,0.218672,0.27475
9589,0.271449,0.2186,0.274688
9590,0.271383,0.218527,0.274624
9591,0.271325,0.218464,0.274567
9592,0.271238,0.218368,0.274478
9593,0.271192,0.218318,0.274429
9594,0.271144,0.218265,0.274378
9595,0.271109,0.218226,0.274343
9596,0.271043,0.218153,0.274278
9597,0.270955,0.218056,0.274186
9598,0.270936,0.218035,0.274165
9599,0.270885,0.21798,0.274116
9600,0.270796,0.217881,0.274024
9601,0.27076,0.217842,0.273986
9602,0.270723,0.217802,0.27395
9603,0.270674,0.217747,0.273904
9604,0.270618,0.217686,0.273851
9605,0.270563,0.217626,0.2738
9606,0.270522,0.21758,0.273763
9607,0.270481,0.217535,0.273729
9608,0.270455,0.217507,0.273715
9609,0.270363,0.217406,0.273634
9610,0.270275,0.217308,0.273549
9611,0.270209,0.217236,0.273485
9612,0.270158,0.21718,0.273435
9613,0.270072,0.217086,0.273347
9614,0.270013,0.21702,0.273283
9615,0.269947,0.216948,0.273212
9616,0.269924,0.216922,0.273185
9617,0.269894,0.216889,0.273157
9618,0.269865,0.216857,0.273134
9619,0.269793,0.216778,0.273069
9620,0.269739,0.216718,0.273021
9621,0.269691,0.216667,0.272981
9622,0.269661,0.216633,0.27296
9623,0.269579,0.216543,0.272888
9624,0.269514,0.216471,0.27283
9625,0.26943,0.216379,0.27275
9626,0.269383,0.216328,0.272706
9627,0.269342,0.216283,0.272671
9628,0.269269,0.216201,0.272602
9629,0.269218,0.216146,0.272555
9630,0.269126,0.216045,0.272465
9631,0.269035,0.215944,0.272368
9632,0.268949,0.21585,0.272272
9633,0.268919,0.215817,0.272232
9634,0.268859,0.215751,0.272164
9635,0.268824,0.215713,0.272122
9636,0.268799,0.215685,0.272096
9637,0.268731,0.215611,0.272027
9638,0.268672,0.215545,0.271965
9639,0.268606,0.215472,0.271895
9640,0.268563,0.215425,0.271849
9641,0.268534,0.215393,0.271821
9642,0.268444,0.215295,0.27173
9643,0.268422,0.21527,0.271707
9644,0.268361,0.215203,0.271648
9645,0.268313,0.215151,0.271603
9646,0.268226,0.215055,0.271515
9647,0.26819,0.215015,0.271479
9648,0.268132,0.214951,0.271421
9649,0.268113,0.21493,0.271406
9650,0.268057,0.214869,0.271357
9651,0.268006,0.214813,0.271313
9652,0.267928,0.214727,0.271241
9653,0.267848,0.214639,0.271162
9654,0.26779,0.214575,0.271104
9655,0.267736,0.214516,0.271049
9656,0.267686,0.214461,0.271
9657,0.267611,0.214378,0.270924
9658,0.26754,0.2143,0.270849
9659,0.267488,0.214242,0.270792
9660,0.267418,0.214166,0.270717
9661,0.267393,0.214138,0.270687
9662,0.267339,0.214079,0.270632
9663,0.267248,0.213979,0.270536
9664,0.267218,0.213945,0.2705
9665,0.267167,0.21389,0.270446
9666,0.267113,0.213831,0.27039
9667,0.267034,0.213744,0.270306
9668,0.266982,0.213686,0.270247
9669,0.266953,0.213654,0.270214
9670,0.266921,0.21362,0.270184
9671,0.266831,0.213521,0.270092
9672,0.266801,0.213487,0.27006
9673,0.266775,0.213459,0.270038
9674,0.266723,0.213401,0.269991
9675,0.266631,0.2133,0.269901
9676,0.266576,0.213239,0.269845
9677,0.266544,0.213205,0.269815
9678,0.266475,0.213128,0.269748
9679,0.266437,0.213087,0.269713
9680,0.266412,0.213059,0.269694
9681,0.266384,0.213028,0.269678
9682,0.26636,0.213003,0.269672
9683,0.266279,0.212913,0.269607
9684,0.266251,0.212883,0.269598
9685,0.266169,0.212792,0.269534
9686,0.266108,0.212725,0.269488
9687,0.266052,0.212663,0.269448
9688,0.265975,0.212579,0.269385
9689,0.265891,0.212486,0.269311
9690,0.265831,0.21242,0.269259
9691,0.265745,0.212326,0.269179
9692,0.265685,0.21226,0.269123
9693,0.265628,0.212197,0.269069
9694,0.265596,0.212162,0.269042
9695,0.26552,0.212079,0.268973
9696,0.265468,0.212021,0.268927
9697,0.265377,0.211921,0.268838
9698,0.265292,0.211827,0.26875
9699,0.265249,0.21178,0.268706
9700,0.265208,0.211735,0.268665
9701,0.265121,0.211639,0.268576
9702,0.265086,0.211601,0.26854
9703,0.265021,0.211529,0.268475
9704,0.264983,0.211487,0.268438
9705,0.264953,0.211455,0.268414
9706,0.264893,0.211389,0.268362
9707,0.264811,0.211298,0.268285
9708,0.26475,0.211232,0.268228
9709,0.264682,0.211157,0.268162
9710,0.264631,0.2111,0.268113
9711,0.264543,0.211004,0.268025
9712,0.264454,0.210905,0.26793
9713,0.264369,0.210812,0.267835
9714,0.264314,0.210752,0.267769
9715,0.264236,0.210666,0.267677
9716,0.264195,0.210621,0.267622
9717,0.264162,0.210584,0.267578
9718,0.264142,0.210562,0.267554
9719,0.264078,0.210491,0.267486
9720,0.264009,0.210417,0.267413
9721,0.263948,0.210349,0.267346
9722,0.263898,0.210294,0.26729
9723,0.263835,0.210225,0.267221
9724,0.263772,0.210155,0.26715
9725,0.263703,0.210079,0.267072
9726,0.263652,0.210023,0.267011
9727,0.263619,0.209987,0.266971
9728,0.263595,0.20996,0.266944
9729,0.263569,0.209932,0.266921
9730,0.263524,0.209883,0.266882
9731,0.263439,0.209789,0.2668
9732,0.263351,0.209692,0.266711
9733,0.263297,0.209633,0.266653
9734,0.26322,0.209548,0.266571
9735,0.263178,0.209502,0.266523
9736,0.263142,0.209463,0.266484
9737,0.263103,0.209419,0.266444
9738,0.263031,0.20934,0.266371
9739,0.262982,0.209287,0.266321
9740,0.26292,0.209218,0.266258
9741,0.262865,0.209158,0.266201
9742,0.262827,0.209116,0.266163
9743,0.262749,0.20903,0.266083
9744,0.262693,0.208968,0.266024
9745,0.262649,0.20892,0.265978
9746,0.262621,0.208889,0.265952
9747,0.262546,0.208807,0.265878
9748,0.262515,0.208773,0.26585
9749,0.262469,0.208722,0.265809
9750,0.26244,0.20869,0.265788
9751,0.262376,0.20862,0.265734
9752,0.262355,0.208596,0.265725
9753,0.262272,0.208505,0.265654
9754,0.262232,0.208462,0.265627
9755,0.262146,0.208367,0.265551
9756,0.262083,0.208297,0.265496
9757,0.262026,0.208234,0.265446
9758,0.261949,0.20815,0.265375
9759,0.261863,0.208056,0.265291
9760,0.261776,0.207959,0.265199
9761,0.261698,0.207874,0.265113
9762,0.261666,0.207839,0.265074
9763,0.261613,0.20778,0.265016
9764,0.261557,0.207719,0.264955
9765,0.26152,0.207678,0.264915
9766,0.261494,0.207649,0.26489
9767,0.261437,0.207587,0.264837
9768,0.261359,0.207502,0.26476
9769,0.261305,0.207442,0.264706
9770,0.261284,0.207419,0.264689
9771,0.26126,0.207392,0.264674
9772,0.26119,0.207315,0.264614
9773,0.261137,0.207257,0.264571
9774,0.261061,0.207174,0.264504
9775,0.260992,0.207097,0.26444
9776,0.26094,0.20704,0.264394
9777,0.260891,0.206987,0.264352
9778,0.260849,0.20694,0.264319
9779,0.260768,0.206851,0.264247
9780,0.260686,0.206761,0.264168
9781,0.260611,0.206678,0.264094
9782,0.260592,0.206657,0.264078
9783,0.260509,0.206566,0.263999
9784,0.260446,0.206496,0.263936
9785,0.260383,0.206427,0.263874
9786,0.260308,0.206345,0.263797
9787,0.260256,0.206288,0.263743
9788,0.260177,0.206201,0.26366
9789,0.260111,0.206128,0.263588
9790,0.260063,0.206075,0.263533
9791,0.260003,0.20601,0.263468
9792,0.259923,0.205921,0.263379
9793,0.259886,0.205881,0.263334
9794,0.259835,0.205824,0.263276
9795,0.259784,0.205768,0.26322
9796,0.259761,0.205744,0.263196
9797,0.259707,0.205684,0.263143
9798,0.259627,0.205596,0.263061
9799,0.259578,0.205542,0.26301
9800,0.259554,0.205515,0.262987
9801,0.259473,0.205426,0.262908
9802,0.259452,0.205403,0.26289
9803,0.259418,0.205366,0.262864
9804,0.259332,0.205271,0.262785
9805,0.259256,0.205187,0.262711
9806,0.25918,0.205104,0.262635
9807,0.259123,0.205042,0.262577
9808,0.259041,0.204951,0.26249
9809,0.259002,0.204908,0.262446
9810,0.258933,0.204832,0.262373
9811,0.258855,0.204747,0.262288
9812,0.25881,0.204697,0.262235
9813,0.258778,0.204662,0.262198
9814,0.258744,0.204625,0.262163
9815,0.258681,0.204556,0.2621
9816,0.258596,0.204461,0.26201
9817,0.258513,0.20437,0.261919
9818,0.25846,0.204313,0.261856
9819,0.258403,0.204249,0.261788
9820,0.258361,0.204203,0.261737
9821,0.258311,0.204148,0.26168
9822,0.258235,0.204065,0.261594
9823,0.258163,0.203985,0.261509
9824,0.258109,0.203926,0.261441
9825,0.258069,0.203882,0.261388
9826,0.258035,0.203844,0.261343
9827,0.257953,0.203754,0.261249
9828,0.257916,0.203714,0.261201
9829,0.257889,0.203684,0.261165
9830,0.257835,0.203625,0.261104
9831,0.257791,0.203576,0.261053
9832,0.257754,0.203536,0.261012
9833,0.257733,0.203512,0.260991
9834,0.257644,0.203415,0.260901
9835,0.257599,0.203365,0.260852
9836,0.257511,0.203268,0.260758
9837,0.257421,0.20317,0.260656
9838,0.257389,0.203134,0.26061
9839,0.257347,0.203088,0.260557
9840,0.257315,0.203052,0.260516
9841,0.257287,0.203022,0.260483
9842,0.257241,0.202971,0.260434
9843,0.257164,0.202886,0.260352
9844,0.257128,0.202847,0.260311
9845,0.257085,0.202799,0.260264
9846,0.257054,0.202766,0.260233
9847,0.256995,0.2027,0.260173
9848,0.256956,0.202658,0.260134
9849,0.256906,0.202603,0.260086
9850,0.256843,0.202533,0.260022
9851,0.256779,0.202463,0.259957
9852,0.256726,0.202405,0.259901
9853,0.256689,0.202364,0.259862
9854,0.256669,0.202342,0.259844
9855,0.256614,0.202281,0.259793
9856,0.256543,0.202204,0.259724
9857,0.256521,0.202179,0.259705
9858,0.256494,0.202149,0.259686
9859,0.256418,0.202066,0.259618
9860,0.256363,0.202005,0.259568
9861,0.256304,0.201941,0.259513
9862,0.25627,0.201903,0.259485
9863,0.256215,0.201843,0.259437
9864,0.256183,0.201807,0.259413
9865,0.256094,0.20171,0.259331
9866,0.256058,0.20167,0.259301
9867,0.256002,0.201609,0.259252
9868,0.255957,0.201558,0.259213
9869,0.255924,0.201523,0.259191
9870,0.255833,0.201422,0.259107
9871,0.255749,0.20133,0.259025
9872,0.255666,0.201239,0.258939
9873,0.255635,0.201204,0.258904
9874,0.255591,0.201157,0.25886
9875,0.255514,0.201071,0.258781
9876,0.255433,0.200982,0.258693
9877,0.255348,0.200889,0.258596
9878,0.255328,0.200867,0.258565
9879,0.255302,0.200839,0.258533
9880,0.255269,0.200803,0.258497
9881,0.25525,0.200781,0.258479
9882,0.255186,0.200711,0.258418
9883,0.25513,0.200649,0.258364
9884,0.255072,0.200586,0.258307
9885,0.255011,0.200518,0.258246
9886,0.254962,0.200464,0.258196
9887,0.254902,0.200399,0.258136
9888,0.254827,0.200316,0.258057
9889,0.254808,0.200295,0.258035
9890,0.254772,0.200255,0.258
9891,0.254753,0.200234,0.257987
9892,0.254684,0.200158,0.257925
9893,0.254614,0.200082,0.257859
9894,0.254587,0.200052,0.257837
9895,0.254534,0.199994,0.257791
9896,0.254497,0.199953,0.257763
9897,0.254461,0.199913,0.257738
9898,0.254398,0.199844,0.257686
9899,0.254353,0.199795,0.257654
9900,0.254312,0.199749,0.257627
9901,0.254287,0.199722,0.257619
9902,0.254257,0.199689,0.257612
9903,0.254172,0.199595,0.257548
9904,0.254101,0.199518,0.257495
9905,0.254064,0.199476,0.257476
9906,0.253976,0.19938,0.257406
9907,0.253889,0.199284,0.25733
9908,0.2538,0.199186,0.257248
9909,0.253742,0.199122,0.257194
9910,0.253653,0.199024,0.257106
9911,0.253612,0.198979,0.257066
9912,0.253582,0.198947,0.25704
9913,0.25351,0.198867,0.256972
9914,0.25343,0.198779,0.256894
9915,0.253381,0.198725,0.256844
9916,0.253346,0.198686,0.256812
9917,0.253254,0.198585,0.256721
9918,0.253184,0.198509,0.256648
9919,0.253149,0.19847,0.256611
9920,0.253125,0.198443,0.25659
9921,0.253074,0.198388,0.256545
9922,0.252998,0.198303,0.256472
9923,0.252926,0.198225,0.256402
9924,0.252877,0.19817,0.256353
9925,0.252856,0.198148,0.256337
9926,0.25278,0.198065,0.256267
9927,0.252723,0.198002,0.256214
9928,0.252693,0.197969,0.256191
9929,0.252618,0.197886,0.256123
9930,0.252534,0.197793,0.256041
9931,0.252455,0.197707,0.255961
9932,0.252429,0.197678,0.255936
9933,0.252366,0.197608,0.255874
9934,0.252278,0.197512,0.255786
9935,0.252239,0.197469,0.255744
9936,0.252216,0.197443,0.255724
9937,0.252187,0.197411,0.255703
9938,0.252133,0.197352,0.255659
9939,0.252052,0.197263,0.255586
9940,0.251996,0.197201,0.255536
9941,0.251973,0.197176,0.255523
9942,0.251922,0.197121,0.255486
9943,0.251846,0.197037,0.255422
9944,0.251754,0.196935,0.255336
9945,0.25171,0.196887,0.255299
9946,0.251671,0.196845,0.25527
9947,0.251619,0.196787,0.255229
9948,0.251568,0.196731,0.255191
9949,0.251498,0.196654,0.255134
9950,0.251419,0.196567,0.255064
9951,0.251327,0.196466,0.254977
9952,0.251237,0.196367,0.254887
9953,0.251213,0.19634,0.254865
9954,0.251171,0.196294,0.254828
9955,0.251112,0.196229,0.254775
9956,0.25103,0.19614,0.254699
9957,0.250939,0.19604,0.254608
9958,0.25086,0.195952,0.254524
9959,0.250774,0.195857,0.25443
9960,0.250692,0.195767,0.254336
9961,0.25064,0.195711,0.254271
9962,0.250588,0.195653,0.254207
9963,0.250561,0.195623,0.254171
9964,0.250535,0.195595,0.254141
9965,0.250473,0.195526,0.254076
9966,0.250402,0.195449,0.254002
9967,0.250312,0.195349,0.253903
9968,0.250281,0.195315,0.253865
9969,0.250224,0.195252,0.253802
9970,0.250201,0.195228,0.253777
9971,0.250144,0.195165,0.25372
9972,0.250056,0.195068,0.253628
9973,0.250017,0.195025,0.253585
9974,0.249953,0.194954,0.253518
9975,0.249917,0.194915,0.253481
9976,0.249865,0.194857,0.253429
9977,0.249797,0.194783,0.25336
9978,0.249708,0.194685,0.253267
9979,0.249617,0.194585,0.253166
9980,0.249547,0.194508,0.253082
9981,0.249527,0.194485,0.253051
9982,0.249468,0.194421,0.252983
9983,0.249402,0.194348,0.252906
9984,0.249367,0.19431,0.252862
9985,0.249324,0.194263,0.252812
9986,0.24925,0.194181,0.25273
9987,0.249212,0.19414,0.252685
9988,0.249133,0.194053,0.252596
9989,0.249092,0.194007,0.252545
9990,0.249,0.193906,0.252442
9991,0.248966,0.193869,0.252395
9992,0.248943,0.193843,0.252363
9993,0.248903,0.1938,0.252318
9994,0.248828,0.193717,0.252236
9995,0.248807,0.193694,0.25221
9996,0.248787,0.193671,0.25219
9997,0.248768,0.193651,0.252178
9998,0.248743,0.193624,0.252165
9999,0.248669,0.193542,0.252101
10000,0.248635,0.193504,0.252079
10001,0.248566,0.193429,0.252023
10002,0.248504,0.193361,0.251971
10003,0.248454,0.193306,0.251932
10004,0.248417,0.193264,0.251907
10005,0.248324,0.193163,0.251825
10006,0.248238,0.193068,0.251744
10007,0.248152,0.192973,0.251658
10008,0.248082,0.192896,0.251585
10009,0.248042,0.192853,0.251543
10010,0.248006,0.192813,0.251507
10011,0.247932,0.192731,0.251432
10012,0.247911,0.192708,0.251414
10013,0.247828,0.192617,0.251332
10014,0.247797,0.192583,0.251303
10015,0.247716,0.192494,0.251223
10016,0.247676,0.19245,0.251184
10017,0.247611,0.192378,0.25112
10018,0.247553,0.192315,0.251063
10019,0.247504,0.192261,0.251015
10020,0.247432,0.192181,0.250942
10021,0.247372,0.192115,0.25088
10022,0.247333,0.192073,0.25084
10023,0.24726,0.191992,0.250766
10024,0.247185,0.191909,0.250686
10025,0.247096,0.191812,0.250588
10026,0.24704,0.191751,0.250521
10027,0.246997,0.191703,0.250467
10028,0.246923,0.191622,0.250382
10029,0.246861,0.191553,0.250306
10030,0.246837,0.191527,0.25027
10031,0.246773,0.191457,0.250195
10032,0.246722,0.1914,0.250133
10033,0.246702,0.191378,0.250105
10034,0.246647,0.191318,0.250044
10035,0.246621,0.191289,0.250014
10036,0.246562,0.191225,0.249953
10037,0.246506,0.191163,0.249894
10038,0.246466,0.191119,0.249852
10039,0.246419,0.191067,0.249804
10040,0.246385,0.191029,0.249771
10041,0.246362,0.191004,0.249754
10042,0.246269,0.190903,0.249665
10043,0.246249,0.19088,0.249649
10044,0.246194,0.190819,0.249601
10045,0.246124,0.190742,0.249535
10046,0.246079,0.190693,0.249495
10047,0.246048,0.190659,0.249472
10048,0.245958,0.19056,0.249387
10049,0.245931,0.19053,0.249366
10050,0.245859,0.190451,0.2493
10051,0.245777,0.190361,0.24922
10052,0.245757,0.190338,0.249203
10053,0.245679,0.190253,0.249129
10054,0.245639,0.190209,0.249092
10055,0.2456,0.190167,0.249059
10056,0.245559,0.190121,0.249026
10057,0.245508,0.190065,0.248984
10058,0.24548,0.190034,0.248969
10059,0.245416,0.189964,0.248918
10060,0.245333,0.189873,0.248845
10061,0.245261,0.189793,0.24878
10062,0.24518,0.189704,0.248702
10063,0.245123,0.189642,0.248647
10064,0.24506,0.189572,0.248584
10065,0.244974,0.189477,0.248495
10066,0.244951,0.189452,0.248471
10067,0.244923,0.189422,0.248446
10068,0.244838,0.189328,0.248363
10069,0.244775,0.189259,0.2483
10070,0.244713,0.18919,0.248236
10071,0.244656,0.189128,0.248177
10072,0.244611,0.189078,0.24813
10073,0.244524,0.188983,0.24804
10074,0.244473,0.188926,0.247982
10075,0.244454,0.188906,0.247962
10076,0.244432,0.188882,0.247944
10077,0.244396,0.188841,0.247915
10078,0.244345,0.188786,0.247873
10079,0.244304,0.188741,0.247844
10080,0.244223,0.188652,0.247773
10081,0.244183,0.188607,0.247742
10082,0.244159,0.188581,0.247733
10083,0.244106,0.188522,0.247695
10084,0.244017,0.188425,0.24762
10085,0.243945,0.188345,0.247558
10086,0.243854,0.188246,0.247474
10087,0.243794,0.18818,0.247417
10088,0.243716,0.188093,0.24734
10089,0.243661,0.188033,0.247286
10090,0.243618,0.187986,0.247245
10091,0.24354,0.1879,0.247168
10092,0.243489,0.187844,0.247117
10093,0.243439,0.187789,0.247067
10094,0.243416,0.187764,0.24705
10095,0.24333,0.187669,0.246967
10096,0.243256,0.187587,0.246894
10097,0.243207,0.187534,0.246846
10098,0.243139,0.18746,0.246778
10099,0.243093,0.187409,0.246732
10100,0.243035,0.187345,0.246675
10101,0.242972,0.187276,0.246613
10102,0.242913,0.18721,0.246553
10103,0.242882,0.187176,0.246524
10104,0.242801,0.187087,0.246445
10105,0.242718,0.186996,0.246359
10106,0.242653,0.186925,0.246289
10107,0.242588,0.186853,0.246217
10108,0.2425,0.186756,0.246119
10109,0.242476,0.18673,0.246087
10110,0.242417,0.186665,0.24602
10111,0.242382,0.186627,0.24598
10112,0.242326,0.186565,0.24592
10113,0.242301,0.186537,0.245893
10114,0.242261,0.186493,0.245855
10115,0.24223,0.186459,0.24583
10116,0.242149,0.18637,0.245754
10117,0.24211,0.186327,0.245719
10118,0.24208,0.186294,0.245699
10119,0.242027,0.186235,0.245656
10120,0.241946,0.186147,0.245584
10121,0.241889,0.186084,0.245534
10122,0.241799,0.185985,0.245448
10123,0.241768,0.185951,0.245422
10124,0.241725,0.185903,0.245386
10125,0.24164,0.18581,0.245306
10126,0.24155,0.185711,0.245217
10127,0.241503,0.185659,0.24517
10128,0.241453,0.185604,0.245121
10129,0.241406,0.185553,0.245077
10130,0.241324,0.185462,0.244995
10131,0.241252,0.185383,0.244921
10132,0.241232,0.185361,0.244901
10133,0.241148,0.185269,0.244817
10134,0.241109,0.185226,0.244779
10135,0.24106,0.185172,0.244732
10136,0.241005,0.185112,0.24468
10137,0.240921,0.185019,0.244595
10138,0.240857,0.184949,0.24453
10139,0.240825,0.184914,0.244498
10140,0.240798,0.184884,0.244476
10141,0.240741,0.184821,0.244425
10142,0.240664,0.184737,0.244353
10143,0.240608,0.184675,0.2443
10144,0.240557,0.184619,0.244253
10145,0.240482,0.184536,0.244181
10146,0.240408,0.184455,0.244107
10147,0.240328,0.184367,0.244024
10148,0.240265,0.184298,0.243955
10149,0.240206,0.184233,0.243891
10150,0.240127,0.184146,0.243804
10151,0.240074,0.184087,0.243742
10152,0.240039,0.18405,0.243701
10153,0.240017,0.184025,0.243676
10154,0.23998,0.183984,0.243641
10155,0.239914,0.183912,0.243578
10156,0.239878,0.183872,0.243545
10157,0.239816,0.183804,0.243488
10158,0.239738,0.183718,0.243411
10159,0.239659,0.183631,0.24333
10160,0.239637,0.183607,0.243309
10161,0.239598,0.183564,0.243275
10162,0.239546,0.183506,0.243228
10163,0.239458,0.18341,0.243144
10164,0.239394,0.183339,0.24308
10165,0.239347,0.183288,0.243035
10166,0.239307,0.183244,0.242998
10167,0.239242,0.183173,0.242937
10168,0.239208,0.183135,0.242908
10169,0.239122,0.183041,0.242827
10170,0.239075,0.182989,0.242783
10171,0.238987,0.182891,0.242695
10172,0.238907,0.182804,0.242613
10173,0.238879,0.182773,0.242583
10174,0.238811,0.182698,0.242514
10175,0.238724,0.182603,0.242423
10176,0.238649,0.18252,0.24234
10177,0.238619,0.182487,0.242302
10178,0.238597,0.182463,0.242279
10179,0.238532,0.182391,0.242213
10180,0.238485,0.18234,0.242166
10181,0.238427,0.182276,0.242108
10182,0.238378,0.182222,0.24206
10183,0.238288,0.182123,0.241968
10184,0.23826,0.182092,0.241939
10185,0.238181,0.182005,0.241858
10186,0.23812,0.181938,0.241793
10187,0.238044,0.181855,0.241712
10188,0.237965,0.181768,0.241624
10189,0.237919,0.181717,0.241568
10190,0.237885,0.181679,0.241526
10191,0.237864,0.181657,0.241503
10192,0.237816,0.181604,0.241455
10193,0.237734,0.181514,0.241371
10194,0.237707,0.181484,0.241343
10195,0.237682,0.181456,0.241322
10196,0.237621,0.181389,0.241266
10197,0.237601,0.181367,0.241255
10198,0.237514,0.181271,0.241176
10199,0.237463,0.181216,0.241132
10200,0.237374,0.181117,0.241046
10201,0.237293,0.181028,0.240964
10202,0.237247,0.180978,0.240916
10203,0.237165,0.180887,0.240831
10204,0.237085,0.180799,0.240743
10205,0.236999,0.180705,0.240646
10206,0.236975,0.180678,0.240611
10207,0.236955,0.180657,0.240587
10208,0.236889,0.180584,0.240516
10209,0.236867,0.18056,0.240492
10210,0.236844,0.180534,0.240472
10211,0.236807,0.180493,0.240442
10212,0.236759,0.180441,0.240403
10213,0.236689,0.180364,0.240342
10214,0.236628,0.180297,0.240287
10215,0.236558,0.18022,0.240222
10216,0.236531,0.18019,0.240203
10217,0.236488,0.180143,0.24017
10218,0.23643,0.180079,0.240123
10219,0.23635,0.179991,0.240052
10220,0.236284,0.179919,0.239992
10221,0.236203,0.17983,0.239915
10222,0.23613,0.17975,0.239843
10223,0.236098,0.179714,0.239813
10224,0.236056,0.179668,0.239775
10225,0.235987,0.179592,0.239711
10226,0.235938,0.179538,0.239667
10227,0.235872,0.179465,0.239605
10228,0.235781,0.179365,0.239515
10229,0.235729,0.179308,0.239462
10230,0.235649,0.17922,0.239379
10231,0.235584,0.179148,0.239308
10232,0.235501,0.179057,0.239217
10233,0.235458,0.17901,0.239166
10234,0.235429,0.178978,0.239131
10235,0.235379,0.178923,0.239078
10236,0.235339,0.178879,0.239038
10237,0.235312,0.17885,0.239014
10238,0.235229,0.178758,0.238932
10239,0.235199,0.178725,0.238905
10240,0.235179,0.178704,0.238894
10241,0.235087,0.178602,0.238808
10242,0.235014,0.178521,0.238738
10243,0.234931,0.17843,0.238655
10244,0.23489,0.178386,0.238614
10245,0.234816,0.178304,0.238538
10246,0.234737,0.178217,0.238455
10247,0.234698,0.178173,0.238411
10248,0.234634,0.178103,0.238343
10249,0.234599,0.178065,0.238306
10250,0.234519,0.177977,0.238222
10251,0.23443,0.17788,0.238126
10252,0.234406,0.177852,0.238094
10253,0.234349,0.17779,0.238032
10254,0.234259,0.177692,0.237933
10255,0.234229,0.177658,0.237894
10256,0.234155,0.177576,0.237811
10257,0.234109,0.177526,0.237755
10258,0.234073,0.177487,0.237713
10259,0.233996,0.177402,0.237628
10260,0.233937,0.177337,0.237558
10261,0.2339,0.177296,0.237513
10262,0.233823,0.177211,0.237426
10263,0.233799,0.177185,0.237394
10264,0.233738,0.177118,0.237325
10265,0.233668,0.17704,0.237245
10266,0.233649,0.17702,0.237219
10267,0.233579,0.176943,0.237142
10268,0.233496,0.176852,0.237049
10269,0.233434,0.176784,0.236973
10270,0.233405,0.176752,0.236932
10271,0.233375,0.176718,0.236893
10272,0.233337,0.176677,0.23685
10273,0.23331,0.176647,0.23682
10274,0.233267,0.1766,0.236777
10275,0.233228,0.176556,0.236739
10276,0.23318,0.176504,0.236695
10277,0.23314,0.17646,0.236659
10278,0.233047,0.176358,0.236567
10279,0.233025,0.176334,0.236547
10280,0.232942,0.176243,0.236465
10281,0.232915,0.176212,0.236439
10282,0.23283,0.176119,0.236354
10283,0.232792,0.176077,0.236315
10284,0.232752,0.176033,0.236276
10285,0.232693,0.175969,0.23622
10286,0.232675,0.175948,0.236206
10287,0.232589,0.175854,0.236124
10288,0.232518,0.175776,0.236052
10289,0.232492,0.175747,0.236027
10290,0.232471,0.175725,0.236013
10291,0.232439,0.175689,0.235991
10292,0.232393,0.175638,0.235957
10293,0.232326,0.175565,0.235901
10294,0.232271,0.175504,0.235856
10295,0.23223,0.175459,0.235827
10296,0.232165,0.175387,0.235773
10297,0.232092,0.175308,0.23571
10298,0.232054,0.175266,0.235682
10299,0.232029,0.175238,0.235671
10300,0.231945,0.175146,0.235599
10301,0.231894,0.175089,0.235559
10302,0.23187,0.175063,0.235551
10303,0.231778,0.174962,0.235472
10304,0.231697,0.174873,0.2354
10305,0.231648,0.174819,0.23536
10306,0.231573,0.174736,0.235291
10307,0.231503,0.174659,0.235226
10308,0.231484,0.174638,0.235214
10309,0.231418,0.174566,0.235157
10310,0.231339,0.174479,0.235084
10311,0.231281,0.174415,0.23503
10312,0.2312,0.174326,0.234951
10313,0.231157,0.174278,0.23491
10314,0.231109,0.174226,0.234867
10315,0.231038,0.174148,0.234799
10316,0.230947,0.174048,0.234706
10317,0.230884,0.173978,0.234639
10318,0.230815,0.173903,0.234565
10319,0.230759,0.173841,0.234502
10320,0.23072,0.173798,0.234459
10321,0.230689,0.173764,0.234427
10322,0.230618,0.173686,0.234354
10323,0.230561,0.173624,0.234296
10324,0.230471,0.173524,0.2342
10325,0.230433,0.173483,0.234156
10326,0.230399,0.173445,0.234119
10327,0.230369,0.173412,0.23409
10328,0.230322,0.17336,0.234046
10329,0.230281,0.173315,0.23401
10330,0.230222,0.173251,0.233957
10331,0.23013,0.173149,0.233867
10332,0.230044,0.173054,0.233778
10333,0.22998,0.172984,0.233709
10334,0.229895,0.172891,0.233615
10335,0.229807,0.172794,0.233513
10336,0.229723,0.172701,0.23341
10337,0.229636,0.172606,0.2333
10338,0.229611,0.172578,0.233252
10339,0.229569,0.172532,0.23319
10340,0.229543,0.172503,0.233147
10341,0.229512,0.172469,0.233103
10342,0.229489,0.172444,0.233071
10343,0.229466,0.172419,0.233043
10344,0.229423,0.172372,0.232998
10345,0.229373,0.172316,0.232946
10346,0.229283,0.172217,0.232851
10347,0.229232,0.172161,0.232793
10348,0.229206,0.172133,0.232763
10349,0.229147,0.172068,0.232701
10350,0.229127,0.172046,0.23268
10351,0.229059,0.171971,0.232612
10352,0.229003,0.171909,0.232553
10353,0.228959,0.171861,0.232508
10354,0.228893,0.171789,0.23244
10355,0.228862,0.171754,0.232408
10356,0.228798,0.171683,0.232344
10357,0.228741,0.171621,0.232285
10358,0.228695,0.171571,0.232238
10359,0.228656,0.171528,0.232199
10360,0.228637,0.171507,0.232184
10361,0.228558,0.17142,0.232108
10362,0.228522,0.171381,0.232076
10363,0.228498,0.171354,0.23206
10364,0.228476,0.17133,0.232049
10365,0.228434,0.171283,0.232022
10366,0.228356,0.171198,0.231958
10367,0.228294,0.17113,0.231907
10368,0.228259,0.171091,0.231884
10369,0.228183,0.171008,0.23182
10370,0.22811,0.170927,0.231755
10371,0.22802,0.170828,0.231669
10372,0.22797,0.170774,0.231622
10373,0.227893,0.170689,0.231545
10374,0.227865,0.170658,0.231518
10375,0.227825,0.170614,0.231483
10376,0.227794,0.17058,0.23146
10377,0.227712,0.17049,0.231385
10378,0.227646,0.170417,0.231322
10379,0.227614,0.170381,0.231295
10380,0.22759,0.170355,0.231281
10381,0.227509,0.170266,0.231209
10382,0.227458,0.17021,0.231166
10383,0.227373,0.170116,0.231086
10384,0.227316,0.170054,0.231033
10385,0.227239,0.169969,0.230957
10386,0.227148,0.169869,0.230863
10387,0.227085,0.169799,0.230793
10388,0.227041,0.169751,0.230743
10389,0.226978,0.169682,0.230675
10390,0.226951,0.169652,0.230644
10391,0.226867,0.16956,0.230555
10392,0.226812,0.169499,0.230492
10393,0.226769,0.169452,0.230444
10394,0.226738,0.169417,0.23041
10395,0.226649,0.16932,0.230315
10396,0.226596,0.169262,0.230256
10397,0.226567,0.169229,0.230222
10398,0.226535,0.169195,0.230189
10399,0.226505,0.169161,0.230161
10400,0.22645,0.169101,0.230109
10401,0.226403,0.16905,0.230067
10402,0.226347,0.168988,0.230015
10403,0.226314,0.168951,0.229988
10404,0.226245,0.168875,0.229925
10405,0.226158,0.16878,0.229841
10406,0.226094,0.168709,0.229775
10407,0.226021,0.168629,0.229699
10408,0.225999,0.168605,0.229677
10409,0.225926,0.168524,0.229602
10410,0.225879,0.168473,0.229554
10411,0.225854,0.168445,0.22953
10412,0.225786,0.168371,0.229465
10413,0.225719,0.168297,0.229398
10414,0.225654,0.168225,0.22933
10415,0.225604,0.16817,0.229278
10416,0.225549,0.16811,0.229222
10417,0.225491,0.168046,0.229161
10418,0.22545,0.168001,0.229119
10419,0.225395,0.167941,0.229063
10420,0.225322,0.16786,0.228987
10421,0.225272,0.167806,0.228934
10422,0.225244,0.167774,0.228905
10423,0.225161,0.167684,0.22882
10424,0.225081,0.167596,0.228733
10425,0.225021,0.167529,0.228664
10426,0.224993,0.167499,0.22863
10427,0.224927,0.167426,0.228557
10428,0.224872,0.167366,0.228495
10429,0.224823,0.167311,0.228438
10430,0.224778,0.167261,0.228386
10431,0.224734,0.167214,0.228337
10432,0.22471,0.167188,0.228311
10433,0.224644,0.167115,0.228243
10434,0.224594,0.167059,0.22819
10435,0.224551,0.167013,0.228146
10436,0.224528,0.166986,0.228125
10437,0.224478,0.166932,0.228078
10438,0.22444,0.16689,0.228046
10439,0.224349,0.16679,0.227957
10440,0.224261,0.166693,0.227865
10441,0.224206,0.166633,0.227806
10442,0.224176,0.166599,0.227772
10443,0.224155,0.166576,0.227752
10444,0.224102,0.166518,0.227701
10445,0.224034,0.166443,0.227634
10446,0.224015,0.166423,0.227619
10447,0.223939,0.166339,0.227545
10448,0.223877,0.166271,0.227485
10449,0.223805,0.166192,0.227411
10450,0.223745,0.166126,0.227348
10451,0.223668,0.166041,0.227265
10452,0.223636,0.166005,0.227226
10453,0.223609,0.165976,0.227198
10454,0.223537,0.165897,0.227122
10455,0.223506,0.165863,0.22709
10456,0.223486,0.165841,0.227073
10457,0.22344,0.16579,0.227031
10458,0.223415,0.165763,0.227014
10459,0.223375,0.165719,0.226984
10460,0.223338,0.165678,0.22696
10461,0.223315,0.165653,0.226954
10462,0.223236,0.165566,0.22689
10463,0.223209,0.165536,0.22688
10464,0.223133,0.165452,0.226821
10465,0.223114,0.165432,0.226821
10466,0.223039,0.165349,0.226765
10467,0.222963,0.165266,0.226705
10468,0.222892,0.165188,0.226647
10469,0.222819,0.165107,0.226585
10470,0.222751,0.165033,0.226527
10471,0.222692,0.164967,0.226475
10472,0.222649,0.16492,0.226441
10473,0.222585,0.16485,0.226386
10474,0.222499,0.164755,0.226305
10475,0.222439,0.164689,0.226249
10476,0.222388,0.164633,0.226202
10477,0.222313,0.16455,0.226129
10478,0.222293,0.164529,0.226115
10479,0.222211,0.164438,0.226037
10480,0.222138,0.164358,0.225965
10481,0.2221,0.164316,0.225929
10482,0.222032,0.164241,0.225864
10483,0.22197,0.164173,0.225802
10484,0.221941,0.164141,0.225776
10485,0.221866,0.164059,0.225704
10486,0.221778,0.163962,0.225614
10487,0.221689,0.163864,0.225519
10488,0.221654,0.163825,0.225478
10489,0.221574,0.163737,0.22539
10490,0.221542,0.163702,0.225351
10491,0.221495,0.163651,0.2253
10492,0.221416,0.163563,0.225214
10493,0.221366,0.163508,0.225157
10494,0.221298,0.163434,0.225081
10495,0.221275,0.163409,0.225052
10496,0.221186,0.163311,0.224955
10497,0.221165,0.163287,0.224927
10498,0.22113,0.163249,0.224889
10499,0.221047,0.163158,0.224802
10500,0.220991,0.163097,0.22474
10501,0.220972,0.163075,0.224718
10502,0.220897,0.162993,0.22464
10503,0.220843,0.162933,0.22458
10504,0.220803,0.162889,0.224538
10505,0.220752,0.162834,0.224484
10506,0.220682,0.162757,0.224411
10507,0.220595,0.162661,0.224316
10508,0.22055,0.162611,0.224261
10509,0.220492,0.162548,0.224195
10510,0.220448,0.162499,0.224143
10511,0.220385,0.16243,0.22407
10512,0.220361,0.162404,0.22404
10513,0.2203,0.162336,0.223973
10514,0.220228,0.162257,0.223892
10515,0.220201,0.162227,0.223857
10516,0.220163,0.162185,0.223815
10517,0.220077,0.16209,0.223722
10518,0.220047,0.162058,0.223685
10519,0.219996,0.162002,0.223629
10520,0.219929,0.161928,0.223555
10521,0.219859,0.161851,0.223475
10522,0.219774,0.161758,0.223376
10523,0.219741,0.161722,0.223329
10524,0.219707,0.161684,0.223284
10525,0.219679,0.161653,0.223247
10526,0.219652,0.161623,0.223214
10527,0.219627,0.161596,0.223188
10528,0.219601,0.161567,0.223164
10529,0.219532,0.161491,0.223097
10530,0.219454,0.161406,0.223017
10531,0.219393,0.161339,0.222952
10532,0.219358,0.161299,0.222913
10533,0.219324,0.161262,0.222878
10534,0.219298,0.161234,0.222855
10535,0.219273,0.161207,0.222836
10536,0.219195,0.161121,0.222763
10537,0.219171,0.161094,0.222744
10538,0.219123,0.161041,0.222704
10539,0.219031,0.16094,0.222616
10540,0.218998,0.160904,0.222587
10541,0.218941,0.160842,0.222534
10542,0.218853,0.160745,0.222446
10543,0.218831,0.16072,0.222425
10544,0.218784,0.160669,0.222382
10545,0.218704,0.16058,0.222302
10546,0.218628,0.160497,0.222223
10547,0.218586,0.160451,0.222177
10548,0.218547,0.160407,0.222136
10549,0.218502,0.160359,0.222091
10550,0.218446,0.160297,0.222034
10551,0.218357,0.160199,0.22194
10552,0.218327,0.160165,0.221905
10553,0.218269,0.160102,0.221843
10554,0.21825,0.160081,0.221822
10555,0.218205,0.160031,0.221777
10556,0.218128,0.159947,0.221698
10557,0.218086,0.159901,0.221654
10558,0.218065,0.159877,0.221634
10559,0.218033,0.159842,0.221606
10560,0.217984,0.159789,0.221563
10561,0.217952,0.159753,0.221538
10562,0.217923,0.159721,0.22152
10563,0.217895,0.15969,0.221506
10564,0.217821,0.159609,0.221446
10565,0.217752,0.159533,0.221387
10566,0.217664,0.159437,0.221306
10567,0.217637,0.159407,0.221286
10568,0.217556,0.159317,0.22121
10569,0.21748,0.159234,0.221136
10570,0.217453,0.159204,0.221112
10571,0.217414,0.159161,0.221079
10572,0.21736,0.159102,0.221031
10573,0.217311,0.159048,0.220988
10574,0.217247,0.158978,0.220931
10575,0.217223,0.158952,0.220915
10576,0.21719,0.158915,0.220893
10577,0.217171,0.158894,0.22089
10578,0.217096,0.158811,0.22083
10579,0.217067,0.15878,0.220819
10580,0.217034,0.158743,0.220806
10581,0.216987,0.158692,0.220782
10582,0.216903,0.158599,0.220718
10583,0.216812,0.1585,0.220643
10584,0.21674,0.15842,0.220582
10585,0.216652,0.158323,0.220502
10586,0.216605,0.158271,0.220463
10587,0.216514,0.158172,0.220377
10588,0.216485,0.158139,0.220353
10589,0.216444,0.158095,0.220321
10590,0.21639,0.158035,0.220276
10591,0.216352,0.157993,0.220249
10592,0.216262,0.157895,0.220168
10593,0.216198,0.157824,0.22011
10594,0.216136,0.157755,0.220053
10595,0.216058,0.15767,0.219979
10596,0.216011,0.157618,0.219935
10597,0.215963,0.157565,0.219891
10598,0.215922,0.157521,0.219857
10599,0.215852,0.157443,0.219793
10600,0.215811,0.157398,0.219758
10601,0.21574,0.15732,0.219693
10602,0.21568,0.157255,0.219639
10603,0.21559,0.157155,0.21955
10604,0.215569,0.157132,0.219533
10605,0.215493,0.157048,0.219461
10606,0.215406,0.156953,0.219373
10607,0.215351,0.156892,0.219317
10608,0.215312,0.156849,0.219278
10609,0.215263,0.156795,0.21923
10610,0.215194,0.15672,0.219163
10611,0.215141,0.156661,0.21911
10612,0.215059,0.156571,0.219027
10613,0.21502,0.156528,0.218987
10614,0.214949,0.15645,0.218914
10615,0.214878,0.156371,0.218839
10616,0.21482,0.156308,0.218776
10617,0.2148,0.156286,0.218755
10618,0.214748,0.156229,0.218704
10619,0.214717,0.156195,0.218676
10620,0.214645,0.156116,0.218607
10621,0.214599,0.156065,0.218565
10622,0.214525,0.155983,0.218493
10623,0.214505,0.155962,0.218478
10624,0.214443,0.155893,0.218422
10625,0.214406,0.155852,0.218393
10626,0.214336,0.155775,0.21833
10627,0.214285,0.155719,0.218287
10628,0.214247,0.155677,0.218258
10629,0.214204,0.155631,0.218228
10630,0.214115,0.155532,0.218148
10631,0.214024,0.155432,0.218062
10632,0.213942,0.155342,0.217981
10633,0.213877,0.15527,0.217915
10634,0.213835,0.155225,0.217874
10635,0.213756,0.155138,0.217794
10636,0.213715,0.155092,0.217752
10637,0.213695,0.155071,0.217737
10638,0.213635,0.155004,0.217681
10639,0.213611,0.154978,0.217667
10640,0.213521,0.154879,0.217583
10641,0.21346,0.154812,0.217527
10642,0.213405,0.154751,0.217478
10643,0.213359,0.154701,0.217439
10644,0.213291,0.154626,0.217377
10645,0.213207,0.154534,0.217296
10646,0.213118,0.154436,0.217206
10647,0.213077,0.154391,0.217165
10648,0.212987,0.154291,0.217071
10649,0.212948,0.154249,0.217029
10650,0.212862,0.154154,0.216938
10651,0.212803,0.154089,0.216873
10652,0.212751,0.154032,0.216815
10653,0.212699,0.153975,0.216757
10654,0.212634,0.153903,0.216687
10655,0.212603,0.153869,0.216652
10656,0.21255,0.153811,0.216597
10657,0.212522,0.153781,0.21657
10658,0.21243,0.153679,0.216477
10659,0.212348,0.153589,0.216389
10660,0.21226,0.153492,0.216291
10661,0.212186,0.153411,0.216204
10662,0.21215,0.153371,0.216156
10663,0.212122,0.153341,0.21612
10664,0.212039,0.153249,0.216027
10665,0.211981,0.153185,0.215957
10666,0.211896,0.153091,0.215857
10667,0.21183,0.153019,0.215774
10668,0.211787,0.152972,0.215715
10669,0.211759,0.152941,0.215673
10670,0.211718,0.152896,0.21562
10671,0.211673,0.152847,0.215566
10672,0.21162,0.152788,0.215502
10673,0.211537,0.152697,0.215407
10674,0.211498,0.152653,0.215355
10675,0.211459,0.152611,0.215306
10676,0.211397,0.152543,0.215233
10677,0.211354,0.152496,0.21518
10678,0.211307,0.152444,0.215124
10679,0.21127,0.152403,0.215078
10680,0.211244,0.152374,0.215048
10681,0.211197,0.152323,0.214999
10682,0.211131,0.152251,0.214929
10683,0.211057,0.152168,0.214847
10684,0.210982,0.152087,0.214763
10685,0.210941,0.152041,0.214711
10686,0.210902,0.151998,0.214664
10687,0.210835,0.151925,0.214588
10688,0.210766,0.151849,0.214507
10689,0.210746,0.151827,0.214478
10690,0.210692,0.151768,0.214415
10691,0.21067,0.151743,0.214387
10692,0.210593,0.151659,0.214303
10693,0.210574,0.151637,0.214278
10694,0.210506,0.151563,0.214205
10695,0.210454,0.151506,0.214147
10696,0.21043,0.151479,0.214118
10697,0.210389,0.151434,0.214076
10698,0.210328,0.151367,0.214012
10699,0.210268,0.151301,0.213948
10700,0.210235,0.151264,0.213912
10701,0.210169,0.151192,0.213843
10702,0.210135,0.151155,0.213807
10703,0.210066,0.151079,0.213734
10704,0.210038,0.151048,0.213703
10705,0.209988,0.150993,0.213652
10706,0.209964,0.150966,0.213629
10707,0.209932,0.150932,0.213602
10708,0.209873,0.150867,0.213547
10709,0.209785,0.15077,0.21346
10710,0.209751,0.150733,0.213426
10711,0.209663,0.150635,0.213335
10712,0.209643,0.150613,0.213313
10713,0.209583,0.150547,0.213252
10714,0.209521,0.15048,0.213188
10715,0.209499,0.150455,0.213166
10716,0.209434,0.150384,0.213101
10717,0.209394,0.150339,0.21306
10718,0.209341,0.150281,0.213007
10719,0.209292,0.150227,0.212959
10720,0.209231,0.15016,0.212897
10721,0.209154,0.150076,0.212816
10722,0.209113,0.15003,0.21277
10723,0.20908,0.149994,0.212735
10724,0.209034,0.149943,0.212688
10725,0.208959,0.149861,0.21261
10726,0.208917,0.149815,0.212565
10727,0.208866,0.149759,0.212511
10728,0.208801,0.149687,0.212441
10729,0.20877,0.149653,0.212406
10730,0.208747,0.149628,0.212383
10731,0.208668,0.149541,0.212302
10732,0.208639,0.149509,0.212272
10733,0.208609,0.149476,0.212243
10734,0.20857,0.149433,0.212208
10735,0.208521,0.149379,0.212163
10736,0.208431,0.14928,0.212073
10737,0.208409,0.149256,0.212053
10738,0.208382,0.149227,0.212031
10739,0.208356,0.149198,0.212014
10740,0.208319,0.149157,0.211988
10741,0.208255,0.149087,0.211934
10742,0.208178,0.149002,0.211864
10743,0.208152,0.148973,0.211846
10744,0.208102,0.148918,0.211806
10745,0.208018,0.148826,0.211728
10746,0.207993,0.148798,0.211711
10747,0.207923,0.148722,0.211649
10748,0.207852,0.148643,0.211582
10749,0.207831,0.14862,0.211567
10750,0.207795,0.148581,0.211542
10751,0.207726,0.148504,0.211481
10752,0.207678,0.148452,0.211442
10753,0.207606,0.148373,0.211377
10754,0.207578,0.148342,0.211357
10755,0.207526,0.148285,0.211315
10756,0.207436,0.148185,0.21123
10757,0.207349,0.14809,0.211144
10758,0.207272,0.148005,0.211064
10759,0.20723,0.147959,0.211018
10760,0.207201,0.147927,0.21099
10761,0.207168,0.147891,0.210959
10762,0.207132,0.147851,0.210928
10763,0.20709,0.147806,0.210893
10764,0.207026,0.147734,0.210834
10765,0.206953,0.147654,0.210765
10766,0.206926,0.147625,0.210744
10767,0.206903,0.1476,0.21073
10768,0.206852,0.147544,0.21069
10769,0.206785,0.14747,0.210633
10770,0.206726,0.147405,0.210582
10771,0.206703,0.14738,0.210571
10772,0.206667,0.14734,0.210549
10773,0.206579,0.147242,0.210473
10774,0.206492,0.147148,0.210394
10775,0.206422,0.147071,0.210329
10776,0.20633,0.14697,0.210237
10777,0.206299,0.146935,0.210207
10778,0.206247,0.146878,0.210157
10779,0.206214,0.146842,0.210128
10780,0.206138,0.146758,0.210055
10781,0.206055,0.146667,0.209971
10782,0.205988,0.146593,0.209901
10783,0.205935,0.146535,0.209844
10784,0.205882,0.146477,0.209787
10785,0.205815,0.146402,0.209714
10786,0.205737,0.146316,0.209628
10787,0.205718,0.146296,0.209603
10788,0.205642,0.146212,0.20952
10789,0.20557,0.146134,0.209439
10790,0.205519,0.146077,0.209377
10791,0.205433,0.145983,0.209278
10792,0.205392,0.145937,0.209222
10793,0.205368,0.145911,0.209187
10794,0.205316,0.145854,0.209125
10795,0.205245,0.145775,0.209042
10796,0.205223,0.145752,0.20901
10797,0.205168,0.145691,0.208946
10798,0.205082,0.145597,0.208847
10799,0.205058,0.14557,0.208811
10800,0.204993,0.145498,0.208734
10801,0.204943,0.145444,0.208671
10802,0.204894,0.145389,0.208609
10803,0.204851,0.145343,0.208554
10804,0.204821,0.145309,0.208514
10805,0.204755,0.145237,0.208438
10806,0.204727,0.145206,0.2084
10807,0.204706,0.145183,0.208373
10808,0.204681,0.145155,0.208346
10809,0.204656,0.145128,0.208322
10810,0.204628,0.145097,0.208299
10811,0.204606,0.145073,0.208285
10812,0.20455,0.145011,0.208237
10813,0.204486,0.14494,0.20818
10814,0.204425,0.144873,0.208124
10815,0.204337,0.144777,0.208037
10816,0.204305,0.144742,0.208007
10817,0.204266,0.144698,0.207971
10818,0.204228,0.144657,0.207938
10819,0.204165,0.144588,0.20788
10820,0.204075,0.144489,0.207789
10821,0.204048,0.144459,0.207763
10822,0.204024,0.144432,0.207743
10823,0.203932,0.144331,0.207652
10824,0.203853,0.144244,0.207569
10825,0.203823,0.144212,0.207537
10826,0.203774,0.144158,0.207486
10827,0.203754,0.144136,0.207468
10828,0.203695,0.144071,0.20741
10829,0.203664,0.144037,0.207383
10830,0.20364,0.14401,0.207365
10831,0.203562,0.143925,0.207293
10832,0.203542,0.143902,0.207279
10833,0.203501,0.143857,0.207248
10834,0.203409,0.143756,0.207161
10835,0.203385,0.14373,0.207144
10836,0.203335,0.143674,0.207102
10837,0.203262,0.143594,0.207035
10838,0.203198,0.143524,0.206975
10839,0.203176,0.143499,0.206959
10840,0.203091,0.143406,0.206878
10841,0.203062,0.143374,0.206854
10842,0.202995,0.143301,0.206792
10843,0.20296,0.143262,0.206763
10844,0.202896,0.143192,0.206703
10845,0.202872,0.143166,0.206687
10846,0.202784,0.143069,0.206604
10847,0.20272,0.142998,0.206542
10848,0.202667,0.14294,0.206491
10849,0.202621,0.142889,0.206447
10850,0.202532,0.142791,0.206357
10851,0.202472,0.142725,0.206293
10852,0.202427,0.142675,0.206244
10853,0.202393,0.142638,0.20621
10854,0.202346,0.142587,0.206162
10855,0.202294,0.14253,0.206111
10856,0.202275,0.142508,0.206095
10857,0.202214,0.142442,0.206038
10858,0.202195,0.14242,0.206025
10859,0.202148,0.142369,0.205987
10860,0.202071,0.142285,0.205916
10861,0.202017,0.142225,0.205867
10862,0.201933,0.142133,0.205785
10863,0.201893,0.142089,0.205747
10864,0.201865,0.142058,0.205723
10865,0.201839,0.142029,0.205705
10866,0.201787,0.141971,0.205662
10867,0.201699,0.141875,0.205581
10868,0.201631,0.1418,0.205516
10869,0.201578,0.141742,0.205465
10870,0.201553,0.141714,0.205445
10871,0.201485,0.14164,0.205383
10872,0.201427,0.141576,0.205328
10873,0.201401,0.141548,0.205309
10874,0.20132,0.141459,0.205233
10875,0.201269,0.141402,0.205185
10876,0.201242,0.141372,0.205164
10877,0.201181,0.141305,0.20511
10878,0.201157,0.141279,0.205096
10879,0.201128,0.141246,0.205079
10880,0.201036,0.141146,0.204998
10881,0.201017,0.141125,0.204991
10882,0.200957,0.141058,0.204944
10883,0.200892,0.140988,0.204892
10884,0.200872,0.140966,0.204887
10885,0.200788,0.140873,0.204816
10886,0.200703,0.140779,0.20474
10887,0.200641,0.140711,0.204686
10888,0.200603,0.14067,0.204657
10889,0.200547,0.140608,0.204611
10890,0.200471,0.140524,0.204543
10891,0.200447,0.140498,0.204529
10892,0.200359,0.140401,0.204448
10893,0.200311,0.140348,0.204408
10894,0.200286,0.140321,0.204395
10895,0.200249,0.14028,0.204372
10896,0.200215,0.140243,0.204355
10897,0.200148,0.140168,0.204305
10898,0.20009,0.140105,0.204264
10899,0.20001,0.140017,0.204199
10900,0.199926,0.139925,0.204126
10901,0.199834,0.139823,0.20404
10902,0.199794,0.13978,0.204008
10903,0.199736,0.139716,0.203957
10904,0.199651,0.139623,0.203878
10905,0.199567,0.13953,0.203794
10906,0.199489,0.139444,0.203715
10907,0.199417,0.139364,0.203638
10908,0.199357,0.139299,0.203573
10909,0.199306,0.139243,0.203518
10910,0.199283,0.139217,0.203494
10911,0.199239,0.139169,0.203451
10912,0.199174,0.139097,0.203387
10913,0.199084,0.138998,0.203294
10914,0.199035,0.138944,0.203242
10915,0.198947,0.138848,0.203149
10916,0.198922,0.13882,0.203119
10917,0.19887,0.138763,0.203065
10918,0.198786,0.138671,0.202976
10919,0.19875,0.138631,0.202935
10920,0.198707,0.138583,0.20289
10921,0.198655,0.138526,0.202836
10922,0.19861,0.138477,0.202792
10923,0.198543,0.138403,0.202723
10924,0.198453,0.138305,0.202629
10925,0.198431,0.138281,0.202605
10926,0.198392,0.138237,0.202566
10927,0.198315,0.138153,0.202487
10928,0.198262,0.138095,0.202433
10929,0.198195,0.138021,0.202363
10930,0.198108,0.137925,0.202269
10931,0.198076,0.13789,0.202232
10932,0.198034,0.137843,0.202187
10933,0.197985,0.13779,0.202136
10934,0.197908,0.137705,0.202055
10935,0.19787,0.137664,0.202014
10936,0.197795,0.137581,0.201934
10937,0.197757,0.137539,0.201893
10938,0.197727,0.137506,0.201862
10939,0.197702,0.137478,0.20184
10940,0.197674,0.137448,0.201819
10941,0.19759,0.137355,0.20174
10942,0.19755,0.137311,0.201706
10943,0.197477,0.137231,0.201637
10944,0.197423,0.137172,0.201588
10945,0.197346,0.137086,0.201512
10946,0.197317,0.137055,0.201488
10947,0.197269,0.137002,0.201445
10948,0.197208,0.136935,0.20139
10949,0.197157,0.136878,0.201344
10950,0.197079,0.136793,0.20127
10951,0.197027,0.136735,0.201221
10952,0.196971,0.136674,0.201169
10953,0.196899,0.136595,0.201098
10954,0.196833,0.136523,0.201033
10955,0.196781,0.136465,0.200981
10956,0.196734,0.136413,0.200935
10957,0.196703,0.136379,0.200908
10958,0.196662,0.136334,0.200873
10959,0.196587,0.136252,0.200803
10960,0.196518,0.136176,0.200738
10961,0.196475,0.136128,0.200698
10962,0.196393,0.136039,0.200618
10963,0.196374,0.136017,0.200603
10964,0.196319,0.135957,0.200555
10965,0.196236,0.135866,0.200475
10966,0.196147,0.135768,0.200386
10967,0.196124,0.135743,0.200364
10968,0.196053,0.135664,0.200295
10969,0.195974,0.135577,0.200213
10970,0.195881,0.135475,0.200115
10971,0.195828,0.135417,0.200054
10972,0.195738,0.135318,0.199954
10973,0.195687,0.135262,0.199891
10974,0.19566,0.135233,0.199856
10975,0.195637,0.135207,0.199828
10976,0.195603,0.135169,0.199792
10977,0.195584,0.135148,0.199776
10978,0.19554,0.1351,0.199738
10979,0.195498,0.135054,0.199703
10980,0.195418,0.134966,0.199628
10981,0.195357,0.134899,0.199572
10982,0.195335,0.134875,0.199557
10983,0.195268,0.1348,0.199496
10984,0.195225,0.134754,0.199462
10985,0.195168,0.134691,0.199414
10986,0.195086,0.134601,0.199338
10987,0.195043,0.134553,0.199301
10988,0.195014,0.134522,0.199282
10989,0.194959,0.134461,0.199238
10990,0.19489,0.134385,0.199179
10991,0.194829,0.134318,0.199127
10992,0.194744,0.134224,0.199048
10993,0.19467,0.134143,0.198977
10994,0.194616,0.134084,0.198927
10995,0.194586,0.13405,0.198902
10996,0.194505,0.133962,0.198826
10997,0.194443,0.133893,0.198767
10998,0.194364,0.133807,0.19869
10999,0.19433,0.133769,0.198658
11000,0.1943,0.133736,0.198633
11001,0.194216,0.133644,0.198555
11002,0.194126,0.133545,0.198465
11003,0.19406,0.133472,0.198397
11004,0.194031,0.133441,0.198368
11005,0.193959,0.133362,0.198296
11006,0.193899,0.133295,0.198235
11007,0.193838,0.133228,0.198173
11008,0.193806,0.133192,0.198141
11009,0.193779,0.133163,0.19812
11010,0.193729,0.133108,0.198076
11011,0.193641,0.133011,0.197991
11012,0.193606,0.132972,0.197961
11013,0.193571,0.132934,0.197935
11014,0.193512,0.132869,0.197884
11015,0.193434,0.132784,0.197813
11016,0.19335,0.132691,0.197732
11017,0.193266,0.132599,0.197648
11018,0.193193,0.132518,0.197572
11019,0.193148,0.132468,0.197525
11020,0.193116,0.132434,0.197495
11021,0.19304,0.13235,0.197418
11022,0.192959,0.132261,0.197334
11023,0.19288,0.132174,0.197249
11024,0.19281,0.132097,0.197171
11025,0.19273,0.132009,0.19708
11026,0.192706,0.131983,0.197047
11027,0.192687,0.131962,0.197024
11028,0.192659,0.131931,0.196996
11029,0.192608,0.131875,0.196947
11030,0.192579,0.131843,0.196922
11031,0.192508,0.131764,0.196855
11032,0.192424,0.131673,0.196773
11033,0.19239,0.131635,0.196741
11034,0.192325,0.131564,0.196679
11035,0.192233,0.131462,0.196585
11036,0.192194,0.13142,0.196545
11037,0.19217,0.131393,0.196524
11038,0.192083,0.131298,0.196439
11039,0.192019,0.131227,0.196373
11040,0.191993,0.131198,0.19635
11041,0.191916,0.131114,0.196274
11042,0.191861,0.131053,0.19622
11043,0.191822,0.131011,0.196183
11044,0.191791,0.130977,0.196158
11045,0.191761,0.130943,0.196137
11046,0.191678,0.130852,0.196062
11047,0.191586,0.13075,0.195973
11048,0.191546,0.130707,0.195938
11049,0.191508,0.130664,0.195905
11050,0.191432,0.130581,0.195835
11051,0.191346,0.130487,0.195751
11052,0.191294,0.130429,0.1957
11053,0.191207,0.130334,0.195612
11054,0.191128,0.130247,0.195528
11055,0.191069,0.130182,0.195463
11056,0.19102,0.130128,0.19541
11057,0.190991,0.130097,0.195379
11058,0.190958,0.13006,0.195347
11059,0.190877,0.129971,0.195266
11060,0.190817,0.129905,0.195204
11061,0.190791,0.129876,0.195179
11062,0.19075,0.129831,0.195143
11063,0.190686,0.12976,0.195083
11064,0.190632,0.129702,0.195034
11065,0.190576,0.12964,0.194982
11066,0.190504,0.129561,0.194913
11067,0.190414,0.129461,0.194822
11068,0.19038,0.129424,0.194788
11069,0.190354,0.129395,0.194767
11070,0.190323,0.129361,0.194744
11071,0.190255,0.129287,0.194684
11072,0.190196,0.129222,0.194632
11073,0.190123,0.129141,0.194565
11074,0.190042,0.129053,0.194488
11075,0.189993,0.128998,0.194441
11076,0.189916,0.128914,0.194366
11077,0.189825,0.128813,0.194273
11078,0.189782,0.128766,0.194227
11079,0.189745,0.128725,0.194191
11080,0.189666,0.128639,0.194111
11081,0.189591,0.128556,0.194033
11082,0.1895,0.128457,0.193934
11083,0.189446,0.128397,0.193871
11084,0.189356,0.128298,0.19377
11085,0.189302,0.128238,0.193703
11086,0.189261,0.128193,0.193651
11087,0.189225,0.128153,0.193606
11088,0.189188,0.128113,0.193563
11089,0.189133,0.128052,0.193502
11090,0.189057,0.127969,0.193419
11091,0.18902,0.127928,0.193375
11092,0.188929,0.127828,0.193275
11093,0.188907,0.127804,0.193246
11094,0.188843,0.127733,0.193175
11095,0.188756,0.127638,0.193078
11096,0.188692,0.127567,0.193001
11097,0.188667,0.12754,0.192966
11098,0.188607,0.127474,0.192896
11099,0.188573,0.127437,0.192855
11100,0.188535,0.127395,0.192811
11101,0.188467,0.12732,0.192737
11102,0.188415,0.127263,0.192678
11103,0.188339,0.127179,0.192593
11104,0.188292,0.127128,0.192538
11105,0.188271,0.127104,0.192511
11106,0.188238,0.127068,0.192475
11107,0.188205,0.127032,0.192443
11108,0.188168,0.12699,0.192408
11109,0.188113,0.12693,0.192356
11110,0.18804,0.12685,0.192285
11111,0.187967,0.126769,0.192211
11112,0.187882,0.126676,0.192121
11113,0.187858,0.12665,0.192094
11114,0.187774,0.126558,0.192006
11115,0.187713,0.126491,0.191938
11116,0.187624,0.126393,0.191838
11117,0.187595,0.126361,0.1918
11118,0.187553,0.126315,0.191751
11119,0.187487,0.126241,0.191675
11120,0.18746,0.126212,0.191643
11121,0.187429,0.126178,0.191609
11122,0.187408,0.126155,0.191588
11123,0.187358,0.1261,0.191539
11124,0.187315,0.126053,0.191499
11125,0.187227,0.125956,0.191412
11126,0.187171,0.125895,0.191354
11127,0.187117,0.125834,0.191297
11128,0.187096,0.125811,0.191278
11129,0.187011,0.125718,0.191193
11130,0.186982,0.125687,0.191164
11131,0.186915,0.125613,0.191097
11132,0.186857,0.125549,0.191038
11133,0.186838,0.125528,0.191021
11134,0.1868,0.125486,0.190988
11135,0.186764,0.125446,0.190959
11136,0.186694,0.12537,0.190895
11137,0.186674,0.125348,0.190885
11138,0.186583,0.125248,0.1908
11139,0.186539,0.125199,0.190762
11140,0.186496,0.125152,0.190727
11141,0.186426,0.125075,0.190663
11142,0.186342,0.124982,0.190581
11143,0.186293,0.124929,0.190535
11144,0.186261,0.124893,0.190508
11145,0.186233,0.124863,0.190489
11146,0.186172,0.124795,0.190435
11147,0.186119,0.124737,0.190391
11148,0.186083,0.124697,0.190365
11149,0.186039,0.124649,0.190333
11150,0.185967,0.12457,0.190272
11151,0.185932,0.124532,0.19025
11152,0.185873,0.124466,0.190203
11153,0.185808,0.124395,0.19015
11154,0.185733,0.124312,0.190084
11155,0.185657,0.124229,0.190015
11156,0.185601,0.124168,0.189966
11157,0.185532,0.124091,0.189901
11158,0.1855,0.124056,0.189877
11159,0.185471,0.124025,0.189859
11160,0.185388,0.123933,0.189784
11161,0.185368,0.123911,0.189776
11162,0.185286,0.12382,0.189704
11163,0.185205,0.123732,0.18963
11164,0.185162,0.123684,0.189595
11165,0.185131,0.12365,0.189574
11166,0.185096,0.123612,0.189553
11167,0.185075,0.123589,0.18955
11168,0.185022,0.12353,0.189517
11169,0.18493,0.123429,0.189443
11170,0.184842,0.123332,0.189366
11171,0.18482,0.123309,0.189361
11172,0.184749,0.12323,0.189305
11173,0.184663,0.123135,0.189232
11174,0.184581,0.123046,0.18916
11175,0.184531,0.12299,0.189118
11176,0.184443,0.122893,0.189038
11177,0.184352,0.122793,0.188949
11178,0.184325,0.122764,0.188928
11179,0.184252,0.122683,0.18886
11180,0.184178,0.122602,0.188789
11181,0.184105,0.122522,0.188717
11182,0.184013,0.12242,0.188622
11183,0.183967,0.12237,0.188573
11184,0.183883,0.122278,0.188484
11185,0.183837,0.122227,0.188434
11186,0.183745,0.122126,0.188335
11187,0.183684,0.122058,0.188264
11188,0.183592,0.121957,0.18816
11189,0.183552,0.121913,0.188108
11190,0.18348,0.121834,0.188023
11191,0.183428,0.121777,0.187959
11192,0.183388,0.121733,0.187907
11193,0.183367,0.12171,0.187879
11194,0.183308,0.121645,0.187814
11195,0.183253,0.121584,0.187752
11196,0.183205,0.121532,0.187699
11197,0.183172,0.121496,0.187663
11198,0.183096,0.121411,0.187582
11199,0.183004,0.121311,0.187483
11200,0.182973,0.121276,0.187444
11201,0.182924,0.121223,0.187389
11202,0.182894,0.12119,0.187357
11203,0.182863,0.121156,0.187326
11204,0.182796,0.121081,0.187258
11205,0.182763,0.121046,0.187228
11206,0.182712,0.120989,0.18718
11207,0.182622,0.120891,0.18709
11208,0.18257,0.120833,0.187037
11209,0.182528,0.120787,0.186996
11210,0.182449,0.1207,0.186915
11211,0.182385,0.120629,0.186849
11212,0.182325,0.120564,0.186786
11213,0.182244,0.120475,0.186699
11214,0.182216,0.120444,0.186667
11215,0.182185,0.12041,0.186635
11216,0.182143,0.120364,0.186595
11217,0.182098,0.120313,0.186552
11218,0.182021,0.12023,0.186477
11219,0.181957,0.120159,0.186412
11220,0.181908,0.120105,0.186363
11221,0.181872,0.120065,0.186329
11222,0.181828,0.120017,0.186289
11223,0.181772,0.119956,0.186238
11224,0.181737,0.119917,0.186209
11225,0.1817,0.119876,0.186181
11226,0.181634,0.119803,0.186124
11227,0.181552,0.119713,0.186048
11228,0.181482,0.119636,0.185981
11229,0.181444,0.119594,0.185948
11230,0.181402,0.119549,0.185914
11231,0.181358,0.1195,0.185878
11232,0.181305,0.119441,0.185835
11233,0.181248,0.119379,0.185789
11234,0.181175,0.119299,0.185724
11235,0.181086,0.119201,0.18564
11236,0.181,0.119106,0.185555
11237,0.18094,0.11904,0.185495
11238,0.180877,0.118971,0.185431
11239,0.180854,0.118946,0.185411
11240,0.180809,0.118896,0.18537
11241,0.180768,0.118851,0.185336
11242,0.180725,0.118803,0.185301
11243,0.180674,0.118748,0.18526
11244,0.18061,0.118677,0.185205
11245,0.18053,0.118589,0.185132
11246,0.180439,0.11849,0.185045
11247,0.180389,0.118434,0.184997
11248,0.180303,0.11834,0.184912
11249,0.180257,0.118288,0.184865
11250,0.180164,0.118187,0.18477
11251,0.1801,0.118117,0.184702
11252,0.180074,0.118087,0.184674
11253,0.180031,0.11804,0.184632
11254,0.179956,0.117957,0.184556
11255,0.179866,0.117859,0.184462
11256,0.179801,0.117787,0.18439
11257,0.179764,0.117746,0.184349
11258,0.179684,0.117659,0.184263
11259,0.179616,0.117583,0.184186
11260,0.179534,0.117494,0.184094
11261,0.179485,0.11744,0.184034
11262,0.179466,0.117419,0.184008
11263,0.179396,0.117342,0.18393
11264,0.179375,0.117319,0.183905
11265,0.179336,0.117275,0.183863
11266,0.179297,0.117232,0.183825
11267,0.179206,0.117133,0.183731
11268,0.179123,0.117041,0.183642
11269,0.179074,0.116988,0.183586
11270,0.178987,0.116892,0.183489
11271,0.178933,0.116832,0.183425
11272,0.17891,0.116807,0.183394
11273,0.178873,0.116766,0.183353
11274,0.178835,0.116725,0.183313
11275,0.178785,0.11667,0.183262
11276,0.178748,0.116629,0.183225
11277,0.178666,0.116539,0.183141
11278,0.178643,0.116514,0.183119
11279,0.178592,0.116457,0.18307
11280,0.178559,0.116421,0.183041
11281,0.178539,0.116399,0.18303
11282,0.178466,0.116319,0.182965
11283,0.178387,0.116231,0.182891
11284,0.178347,0.116188,0.182858
11285,0.178299,0.116135,0.182817
11286,0.178252,0.116083,0.182778
11287,0.178203,0.11603,0.182739
11288,0.178134,0.115953,0.182678
11289,0.178056,0.115868,0.182607
11290,0.177987,0.115792,0.182542
11291,0.177912,0.115709,0.182468
11292,0.177863,0.115656,0.182422
11293,0.177797,0.115583,0.182358
11294,0.177734,0.115513,0.182295
11295,0.17765,0.115421,0.182209
11296,0.177628,0.115396,0.182187
11297,0.177604,0.115371,0.182168
11298,0.177522,0.11528,0.182088
11299,0.17746,0.115212,0.182028
11300,0.177435,0.115185,0.182008
11301,0.177395,0.115141,0.181975
11302,0.177358,0.115099,0.181946
11303,0.177299,0.115035,0.181897
11304,0.177219,0.114947,0.181825
11305,0.177177,0.114901,0.181791
11306,0.17712,0.114838,0.181743
11307,0.177061,0.114773,0.181693
11308,0.176972,0.114675,0.18161
11309,0.176945,0.114646,0.181591
11310,0.176907,0.114604,0.181563
11311,0.176827,0.114516,0.181492
11312,0.176734,0.114414,0.181405
11313,0.176685,0.11436,0.181361
11314,0.17666,0.114332,0.181344
11315,0.176629,0.114298,0.181325
11316,0.176556,0.114217,0.181263
11317,0.176486,0.114141,0.181203
11318,0.176447,0.114098,0.181176
11319,0.176378,0.114022,0.181117
11320,0.176324,0.113963,0.181076
11321,0.176244,0.113874,0.181004
11322,0.176195,0.11382,0.180965
11323,0.176137,0.113757,0.180918
11324,0.176051,0.113662,0.18084
11325,0.175964,0.113566,0.180757
11326,0.175901,0.113498,0.180698
11327,0.175836,0.113425,0.180635
11328,0.175766,0.113348,0.180566
11329,0.175694,0.113269,0.180494
11330,0.17566,0.113232,0.180462
11331,0.175613,0.11318,0.180419
11332,0.175531,0.11309,0.180339
11333,0.175491,0.113046,0.180302
11334,0.175429,0.112978,0.180244
11335,0.175363,0.112905,0.18018
11336,0.175271,0.112804,0.180088
11337,0.175219,0.112747,0.180035
11338,0.175181,0.112705,0.179998
11339,0.17512,0.112638,0.179939
11340,0.175036,0.112546,0.179854
11341,0.174971,0.112474,0.179786
11342,0.174882,0.112376,0.179692
11343,0.174823,0.112311,0.179627
11344,0.17476,0.112242,0.179557
11345,0.174723,0.112201,0.179515
11346,0.174687,0.112162,0.179478
11347,0.174624,0.112093,0.179413
11348,0.174544,0.112005,0.179329
11349,0.174484,0.111938,0.179264
11350,0.17444,0.11189,0.179216
11351,0.174394,0.11184,0.179169
11352,0.174319,0.111757,0.17909
11353,0.174267,0.1117,0.179035
11354,0.174179,0.111603,0.17894
11355,0.17415,0.111571,0.178908
11356,0.174111,0.111528,0.178866
11357,0.174018,0.111426,0.178769
11358,0.173953,0.111354,0.178698
11359,0.173919,0.111317,0.178659
11360,0.173884,0.111278,0.178623
11361,0.173797,0.111183,0.178533
11362,0.173759,0.111141,0.178492
11363,0.17374,0.11112,0.178474
11364,0.173689,0.111064,0.178426
11365,0.173634,0.111003,0.178375
11366,0.173548,0.110909,0.17829
11367,0.173459,0.110811,0.178198
11368,0.173435,0.110785,0.178174
11369,0.173376,0.11072,0.178115
11370,0.173284,0.110618,0.17802
11371,0.173247,0.110578,0.177981
11372,0.173199,0.110525,0.177933
11373,0.173157,0.110479,0.177891
11374,0.173086,0.110401,0.177821
11375,0.173024,0.110333,0.177758
11376,0.172968,0.110271,0.177701
11377,0.172904,0.110201,0.177636
11378,0.172852,0.110143,0.177583
11379,0.17281,0.110097,0.177541
11380,0.172759,0.110041,0.177492
11381,0.172673,0.109946,0.177405
11382,0.172609,0.109876,0.177339
11383,0.17256,0.109822,0.177288
11384,0.1725,0.109756,0.177226
11385,0.172444,0.109694,0.177167
11386,0.172409,0.109656,0.177133
11387,0.172384,0.109628,0.177111
11388,0.172312,0.10955,0.177043
11389,0.17225,0.109481,0.176983
11390,0.172192,0.109417,0.176927
11391,0.172168,0.109391,0.176909
11392,0.172126,0.109345,0.176875
11393,0.172087,0.109302,0.176847
11394,0.172038,0.109248,0.176809
11395,0.172017,0.109225,0.176803
11396,0.171948,0.109149,0.17675
11397,0.171902,0.109099,0.176721
11398,0.171866,0.109059,0.176704
11399,0.171783,0.108968,0.176639
11400,0.171719,0.108897,0.176591
11401,0.171651,0.108823,0.176539
11402,0.171569,0.108732,0.17647
11403,0.171484,0.108638,0.176395
11404,0.17144,0.10859,0.176363
11405,0.171354,0.108496,0.176286
11406,0.171264,0.108396,0.176201
11407,0.171177,0.108301,0.176118
11408,0.171087,0.108202,0.176026
11409,0.171015,0.108122,0.17595
11410,0.170969,0.108071,0.175901
11411,0.170926,0.108024,0.175858
11412,0.170857,0.107949,0.175788
11413,0.170779,0.107863,0.175707
11414,0.170731,0.10781,0.175656
11415,0.170698,0.107774,0.175624
11416,0.170642,0.107713,0.175569
11417,0.170617,0.107685,0.175549
11418,0.170565,0.107628,0.175504
11419,0.170474,0.107528,0.175416
11420,0.170453,0.107504,0.175402
11421,0.17038,0.107424,0.175335
11422,0.170309,0.107346,0.175269
11423,0.170252,0.107283,0.175216
11424,0.170175,0.107199,0.175143
11425,0.17009,0.107105,0.175058
11426,0.170035,0.107045,0.175003
11427,0.169966,0.106968,0.174934
11428,0.169904,0.1069,0.174871
11429,0.169833,0.106822,0.174797
11430,0.16978,0.106764,0.174742
11431,0.169751,0.106732,0.174715
11432,0.169683,0.106658,0.174648
11433,0.169597,0.106563,0.17456
11434,0.169509,0.106466,0.174467
11435,0.16948,0.106434,0.174435
11436,0.169401,0.106348,0.174352
11437,0.169318,0.106256,0.174262
11438,0.169254,0.106186,0.17419
11439,0.169211,0.106139,0.17414
11440,0.169129,0.106048,0.174049
11441,0.169084,0.105998,0.173995
11442,0.169054,0.105965,0.17396
11443,0.168995,0.105901,0.173897
11444,0.16893,0.105829,0.173827
11445,0.168902,0.105798,0.173797
11446,0.168817,0.105704,0.173706
11447,0.168782,0.105667,0.17367
11448,0.168746,0.105627,0.173633
11449,0.168713,0.105591,0.173603
11450,0.168621,0.10549,0.173512
11451,0.168555,0.105417,0.173444
11452,0.16848,0.105334,0.173365
11453,0.168449,0.1053,0.173333
11454,0.168359,0.105201,0.17324
11455,0.168302,0.105138,0.173179
11456,0.168228,0.105057,0.173098
11457,0.168155,0.104977,0.173018
11458,0.168106,0.104922,0.172961
11459,0.168034,0.104844,0.172881
11460,0.167996,0.104802,0.172836
11461,0.16794,0.10474,0.172772
11462,0.167907,0.104703,0.172735
11463,0.167839,0.10463,0.172663
11464,0.167749,0.10453,0.172564
11465,0.167726,0.104505,0.172535
11466,0.167678,0.104451,0.172482
11467,0.167628,0.104397,0.172429
11468,0.167595,0.10436,0.172394
11469,0.167518,0.104276,0.172314
11470,0.167455,0.104206,0.172248
11471,0.167431,0.10418,0.172223
11472,0.167399,0.104145,0.172194
11473,0.167343,0.104084,0.172141
11474,0.167256,0.103988,0.172054
11475,0.167179,0.103903,0.171975
11476,0.167104,0.103821,0.171895
11477,0.167048,0.103759,0.171834
11478,0.166963,0.103666,0.171741
11479,0.166905,0.103601,0.171673
11480,0.166865,0.103558,0.171626
11481,0.166803,0.103489,0.171555
11482,0.166783,0.103468,0.171531
11483,0.166731,0.10341,0.171476
11484,0.166641,0.103311,0.171379
11485,0.166587,0.103252,0.171318
11486,0.166557,0.103219,0.171282
11487,0.166497,0.103153,0.171218
11488,0.166467,0.10312,0.171185
11489,0.166414,0.103061,0.17113
11490,0.166385,0.10303,0.171103
11491,0.166331,0.10297,0.17105
11492,0.166246,0.102876,0.170963
11493,0.166191,0.102817,0.170908
11494,0.166123,0.102741,0.170836
11495,0.166099,0.102715,0.170812
11496,0.166068,0.102681,0.170784
11497,0.166018,0.102626,0.170737
11498,0.165997,0.102603,0.170724
11499,0.165943,0.102543,0.170678
11500,0.165891,0.102486,0.170636
11501,0.165822,0.10241,0.170574
11502,0.165756,0.102338,0.170515
11503,0.165716,0.102294,0.170483
11504,0.165654,0.102226,0.170429
11505,0.165618,0.102186,0.170403
11506,0.165565,0.102128,0.170361
11507,0.165476,0.10203,0.170279
11508,0.16543,0.101979,0.170241
11509,0.165402,0.101949,0.170225
11510,0.165329,0.101867,0.170161
11511,0.16524,0.10177,0.170079
11512,0.165152,0.101674,0.169995
11513,0.165067,0.10158,0.16991
11514,0.165029,0.101538,0.169872
11515,0.164984,0.101489,0.16983
11516,0.164906,0.101403,0.169753
11517,0.16488,0.101374,0.16973
11518,0.164803,0.101289,0.169655
11519,0.164726,0.101205,0.169578
11520,0.164642,0.101113,0.169491
11521,0.164573,0.101036,0.169416
11522,0.164502,0.100958,0.169338
11523,0.164427,0.100876,0.169254
11524,0.164381,0.100825,0.169199
11525,0.164345,0.100785,0.169156
11526,0.164288,0.100723,0.169094
11527,0.164253,0.100685,0.169054
11528,0.164216,0.100644,0.169015
11529,0.164167,0.10059,0.168966
11530,0.164135,0.100555,0.168935
11531,0.164062,0.100474,0.168863
11532,0.163972,0.100375,0.16877
11533,0.163938,0.100338,0.168734
11534,0.163904,0.100301,0.168701
11535,0.163876,0.100269,0.168677
11536,0.163796,0.100181,0.168599
11537,0.163746,0.100127,0.168552
11538,0.163683,0.100058,0.168491
11539,0.163608,0.0999744,0.168416
11540,0.163558,0.0999198,0.168366
11541,0.163516,0.0998734,0.168326
11542,0.163426,0.0997747,0.168235
11543,0.163353,0.0996942,0.168158
11544,0.163291,0.0996261,0.168091
11545,0.163259,0.099591,0.168057
11546,0.163218,0.0995455,0.168015
11547,0.163157,0.0994789,0.167953
11548,0.163119,0.0994372,0.167916
11549,0.163047,0.0993579,0.167844
11550,0.162972,0.099275,0.167766
11551,0.162879,0.0991732,0.167667
11552,0.162801,0.0990867,0.167578
11553,0.16278,0.0990639,0.167551
11554,0.162705,0.0989813,0.167467
11555,0.162673,0.0989463,0.167429
11556,0.162599,0.0988653,0.167347
11557,0.162525,0.0987834,0.167263
11558,0.162477,0.0987307,0.167205
11559,0.162436,0.098686,0.167155
11560,0.162398,0.098644,0.16711
11561,0.162378,0.0986224,0.167088
11562,0.162349,0.0985899,0.167058
11563,0.162279,0.0985126,0.166987
11564,0.16226,0.0984919,0.166971
11565,0.162234,0.0984633,0.16695
11566,0.162176,0.0983993,0.166898
11567,0.162119,0.0983367,0.166847
11568,0.162058,0.0982702,0.166792
11569,0.162026,0.0982352,0.166768
11570,0.161945,0.0981455,0.166692
11571,0.161893,0.0980886,0.166646
11572,0.16182,0.0980077,0.166576
11573,0.161735,0.0979146,0.166491
11574,0.161655,0.0978261,0.166408
11575,0.161613,0.0977803,0.166364
11576,0.161571,0.0977346,0.166322
11577,0.161531,0.0976902,0.166283
11578,0.16149,0.0976454,0.166246
11579,0.161435,0.0975846,0.166194
11580,0.161385,0.0975296,0.166148
11581,0.16135,0.0974911,0.166118
11582,0.161277,0.0974107,0.16605
11583,0.161248,0.0973784,0.166027
11584,0.161192,0.0973177,0.16598
11585,0.161136,0.0972555,0.165931
11586,0.161061,0.0971731,0.165861
11587,0.16097,0.0970728,0.165772
11588,0.160886,0.0969805,0.165686
11589,0.160806,0.0968931,0.165602
11590,0.160756,0.0968378,0.165547
11591,0.160691,0.096766,0.165476
11592,0.160601,0.0966675,0.165377
11593,0.160559,0.0966215,0.165326
11594,0.16054,0.0966,0.165301
11595,0.160484,0.0965387,0.165241
11596,0.160418,0.0964659,0.165169
11597,0.160367,0.0964102,0.165112
11598,0.160322,0.0963603,0.165062
11599,0.160259,0.0962906,0.164993
11600,0.16024,0.09627,0.164972
11601,0.160186,0.0962108,0.164917
11602,0.160132,0.0961511,0.164861
11603,0.160113,0.0961306,0.164844
11604,0.160059,0.0960706,0.164792
11605,0.16,0.0960056,0.164736
11606,0.159974,0.095978,0.164716
11607,0.159952,0.0959528,0.164702
11608,0.159902,0.0958979,0.164662
11609,0.159832,0.0958212,0.164601
11610,0.159758,0.09574,0.164534
11611,0.159724,0.0957023,0.164508
11612,0.159661,0.0956331,0.164453
11613,0.1596,0.0955663,0.1644
11614,0.159509,0.0954657,0.164312
11615,0.159451,0.0954024,0.164257
11616,0.159427,0.0953763,0.16424
11617,0.159357,0.0952983,0.164174
11618,0.159296,0.0952313,0.164117
11619,0.159205,0.0951318,0.164028
11620,0.159117,0.0950347,0.163936
11621,0.15906,0.0949716,0.163875
11622,0.159026,0.094935,0.16384
11623,0.159001,0.0949077,0.163817
11624,0.158961,0.0948634,0.16378
11625,0.158932,0.0948316,0.163758
11626,0.158853,0.094744,0.163683
11627,0.158772,0.0946551,0.163604
11628,0.158741,0.0946207,0.163576
11629,0.15866,0.0945326,0.163498
11630,0.158589,0.0944535,0.163425
11631,0.158543,0.0944034,0.16338
11632,0.158509,0.0943655,0.163348
11633,0.158486,0.0943403,0.163332
11634,0.158431,0.0942803,0.163284
11635,0.158383,0.0942279,0.163244
11636,0.158318,0.0941561,0.163186
11637,0.158268,0.0941005,0.163143
11638,0.158209,0.094036,0.163092
11639,0.158188,0.0940135,0.163083
11640,0.158109,0.0939262,0.163013
11641,0.158032,0.0938412,0.162942
11642,0.158009,0.0938158,0.162929
11643,0.157918,0.0937154,0.162845
11644,0.157832,0.093621,0.162763
11645,0.157739,0.0935194,0.16267
11646,0.157689,0.093464,0.16262
11647,0.157643,0.0934137,0.162575
11648,0.157613,0.0933808,0.162548
11649,0.157566,0.0933283,0.162505
11650,0.157497,0.0932533,0.162441
11651,0.157455,0.093207,0.162404
11652,0.157381,0.0931254,0.162334
11653,0.157346,0.0930866,0.162304
11654,0.15727,0.0930027,0.162232
11655,0.157193,0.0929188,0.162158
11656,0.157118,0.0928362,0.162082
11657,0.15708,0.0927943,0.162045
11658,0.157049,0.0927595,0.162018
11659,0.156995,0.0927006,0.161969
11660,0.156936,0.0926358,0.161915
11661,0.156855,0.0925466,0.161836
11662,0.156819,0.0925075,0.161804
11663,0.156746,0.0924262,0.161733
11664,0.156664,0.0923365,0.161652
11665,0.156578,0.092242,0.161562
11666,0.156507,0.0921633,0.161485
11667,0.156445,0.0920954,0.161417
11668,0.156414,0.0920619,0.161383
11669,0.156382,0.0920268,0.16135
11670,0.156297,0.0919326,0.161261
11671,0.156263,0.0918953,0.161225
11672,0.156189,0.0918142,0.161149
11673,0.156143,0.0917639,0.1611
11674,0.156107,0.0917241,0.161064
11675,0.156064,0.0916767,0.161022
11676,0.156018,0.0916259,0.160979
11677,0.155955,0.0915565,0.160918
11678,0.155866,0.0914584,0.160827
11679,0.155822,0.0914104,0.160783
11680,0.155778,0.091362,0.16074
11681,0.155717,0.0912951,0.16068
11682,0.155692,0.0912672,0.160658
11683,0.155615,0.0911828,0.160584
11684,0.155542,0.0911027,0.160511
11685,0.155508,0.0910645,0.160478
11686,0.155468,0.091021,0.160443
11687,0.155377,0.0909212,0.160353
11688,0.155329,0.0908686,0.160307
11689,0.155307,0.0908435,0.160289
11690,0.155235,0.0907648,0.160221
11691,0.155213,0.0907403,0.160206
11692,0.155121,0.0906391,0.160118
11693,0.155039,0.0905494,0.160037
11694,0.154974,0.0904779,0.159972
11695,0.154928,0.0904266,0.159926
11696,0.154864,0.0903561,0.159862
11697,0.154843,0.0903337,0.159845
11698,0.154799,0.0902853,0.159807
11699,0.154759,0.0902411,0.159774
11700,0.154712,0.0901893,0.159735
11701,0.154655,0.0901266,0.159687
11702,0.154636,0.0901058,0.159681
11703,0.154558,0.0900196,0.159614
11704,0.154488,0.0899432,0.159554
11705,0.154431,0.0898802,0.159507
11706,0.154407,0.0898535,0.159496
11707,0.154377,0.0898208,0.159483
11708,0.15429,0.0897246,0.15941
11709,0.154202,0.0896282,0.159333
11710,0.154127,0.0895455,0.159267
11711,0.154046,0.0894569,0.159192
11712,0.154007,0.0894135,0.159161
11713,0.153933,0.0893328,0.159094
11714,0.153842,0.0892318,0.159006
11715,0.1538,0.0891856,0.158968
11716,0.153751,0.0891317,0.158925
11717,0.153663,0.089036,0.158841
11718,0.153592,0.0889571,0.158771
11719,0.153528,0.0888869,0.158707
11720,0.153502,0.088858,0.158685
11721,0.153456,0.088808,0.158645
11722,0.153379,0.0887236,0.158572
11723,0.153316,0.0886534,0.158511
11724,0.153241,0.0885709,0.158438
11725,0.153188,0.088513,0.158387
11726,0.153165,0.0884876,0.158369
11727,0.153092,0.0884075,0.158301
11728,0.153043,0.0883535,0.158257
11729,0.152965,0.0882674,0.158182
11730,0.152927,0.0882257,0.15815
11731,0.152865,0.0881572,0.158093
11732,0.152796,0.0880822,0.158029
11733,0.152706,0.0879831,0.15794
11734,0.152634,0.0879032,0.157867
11735,0.152547,0.0878077,0.157776
11736,0.152469,0.0877216,0.157692
11737,0.152439,0.0876887,0.157659
11738,0.152361,0.0876036,0.157576
11739,0.152342,0.0875826,0.157556
11740,0.152261,0.0874934,0.157471
11741,0.152179,0.0874028,0.157383
11742,0.15212,0.0873376,0.157317
11743,0.152071,0.0872839,0.157263
11744,0.152006,0.087213,0.157192
11745,0.151922,0.0871202,0.157099
11746,0.151888,0.0870826,0.157057
11747,0.151802,0.0869879,0.156961
11748,0.151783,0.0869675,0.156937
11749,0.151747,0.0869281,0.156897
11750,0.151718,0.0868963,0.156867
11751,0.151683,0.0868569,0.156834
11752,0.151643,0.0868134,0.156798
11753,0.151551,0.0867118,0.156707
11754,0.15153,0.0866892,0.156691
11755,0.151472,0.0866249,0.156637
11756,0.15139,0.0865347,0.156557
11757,0.151314,0.0864512,0.156481
11758,0.151263,0.0863956,0.156431
11759,0.151218,0.0863454,0.156388
11760,0.151145,0.0862662,0.156316
11761,0.151095,0.0862101,0.156266
11762,0.151058,0.08617,0.156233
11763,0.150971,0.0860745,0.156147
11764,0.15089,0.0859849,0.156063
11765,0.150856,0.0859477,0.156029
11766,0.150799,0.0858851,0.155972
11767,0.150718,0.085796,0.155889
11768,0.150686,0.0857608,0.155857
11769,0.150646,0.0857171,0.15582
11770,0.150607,0.085674,0.155785
11771,0.150548,0.0856089,0.15573
11772,0.150467,0.0855201,0.155652
11773,0.150379,0.0854229,0.155562
11774,0.150319,0.0853573,0.155501
11775,0.150234,0.0852631,0.15541
11776,0.150191,0.0852163,0.155364
11777,0.150122,0.0851407,0.15529
11778,0.150045,0.0850559,0.155206
11779,0.149978,0.0849821,0.155131
11780,0.149907,0.0849041,0.15505
11781,0.149856,0.0848472,0.154989
11782,0.149827,0.0848163,0.154954
11783,0.149794,0.0847796,0.154916
11784,0.149726,0.084705,0.154844
11785,0.149705,0.084682,0.154821
11786,0.149682,0.0846564,0.1548
11787,0.149647,0.0846175,0.154769
11788,0.149598,0.0845644,0.154727
11789,0.149515,0.0844727,0.154647
11790,0.149454,0.084406,0.154589
11791,0.149406,0.0843527,0.154545
11792,0.149315,0.0842522,0.154453
11793,0.149243,0.0841736,0.15438
11794,0.149171,0.0840939,0.154304
11795,0.149141,0.0840609,0.154273
11796,0.149057,0.0839691,0.154186
11797,0.148992,0.083897,0.154116
11798,0.148907,0.0838033,0.154023
11799,0.148861,0.0837535,0.15397
11800,0.148804,0.083691,0.153906
11801,0.148754,0.0836355,0.153849
11802,0.148691,0.0835665,0.153779
11803,0.148653,0.0835248,0.153736
11804,0.148628,0.0834972,0.153708
11805,0.148591,0.0834563,0.153671
11806,0.148566,0.0834285,0.153649
11807,0.148528,0.0833871,0.153616
11808,0.148484,0.0833389,0.15358
11809,0.148424,0.0832727,0.153526
11810,0.148339,0.0831793,0.153445
11811,0.14832,0.083158,0.153433
11812,0.148289,0.0831235,0.153412
11813,0.148259,0.0830915,0.153396
11814,0.148171,0.0829937,0.153318
11815,0.148091,0.0829057,0.153246
11816,0.148034,0.082844,0.153198
11817,0.14795,0.0827506,0.153118
11818,0.14788,0.0826743,0.153053
11819,0.147852,0.0826434,0.153031
11820,0.147768,0.082551,0.152951
11821,0.1477,0.0824757,0.152885
11822,0.147671,0.0824444,0.152862
11823,0.147629,0.0823981,0.152827
11824,0.147537,0.0822971,0.152739
11825,0.147446,0.0821973,0.152649
11826,0.147412,0.0821591,0.152616
11827,0.147351,0.0820922,0.152557
11828,0.147302,0.0820379,0.152511
11829,0.147252,0.0819828,0.152464
11830,0.147193,0.0819181,0.152409
11831,0.14711,0.0818267,0.152327
11832,0.147069,0.0817824,0.152289
11833,0.147031,0.08174,0.152255
11834,0.146964,0.081667,0.152193
11835,0.146885,0.0815796,0.152115
11836,0.146834,0.0815239,0.152066
11837,0.146795,0.0814809,0.152031
11838,0.146725,0.081404,0.151964
11839,0.146691,0.0813658,0.151934
11840,0.14662,0.0812886,0.151868
11841,0.146599,0.0812651,0.151854
11842,0.146524,0.0811823,0.151785
11843,0.146483,0.0811377,0.151753
11844,0.146456,0.0811079,0.151737
11845,0.146376,0.0810194,0.151666
11846,0.146313,0.0809499,0.151612
11847,0.146225,0.0808539,0.15153
11848,0.146159,0.0807805,0.151468
11849,0.146099,0.0807155,0.151414
11850,0.146009,0.0806166,0.151325
11851,0.145943,0.0805437,0.151259
11852,0.145857,0.0804492,0.151171
11853,0.145793,0.0803785,0.151103
11854,0.14573,0.0803089,0.151035
11855,0.145692,0.0802674,0.150995
11856,0.145673,0.0802462,0.150977
11857,0.145635,0.0802045,0.150944
11858,0.145557,0.0801184,0.150868
11859,0.145512,0.0800689,0.150826
11860,0.145423,0.0799713,0.150738
11861,0.145392,0.0799369,0.15071
11862,0.145329,0.0798685,0.15065
11863,0.145286,0.0798203,0.150611
11864,0.145204,0.0797302,0.150531
11865,0.14514,0.0796605,0.150469
11866,0.145062,0.0795748,0.15039
11867,0.14501,0.0795173,0.150337
11868,0.144924,0.0794224,0.150248
11869,0.144878,0.0793718,0.150199
11870,0.144812,0.0792992,0.15013
11871,0.144759,0.0792411,0.150074
11872,0.144686,0.0791608,0.149997
11873,0.144665,0.079138,0.149976
11874,0.144598,0.0790645,0.149907
11875,0.144575,0.0790388,0.149886
11876,0.144533,0.078992,0.149847
11877,0.144459,0.0789105,0.149776
11878,0.144434,0.0788833,0.149757
11879,0.144375,0.0788188,0.149704
11880,0.144294,0.078729,0.149626
11881,0.144201,0.0786273,0.149534
11882,0.14413,0.0785488,0.149461
11883,0.14408,0.0784944,0.14941
11884,0.14399,0.078395,0.149315
11885,0.143956,0.078358,0.149279
11886,0.143874,0.078268,0.149193
11887,0.143784,0.0781685,0.149094
11888,0.143746,0.0781262,0.149049
11889,0.143667,0.0780395,0.148961
11890,0.14361,0.0779771,0.148896
11891,0.143541,0.0779012,0.148816
11892,0.143472,0.0778258,0.148736
11893,0.143405,0.0777519,0.148656
11894,0.143362,0.0777042,0.148601
11895,0.143337,0.0776764,0.148567
11896,0.143305,0.0776413,0.148529
11897,0.143215,0.077543,0.14843
11898,0.143145,0.0774654,0.148348
11899,0.143093,0.0774079,0.148285
11900,0.143061,0.0773729,0.148245
11901,0.142983,0.0772873,0.148156
11902,0.142929,0.0772276,0.148091
11903,0.142888,0.0771825,0.148041
11904,0.14286,0.0771519,0.148006
11905,0.142813,0.0770999,0.147953
11906,0.142766,0.0770485,0.147901
11907,0.142677,0.0769507,0.147804
11908,0.142647,0.0769175,0.147768
11909,0.142624,0.076893,0.147743
11910,0.14257,0.0768329,0.147686
11911,0.142517,0.076775,0.147632
11912,0.142452,0.0767036,0.147564
11913,0.142433,0.0766819,0.147545
11914,0.142355,0.0765971,0.147466
11915,0.142272,0.0765054,0.147378
11916,0.142201,0.0764268,0.1473
11917,0.142159,0.0763807,0.147252
11918,0.142134,0.0763537,0.147225
11919,0.142063,0.076275,0.14715
11920,0.142021,0.0762295,0.147105
11921,0.14195,0.076151,0.14703
11922,0.141862,0.0760538,0.146933
11923,0.141819,0.076007,0.146883
11924,0.141734,0.0759136,0.146788
11925,0.141687,0.0758617,0.146731
11926,0.141629,0.0757982,0.146663
11927,0.141594,0.0757598,0.146619
11928,0.141557,0.0757188,0.146574
11929,0.141524,0.0756821,0.146536
11930,0.141489,0.0756445,0.146499
11931,0.141468,0.075621,0.146478
11932,0.141443,0.0755932,0.146457
11933,0.141398,0.0755436,0.146417
11934,0.141358,0.0755001,0.146384
11935,0.14127,0.0754026,0.146298
11936,0.141219,0.0753467,0.14625
11937,0.141146,0.0752669,0.146179
11938,0.141087,0.0752017,0.146121
11939,0.141006,0.0751131,0.146038
11940,0.140949,0.0750496,0.145977
11941,0.140928,0.075027,0.145957
11942,0.140883,0.0749778,0.145914
11943,0.140795,0.074881,0.145824
11944,0.140719,0.0747972,0.145744
11945,0.140684,0.0747587,0.145706
11946,0.14061,0.0746775,0.145628
11947,0.140547,0.0746078,0.145558
11948,0.140469,0.0745223,0.145472
11949,0.140403,0.0744496,0.145396
11950,0.140379,0.0744236,0.145365
11951,0.140343,0.0743832,0.145323
11952,0.140291,0.0743257,0.145265
11953,0.140269,0.0743018,0.145241
11954,0.140228,0.0742568,0.1452
11955,0.140184,0.0742086,0.145156
11956,0.140129,0.0741478,0.145101
11957,0.140079,0.0740926,0.145051
11958,0.139989,0.0739939,0.144958
11959,0.13992,0.073918,0.144884
11960,0.13987,0.0738632,0.144829
11961,0.139825,0.0738135,0.144779
11962,0.139788,0.0737726,0.144739
11963,0.139722,0.0737003,0.144669
11964,0.139667,0.0736399,0.14461
11965,0.139603,0.0735699,0.14454
11966,0.139549,0.07351,0.14448
11967,0.139472,0.0734249,0.144394
11968,0.139445,0.0733955,0.144361
11969,0.139385,0.0733293,0.144293
11970,0.139323,0.0732618,0.144224
11971,0.139296,0.0732319,0.144191
11972,0.139236,0.0731657,0.144124
11973,0.139165,0.0730873,0.144044
11974,0.139118,0.0730361,0.143989
11975,0.139098,0.0730136,0.143963
11976,0.13907,0.0729829,0.143933
11977,0.139051,0.0729619,0.143914
11978,0.139025,0.0729337,0.143893
11979,0.138983,0.0728876,0.143855
11980,0.138928,0.0728264,0.143804
11981,0.138846,0.0727363,0.143724
11982,0.138777,0.0726603,0.143655
11983,0.138722,0.0726,0.143599
11984,0.138679,0.0725532,0.143556
11985,0.138657,0.0725293,0.143538
11986,0.138625,0.0724941,0.143511
11987,0.138586,0.0724505,0.143478
11988,0.138508,0.0723644,0.143404
11989,0.138453,0.0723042,0.143353
11990,0.138386,0.0722306,0.143288
11991,0.138302,0.0721384,0.143204
11992,0.13827,0.0721027,0.143172
11993,0.138206,0.0720328,0.143108
11994,0.138125,0.0719439,0.143024
11995,0.1381,0.0719164,0.142997
11996,0.138008,0.0718152,0.142901
11997,0.137987,0.0717914,0.142877
11998,0.137931,0.0717298,0.142818
11999,0.137866,0.0716591,0.14275
12000,0.137804,0.0715908,0.142683
